{
"type": "FeatureCollection",
"name": "allnodes",
"crs": { "type": "name", "properties": { "name": "urn:ogc:def:crs:OGC:1.3:CRS84" } },
"features": [
{ "type": "Feature", "properties": { "class": "road", "longitude": 23.529905212057749, "latitude": 68.431934303023993, "Id": 1, "Code": null, "Name": null }, "geometry": { "type": "Point", "coordinates": [ 23.529905212057749, 68.431934303023993 ] } },
{ "type": "Feature", "properties": { "class": "road", "longitude": 64.942546649263477, "latitude": 68.431934303023993, "Id": 2, "Code": null, "Name": null }, "geometry": { "type": "Point", "coordinates": [ 64.942546649263477, 68.431934303023993 ] } },
{ "type": "Feature", "properties": { "class": "road", "longitude": 132.23808898472271, "latitude": 68.431934303023993, "Id": 3, "Code": null, "Name": null }, "geometry": { "type": "Point", "coordinates": [ 132.238088984722708, 68.431934303023993 ] } },
{ "type": "Feature", "properties": { "class": "road", "longitude": 152.94440970332556, "latitude": 68.431934303023993, "Id": 4, "Code": null, "Name": null }, "geometry": { "type": "Point", "coordinates": [ 152.944409703325562, 68.431934303023993 ] } },
{ "type": "Feature", "properties": { "class": "road", "longitude": 163.29757006262693, "latitude": 68.431934303023993, "Id": 5, "Code": null, "Name": null }, "geometry": { "type": "Point", "coordinates": [ 163.29757006262696, 68.431934303023993 ] } },
{ "type": "Feature", "properties": { "class": "road", "longitude": -149.88484041524788, "latitude": 65.285699906755681, "Id": 6, "Code": null, "Name": null }, "geometry": { "type": "Point", "coordinates": [ -149.884840415247879, 65.285699906755681 ] } },
{ "type": "Feature", "properties": { "class": "road", "longitude": -21.226469549278143, "latitude": 65.285699906755681, "Id": 7, "Code": null, "Name": null }, "geometry": { "type": "Point", "coordinates": [ -21.226469549278143, 65.285699906755681 ] } },
{ "type": "Feature", "properties": { "class": "road", "longitude": 16.894529225823945, "latitude": 65.285699906755681, "Id": 8, "Code": null, "Name": null }, "geometry": { "type": "Point", "coordinates": [ 16.894529225823945, 65.285699906755681 ] } },
{ "type": "Feature", "properties": { "class": "road", "longitude": 26.4247789195995, "latitude": 65.285699906755681, "Id": 9, "Code": null, "Name": null }, "geometry": { "type": "Point", "coordinates": [ 26.4247789195995, 65.285699906755681 ] } },
{ "type": "Feature", "properties": { "class": "road", "longitude": 31.189903766487276, "latitude": 65.285699906755681, "Id": 10, "Code": null, "Name": null }, "geometry": { "type": "Point", "coordinates": [ 31.189903766487276, 65.285699906755681 ] } },
{ "type": "Feature", "properties": { "class": "road", "longitude": 45.485278307150544, "latitude": 65.285699906755681, "Id": 11, "Code": null, "Name": null }, "geometry": { "type": "Point", "coordinates": [ 45.485278307150544, 65.285699906755681 ] } },
{ "type": "Feature", "properties": { "class": "road", "longitude": 6.8760696512098063, "latitude": 62.268807460944494, "Id": 12, "Code": null, "Name": null }, "geometry": { "type": "Point", "coordinates": [ 6.876069651209806, 62.268807460944494 ] } },
{ "type": "Feature", "properties": { "class": "road", "longitude": 11.325293801558844, "latitude": 62.268807460944494, "Id": 13, "Code": null, "Name": null }, "geometry": { "type": "Point", "coordinates": [ 11.325293801558844, 62.268807460944494 ] } },
{ "type": "Feature", "properties": { "class": "road", "longitude": 24.672966252605963, "latitude": 62.268807460944494, "Id": 14, "Code": null, "Name": null }, "geometry": { "type": "Point", "coordinates": [ 24.672966252605963, 62.268807460944494 ] } },
{ "type": "Feature", "properties": { "class": "road", "longitude": 29.122190402955002, "latitude": 62.268807460944494, "Id": 15, "Code": null, "Name": null }, "geometry": { "type": "Point", "coordinates": [ 29.122190402955002, 62.268807460944494 ] } },
{ "type": "Feature", "properties": { "class": "road", "longitude": 33.571414553303981, "latitude": 62.268807460944494, "Id": 16, "Code": null, "Name": null }, "geometry": { "type": "Point", "coordinates": [ 33.571414553303981, 62.268807460944494 ] } },
{ "type": "Feature", "properties": { "class": "road", "longitude": 60.266759455398159, "latitude": 62.268807460944494, "Id": 17, "Code": null, "Name": null }, "geometry": { "type": "Point", "coordinates": [ 60.266759455398159, 62.268807460944494 ] } },
{ "type": "Feature", "properties": { "class": "road", "longitude": 78.063656056794301, "latitude": 62.268807460944494, "Id": 18, "Code": null, "Name": null }, "geometry": { "type": "Point", "coordinates": [ 78.063656056794301, 62.268807460944494 ] } },
{ "type": "Feature", "properties": { "class": "road", "longitude": 131.45434586098264, "latitude": 62.268807460944494, "Id": 19, "Code": null, "Name": null }, "geometry": { "type": "Point", "coordinates": [ 131.454345860982642, 62.268807460944494 ] } },
{ "type": "Feature", "properties": { "class": "road", "longitude": 135.90357001133168, "latitude": 62.268807460944494, "Id": 20, "Code": null, "Name": null }, "geometry": { "type": "Point", "coordinates": [ 135.903570011331681, 62.268807460944494 ] } },
{ "type": "Feature", "properties": { "class": "road", "longitude": 10.685638018259249, "latitude": 59.357326606469819, "Id": 21, "Code": null, "Name": null }, "geometry": { "type": "Point", "coordinates": [ 10.685638018259251, 59.357326606469819 ] } },
{ "type": "Feature", "properties": { "class": "road", "longitude": 14.883568735622447, "latitude": 59.357326606469819, "Id": 22, "Code": null, "Name": null }, "geometry": { "type": "Point", "coordinates": [ 14.883568735622447, 59.357326606469819 ] } },
{ "type": "Feature", "properties": { "class": "road", "longitude": 27.477360887712042, "latitude": 59.357326606469819, "Id": 23, "Code": null, "Name": null }, "geometry": { "type": "Point", "coordinates": [ 27.477360887712042, 59.357326606469819 ] } },
{ "type": "Feature", "properties": { "class": "road", "longitude": 31.675291605075181, "latitude": 59.357326606469819, "Id": 24, "Code": null, "Name": null }, "geometry": { "type": "Point", "coordinates": [ 31.675291605075181, 59.357326606469819 ] } },
{ "type": "Feature", "properties": { "class": "road", "longitude": 48.467014474527971, "latitude": 59.357326606469819, "Id": 25, "Code": null, "Name": null }, "geometry": { "type": "Point", "coordinates": [ 48.467014474527971, 59.357326606469819 ] } },
{ "type": "Feature", "properties": { "class": "road", "longitude": 94.64425236552303, "latitude": 59.357326606469819, "Id": 26, "Code": null, "Name": null }, "geometry": { "type": "Point", "coordinates": [ 94.64425236552303, 59.357326606469819 ] } },
{ "type": "Feature", "properties": { "class": "road", "longitude": 132.42562882179169, "latitude": 59.357326606469819, "Id": 27, "Code": null, "Name": null }, "geometry": { "type": "Point", "coordinates": [ 132.42562882179169, 59.357326606469819 ] } },
{ "type": "Feature", "properties": { "class": "road", "longitude": 161.81114384333404, "latitude": 59.357326606469819, "Id": 28, "Code": null, "Name": null }, "geometry": { "type": "Point", "coordinates": [ 161.811143843334037, 59.357326606469819 ] } },
{ "type": "Feature", "properties": { "class": "road", "longitude": -129.58278006276842, "latitude": 56.533882859658227, "Id": 29, "Code": null, "Name": null }, "geometry": { "type": "Point", "coordinates": [ -129.582780062768421, 56.533882859658227 ] } },
{ "type": "Feature", "properties": { "class": "road", "longitude": -109.61904699760899, "latitude": 56.533882859658227, "Id": 30, "Code": null, "Name": null }, "geometry": { "type": "Point", "coordinates": [ -109.61904699760899, 56.533882859658227 ] } },
{ "type": "Feature", "properties": { "class": "road", "longitude": -5.8076350587800363, "latitude": 56.533882859658227, "Id": 31, "Code": null, "Name": null }, "geometry": { "type": "Point", "coordinates": [ -5.807635058780036, 56.533882859658227 ] } },
{ "type": "Feature", "properties": { "class": "road", "longitude": 10.163351393347481, "latitude": 56.533882859658227, "Id": 32, "Code": null, "Name": null }, "geometry": { "type": "Point", "coordinates": [ 10.163351393347481, 56.533882859658227 ] } },
{ "type": "Feature", "properties": { "class": "road", "longitude": 14.156098006379374, "latitude": 56.533882859658227, "Id": 33, "Code": null, "Name": null }, "geometry": { "type": "Point", "coordinates": [ 14.156098006379374, 56.533882859658227 ] } },
{ "type": "Feature", "properties": { "class": "road", "longitude": 22.141591232443162, "latitude": 56.533882859658227, "Id": 34, "Code": null, "Name": null }, "geometry": { "type": "Point", "coordinates": [ 22.141591232443162, 56.533882859658227 ] } },
{ "type": "Feature", "properties": { "class": "road", "longitude": 26.134337845475056, "latitude": 56.533882859658227, "Id": 35, "Code": null, "Name": null }, "geometry": { "type": "Point", "coordinates": [ 26.134337845475056, 56.533882859658227 ] } },
{ "type": "Feature", "properties": { "class": "road", "longitude": 30.127084458506893, "latitude": 56.533882859658227, "Id": 36, "Code": null, "Name": null }, "geometry": { "type": "Point", "coordinates": [ 30.127084458506893, 56.533882859658227 ] } },
{ "type": "Feature", "properties": { "class": "road", "longitude": 38.112577684570681, "latitude": 56.533882859658227, "Id": 37, "Code": null, "Name": null }, "geometry": { "type": "Point", "coordinates": [ 38.112577684570681, 56.533882859658227 ] } },
{ "type": "Feature", "properties": { "class": "road", "longitude": 46.098070910634462, "latitude": 56.533882859658227, "Id": 38, "Code": null, "Name": null }, "geometry": { "type": "Point", "coordinates": [ 46.098070910634462, 56.533882859658227 ] } },
{ "type": "Feature", "properties": { "class": "road", "longitude": 50.090817523666367, "latitude": 56.533882859658227, "Id": 39, "Code": null, "Name": null }, "geometry": { "type": "Point", "coordinates": [ 50.090817523666367, 56.533882859658227 ] } },
{ "type": "Feature", "properties": { "class": "road", "longitude": 54.0835641366982, "latitude": 56.533882859658227, "Id": 40, "Code": null, "Name": null }, "geometry": { "type": "Point", "coordinates": [ 54.0835641366982, 56.533882859658227 ] } },
{ "type": "Feature", "properties": { "class": "road", "longitude": 58.076310749730077, "latitude": 56.533882859658227, "Id": 41, "Code": null, "Name": null }, "geometry": { "type": "Point", "coordinates": [ 58.076310749730084, 56.533882859658227 ] } },
{ "type": "Feature", "properties": { "class": "road", "longitude": 62.069057362761995, "latitude": 56.533882859658227, "Id": 42, "Code": null, "Name": null }, "geometry": { "type": "Point", "coordinates": [ 62.069057362761988, 56.533882859658227 ] } },
{ "type": "Feature", "properties": { "class": "road", "longitude": 66.061803975793879, "latitude": 56.533882859658227, "Id": 43, "Code": null, "Name": null }, "geometry": { "type": "Point", "coordinates": [ 66.061803975793879, 56.533882859658227 ] } },
{ "type": "Feature", "properties": { "class": "road", "longitude": 70.054550588825762, "latitude": 56.533882859658227, "Id": 44, "Code": null, "Name": null }, "geometry": { "type": "Point", "coordinates": [ 70.054550588825762, 56.533882859658227 ] } },
{ "type": "Feature", "properties": { "class": "road", "longitude": 74.047297201857674, "latitude": 56.533882859658227, "Id": 45, "Code": null, "Name": null }, "geometry": { "type": "Point", "coordinates": [ 74.047297201857674, 56.533882859658227 ] } },
{ "type": "Feature", "properties": { "class": "road", "longitude": 101.99652349308082, "latitude": 56.533882859658227, "Id": 46, "Code": null, "Name": null }, "geometry": { "type": "Point", "coordinates": [ 101.996523493080815, 56.533882859658227 ] } },
{ "type": "Feature", "properties": { "class": "road", "longitude": 137.93124301036778, "latitude": 56.533882859658227, "Id": 47, "Code": null, "Name": null }, "geometry": { "type": "Point", "coordinates": [ 137.93124301036778, 56.533882859658227 ] } },
{ "type": "Feature", "properties": { "class": "road", "longitude": -116.39277600665179, "latitude": 53.78531077684525, "Id": 48, "Code": null, "Name": null }, "geometry": { "type": "Point", "coordinates": [ -116.392776006651786, 53.78531077684525 ] } },
{ "type": "Feature", "properties": { "class": "road", "longitude": -78.174253680078124, "latitude": 53.78531077684525, "Id": 49, "Code": null, "Name": null }, "geometry": { "type": "Point", "coordinates": [ -78.174253680078124, 53.78531077684525 ] } },
{ "type": "Feature", "properties": { "class": "road", "longitude": -9.3809134922456021, "latitude": 53.78531077684525, "Id": 50, "Code": null, "Name": null }, "geometry": { "type": "Point", "coordinates": [ -9.380913492245602, 53.78531077684525 ] } },
{ "type": "Feature", "properties": { "class": "road", "longitude": -1.7372090269308571, "latitude": 53.78531077684525, "Id": 51, "Code": null, "Name": null }, "geometry": { "type": "Point", "coordinates": [ -1.737209026930857, 53.78531077684525 ] } },
{ "type": "Feature", "properties": { "class": "road", "longitude": 9.7283476710412078, "latitude": 53.78531077684525, "Id": 52, "Code": null, "Name": null }, "geometry": { "type": "Point", "coordinates": [ 9.728347671041208, 53.78531077684525 ] } },
{ "type": "Feature", "properties": { "class": "road", "longitude": 13.55019990369858, "latitude": 53.78531077684525, "Id": 53, "Code": null, "Name": null }, "geometry": { "type": "Point", "coordinates": [ 13.55019990369858, 53.78531077684525 ] } },
{ "type": "Feature", "properties": { "class": "road", "longitude": 17.372052136355954, "latitude": 53.78531077684525, "Id": 54, "Code": null, "Name": null }, "geometry": { "type": "Point", "coordinates": [ 17.372052136355954, 53.78531077684525 ] } },
{ "type": "Feature", "properties": { "class": "road", "longitude": 21.193904369013325, "latitude": 53.78531077684525, "Id": 55, "Code": null, "Name": null }, "geometry": { "type": "Point", "coordinates": [ 21.193904369013325, 53.78531077684525 ] } },
{ "type": "Feature", "properties": { "class": "road", "longitude": 25.015756601670699, "latitude": 53.78531077684525, "Id": 56, "Code": null, "Name": null }, "geometry": { "type": "Point", "coordinates": [ 25.015756601670699, 53.78531077684525 ] } },
{ "type": "Feature", "properties": { "class": "road", "longitude": 28.837608834328023, "latitude": 53.78531077684525, "Id": 57, "Code": null, "Name": null }, "geometry": { "type": "Point", "coordinates": [ 28.837608834328023, 53.78531077684525 ] } },
{ "type": "Feature", "properties": { "class": "road", "longitude": 32.659461066985394, "latitude": 53.78531077684525, "Id": 58, "Code": null, "Name": null }, "geometry": { "type": "Point", "coordinates": [ 32.659461066985394, 53.78531077684525 ] } },
{ "type": "Feature", "properties": { "class": "road", "longitude": 36.481313299642771, "latitude": 53.78531077684525, "Id": 59, "Code": null, "Name": null }, "geometry": { "type": "Point", "coordinates": [ 36.481313299642771, 53.78531077684525 ] } },
{ "type": "Feature", "properties": { "class": "road", "longitude": 40.303165532300135, "latitude": 53.78531077684525, "Id": 60, "Code": null, "Name": null }, "geometry": { "type": "Point", "coordinates": [ 40.303165532300135, 53.78531077684525 ] } },
{ "type": "Feature", "properties": { "class": "road", "longitude": 47.94686999761489, "latitude": 53.78531077684525, "Id": 61, "Code": null, "Name": null }, "geometry": { "type": "Point", "coordinates": [ 47.94686999761489, 53.78531077684525 ] } },
{ "type": "Feature", "properties": { "class": "road", "longitude": 55.590574462929574, "latitude": 53.78531077684525, "Id": 62, "Code": null, "Name": null }, "geometry": { "type": "Point", "coordinates": [ 55.590574462929574, 53.78531077684525 ] } },
{ "type": "Feature", "properties": { "class": "road", "longitude": 63.234278928244315, "latitude": 53.78531077684525, "Id": 63, "Code": null, "Name": null }, "geometry": { "type": "Point", "coordinates": [ 63.234278928244315, 53.78531077684525 ] } },
{ "type": "Feature", "properties": { "class": "road", "longitude": 78.521687858873761, "latitude": 53.78531077684525, "Id": 64, "Code": null, "Name": null }, "geometry": { "type": "Point", "coordinates": [ 78.521687858873761, 53.78531077684525 ] } },
{ "type": "Feature", "properties": { "class": "road", "longitude": 105.27465348747531, "latitude": 53.78531077684525, "Id": 65, "Code": null, "Name": null }, "geometry": { "type": "Point", "coordinates": [ 105.274653487475319, 53.78531077684525 ] } },
{ "type": "Feature", "properties": { "class": "road", "longitude": -111.99050257843219, "latitude": 51.101298772248654, "Id": 66, "Code": null, "Name": null }, "geometry": { "type": "Point", "coordinates": [ -111.990502578432185, 51.101298772248654 ] } },
{ "type": "Feature", "properties": { "class": "road", "longitude": -104.63590262815107, "latitude": 51.101298772248654, "Id": 67, "Code": null, "Name": null }, "geometry": { "type": "Point", "coordinates": [ -104.635902628151072, 51.101298772248654 ] } },
{ "type": "Feature", "properties": { "class": "road", "longitude": -100.95860265301047, "latitude": 51.101298772248654, "Id": 68, "Code": null, "Name": null }, "geometry": { "type": "Point", "coordinates": [ -100.958602653010487, 51.101298772248654 ] } },
{ "type": "Feature", "properties": { "class": "road", "longitude": -97.281302677869931, "latitude": 51.101298772248654, "Id": 69, "Code": null, "Name": null }, "geometry": { "type": "Point", "coordinates": [ -97.281302677869931, 51.101298772248654 ] } },
{ "type": "Feature", "properties": { "class": "road", "longitude": -56.831002951323775, "latitude": 51.101298772248654, "Id": 70, "Code": null, "Name": null }, "geometry": { "type": "Point", "coordinates": [ -56.831002951323775, 51.101298772248654 ] } },
{ "type": "Feature", "properties": { "class": "road", "longitude": -1.6715033242153901, "latitude": 51.101298772248654, "Id": 71, "Code": null, "Name": null }, "geometry": { "type": "Point", "coordinates": [ -1.67150332421539, 51.101298772248654 ] } },
{ "type": "Feature", "properties": { "class": "road", "longitude": 2.005796650925177, "latitude": 51.101298772248654, "Id": 72, "Code": null, "Name": null }, "geometry": { "type": "Point", "coordinates": [ 2.005796650925177, 51.101298772248654 ] } },
{ "type": "Feature", "properties": { "class": "road", "longitude": 5.6830966260656961, "latitude": 51.101298772248654, "Id": 73, "Code": null, "Name": null }, "geometry": { "type": "Point", "coordinates": [ 5.683096626065695, 51.101298772248654 ] } },
{ "type": "Feature", "properties": { "class": "road", "longitude": 9.3603966012062632, "latitude": 51.101298772248654, "Id": 74, "Code": null, "Name": null }, "geometry": { "type": "Point", "coordinates": [ 9.360396601206263, 51.101298772248654 ] } },
{ "type": "Feature", "properties": { "class": "road", "longitude": 13.03769657634683, "latitude": 51.101298772248654, "Id": 75, "Code": null, "Name": null }, "geometry": { "type": "Point", "coordinates": [ 13.03769657634683, 51.101298772248654 ] } },
{ "type": "Feature", "properties": { "class": "road", "longitude": 16.714996551487395, "latitude": 51.101298772248654, "Id": 76, "Code": null, "Name": null }, "geometry": { "type": "Point", "coordinates": [ 16.714996551487395, 51.101298772248654 ] } },
{ "type": "Feature", "properties": { "class": "road", "longitude": 20.39229652662797, "latitude": 51.101298772248654, "Id": 77, "Code": null, "Name": null }, "geometry": { "type": "Point", "coordinates": [ 20.392296526627966, 51.101298772248654 ] } },
{ "type": "Feature", "properties": { "class": "road", "longitude": 24.069596501768537, "latitude": 51.101298772248654, "Id": 78, "Code": null, "Name": null }, "geometry": { "type": "Point", "coordinates": [ 24.069596501768537, 51.101298772248654 ] } },
{ "type": "Feature", "properties": { "class": "road", "longitude": 27.746896476909058, "latitude": 51.101298772248654, "Id": 79, "Code": null, "Name": null }, "geometry": { "type": "Point", "coordinates": [ 27.746896476909054, 51.101298772248654 ] } },
{ "type": "Feature", "properties": { "class": "road", "longitude": 31.424196452049621, "latitude": 51.101298772248654, "Id": 80, "Code": null, "Name": null }, "geometry": { "type": "Point", "coordinates": [ 31.424196452049621, 51.101298772248654 ] } },
{ "type": "Feature", "properties": { "class": "road", "longitude": 35.101496427190192, "latitude": 51.101298772248654, "Id": 81, "Code": null, "Name": null }, "geometry": { "type": "Point", "coordinates": [ 35.101496427190192, 51.101298772248654 ] } },
{ "type": "Feature", "properties": { "class": "road", "longitude": 38.778796402330755, "latitude": 51.101298772248654, "Id": 82, "Code": null, "Name": null }, "geometry": { "type": "Point", "coordinates": [ 38.778796402330755, 51.101298772248654 ] } },
{ "type": "Feature", "properties": { "class": "road", "longitude": 42.456096377471319, "latitude": 51.101298772248654, "Id": 83, "Code": null, "Name": null }, "geometry": { "type": "Point", "coordinates": [ 42.456096377471319, 51.101298772248654 ] } },
{ "type": "Feature", "properties": { "class": "road", "longitude": 57.165296278033551, "latitude": 51.101298772248654, "Id": 84, "Code": null, "Name": null }, "geometry": { "type": "Point", "coordinates": [ 57.165296278033551, 51.101298772248654 ] } },
{ "type": "Feature", "properties": { "class": "road", "longitude": 68.197196203455249, "latitude": 51.101298772248654, "Id": 85, "Code": null, "Name": null }, "geometry": { "type": "Point", "coordinates": [ 68.197196203455249, 51.101298772248654 ] } },
{ "type": "Feature", "properties": { "class": "road", "longitude": 71.874496178595763, "latitude": 51.101298772248654, "Id": 86, "Code": null, "Name": null }, "geometry": { "type": "Point", "coordinates": [ 71.874496178595763, 51.101298772248654 ] } },
{ "type": "Feature", "properties": { "class": "road", "longitude": 79.229096128876918, "latitude": 51.101298772248654, "Id": 87, "Code": null, "Name": null }, "geometry": { "type": "Point", "coordinates": [ 79.229096128876904, 51.101298772248654 ] } },
{ "type": "Feature", "properties": { "class": "road", "longitude": 90.260996054298602, "latitude": 51.101298772248654, "Id": 88, "Code": null, "Name": null }, "geometry": { "type": "Point", "coordinates": [ 90.260996054298602, 51.101298772248654 ] } },
{ "type": "Feature", "properties": { "class": "road", "longitude": 108.64749593000137, "latitude": 51.101298772248654, "Id": 89, "Code": null, "Name": null }, "geometry": { "type": "Point", "coordinates": [ 108.647495930001384, 51.101298772248654 ] } },
{ "type": "Feature", "properties": { "class": "road", "longitude": 116.00209588028247, "latitude": 51.101298772248654, "Id": 90, "Code": null, "Name": null }, "geometry": { "type": "Point", "coordinates": [ 116.002095880282468, 51.101298772248654 ] } },
{ "type": "Feature", "properties": { "class": "road", "longitude": 119.67939585542304, "latitude": 51.101298772248654, "Id": 91, "Code": null, "Name": null }, "geometry": { "type": "Point", "coordinates": [ 119.679395855423039, 51.101298772248654 ] } },
{ "type": "Feature", "properties": { "class": "road", "longitude": -122.43513535275537, "latitude": 48.473553704137302, "Id": 92, "Code": null, "Name": null }, "geometry": { "type": "Point", "coordinates": [ -122.435135352755367, 48.473553704137302 ] } },
{ "type": "Feature", "properties": { "class": "road", "longitude": -118.88160909042129, "latitude": 48.473553704137302, "Id": 93, "Code": null, "Name": null }, "geometry": { "type": "Point", "coordinates": [ -118.881609090421293, 48.473553704137302 ] } },
{ "type": "Feature", "properties": { "class": "road", "longitude": -111.77455656575319, "latitude": 48.473553704137302, "Id": 94, "Code": null, "Name": null }, "geometry": { "type": "Point", "coordinates": [ -111.774556565753187, 48.473553704137302 ] } },
{ "type": "Feature", "properties": { "class": "road", "longitude": -104.66750404108507, "latitude": 48.473553704137302, "Id": 95, "Code": null, "Name": null }, "geometry": { "type": "Point", "coordinates": [ -104.667504041085067, 48.473553704137302 ] } },
{ "type": "Feature", "properties": { "class": "road", "longitude": -97.560451516416947, "latitude": 48.473553704137302, "Id": 96, "Code": null, "Name": null }, "geometry": { "type": "Point", "coordinates": [ -97.560451516416947, 48.473553704137302 ] } },
{ "type": "Feature", "properties": { "class": "road", "longitude": -58.471662630742316, "latitude": 48.473553704137302, "Id": 97, "Code": null, "Name": null }, "geometry": { "type": "Point", "coordinates": [ -58.471662630742308, 48.473553704137302 ] } },
{ "type": "Feature", "properties": { "class": "road", "longitude": -5.1687686957314236, "latitude": 48.473553704137302, "Id": 98, "Code": null, "Name": null }, "geometry": { "type": "Point", "coordinates": [ -5.168768695731423, 48.473553704137302 ] } },
{ "type": "Feature", "properties": { "class": "road", "longitude": -1.615242433397355, "latitude": 48.473553704137302, "Id": 99, "Code": null, "Name": null }, "geometry": { "type": "Point", "coordinates": [ -1.615242433397355, 48.473553704137302 ] } },
{ "type": "Feature", "properties": { "class": "road", "longitude": 1.9382838289367119, "latitude": 48.473553704137302, "Id": 100, "Code": null, "Name": null }, "geometry": { "type": "Point", "coordinates": [ 1.938283828936712, 48.473553704137302 ] } },
{ "type": "Feature", "properties": { "class": "road", "longitude": 5.4918100912707324, "latitude": 48.473553704137302, "Id": 101, "Code": null, "Name": null }, "geometry": { "type": "Point", "coordinates": [ 5.491810091270731, 48.473553704137302 ] } },
{ "type": "Feature", "properties": { "class": "road", "longitude": 9.0453363536047977, "latitude": 48.473553704137302, "Id": 102, "Code": null, "Name": null }, "geometry": { "type": "Point", "coordinates": [ 9.045336353604798, 48.473553704137302 ] } },
{ "type": "Feature", "properties": { "class": "road", "longitude": 12.598862615938865, "latitude": 48.473553704137302, "Id": 103, "Code": null, "Name": null }, "geometry": { "type": "Point", "coordinates": [ 12.598862615938865, 48.473553704137302 ] } },
{ "type": "Feature", "properties": { "class": "road", "longitude": 16.152388878272934, "latitude": 48.473553704137302, "Id": 104, "Code": null, "Name": null }, "geometry": { "type": "Point", "coordinates": [ 16.152388878272934, 48.473553704137302 ] } },
{ "type": "Feature", "properties": { "class": "road", "longitude": 19.705915140606997, "latitude": 48.473553704137302, "Id": 105, "Code": null, "Name": null }, "geometry": { "type": "Point", "coordinates": [ 19.705915140606997, 48.473553704137302 ] } },
{ "type": "Feature", "properties": { "class": "road", "longitude": 23.259441402941068, "latitude": 48.473553704137302, "Id": 106, "Code": null, "Name": null }, "geometry": { "type": "Point", "coordinates": [ 23.259441402941068, 48.473553704137302 ] } },
{ "type": "Feature", "properties": { "class": "road", "longitude": 26.812967665275089, "latitude": 48.473553704137302, "Id": 107, "Code": null, "Name": null }, "geometry": { "type": "Point", "coordinates": [ 26.812967665275089, 48.473553704137302 ] } },
{ "type": "Feature", "properties": { "class": "road", "longitude": 30.366493927609156, "latitude": 48.473553704137302, "Id": 108, "Code": null, "Name": null }, "geometry": { "type": "Point", "coordinates": [ 30.366493927609156, 48.473553704137302 ] } },
{ "type": "Feature", "properties": { "class": "road", "longitude": 33.920020189943223, "latitude": 48.473553704137302, "Id": 109, "Code": null, "Name": null }, "geometry": { "type": "Point", "coordinates": [ 33.920020189943223, 48.473553704137302 ] } },
{ "type": "Feature", "properties": { "class": "road", "longitude": 37.473546452277283, "latitude": 48.473553704137302, "Id": 110, "Code": null, "Name": null }, "geometry": { "type": "Point", "coordinates": [ 37.473546452277283, 48.473553704137302 ] } },
{ "type": "Feature", "properties": { "class": "road", "longitude": 41.02707271461135, "latitude": 48.473553704137302, "Id": 111, "Code": null, "Name": null }, "geometry": { "type": "Point", "coordinates": [ 41.02707271461135, 48.473553704137302 ] } },
{ "type": "Feature", "properties": { "class": "road", "longitude": 44.580598976945424, "latitude": 48.473553704137302, "Id": 112, "Code": null, "Name": null }, "geometry": { "type": "Point", "coordinates": [ 44.580598976945424, 48.473553704137302 ] } },
{ "type": "Feature", "properties": { "class": "road", "longitude": 51.687651501613509, "latitude": 48.473553704137302, "Id": 113, "Code": null, "Name": null }, "geometry": { "type": "Point", "coordinates": [ 51.687651501613509, 48.473553704137302 ] } },
{ "type": "Feature", "properties": { "class": "road", "longitude": 55.241177763947576, "latitude": 48.473553704137302, "Id": 114, "Code": null, "Name": null }, "geometry": { "type": "Point", "coordinates": [ 55.241177763947576, 48.473553704137302 ] } },
{ "type": "Feature", "properties": { "class": "road", "longitude": 69.455282813283802, "latitude": 48.473553704137302, "Id": 115, "Code": null, "Name": null }, "geometry": { "type": "Point", "coordinates": [ 69.455282813283802, 48.473553704137302 ] } },
{ "type": "Feature", "properties": { "class": "road", "longitude": 87.22291412495413, "latitude": 48.473553704137302, "Id": 116, "Code": null, "Name": null }, "geometry": { "type": "Point", "coordinates": [ 87.22291412495413, 48.473553704137302 ] } },
{ "type": "Feature", "properties": { "class": "road", "longitude": 90.776440387288147, "latitude": 48.473553704137302, "Id": 117, "Code": null, "Name": null }, "geometry": { "type": "Point", "coordinates": [ 90.776440387288147, 48.473553704137302 ] } },
{ "type": "Feature", "properties": { "class": "road", "longitude": 94.329966649622222, "latitude": 48.473553704137302, "Id": 118, "Code": null, "Name": null }, "geometry": { "type": "Point", "coordinates": [ 94.329966649622222, 48.473553704137302 ] } },
{ "type": "Feature", "properties": { "class": "road", "longitude": 126.31170301062876, "latitude": 48.473553704137302, "Id": 119, "Code": null, "Name": null }, "geometry": { "type": "Point", "coordinates": [ 126.311703010628776, 48.473553704137302 ] } },
{ "type": "Feature", "properties": { "class": "road", "longitude": -118.74785444656929, "latitude": 45.895258794291813, "Id": 120, "Code": null, "Name": null }, "geometry": { "type": "Point", "coordinates": [ -118.747854446569292, 45.895258794291813 ] } },
{ "type": "Feature", "properties": { "class": "road", "longitude": -111.85483933034581, "latitude": 45.895258794291813, "Id": 121, "Code": null, "Name": null }, "geometry": { "type": "Point", "coordinates": [ -111.854839330345811, 45.895258794291813 ] } },
{ "type": "Feature", "properties": { "class": "road", "longitude": -108.40833177223408, "latitude": 45.895258794291813, "Id": 122, "Code": null, "Name": null }, "geometry": { "type": "Point", "coordinates": [ -108.408331772234078, 45.895258794291813 ] } },
{ "type": "Feature", "properties": { "class": "road", "longitude": -91.175793981675312, "latitude": 45.895258794291813, "Id": 123, "Code": null, "Name": null }, "geometry": { "type": "Point", "coordinates": [ -91.175793981675312, 45.895258794291813 ] } },
{ "type": "Feature", "properties": { "class": "road", "longitude": -77.389763749228337, "latitude": 45.895258794291813, "Id": 124, "Code": null, "Name": null }, "geometry": { "type": "Point", "coordinates": [ -77.389763749228337, 45.895258794291813 ] } },
{ "type": "Feature", "properties": { "class": "road", "longitude": -73.943256191116575, "latitude": 45.895258794291813, "Id": 125, "Code": null, "Name": null }, "geometry": { "type": "Point", "coordinates": [ -73.943256191116575, 45.895258794291813 ] } },
{ "type": "Feature", "properties": { "class": "road", "longitude": -70.496748633004813, "latitude": 45.895258794291813, "Id": 126, "Code": null, "Name": null }, "geometry": { "type": "Point", "coordinates": [ -70.496748633004813, 45.895258794291813 ] } },
{ "type": "Feature", "properties": { "class": "road", "longitude": -67.05024107489308, "latitude": 45.895258794291813, "Id": 127, "Code": null, "Name": null }, "geometry": { "type": "Point", "coordinates": [ -67.05024107489308, 45.895258794291813 ] } },
{ "type": "Feature", "properties": { "class": "road", "longitude": 1.8799100873418999, "latitude": 45.895258794291813, "Id": 128, "Code": null, "Name": null }, "geometry": { "type": "Point", "coordinates": [ 1.8799100873419, 45.895258794291813 ] } },
{ "type": "Feature", "properties": { "class": "road", "longitude": 5.3264176454536099, "latitude": 45.895258794291813, "Id": 129, "Code": null, "Name": null }, "geometry": { "type": "Point", "coordinates": [ 5.32641764545361, 45.895258794291813 ] } },
{ "type": "Feature", "properties": { "class": "road", "longitude": 8.7729252035653644, "latitude": 45.895258794291813, "Id": 130, "Code": null, "Name": null }, "geometry": { "type": "Point", "coordinates": [ 8.772925203565364, 45.895258794291813 ] } },
{ "type": "Feature", "properties": { "class": "road", "longitude": 12.219432761677121, "latitude": 45.895258794291813, "Id": 131, "Code": null, "Name": null }, "geometry": { "type": "Point", "coordinates": [ 12.219432761677121, 45.895258794291813 ] } },
{ "type": "Feature", "properties": { "class": "road", "longitude": 15.665940319788877, "latitude": 45.895258794291813, "Id": 132, "Code": null, "Name": null }, "geometry": { "type": "Point", "coordinates": [ 15.665940319788877, 45.895258794291813 ] } },
{ "type": "Feature", "properties": { "class": "road", "longitude": 19.112447877900635, "latitude": 45.895258794291813, "Id": 133, "Code": null, "Name": null }, "geometry": { "type": "Point", "coordinates": [ 19.112447877900635, 45.895258794291813 ] } },
{ "type": "Feature", "properties": { "class": "road", "longitude": 22.558955436012393, "latitude": 45.895258794291813, "Id": 134, "Code": null, "Name": null }, "geometry": { "type": "Point", "coordinates": [ 22.558955436012393, 45.895258794291813 ] } },
{ "type": "Feature", "properties": { "class": "road", "longitude": 26.005462994124098, "latitude": 45.895258794291813, "Id": 135, "Code": null, "Name": null }, "geometry": { "type": "Point", "coordinates": [ 26.005462994124102, 45.895258794291813 ] } },
{ "type": "Feature", "properties": { "class": "road", "longitude": 29.451970552235856, "latitude": 45.895258794291813, "Id": 136, "Code": null, "Name": null }, "geometry": { "type": "Point", "coordinates": [ 29.451970552235856, 45.895258794291813 ] } },
{ "type": "Feature", "properties": { "class": "road", "longitude": 43.238000784682882, "latitude": 45.895258794291813, "Id": 137, "Code": null, "Name": null }, "geometry": { "type": "Point", "coordinates": [ 43.238000784682882, 45.895258794291813 ] } },
{ "type": "Feature", "properties": { "class": "road", "longitude": 46.684508342794594, "latitude": 45.895258794291813, "Id": 138, "Code": null, "Name": null }, "geometry": { "type": "Point", "coordinates": [ 46.684508342794594, 45.895258794291813 ] } },
{ "type": "Feature", "properties": { "class": "road", "longitude": 53.577523459018103, "latitude": 45.895258794291813, "Id": 139, "Code": null, "Name": null }, "geometry": { "type": "Point", "coordinates": [ 53.577523459018103, 45.895258794291813 ] } },
{ "type": "Feature", "properties": { "class": "road", "longitude": 84.596091482023866, "latitude": 45.895258794291813, "Id": 140, "Code": null, "Name": null }, "geometry": { "type": "Point", "coordinates": [ 84.596091482023866, 45.895258794291813 ] } },
{ "type": "Feature", "properties": { "class": "road", "longitude": 105.27513683069436, "latitude": 45.895258794291813, "Id": 141, "Code": null, "Name": null }, "geometry": { "type": "Point", "coordinates": [ 105.275136830694365, 45.895258794291813 ] } },
{ "type": "Feature", "properties": { "class": "road", "longitude": 112.16815194691782, "latitude": 45.895258794291813, "Id": 142, "Code": null, "Name": null }, "geometry": { "type": "Point", "coordinates": [ 112.168151946917817, 45.895258794291813 ] } },
{ "type": "Feature", "properties": { "class": "road", "longitude": 125.95418217936481, "latitude": 45.895258794291813, "Id": 143, "Code": null, "Name": null }, "geometry": { "type": "Point", "coordinates": [ 125.954182179364807, 45.895258794291813 ] } },
{ "type": "Feature", "properties": { "class": "road", "longitude": 129.40068973747657, "latitude": 45.895258794291813, "Id": 144, "Code": null, "Name": null }, "geometry": { "type": "Point", "coordinates": [ 129.400689737476569, 45.895258794291813 ] } },
{ "type": "Feature", "properties": { "class": "road", "longitude": 132.8471972955883, "latitude": 45.895258794291813, "Id": 145, "Code": null, "Name": null }, "geometry": { "type": "Point", "coordinates": [ 132.847197295588302, 45.895258794291813 ] } },
{ "type": "Feature", "properties": { "class": "road", "longitude": 136.29370485370006, "latitude": 45.895258794291813, "Id": 146, "Code": null, "Name": null }, "geometry": { "type": "Point", "coordinates": [ 136.293704853700063, 45.895258794291813 ] } },
{ "type": "Feature", "properties": { "class": "road", "longitude": -115.53488139924569, "latitude": 43.360707025151235, "Id": 147, "Code": null, "Name": null }, "geometry": { "type": "Point", "coordinates": [ -115.534881399245691, 43.360707025151228 ] } },
{ "type": "Feature", "properties": { "class": "road", "longitude": -105.47511626520166, "latitude": 43.360707025151235, "Id": 148, "Code": null, "Name": null }, "geometry": { "type": "Point", "coordinates": [ -105.475116265201663, 43.360707025151228 ] } },
{ "type": "Feature", "properties": { "class": "road", "longitude": -98.768606175838983, "latitude": 43.360707025151235, "Id": 149, "Code": null, "Name": null }, "geometry": { "type": "Point", "coordinates": [ -98.768606175838968, 43.360707025151228 ] } },
{ "type": "Feature", "properties": { "class": "road", "longitude": -95.415351131157635, "latitude": 43.360707025151235, "Id": 150, "Code": null, "Name": null }, "geometry": { "type": "Point", "coordinates": [ -95.415351131157635, 43.360707025151228 ] } },
{ "type": "Feature", "properties": { "class": "road", "longitude": -92.062096086476274, "latitude": 43.360707025151235, "Id": 151, "Code": null, "Name": null }, "geometry": { "type": "Point", "coordinates": [ -92.062096086476274, 43.360707025151228 ] } },
{ "type": "Feature", "properties": { "class": "road", "longitude": -88.708841041794926, "latitude": 43.360707025151235, "Id": 152, "Code": null, "Name": null }, "geometry": { "type": "Point", "coordinates": [ -88.708841041794926, 43.360707025151228 ] } },
{ "type": "Feature", "properties": { "class": "road", "longitude": -85.355585997113579, "latitude": 43.360707025151235, "Id": 153, "Code": null, "Name": null }, "geometry": { "type": "Point", "coordinates": [ -85.355585997113579, 43.360707025151228 ] } },
{ "type": "Feature", "properties": { "class": "road", "longitude": -78.649075907750884, "latitude": 43.360707025151235, "Id": 154, "Code": null, "Name": null }, "geometry": { "type": "Point", "coordinates": [ -78.649075907750884, 43.360707025151228 ] } },
{ "type": "Feature", "properties": { "class": "road", "longitude": -75.295820863069551, "latitude": 43.360707025151235, "Id": 155, "Code": null, "Name": null }, "geometry": { "type": "Point", "coordinates": [ -75.295820863069551, 43.360707025151228 ] } },
{ "type": "Feature", "properties": { "class": "road", "longitude": -71.942565818388204, "latitude": 43.360707025151235, "Id": 156, "Code": null, "Name": null }, "geometry": { "type": "Point", "coordinates": [ -71.942565818388204, 43.360707025151228 ] } },
{ "type": "Feature", "properties": { "class": "road", "longitude": -8.2307199694426298, "latitude": 43.360707025151235, "Id": 157, "Code": null, "Name": null }, "geometry": { "type": "Point", "coordinates": [ -8.23071996944263, 43.360707025151228 ] } },
{ "type": "Feature", "properties": { "class": "road", "longitude": -4.877464924761278, "latitude": 43.360707025151235, "Id": 158, "Code": null, "Name": null }, "geometry": { "type": "Point", "coordinates": [ -4.877464924761277, 43.360707025151228 ] } },
{ "type": "Feature", "properties": { "class": "road", "longitude": -1.5242098800799231, "latitude": 43.360707025151235, "Id": 159, "Code": null, "Name": null }, "geometry": { "type": "Point", "coordinates": [ -1.524209880079923, 43.360707025151228 ] } },
{ "type": "Feature", "properties": { "class": "road", "longitude": 1.829045164601431, "latitude": 43.360707025151235, "Id": 160, "Code": null, "Name": null }, "geometry": { "type": "Point", "coordinates": [ 1.829045164601431, 43.360707025151228 ] } },
{ "type": "Feature", "properties": { "class": "road", "longitude": 5.1823002092827384, "latitude": 43.360707025151235, "Id": 161, "Code": null, "Name": null }, "geometry": { "type": "Point", "coordinates": [ 5.182300209282738, 43.360707025151228 ] } },
{ "type": "Feature", "properties": { "class": "road", "longitude": 11.888810298645446, "latitude": 43.360707025151235, "Id": 162, "Code": null, "Name": null }, "geometry": { "type": "Point", "coordinates": [ 11.888810298645446, 43.360707025151228 ] } },
{ "type": "Feature", "properties": { "class": "road", "longitude": 18.595320388008155, "latitude": 43.360707025151235, "Id": 163, "Code": null, "Name": null }, "geometry": { "type": "Point", "coordinates": [ 18.595320388008155, 43.360707025151228 ] } },
{ "type": "Feature", "properties": { "class": "road", "longitude": 21.948575432689509, "latitude": 43.360707025151235, "Id": 164, "Code": null, "Name": null }, "geometry": { "type": "Point", "coordinates": [ 21.948575432689509, 43.360707025151228 ] } },
{ "type": "Feature", "properties": { "class": "road", "longitude": 25.301830477370817, "latitude": 43.360707025151235, "Id": 165, "Code": null, "Name": null }, "geometry": { "type": "Point", "coordinates": [ 25.301830477370817, 43.360707025151228 ] } },
{ "type": "Feature", "properties": { "class": "road", "longitude": 45.421360745458898, "latitude": 43.360707025151235, "Id": 166, "Code": null, "Name": null }, "geometry": { "type": "Point", "coordinates": [ 45.421360745458898, 43.360707025151228 ] } },
{ "type": "Feature", "properties": { "class": "road", "longitude": 75.600656147591039, "latitude": 43.360707025151235, "Id": 167, "Code": null, "Name": null }, "geometry": { "type": "Point", "coordinates": [ 75.600656147591039, 43.360707025151228 ] } },
{ "type": "Feature", "properties": { "class": "road", "longitude": 78.9539111922724, "latitude": 43.360707025151235, "Id": 168, "Code": null, "Name": null }, "geometry": { "type": "Point", "coordinates": [ 78.9539111922724, 43.360707025151228 ] } },
{ "type": "Feature", "properties": { "class": "road", "longitude": 82.307166236953734, "latitude": 43.360707025151235, "Id": 169, "Code": null, "Name": null }, "geometry": { "type": "Point", "coordinates": [ 82.307166236953734, 43.360707025151228 ] } },
{ "type": "Feature", "properties": { "class": "road", "longitude": 92.366931370997747, "latitude": 43.360707025151235, "Id": 170, "Code": null, "Name": null }, "geometry": { "type": "Point", "coordinates": [ 92.366931370997747, 43.360707025151228 ] } },
{ "type": "Feature", "properties": { "class": "road", "longitude": 109.13320659440447, "latitude": 43.360707025151235, "Id": 171, "Code": null, "Name": null }, "geometry": { "type": "Point", "coordinates": [ 109.13320659440447, 43.360707025151228 ] } },
{ "type": "Feature", "properties": { "class": "road", "longitude": 125.89948181781121, "latitude": 43.360707025151235, "Id": 172, "Code": null, "Name": null }, "geometry": { "type": "Point", "coordinates": [ 125.899481817811207, 43.360707025151228 ] } },
{ "type": "Feature", "properties": { "class": "road", "longitude": 129.25273686249258, "latitude": 43.360707025151235, "Id": 173, "Code": null, "Name": null }, "geometry": { "type": "Point", "coordinates": [ 129.252736862492583, 43.360707025151228 ] } },
{ "type": "Feature", "properties": { "class": "road", "longitude": 132.60599190717392, "latitude": 43.360707025151235, "Id": 174, "Code": null, "Name": null }, "geometry": { "type": "Point", "coordinates": [ 132.605991907173916, 43.360707025151228 ] } },
{ "type": "Feature", "properties": { "class": "road", "longitude": -115.98948863128351, "latitude": 40.865044586172232, "Id": 175, "Code": null, "Name": null }, "geometry": { "type": "Point", "coordinates": [ -115.989488631283507, 40.865044586172232 ] } },
{ "type": "Feature", "properties": { "class": "road", "longitude": -102.90349537690011, "latitude": 40.865044586172232, "Id": 176, "Code": null, "Name": null }, "geometry": { "type": "Point", "coordinates": [ -102.903495376900111, 40.865044586172232 ] } },
{ "type": "Feature", "properties": { "class": "road", "longitude": -96.360498749708398, "latitude": 40.865044586172232, "Id": 177, "Code": null, "Name": null }, "geometry": { "type": "Point", "coordinates": [ -96.360498749708398, 40.865044586172232 ] } },
{ "type": "Feature", "properties": { "class": "road", "longitude": -93.089000436112556, "latitude": 40.865044586172232, "Id": 178, "Code": null, "Name": null }, "geometry": { "type": "Point", "coordinates": [ -93.089000436112556, 40.865044586172232 ] } },
{ "type": "Feature", "properties": { "class": "road", "longitude": -89.817502122516672, "latitude": 40.865044586172232, "Id": 179, "Code": null, "Name": null }, "geometry": { "type": "Point", "coordinates": [ -89.817502122516672, 40.865044586172232 ] } },
{ "type": "Feature", "properties": { "class": "road", "longitude": -86.54600380892083, "latitude": 40.865044586172232, "Id": 180, "Code": null, "Name": null }, "geometry": { "type": "Point", "coordinates": [ -86.54600380892083, 40.865044586172232 ] } },
{ "type": "Feature", "properties": { "class": "road", "longitude": -83.274505495324988, "latitude": 40.865044586172232, "Id": 181, "Code": null, "Name": null }, "geometry": { "type": "Point", "coordinates": [ -83.274505495324988, 40.865044586172232 ] } },
{ "type": "Feature", "properties": { "class": "road", "longitude": -80.003007181729132, "latitude": 40.865044586172232, "Id": 182, "Code": null, "Name": null }, "geometry": { "type": "Point", "coordinates": [ -80.003007181729132, 40.865044586172232 ] } },
{ "type": "Feature", "properties": { "class": "road", "longitude": -76.731508868133261, "latitude": 40.865044586172232, "Id": 183, "Code": null, "Name": null }, "geometry": { "type": "Point", "coordinates": [ -76.731508868133261, 40.865044586172232 ] } },
{ "type": "Feature", "properties": { "class": "road", "longitude": -73.460010554537433, "latitude": 40.865044586172232, "Id": 184, "Code": null, "Name": null }, "geometry": { "type": "Point", "coordinates": [ -73.460010554537433, 40.865044586172232 ] } },
{ "type": "Feature", "properties": { "class": "road", "longitude": -8.0300442826203504, "latitude": 40.865044586172232, "Id": 185, "Code": null, "Name": null }, "geometry": { "type": "Point", "coordinates": [ -8.030044282620349, 40.865044586172232 ] } },
{ "type": "Feature", "properties": { "class": "road", "longitude": -4.758545969024488, "latitude": 40.865044586172232, "Id": 186, "Code": null, "Name": null }, "geometry": { "type": "Point", "coordinates": [ -4.758545969024487, 40.865044586172232 ] } },
{ "type": "Feature", "properties": { "class": "road", "longitude": -1.487047655428626, "latitude": 40.865044586172232, "Id": 187, "Code": null, "Name": null }, "geometry": { "type": "Point", "coordinates": [ -1.487047655428626, 40.865044586172232 ] } },
{ "type": "Feature", "properties": { "class": "road", "longitude": 8.3274472853589145, "latitude": 40.865044586172232, "Id": 188, "Code": null, "Name": null }, "geometry": { "type": "Point", "coordinates": [ 8.327447285358913, 40.865044586172232 ] } },
{ "type": "Feature", "properties": { "class": "road", "longitude": 14.870443912550638, "latitude": 40.865044586172232, "Id": 189, "Code": null, "Name": null }, "geometry": { "type": "Point", "coordinates": [ 14.870443912550638, 40.865044586172232 ] } },
{ "type": "Feature", "properties": { "class": "road", "longitude": 21.413440539742361, "latitude": 40.865044586172232, "Id": 190, "Code": null, "Name": null }, "geometry": { "type": "Point", "coordinates": [ 21.413440539742361, 40.865044586172232 ] } },
{ "type": "Feature", "properties": { "class": "road", "longitude": 24.684938853338178, "latitude": 40.865044586172232, "Id": 191, "Code": null, "Name": null }, "geometry": { "type": "Point", "coordinates": [ 24.684938853338178, 40.865044586172232 ] } },
{ "type": "Feature", "properties": { "class": "road", "longitude": 31.227935480529901, "latitude": 40.865044586172232, "Id": 192, "Code": null, "Name": null }, "geometry": { "type": "Point", "coordinates": [ 31.227935480529901, 40.865044586172232 ] } },
{ "type": "Feature", "properties": { "class": "road", "longitude": 34.499433794125757, "latitude": 40.865044586172232, "Id": 193, "Code": null, "Name": null }, "geometry": { "type": "Point", "coordinates": [ 34.499433794125757, 40.865044586172232 ] } },
{ "type": "Feature", "properties": { "class": "road", "longitude": 37.770932107721627, "latitude": 40.865044586172232, "Id": 194, "Code": null, "Name": null }, "geometry": { "type": "Point", "coordinates": [ 37.77093210772162, 40.865044586172232 ] } },
{ "type": "Feature", "properties": { "class": "road", "longitude": 47.585427048509167, "latitude": 40.865044586172232, "Id": 195, "Code": null, "Name": null }, "geometry": { "type": "Point", "coordinates": [ 47.585427048509167, 40.865044586172232 ] } },
{ "type": "Feature", "properties": { "class": "road", "longitude": 57.39992198929675, "latitude": 40.865044586172232, "Id": 196, "Code": null, "Name": null }, "geometry": { "type": "Point", "coordinates": [ 57.39992198929675, 40.865044586172232 ] } },
{ "type": "Feature", "properties": { "class": "road", "longitude": 60.671420302892614, "latitude": 40.865044586172232, "Id": 197, "Code": null, "Name": null }, "geometry": { "type": "Point", "coordinates": [ 60.671420302892614, 40.865044586172232 ] } },
{ "type": "Feature", "properties": { "class": "road", "longitude": 63.942918616488434, "latitude": 40.865044586172232, "Id": 198, "Code": null, "Name": null }, "geometry": { "type": "Point", "coordinates": [ 63.942918616488434, 40.865044586172232 ] } },
{ "type": "Feature", "properties": { "class": "road", "longitude": 77.028911870871895, "latitude": 40.865044586172232, "Id": 199, "Code": null, "Name": null }, "geometry": { "type": "Point", "coordinates": [ 77.02891187087188, 40.865044586172232 ] } },
{ "type": "Feature", "properties": { "class": "road", "longitude": 80.300410184467722, "latitude": 40.865044586172232, "Id": 200, "Code": null, "Name": null }, "geometry": { "type": "Point", "coordinates": [ 80.300410184467722, 40.865044586172232 ] } },
{ "type": "Feature", "properties": { "class": "road", "longitude": 96.657901752446989, "latitude": 40.865044586172232, "Id": 201, "Code": null, "Name": null }, "geometry": { "type": "Point", "coordinates": [ 96.657901752446989, 40.865044586172232 ] } },
{ "type": "Feature", "properties": { "class": "road", "longitude": 106.47239669323453, "latitude": 40.865044586172232, "Id": 202, "Code": null, "Name": null }, "geometry": { "type": "Point", "coordinates": [ 106.472396693234529, 40.865044586172232 ] } },
{ "type": "Feature", "properties": { "class": "road", "longitude": 109.7438950068304, "latitude": 40.865044586172232, "Id": 203, "Code": null, "Name": null }, "geometry": { "type": "Point", "coordinates": [ 109.7438950068304, 40.865044586172232 ] } },
{ "type": "Feature", "properties": { "class": "road", "longitude": 113.01539332042626, "latitude": 40.865044586172232, "Id": 204, "Code": null, "Name": null }, "geometry": { "type": "Point", "coordinates": [ 113.015393320426256, 40.865044586172232 ] } },
{ "type": "Feature", "properties": { "class": "road", "longitude": 119.55838994761795, "latitude": 40.865044586172232, "Id": 205, "Code": null, "Name": null }, "geometry": { "type": "Point", "coordinates": [ 119.558389947617954, 40.865044586172232 ] } },
{ "type": "Feature", "properties": { "class": "road", "longitude": 122.8298882612138, "latitude": 40.865044586172232, "Id": 206, "Code": null, "Name": null }, "geometry": { "type": "Point", "coordinates": [ 122.829888261213796, 40.865044586172232 ] } },
{ "type": "Feature", "properties": { "class": "road", "longitude": 126.10138657480967, "latitude": 40.865044586172232, "Id": 207, "Code": null, "Name": null }, "geometry": { "type": "Point", "coordinates": [ 126.101386574809666, 40.865044586172232 ] } },
{ "type": "Feature", "properties": { "class": "road", "longitude": 129.37288488840554, "latitude": 40.865044586172232, "Id": 208, "Code": null, "Name": null }, "geometry": { "type": "Point", "coordinates": [ 129.372884888405537, 40.865044586172232 ] } },
{ "type": "Feature", "properties": { "class": "road", "longitude": -123.03454703682849, "latitude": 38.404086085661085, "Id": 209, "Code": null, "Name": null }, "geometry": { "type": "Point", "coordinates": [ -123.034547036828485, 38.404086085661085 ] } },
{ "type": "Feature", "properties": { "class": "road", "longitude": -119.83506716571276, "latitude": 38.404086085661085, "Id": 210, "Code": null, "Name": null }, "geometry": { "type": "Point", "coordinates": [ -119.835067165712758, 38.404086085661085 ] } },
{ "type": "Feature", "properties": { "class": "road", "longitude": -97.438708067902724, "latitude": 38.404086085661085, "Id": 211, "Code": null, "Name": null }, "geometry": { "type": "Point", "coordinates": [ -97.438708067902724, 38.404086085661085 ] } },
{ "type": "Feature", "properties": { "class": "road", "longitude": -94.239228196786996, "latitude": 38.404086085661085, "Id": 212, "Code": null, "Name": null }, "geometry": { "type": "Point", "coordinates": [ -94.239228196786996, 38.404086085661085 ] } },
{ "type": "Feature", "properties": { "class": "road", "longitude": -91.039748325671283, "latitude": 38.404086085661085, "Id": 213, "Code": null, "Name": null }, "geometry": { "type": "Point", "coordinates": [ -91.039748325671283, 38.404086085661085 ] } },
{ "type": "Feature", "properties": { "class": "road", "longitude": -87.840268454555542, "latitude": 38.404086085661085, "Id": 214, "Code": null, "Name": null }, "geometry": { "type": "Point", "coordinates": [ -87.840268454555542, 38.404086085661085 ] } },
{ "type": "Feature", "properties": { "class": "road", "longitude": -84.640788583439814, "latitude": 38.404086085661085, "Id": 215, "Code": null, "Name": null }, "geometry": { "type": "Point", "coordinates": [ -84.640788583439814, 38.404086085661085 ] } },
{ "type": "Feature", "properties": { "class": "road", "longitude": -81.441308712324116, "latitude": 38.404086085661085, "Id": 216, "Code": null, "Name": null }, "geometry": { "type": "Point", "coordinates": [ -81.441308712324116, 38.404086085661085 ] } },
{ "type": "Feature", "properties": { "class": "road", "longitude": -78.241828841208388, "latitude": 38.404086085661085, "Id": 217, "Code": null, "Name": null }, "geometry": { "type": "Point", "coordinates": [ -78.241828841208388, 38.404086085661085 ] } },
{ "type": "Feature", "properties": { "class": "road", "longitude": -7.8532716766625681, "latitude": 38.404086085661085, "Id": 218, "Code": null, "Name": null }, "geometry": { "type": "Point", "coordinates": [ -7.853271676662568, 38.404086085661085 ] } },
{ "type": "Feature", "properties": { "class": "road", "longitude": -4.6537918055468417, "latitude": 38.404086085661085, "Id": 219, "Code": null, "Name": null }, "geometry": { "type": "Point", "coordinates": [ -4.653791805546842, 38.404086085661085 ] } },
{ "type": "Feature", "properties": { "class": "road", "longitude": -1.454311934431114, "latitude": 38.404086085661085, "Id": 220, "Code": null, "Name": null }, "geometry": { "type": "Point", "coordinates": [ -1.454311934431114, 38.404086085661085 ] } },
{ "type": "Feature", "properties": { "class": "road", "longitude": 24.141527034494615, "latitude": 38.404086085661085, "Id": 221, "Code": null, "Name": null }, "geometry": { "type": "Point", "coordinates": [ 24.141527034494615, 38.404086085661085 ] } },
{ "type": "Feature", "properties": { "class": "road", "longitude": 27.341006905610342, "latitude": 38.404086085661085, "Id": 222, "Code": null, "Name": null }, "geometry": { "type": "Point", "coordinates": [ 27.341006905610342, 38.404086085661085 ] } },
{ "type": "Feature", "properties": { "class": "road", "longitude": 30.540486776726073, "latitude": 38.404086085661085, "Id": 223, "Code": null, "Name": null }, "geometry": { "type": "Point", "coordinates": [ 30.540486776726073, 38.404086085661085 ] } },
{ "type": "Feature", "properties": { "class": "road", "longitude": 33.739966647841797, "latitude": 38.404086085661085, "Id": 224, "Code": null, "Name": null }, "geometry": { "type": "Point", "coordinates": [ 33.739966647841797, 38.404086085661085 ] } },
{ "type": "Feature", "properties": { "class": "road", "longitude": 36.939446518957531, "latitude": 38.404086085661085, "Id": 225, "Code": null, "Name": null }, "geometry": { "type": "Point", "coordinates": [ 36.939446518957524, 38.404086085661085 ] } },
{ "type": "Feature", "properties": { "class": "road", "longitude": 40.138926390073259, "latitude": 38.404086085661085, "Id": 226, "Code": null, "Name": null }, "geometry": { "type": "Point", "coordinates": [ 40.138926390073259, 38.404086085661085 ] } },
{ "type": "Feature", "properties": { "class": "road", "longitude": 43.338406261188936, "latitude": 38.404086085661085, "Id": 227, "Code": null, "Name": null }, "geometry": { "type": "Point", "coordinates": [ 43.338406261188936, 38.404086085661085 ] } },
{ "type": "Feature", "properties": { "class": "road", "longitude": 56.136325745651838, "latitude": 38.404086085661085, "Id": 228, "Code": null, "Name": null }, "geometry": { "type": "Point", "coordinates": [ 56.136325745651838, 38.404086085661085 ] } },
{ "type": "Feature", "properties": { "class": "road", "longitude": 59.335805616767566, "latitude": 38.404086085661085, "Id": 229, "Code": null, "Name": null }, "geometry": { "type": "Point", "coordinates": [ 59.335805616767566, 38.404086085661085 ] } },
{ "type": "Feature", "properties": { "class": "road", "longitude": 62.535285487883257, "latitude": 38.404086085661085, "Id": 230, "Code": null, "Name": null }, "geometry": { "type": "Point", "coordinates": [ 62.535285487883257, 38.404086085661085 ] } },
{ "type": "Feature", "properties": { "class": "road", "longitude": 65.73476535899897, "latitude": 38.404086085661085, "Id": 231, "Code": null, "Name": null }, "geometry": { "type": "Point", "coordinates": [ 65.73476535899897, 38.404086085661085 ] } },
{ "type": "Feature", "properties": { "class": "road", "longitude": 91.330604327924746, "latitude": 38.404086085661085, "Id": 232, "Code": null, "Name": null }, "geometry": { "type": "Point", "coordinates": [ 91.330604327924746, 38.404086085661085 ] } },
{ "type": "Feature", "properties": { "class": "road", "longitude": 94.530084199040473, "latitude": 38.404086085661085, "Id": 233, "Code": null, "Name": null }, "geometry": { "type": "Point", "coordinates": [ 94.530084199040473, 38.404086085661085 ] } },
{ "type": "Feature", "properties": { "class": "road", "longitude": 100.92904394127189, "latitude": 38.404086085661085, "Id": 234, "Code": null, "Name": null }, "geometry": { "type": "Point", "coordinates": [ 100.929043941271885, 38.404086085661085 ] } },
{ "type": "Feature", "properties": { "class": "road", "longitude": 113.72696342573479, "latitude": 38.404086085661085, "Id": 235, "Code": null, "Name": null }, "geometry": { "type": "Point", "coordinates": [ 113.726963425734795, 38.404086085661085 ] } },
{ "type": "Feature", "properties": { "class": "road", "longitude": 116.92644329685049, "latitude": 38.404086085661085, "Id": 236, "Code": null, "Name": null }, "geometry": { "type": "Point", "coordinates": [ 116.926443296850493, 38.404086085661085 ] } },
{ "type": "Feature", "properties": { "class": "road", "longitude": 126.52488291019766, "latitude": 38.404086085661085, "Id": 237, "Code": null, "Name": null }, "geometry": { "type": "Point", "coordinates": [ 126.524882910197661, 38.404086085661085 ] } },
{ "type": "Feature", "properties": { "class": "road", "longitude": -120.586433919519, "latitude": 35.974178125305095, "Id": 238, "Code": null, "Name": null }, "geometry": { "type": "Point", "coordinates": [ -120.586433919518996, 35.974178125305095 ] } },
{ "type": "Feature", "properties": { "class": "road", "longitude": -117.45061656295458, "latitude": 35.974178125305095, "Id": 239, "Code": null, "Name": null }, "geometry": { "type": "Point", "coordinates": [ -117.450616562954579, 35.974178125305095 ] } },
{ "type": "Feature", "properties": { "class": "road", "longitude": -108.04316449326134, "latitude": 35.974178125305095, "Id": 240, "Code": null, "Name": null }, "geometry": { "type": "Point", "coordinates": [ -108.043164493261344, 35.974178125305095 ] } },
{ "type": "Feature", "properties": { "class": "road", "longitude": -98.635712423568123, "latitude": 35.974178125305095, "Id": 241, "Code": null, "Name": null }, "geometry": { "type": "Point", "coordinates": [ -98.635712423568123, 35.974178125305095 ] } },
{ "type": "Feature", "properties": { "class": "road", "longitude": -95.499895067003706, "latitude": 35.974178125305095, "Id": 242, "Code": null, "Name": null }, "geometry": { "type": "Point", "coordinates": [ -95.499895067003706, 35.974178125305095 ] } },
{ "type": "Feature", "properties": { "class": "road", "longitude": -92.36407771043929, "latitude": 35.974178125305095, "Id": 243, "Code": null, "Name": null }, "geometry": { "type": "Point", "coordinates": [ -92.364077710439304, 35.974178125305095 ] } },
{ "type": "Feature", "properties": { "class": "road", "longitude": -89.228260353874902, "latitude": 35.974178125305095, "Id": 244, "Code": null, "Name": null }, "geometry": { "type": "Point", "coordinates": [ -89.228260353874902, 35.974178125305095 ] } },
{ "type": "Feature", "properties": { "class": "road", "longitude": -86.092442997310471, "latitude": 35.974178125305095, "Id": 245, "Code": null, "Name": null }, "geometry": { "type": "Point", "coordinates": [ -86.092442997310471, 35.974178125305095 ] } },
{ "type": "Feature", "properties": { "class": "road", "longitude": -82.956625640746068, "latitude": 35.974178125305095, "Id": 246, "Code": null, "Name": null }, "geometry": { "type": "Point", "coordinates": [ -82.956625640746068, 35.974178125305095 ] } },
{ "type": "Feature", "properties": { "class": "road", "longitude": -79.820808284181666, "latitude": 35.974178125305095, "Id": 247, "Code": null, "Name": null }, "geometry": { "type": "Point", "coordinates": [ -79.820808284181666, 35.974178125305095 ] } },
{ "type": "Feature", "properties": { "class": "road", "longitude": -76.684990927617264, "latitude": 35.974178125305095, "Id": 248, "Code": null, "Name": null }, "geometry": { "type": "Point", "coordinates": [ -76.684990927617264, 35.974178125305095 ] } },
{ "type": "Feature", "properties": { "class": "road", "longitude": 1.710442986492968, "latitude": 35.974178125305095, "Id": 249, "Code": null, "Name": null }, "geometry": { "type": "Point", "coordinates": [ 1.710442986492968, 35.974178125305095 ] } },
{ "type": "Feature", "properties": { "class": "road", "longitude": 14.253712412750589, "latitude": 35.974178125305095, "Id": 250, "Code": null, "Name": null }, "geometry": { "type": "Point", "coordinates": [ 14.253712412750589, 35.974178125305095 ] } },
{ "type": "Feature", "properties": { "class": "road", "longitude": 36.204433908701454, "latitude": 35.974178125305095, "Id": 251, "Code": null, "Name": null }, "geometry": { "type": "Point", "coordinates": [ 36.204433908701454, 35.974178125305095 ] } },
{ "type": "Feature", "properties": { "class": "road", "longitude": 39.340251265265877, "latitude": 35.974178125305095, "Id": 252, "Code": null, "Name": null }, "geometry": { "type": "Point", "coordinates": [ 39.340251265265877, 35.974178125305095 ] } },
{ "type": "Feature", "properties": { "class": "road", "longitude": 42.476068621830251, "latitude": 35.974178125305095, "Id": 253, "Code": null, "Name": null }, "geometry": { "type": "Point", "coordinates": [ 42.476068621830251, 35.974178125305095 ] } },
{ "type": "Feature", "properties": { "class": "road", "longitude": 45.611885978394668, "latitude": 35.974178125305095, "Id": 254, "Code": null, "Name": null }, "geometry": { "type": "Point", "coordinates": [ 45.61188597839466, 35.974178125305095 ] } },
{ "type": "Feature", "properties": { "class": "road", "longitude": 48.747703334959077, "latitude": 35.974178125305095, "Id": 255, "Code": null, "Name": null }, "geometry": { "type": "Point", "coordinates": [ 48.747703334959077, 35.974178125305095 ] } },
{ "type": "Feature", "properties": { "class": "road", "longitude": 55.019338048087903, "latitude": 35.974178125305095, "Id": 256, "Code": null, "Name": null }, "geometry": { "type": "Point", "coordinates": [ 55.019338048087903, 35.974178125305095 ] } },
{ "type": "Feature", "properties": { "class": "road", "longitude": 58.155155404652326, "latitude": 35.974178125305095, "Id": 257, "Code": null, "Name": null }, "geometry": { "type": "Point", "coordinates": [ 58.155155404652326, 35.974178125305095 ] } },
{ "type": "Feature", "properties": { "class": "road", "longitude": 61.290972761216707, "latitude": 35.974178125305095, "Id": 258, "Code": null, "Name": null }, "geometry": { "type": "Point", "coordinates": [ 61.2909727612167, 35.974178125305095 ] } },
{ "type": "Feature", "properties": { "class": "road", "longitude": 64.42679011778111, "latitude": 35.974178125305095, "Id": 259, "Code": null, "Name": null }, "geometry": { "type": "Point", "coordinates": [ 64.42679011778111, 35.974178125305095 ] } },
{ "type": "Feature", "properties": { "class": "road", "longitude": 67.562607474345526, "latitude": 35.974178125305095, "Id": 260, "Code": null, "Name": null }, "geometry": { "type": "Point", "coordinates": [ 67.562607474345526, 35.974178125305095 ] } },
{ "type": "Feature", "properties": { "class": "road", "longitude": 73.834242187474345, "latitude": 35.974178125305095, "Id": 261, "Code": null, "Name": null }, "geometry": { "type": "Point", "coordinates": [ 73.834242187474359, 35.974178125305095 ] } },
{ "type": "Feature", "properties": { "class": "road", "longitude": 102.05659839655402, "latitude": 35.974178125305095, "Id": 262, "Code": null, "Name": null }, "geometry": { "type": "Point", "coordinates": [ 102.056598396554008, 35.974178125305095 ] } },
{ "type": "Feature", "properties": { "class": "road", "longitude": 105.19241575311842, "latitude": 35.974178125305095, "Id": 263, "Code": null, "Name": null }, "geometry": { "type": "Point", "coordinates": [ 105.192415753118439, 35.974178125305095 ] } },
{ "type": "Feature", "properties": { "class": "road", "longitude": 111.46405046624729, "latitude": 35.974178125305095, "Id": 264, "Code": null, "Name": null }, "geometry": { "type": "Point", "coordinates": [ 111.464050466247272, 35.974178125305095 ] } },
{ "type": "Feature", "properties": { "class": "road", "longitude": 114.59986782281163, "latitude": 35.974178125305095, "Id": 265, "Code": null, "Name": null }, "geometry": { "type": "Point", "coordinates": [ 114.599867822811632, 35.974178125305095 ] } },
{ "type": "Feature", "properties": { "class": "road", "longitude": 117.73568517937605, "latitude": 35.974178125305095, "Id": 266, "Code": null, "Name": null }, "geometry": { "type": "Point", "coordinates": [ 117.735685179376048, 35.974178125305095 ] } },
{ "type": "Feature", "properties": { "class": "road", "longitude": 127.14313724906928, "latitude": 35.974178125305095, "Id": 267, "Code": null, "Name": null }, "geometry": { "type": "Point", "coordinates": [ 127.143137249069284, 35.974178125305095 ] } },
{ "type": "Feature", "properties": { "class": "road", "longitude": 136.55058931876249, "latitude": 35.974178125305095, "Id": 268, "Code": null, "Name": null }, "geometry": { "type": "Point", "coordinates": [ 136.550589318762491, 35.974178125305095 ] } },
{ "type": "Feature", "properties": { "class": "road", "longitude": 139.68640667532694, "latitude": 35.974178125305095, "Id": 269, "Code": null, "Name": null }, "geometry": { "type": "Point", "coordinates": [ 139.686406675326936, 35.974178125305095 ] } },
{ "type": "Feature", "properties": { "class": "road", "longitude": -112.25844450986861, "latitude": 33.572096391225102, "Id": 270, "Code": null, "Name": null }, "geometry": { "type": "Point", "coordinates": [ -112.25844450986861, 33.572096391225102 ] } },
{ "type": "Feature", "properties": { "class": "road", "longitude": -106.09962725857976, "latitude": 33.572096391225102, "Id": 271, "Code": null, "Name": null }, "geometry": { "type": "Point", "coordinates": [ -106.099627258579758, 33.572096391225102 ] } },
{ "type": "Feature", "properties": { "class": "road", "longitude": -99.940810007290906, "latitude": 33.572096391225102, "Id": 272, "Code": null, "Name": null }, "geometry": { "type": "Point", "coordinates": [ -99.940810007290906, 33.572096391225102 ] } },
{ "type": "Feature", "properties": { "class": "road", "longitude": -96.861401381646473, "latitude": 33.572096391225102, "Id": 273, "Code": null, "Name": null }, "geometry": { "type": "Point", "coordinates": [ -96.861401381646488, 33.572096391225102 ] } },
{ "type": "Feature", "properties": { "class": "road", "longitude": -93.781992756002055, "latitude": 33.572096391225102, "Id": 274, "Code": null, "Name": null }, "geometry": { "type": "Point", "coordinates": [ -93.781992756002055, 33.572096391225102 ] } },
{ "type": "Feature", "properties": { "class": "road", "longitude": -90.702584130357621, "latitude": 33.572096391225102, "Id": 275, "Code": null, "Name": null }, "geometry": { "type": "Point", "coordinates": [ -90.702584130357621, 33.572096391225102 ] } },
{ "type": "Feature", "properties": { "class": "road", "longitude": -84.54376687906877, "latitude": 33.572096391225102, "Id": 276, "Code": null, "Name": null }, "geometry": { "type": "Point", "coordinates": [ -84.54376687906877, 33.572096391225102 ] } },
{ "type": "Feature", "properties": { "class": "road", "longitude": -81.464358253424336, "latitude": 33.572096391225102, "Id": 277, "Code": null, "Name": null }, "geometry": { "type": "Point", "coordinates": [ -81.464358253424336, 33.572096391225102 ] } },
{ "type": "Feature", "properties": { "class": "road", "longitude": -7.5585512379581123, "latitude": 33.572096391225102, "Id": 278, "Code": null, "Name": null }, "geometry": { "type": "Point", "coordinates": [ -7.558551237958111, 33.572096391225102 ] } },
{ "type": "Feature", "properties": { "class": "road", "longitude": -4.4791426123136766, "latitude": 33.572096391225102, "Id": 279, "Code": null, "Name": null }, "geometry": { "type": "Point", "coordinates": [ -4.479142612313677, 33.572096391225102 ] } },
{ "type": "Feature", "properties": { "class": "road", "longitude": -1.399733986669244, "latitude": 33.572096391225102, "Id": 280, "Code": null, "Name": null }, "geometry": { "type": "Point", "coordinates": [ -1.399733986669244, 33.572096391225102 ] } },
{ "type": "Feature", "properties": { "class": "road", "longitude": 7.8384918902640157, "latitude": 33.572096391225102, "Id": 281, "Code": null, "Name": null }, "geometry": { "type": "Point", "coordinates": [ 7.838491890264016, 33.572096391225102 ] } },
{ "type": "Feature", "properties": { "class": "road", "longitude": 10.91790051590845, "latitude": 33.572096391225102, "Id": 282, "Code": null, "Name": null }, "geometry": { "type": "Point", "coordinates": [ 10.91790051590845, 33.572096391225102 ] } },
{ "type": "Feature", "properties": { "class": "road", "longitude": 35.553169521063879, "latitude": 33.572096391225102, "Id": 283, "Code": null, "Name": null }, "geometry": { "type": "Point", "coordinates": [ 35.553169521063879, 33.572096391225102 ] } },
{ "type": "Feature", "properties": { "class": "road", "longitude": 38.632578146708319, "latitude": 33.572096391225102, "Id": 284, "Code": null, "Name": null }, "geometry": { "type": "Point", "coordinates": [ 38.632578146708319, 33.572096391225102 ] } },
{ "type": "Feature", "properties": { "class": "road", "longitude": 44.791395397997142, "latitude": 33.572096391225102, "Id": 285, "Code": null, "Name": null }, "geometry": { "type": "Point", "coordinates": [ 44.791395397997142, 33.572096391225102 ] } },
{ "type": "Feature", "properties": { "class": "road", "longitude": 47.870804023641575, "latitude": 33.572096391225102, "Id": 286, "Code": null, "Name": null }, "geometry": { "type": "Point", "coordinates": [ 47.870804023641575, 33.572096391225102 ] } },
{ "type": "Feature", "properties": { "class": "road", "longitude": 50.950212649286009, "latitude": 33.572096391225102, "Id": 287, "Code": null, "Name": null }, "geometry": { "type": "Point", "coordinates": [ 50.950212649286009, 33.572096391225102 ] } },
{ "type": "Feature", "properties": { "class": "road", "longitude": 54.029621274930442, "latitude": 33.572096391225102, "Id": 288, "Code": null, "Name": null }, "geometry": { "type": "Point", "coordinates": [ 54.029621274930442, 33.572096391225102 ] } },
{ "type": "Feature", "properties": { "class": "road", "longitude": 63.267847151863691, "latitude": 33.572096391225102, "Id": 289, "Code": null, "Name": null }, "geometry": { "type": "Point", "coordinates": [ 63.267847151863691, 33.572096391225102 ] } },
{ "type": "Feature", "properties": { "class": "road", "longitude": 66.347255777508138, "latitude": 33.572096391225102, "Id": 290, "Code": null, "Name": null }, "geometry": { "type": "Point", "coordinates": [ 66.347255777508138, 33.572096391225102 ] } },
{ "type": "Feature", "properties": { "class": "road", "longitude": 69.426664403152571, "latitude": 33.572096391225102, "Id": 291, "Code": null, "Name": null }, "geometry": { "type": "Point", "coordinates": [ 69.426664403152571, 33.572096391225102 ] } },
{ "type": "Feature", "properties": { "class": "road", "longitude": 72.506073028797005, "latitude": 33.572096391225102, "Id": 292, "Code": null, "Name": null }, "geometry": { "type": "Point", "coordinates": [ 72.506073028797005, 33.572096391225102 ] } },
{ "type": "Feature", "properties": { "class": "road", "longitude": 75.585481654441438, "latitude": 33.572096391225102, "Id": 293, "Code": null, "Name": null }, "geometry": { "type": "Point", "coordinates": [ 75.585481654441438, 33.572096391225102 ] } },
{ "type": "Feature", "properties": { "class": "road", "longitude": 78.664890280085828, "latitude": 33.572096391225102, "Id": 294, "Code": null, "Name": null }, "geometry": { "type": "Point", "coordinates": [ 78.664890280085828, 33.572096391225102 ] } },
{ "type": "Feature", "properties": { "class": "road", "longitude": 97.141342033952384, "latitude": 33.572096391225102, "Id": 295, "Code": null, "Name": null }, "geometry": { "type": "Point", "coordinates": [ 97.141342033952384, 33.572096391225102 ] } },
{ "type": "Feature", "properties": { "class": "road", "longitude": 100.22075065959682, "latitude": 33.572096391225102, "Id": 296, "Code": null, "Name": null }, "geometry": { "type": "Point", "coordinates": [ 100.220750659596817, 33.572096391225102 ] } },
{ "type": "Feature", "properties": { "class": "road", "longitude": 109.45897653653013, "latitude": 33.572096391225102, "Id": 297, "Code": null, "Name": null }, "geometry": { "type": "Point", "coordinates": [ 109.45897653653013, 33.572096391225102 ] } },
{ "type": "Feature", "properties": { "class": "road", "longitude": 115.61779378781895, "latitude": 33.572096391225102, "Id": 298, "Code": null, "Name": null }, "geometry": { "type": "Point", "coordinates": [ 115.617793787818954, 33.572096391225102 ] } },
{ "type": "Feature", "properties": { "class": "road", "longitude": 118.69720241346339, "latitude": 33.572096391225102, "Id": 299, "Code": null, "Name": null }, "geometry": { "type": "Point", "coordinates": [ 118.697202413463387, 33.572096391225102 ] } },
{ "type": "Feature", "properties": { "class": "road", "longitude": 131.01483691604108, "latitude": 33.572096391225102, "Id": 300, "Code": null, "Name": null }, "geometry": { "type": "Point", "coordinates": [ 131.014836916041077, 33.572096391225102 ] } },
{ "type": "Feature", "properties": { "class": "road", "longitude": 134.0942455416855, "latitude": 33.572096391225102, "Id": 301, "Code": null, "Name": null }, "geometry": { "type": "Point", "coordinates": [ 134.094245541685495, 33.572096391225102 ] } },
{ "type": "Feature", "properties": { "class": "road", "longitude": -110.43411998506673, "latitude": 31.194966538777734, "Id": 302, "Code": null, "Name": null }, "geometry": { "type": "Point", "coordinates": [ -110.434119985066729, 31.194966538777738 ] } },
{ "type": "Feature", "properties": { "class": "road", "longitude": -101.34602554908234, "latitude": 31.194966538777734, "Id": 303, "Code": null, "Name": null }, "geometry": { "type": "Point", "coordinates": [ -101.346025549082341, 31.194966538777738 ] } },
{ "type": "Feature", "properties": { "class": "road", "longitude": -98.316660737087545, "latitude": 31.194966538777734, "Id": 304, "Code": null, "Name": null }, "geometry": { "type": "Point", "coordinates": [ -98.31666073708756, 31.194966538777738 ] } },
{ "type": "Feature", "properties": { "class": "road", "longitude": -95.287295925092764, "latitude": 31.194966538777734, "Id": 305, "Code": null, "Name": null }, "geometry": { "type": "Point", "coordinates": [ -95.287295925092764, 31.194966538777738 ] } },
{ "type": "Feature", "properties": { "class": "road", "longitude": -92.257931113097982, "latitude": 31.194966538777734, "Id": 306, "Code": null, "Name": null }, "geometry": { "type": "Point", "coordinates": [ -92.257931113097982, 31.194966538777738 ] } },
{ "type": "Feature", "properties": { "class": "road", "longitude": -86.199201489108404, "latitude": 31.194966538777734, "Id": 307, "Code": null, "Name": null }, "geometry": { "type": "Point", "coordinates": [ -86.199201489108404, 31.194966538777738 ] } },
{ "type": "Feature", "properties": { "class": "road", "longitude": -83.16983667711358, "latitude": 31.194966538777734, "Id": 308, "Code": null, "Name": null }, "geometry": { "type": "Point", "coordinates": [ -83.16983667711358, 31.194966538777738 ] } },
{ "type": "Feature", "properties": { "class": "road", "longitude": -7.435716377243768, "latitude": 31.194966538777734, "Id": 309, "Code": null, "Name": null }, "geometry": { "type": "Point", "coordinates": [ -7.435716377243767, 31.194966538777738 ] } },
{ "type": "Feature", "properties": { "class": "road", "longitude": 10.740472494724992, "latitude": 31.194966538777734, "Id": 310, "Code": null, "Name": null }, "geometry": { "type": "Point", "coordinates": [ 10.740472494724992, 31.194966538777738 ] } },
{ "type": "Feature", "properties": { "class": "road", "longitude": 16.799202118714593, "latitude": 31.194966538777734, "Id": 311, "Code": null, "Name": null }, "geometry": { "type": "Point", "coordinates": [ 16.799202118714593, 31.194966538777738 ] } },
{ "type": "Feature", "properties": { "class": "road", "longitude": 22.857931742704153, "latitude": 31.194966538777734, "Id": 312, "Code": null, "Name": null }, "geometry": { "type": "Point", "coordinates": [ 22.857931742704153, 31.194966538777738 ] } },
{ "type": "Feature", "properties": { "class": "road", "longitude": 25.887296554698953, "latitude": 31.194966538777734, "Id": 313, "Code": null, "Name": null }, "geometry": { "type": "Point", "coordinates": [ 25.887296554698953, 31.194966538777738 ] } },
{ "type": "Feature", "properties": { "class": "road", "longitude": 31.946026178688552, "latitude": 31.194966538777734, "Id": 314, "Code": null, "Name": null }, "geometry": { "type": "Point", "coordinates": [ 31.946026178688552, 31.194966538777738 ] } },
{ "type": "Feature", "properties": { "class": "road", "longitude": 34.975390990683351, "latitude": 31.194966538777734, "Id": 315, "Code": null, "Name": null }, "geometry": { "type": "Point", "coordinates": [ 34.975390990683351, 31.194966538777738 ] } },
{ "type": "Feature", "properties": { "class": "road", "longitude": 50.122215050657317, "latitude": 31.194966538777734, "Id": 316, "Code": null, "Name": null }, "geometry": { "type": "Point", "coordinates": [ 50.122215050657317, 31.194966538777738 ] } },
{ "type": "Feature", "properties": { "class": "road", "longitude": 53.151579862652113, "latitude": 31.194966538777734, "Id": 317, "Code": null, "Name": null }, "geometry": { "type": "Point", "coordinates": [ 53.151579862652113, 31.194966538777738 ] } },
{ "type": "Feature", "properties": { "class": "road", "longitude": 68.298403922626079, "latitude": 31.194966538777734, "Id": 318, "Code": null, "Name": null }, "geometry": { "type": "Point", "coordinates": [ 68.298403922626079, 31.194966538777738 ] } },
{ "type": "Feature", "properties": { "class": "road", "longitude": 74.357133546615685, "latitude": 31.194966538777734, "Id": 319, "Code": null, "Name": null }, "geometry": { "type": "Point", "coordinates": [ 74.357133546615685, 31.194966538777738 ] } },
{ "type": "Feature", "properties": { "class": "road", "longitude": 77.386498358610439, "latitude": 31.194966538777734, "Id": 320, "Code": null, "Name": null }, "geometry": { "type": "Point", "coordinates": [ 77.386498358610439, 31.194966538777738 ] } },
{ "type": "Feature", "properties": { "class": "road", "longitude": 86.474592794594827, "latitude": 31.194966538777734, "Id": 321, "Code": null, "Name": null }, "geometry": { "type": "Point", "coordinates": [ 86.474592794594827, 31.194966538777738 ] } },
{ "type": "Feature", "properties": { "class": "road", "longitude": 104.6507816665636, "latitude": 31.194966538777734, "Id": 322, "Code": null, "Name": null }, "geometry": { "type": "Point", "coordinates": [ 104.650781666563603, 31.194966538777738 ] } },
{ "type": "Feature", "properties": { "class": "road", "longitude": 107.6801464785584, "latitude": 31.194966538777734, "Id": 323, "Code": null, "Name": null }, "geometry": { "type": "Point", "coordinates": [ 107.680146478558399, 31.194966538777738 ] } },
{ "type": "Feature", "properties": { "class": "road", "longitude": 110.70951129055315, "latitude": 31.194966538777734, "Id": 324, "Code": null, "Name": null }, "geometry": { "type": "Point", "coordinates": [ 110.709511290553152, 31.194966538777738 ] } },
{ "type": "Feature", "properties": { "class": "road", "longitude": 113.73887610254796, "latitude": 31.194966538777734, "Id": 325, "Code": null, "Name": null }, "geometry": { "type": "Point", "coordinates": [ 113.738876102547962, 31.194966538777738 ] } },
{ "type": "Feature", "properties": { "class": "road", "longitude": 116.76824091454276, "latitude": 31.194966538777734, "Id": 326, "Code": null, "Name": null }, "geometry": { "type": "Point", "coordinates": [ 116.768240914542744, 31.194966538777738 ] } },
{ "type": "Feature", "properties": { "class": "road", "longitude": 119.79760572653757, "latitude": 31.194966538777734, "Id": 327, "Code": null, "Name": null }, "geometry": { "type": "Point", "coordinates": [ 119.797605726537569, 31.194966538777738 ] } },
{ "type": "Feature", "properties": { "class": "road", "longitude": -111.80040309082828, "latitude": 28.840202324758884, "Id": 328, "Code": null, "Name": null }, "geometry": { "type": "Point", "coordinates": [ -111.800403090828283, 28.840202324758884 ] } },
{ "type": "Feature", "properties": { "class": "road", "longitude": -105.83047879851601, "latitude": 28.840202324758884, "Id": 329, "Code": null, "Name": null }, "geometry": { "type": "Point", "coordinates": [ -105.830478798516012, 28.840202324758884 ] } },
{ "type": "Feature", "properties": { "class": "road", "longitude": -102.84551665235992, "latitude": 28.840202324758884, "Id": 330, "Code": null, "Name": null }, "geometry": { "type": "Point", "coordinates": [ -102.845516652359919, 28.840202324758884 ] } },
{ "type": "Feature", "properties": { "class": "road", "longitude": -99.860554506203769, "latitude": 28.840202324758884, "Id": 331, "Code": null, "Name": null }, "geometry": { "type": "Point", "coordinates": [ -99.860554506203783, 28.840202324758884 ] } },
{ "type": "Feature", "properties": { "class": "road", "longitude": -81.950781629267055, "latitude": 28.840202324758884, "Id": 332, "Code": null, "Name": null }, "geometry": { "type": "Point", "coordinates": [ -81.950781629267055, 28.840202324758884 ] } },
{ "type": "Feature", "properties": { "class": "road", "longitude": -10.311690121520199, "latitude": 28.840202324758884, "Id": 333, "Code": null, "Name": null }, "geometry": { "type": "Point", "coordinates": [ -10.311690121520197, 28.840202324758884 ] } },
{ "type": "Feature", "properties": { "class": "road", "longitude": 7.5980827554165256, "latitude": 28.840202324758884, "Id": 334, "Code": null, "Name": null }, "geometry": { "type": "Point", "coordinates": [ 7.598082755416526, 28.840202324758884 ] } },
{ "type": "Feature", "properties": { "class": "road", "longitude": 10.583044901572652, "latitude": 28.840202324758884, "Id": 335, "Code": null, "Name": null }, "geometry": { "type": "Point", "coordinates": [ 10.583044901572652, 28.840202324758884 ] } },
{ "type": "Feature", "properties": { "class": "road", "longitude": 28.492817778509377, "latitude": 28.840202324758884, "Id": 336, "Code": null, "Name": null }, "geometry": { "type": "Point", "coordinates": [ 28.492817778509377, 28.840202324758884 ] } },
{ "type": "Feature", "properties": { "class": "road", "longitude": 34.462742070821626, "latitude": 28.840202324758884, "Id": 337, "Code": null, "Name": null }, "geometry": { "type": "Point", "coordinates": [ 34.462742070821626, 28.840202324758884 ] } },
{ "type": "Feature", "properties": { "class": "road", "longitude": 43.417628509289969, "latitude": 28.840202324758884, "Id": 338, "Code": null, "Name": null }, "geometry": { "type": "Point", "coordinates": [ 43.417628509289969, 28.840202324758884 ] } },
{ "type": "Feature", "properties": { "class": "road", "longitude": 64.312363532382818, "latitude": 28.840202324758884, "Id": 339, "Code": null, "Name": null }, "geometry": { "type": "Point", "coordinates": [ 64.312363532382818, 28.840202324758884 ] } },
{ "type": "Feature", "properties": { "class": "road", "longitude": 70.282287824695075, "latitude": 28.840202324758884, "Id": 340, "Code": null, "Name": null }, "geometry": { "type": "Point", "coordinates": [ 70.282287824695075, 28.840202324758884 ] } },
{ "type": "Feature", "properties": { "class": "road", "longitude": 73.267249970851196, "latitude": 28.840202324758884, "Id": 341, "Code": null, "Name": null }, "geometry": { "type": "Point", "coordinates": [ 73.267249970851196, 28.840202324758884 ] } },
{ "type": "Feature", "properties": { "class": "road", "longitude": 76.252212117007289, "latitude": 28.840202324758884, "Id": 342, "Code": null, "Name": null }, "geometry": { "type": "Point", "coordinates": [ 76.252212117007304, 28.840202324758884 ] } },
{ "type": "Feature", "properties": { "class": "road", "longitude": 79.237174263163411, "latitude": 28.840202324758884, "Id": 343, "Code": null, "Name": null }, "geometry": { "type": "Point", "coordinates": [ 79.237174263163411, 28.840202324758884 ] } },
{ "type": "Feature", "properties": { "class": "road", "longitude": 94.161984993944003, "latitude": 28.840202324758884, "Id": 344, "Code": null, "Name": null }, "geometry": { "type": "Point", "coordinates": [ 94.161984993944003, 28.840202324758884 ] } },
{ "type": "Feature", "properties": { "class": "road", "longitude": 112.07175787088073, "latitude": 28.840202324758884, "Id": 345, "Code": null, "Name": null }, "geometry": { "type": "Point", "coordinates": [ 112.071757870880731, 28.840202324758884 ] } },
{ "type": "Feature", "properties": { "class": "road", "longitude": 115.05672001703685, "latitude": 28.840202324758884, "Id": 346, "Code": null, "Name": null }, "geometry": { "type": "Point", "coordinates": [ 115.056720017036852, 28.840202324758884 ] } },
{ "type": "Feature", "properties": { "class": "road", "longitude": 118.04168216319299, "latitude": 28.840202324758884, "Id": 347, "Code": null, "Name": null }, "geometry": { "type": "Point", "coordinates": [ 118.041682163192988, 28.840202324758884 ] } },
{ "type": "Feature", "properties": { "class": "road", "longitude": -107.38075425364399, "latitude": 26.505456470477299, "Id": 348, "Code": null, "Name": null }, "geometry": { "type": "Point", "coordinates": [ -107.380754253643985, 26.505456470477299 ] } },
{ "type": "Feature", "properties": { "class": "road", "longitude": -104.43514760177375, "latitude": 26.505456470477299, "Id": 349, "Code": null, "Name": null }, "geometry": { "type": "Point", "coordinates": [ -104.43514760177375, 26.505456470477299 ] } },
{ "type": "Feature", "properties": { "class": "road", "longitude": -101.4895409499035, "latitude": 26.505456470477299, "Id": 350, "Code": null, "Name": null }, "geometry": { "type": "Point", "coordinates": [ -101.4895409499035, 26.505456470477299 ] } },
{ "type": "Feature", "properties": { "class": "road", "longitude": -98.54393429803325, "latitude": 26.505456470477299, "Id": 351, "Code": null, "Name": null }, "geometry": { "type": "Point", "coordinates": [ -98.54393429803325, 26.505456470477299 ] } },
{ "type": "Feature", "properties": { "class": "road", "longitude": 10.443511821165801, "latitude": 26.505456470477299, "Id": 352, "Code": null, "Name": null }, "geometry": { "type": "Point", "coordinates": [ 10.443511821165803, 26.505456470477299 ] } },
{ "type": "Feature", "properties": { "class": "road", "longitude": 13.389118473036055, "latitude": 26.505456470477299, "Id": 353, "Code": null, "Name": null }, "geometry": { "type": "Point", "coordinates": [ 13.389118473036055, 26.505456470477299 ] } },
{ "type": "Feature", "properties": { "class": "road", "longitude": 16.334725124906306, "latitude": 26.505456470477299, "Id": 354, "Code": null, "Name": null }, "geometry": { "type": "Point", "coordinates": [ 16.334725124906306, 26.505456470477299 ] } },
{ "type": "Feature", "properties": { "class": "road", "longitude": 34.008365036127778, "latitude": 26.505456470477299, "Id": 355, "Code": null, "Name": null }, "geometry": { "type": "Point", "coordinates": [ 34.008365036127778, 26.505456470477299 ] } },
{ "type": "Feature", "properties": { "class": "road", "longitude": 57.573218251089713, "latitude": 26.505456470477299, "Id": 356, "Code": null, "Name": null }, "geometry": { "type": "Point", "coordinates": [ 57.573218251089713, 26.505456470477299 ] } },
{ "type": "Feature", "properties": { "class": "road", "longitude": 60.518824902959963, "latitude": 26.505456470477299, "Id": 357, "Code": null, "Name": null }, "geometry": { "type": "Point", "coordinates": [ 60.518824902959963, 26.505456470477299 ] } },
{ "type": "Feature", "properties": { "class": "road", "longitude": 72.301251510440977, "latitude": 26.505456470477299, "Id": 358, "Code": null, "Name": null }, "geometry": { "type": "Point", "coordinates": [ 72.301251510440977, 26.505456470477299 ] } },
{ "type": "Feature", "properties": { "class": "road", "longitude": 75.246858162311199, "latitude": 26.505456470477299, "Id": 359, "Code": null, "Name": null }, "geometry": { "type": "Point", "coordinates": [ 75.246858162311199, 26.505456470477299 ] } },
{ "type": "Feature", "properties": { "class": "road", "longitude": 78.192464814181463, "latitude": 26.505456470477299, "Id": 360, "Code": null, "Name": null }, "geometry": { "type": "Point", "coordinates": [ 78.192464814181449, 26.505456470477299 ] } },
{ "type": "Feature", "properties": { "class": "road", "longitude": 81.138071466051684, "latitude": 26.505456470477299, "Id": 361, "Code": null, "Name": null }, "geometry": { "type": "Point", "coordinates": [ 81.138071466051684, 26.505456470477299 ] } },
{ "type": "Feature", "properties": { "class": "road", "longitude": 84.083678117921934, "latitude": 26.505456470477299, "Id": 362, "Code": null, "Name": null }, "geometry": { "type": "Point", "coordinates": [ 84.083678117921934, 26.505456470477299 ] } },
{ "type": "Feature", "properties": { "class": "road", "longitude": 87.029284769792199, "latitude": 26.505456470477299, "Id": 363, "Code": null, "Name": null }, "geometry": { "type": "Point", "coordinates": [ 87.029284769792199, 26.505456470477299 ] } },
{ "type": "Feature", "properties": { "class": "road", "longitude": 89.974891421662448, "latitude": 26.505456470477299, "Id": 364, "Code": null, "Name": null }, "geometry": { "type": "Point", "coordinates": [ 89.974891421662448, 26.505456470477299 ] } },
{ "type": "Feature", "properties": { "class": "road", "longitude": 92.920498073532656, "latitude": 26.505456470477299, "Id": 365, "Code": null, "Name": null }, "geometry": { "type": "Point", "coordinates": [ 92.920498073532656, 26.505456470477299 ] } },
{ "type": "Feature", "properties": { "class": "road", "longitude": 98.81171137727317, "latitude": 26.505456470477299, "Id": 366, "Code": null, "Name": null }, "geometry": { "type": "Point", "coordinates": [ 98.81171137727317, 26.505456470477299 ] } },
{ "type": "Feature", "properties": { "class": "road", "longitude": 101.75731802914342, "latitude": 26.505456470477299, "Id": 367, "Code": null, "Name": null }, "geometry": { "type": "Point", "coordinates": [ 101.75731802914342, 26.505456470477299 ] } },
{ "type": "Feature", "properties": { "class": "road", "longitude": 104.70292468101364, "latitude": 26.505456470477299, "Id": 368, "Code": null, "Name": null }, "geometry": { "type": "Point", "coordinates": [ 104.702924681013656, 26.505456470477299 ] } },
{ "type": "Feature", "properties": { "class": "road", "longitude": 110.59413798475413, "latitude": 26.505456470477299, "Id": 369, "Code": null, "Name": null }, "geometry": { "type": "Point", "coordinates": [ 110.594137984754127, 26.505456470477299 ] } },
{ "type": "Feature", "properties": { "class": "road", "longitude": 119.43095794036488, "latitude": 26.505456470477299, "Id": 370, "Code": null, "Name": null }, "geometry": { "type": "Point", "coordinates": [ 119.430957940364877, 26.505456470477299 ] } },
{ "type": "Feature", "properties": { "class": "road", "longitude": -103.20137267211615, "latitude": 24.18858107111306, "Id": 371, "Code": null, "Name": null }, "geometry": { "type": "Point", "coordinates": [ -103.20137267211615, 24.18858107111306 ] } },
{ "type": "Feature", "properties": { "class": "road", "longitude": -100.2905647994229, "latitude": 24.18858107111306, "Id": 372, "Code": null, "Name": null }, "geometry": { "type": "Point", "coordinates": [ -100.290564799422896, 24.18858107111306 ] } },
{ "type": "Feature", "properties": { "class": "road", "longitude": -12.966328618625131, "latitude": 24.18858107111306, "Id": 373, "Code": null, "Name": null }, "geometry": { "type": "Point", "coordinates": [ -12.966328618625131, 24.18858107111306 ] } },
{ "type": "Feature", "properties": { "class": "road", "longitude": 45.249828835240017, "latitude": 24.18858107111306, "Id": 374, "Code": null, "Name": null }, "geometry": { "type": "Point", "coordinates": [ 45.249828835240017, 24.18858107111306 ] } },
{ "type": "Feature", "properties": { "class": "road", "longitude": 51.071444580626533, "latitude": 24.18858107111306, "Id": 375, "Code": null, "Name": null }, "geometry": { "type": "Point", "coordinates": [ 51.071444580626533, 24.18858107111306 ] } },
{ "type": "Feature", "properties": { "class": "road", "longitude": 56.893060326013035, "latitude": 24.18858107111306, "Id": 376, "Code": null, "Name": null }, "geometry": { "type": "Point", "coordinates": [ 56.893060326013028, 24.18858107111306 ] } },
{ "type": "Feature", "properties": { "class": "road", "longitude": 68.536291816786104, "latitude": 24.18858107111306, "Id": 377, "Code": null, "Name": null }, "geometry": { "type": "Point", "coordinates": [ 68.536291816786104, 24.18858107111306 ] } },
{ "type": "Feature", "properties": { "class": "road", "longitude": 71.447099689479359, "latitude": 24.18858107111306, "Id": 378, "Code": null, "Name": null }, "geometry": { "type": "Point", "coordinates": [ 71.447099689479359, 24.18858107111306 ] } },
{ "type": "Feature", "properties": { "class": "road", "longitude": 74.357907562172585, "latitude": 24.18858107111306, "Id": 379, "Code": null, "Name": null }, "geometry": { "type": "Point", "coordinates": [ 74.357907562172599, 24.18858107111306 ] } },
{ "type": "Feature", "properties": { "class": "road", "longitude": 77.268715434865854, "latitude": 24.18858107111306, "Id": 380, "Code": null, "Name": null }, "geometry": { "type": "Point", "coordinates": [ 77.268715434865854, 24.18858107111306 ] } },
{ "type": "Feature", "properties": { "class": "road", "longitude": 80.179523307559109, "latitude": 24.18858107111306, "Id": 381, "Code": null, "Name": null }, "geometry": { "type": "Point", "coordinates": [ 80.179523307559109, 24.18858107111306 ] } },
{ "type": "Feature", "properties": { "class": "road", "longitude": 83.090331180252377, "latitude": 24.18858107111306, "Id": 382, "Code": null, "Name": null }, "geometry": { "type": "Point", "coordinates": [ 83.090331180252377, 24.18858107111306 ] } },
{ "type": "Feature", "properties": { "class": "road", "longitude": 86.001139052945632, "latitude": 24.18858107111306, "Id": 383, "Code": null, "Name": null }, "geometry": { "type": "Point", "coordinates": [ 86.001139052945632, 24.18858107111306 ] } },
{ "type": "Feature", "properties": { "class": "road", "longitude": 88.911946925638915, "latitude": 24.18858107111306, "Id": 384, "Code": null, "Name": null }, "geometry": { "type": "Point", "coordinates": [ 88.911946925638915, 24.18858107111306 ] } },
{ "type": "Feature", "properties": { "class": "road", "longitude": 94.733562671025396, "latitude": 24.18858107111306, "Id": 385, "Code": null, "Name": null }, "geometry": { "type": "Point", "coordinates": [ 94.733562671025396, 24.18858107111306 ] } },
{ "type": "Feature", "properties": { "class": "road", "longitude": 97.644370543718665, "latitude": 24.18858107111306, "Id": 386, "Code": null, "Name": null }, "geometry": { "type": "Point", "coordinates": [ 97.644370543718665, 24.18858107111306 ] } },
{ "type": "Feature", "properties": { "class": "road", "longitude": 103.46598628910519, "latitude": 24.18858107111306, "Id": 387, "Code": null, "Name": null }, "geometry": { "type": "Point", "coordinates": [ 103.465986289105189, 24.18858107111306 ] } },
{ "type": "Feature", "properties": { "class": "road", "longitude": 106.37679416179843, "latitude": 24.18858107111306, "Id": 388, "Code": null, "Name": null }, "geometry": { "type": "Point", "coordinates": [ 106.376794161798429, 24.18858107111306 ] } },
{ "type": "Feature", "properties": { "class": "road", "longitude": 109.28760203449168, "latitude": 24.18858107111306, "Id": 389, "Code": null, "Name": null }, "geometry": { "type": "Point", "coordinates": [ 109.287602034491684, 24.18858107111306 ] } },
{ "type": "Feature", "properties": { "class": "road", "longitude": 112.19840990718497, "latitude": 24.18858107111306, "Id": 390, "Code": null, "Name": null }, "geometry": { "type": "Point", "coordinates": [ 112.198409907184953, 24.18858107111306 ] } },
{ "type": "Feature", "properties": { "class": "road", "longitude": 115.10921777987821, "latitude": 24.18858107111306, "Id": 391, "Code": null, "Name": null }, "geometry": { "type": "Point", "coordinates": [ 115.109217779878207, 24.18858107111306 ] } },
{ "type": "Feature", "properties": { "class": "road", "longitude": 120.93083352526475, "latitude": 24.18858107111306, "Id": 392, "Code": null, "Name": null }, "geometry": { "type": "Point", "coordinates": [ 120.930833525264759, 24.18858107111306 ] } },
{ "type": "Feature", "properties": { "class": "road", "longitude": -159.71791380526139, "latitude": 21.887595261445966, "Id": 393, "Code": null, "Name": null }, "geometry": { "type": "Point", "coordinates": [ -159.717913805261389, 21.887595261445966 ] } },
{ "type": "Feature", "properties": { "class": "road", "longitude": -104.99489177363085, "latitude": 21.887595261445966, "Id": 394, "Code": null, "Name": null }, "geometry": { "type": "Point", "coordinates": [ -104.99489177363084, 21.887595261445966 ] } },
{ "type": "Feature", "properties": { "class": "road", "longitude": -102.11473271933448, "latitude": 21.887595261445966, "Id": 395, "Code": null, "Name": null }, "geometry": { "type": "Point", "coordinates": [ -102.114732719334484, 21.887595261445966 ] } },
{ "type": "Feature", "properties": { "class": "road", "longitude": -99.234573665038155, "latitude": 21.887595261445966, "Id": 396, "Code": null, "Name": null }, "geometry": { "type": "Point", "coordinates": [ -99.234573665038155, 21.887595261445966 ] } },
{ "type": "Feature", "properties": { "class": "road", "longitude": -84.833778393556429, "latitude": 21.887595261445966, "Id": 397, "Code": null, "Name": null }, "geometry": { "type": "Point", "coordinates": [ -84.833778393556429, 21.887595261445966 ] } },
{ "type": "Feature", "properties": { "class": "road", "longitude": -79.07346028496373, "latitude": 21.887595261445966, "Id": 398, "Code": null, "Name": null }, "geometry": { "type": "Point", "coordinates": [ -79.07346028496373, 21.887595261445966 ] } },
{ "type": "Feature", "properties": { "class": "road", "longitude": -9.9496429818514809, "latitude": 21.887595261445966, "Id": 399, "Code": null, "Name": null }, "geometry": { "type": "Point", "coordinates": [ -9.949642981851479, 21.887595261445966 ] } },
{ "type": "Feature", "properties": { "class": "road", "longitude": -4.1893248732587756, "latitude": 21.887595261445966, "Id": 400, "Code": null, "Name": null }, "geometry": { "type": "Point", "coordinates": [ -4.189324873258776, 21.887595261445966 ] } },
{ "type": "Feature", "properties": { "class": "road", "longitude": 39.013060941186382, "latitude": 21.887595261445966, "Id": 401, "Code": null, "Name": null }, "geometry": { "type": "Point", "coordinates": [ 39.013060941186382, 21.887595261445966 ] } },
{ "type": "Feature", "properties": { "class": "road", "longitude": 41.893219995482731, "latitude": 21.887595261445966, "Id": 402, "Code": null, "Name": null }, "geometry": { "type": "Point", "coordinates": [ 41.893219995482724, 21.887595261445966 ] } },
{ "type": "Feature", "properties": { "class": "road", "longitude": 47.65353810407543, "latitude": 21.887595261445966, "Id": 403, "Code": null, "Name": null }, "geometry": { "type": "Point", "coordinates": [ 47.65353810407543, 21.887595261445966 ] } },
{ "type": "Feature", "properties": { "class": "road", "longitude": 56.294015266964443, "latitude": 21.887595261445966, "Id": 404, "Code": null, "Name": null }, "geometry": { "type": "Point", "coordinates": [ 56.294015266964443, 21.887595261445966 ] } },
{ "type": "Feature", "properties": { "class": "road", "longitude": 70.694810538446205, "latitude": 21.887595261445966, "Id": 405, "Code": null, "Name": null }, "geometry": { "type": "Point", "coordinates": [ 70.694810538446205, 21.887595261445966 ] } },
{ "type": "Feature", "properties": { "class": "road", "longitude": 73.574969592742505, "latitude": 21.887595261445966, "Id": 406, "Code": null, "Name": null }, "geometry": { "type": "Point", "coordinates": [ 73.574969592742519, 21.887595261445966 ] } },
{ "type": "Feature", "properties": { "class": "road", "longitude": 76.455128647038862, "latitude": 21.887595261445966, "Id": 407, "Code": null, "Name": null }, "geometry": { "type": "Point", "coordinates": [ 76.455128647038862, 21.887595261445966 ] } },
{ "type": "Feature", "properties": { "class": "road", "longitude": 79.335287701335218, "latitude": 21.887595261445966, "Id": 408, "Code": null, "Name": null }, "geometry": { "type": "Point", "coordinates": [ 79.335287701335218, 21.887595261445966 ] } },
{ "type": "Feature", "properties": { "class": "road", "longitude": 82.215446755631561, "latitude": 21.887595261445966, "Id": 409, "Code": null, "Name": null }, "geometry": { "type": "Point", "coordinates": [ 82.215446755631575, 21.887595261445966 ] } },
{ "type": "Feature", "properties": { "class": "road", "longitude": 85.095605809927918, "latitude": 21.887595261445966, "Id": 410, "Code": null, "Name": null }, "geometry": { "type": "Point", "coordinates": [ 85.095605809927918, 21.887595261445966 ] } },
{ "type": "Feature", "properties": { "class": "road", "longitude": 93.736082972816931, "latitude": 21.887595261445966, "Id": 411, "Code": null, "Name": null }, "geometry": { "type": "Point", "coordinates": [ 93.736082972816931, 21.887595261445966 ] } },
{ "type": "Feature", "properties": { "class": "road", "longitude": 96.616242027113302, "latitude": 21.887595261445966, "Id": 412, "Code": null, "Name": null }, "geometry": { "type": "Point", "coordinates": [ 96.616242027113302, 21.887595261445966 ] } },
{ "type": "Feature", "properties": { "class": "road", "longitude": 105.25671919000231, "latitude": 21.887595261445966, "Id": 413, "Code": null, "Name": null }, "geometry": { "type": "Point", "coordinates": [ 105.256719190002315, 21.887595261445966 ] } },
{ "type": "Feature", "properties": { "class": "road", "longitude": 108.13687824429866, "latitude": 21.887595261445966, "Id": 414, "Code": null, "Name": null }, "geometry": { "type": "Point", "coordinates": [ 108.136878244298657, 21.887595261445966 ] } },
{ "type": "Feature", "properties": { "class": "road", "longitude": 111.01703729859499, "latitude": 21.887595261445966, "Id": 415, "Code": null, "Name": null }, "geometry": { "type": "Point", "coordinates": [ 111.017037298595, 21.887595261445966 ] } },
{ "type": "Feature", "properties": { "class": "road", "longitude": -155.3763564616537, "latitude": 19.600658461531079, "Id": 416, "Code": null, "Name": null }, "geometry": { "type": "Point", "coordinates": [ -155.3763564616537, 19.600658461531079 ] } },
{ "type": "Feature", "properties": { "class": "road", "longitude": -104.01656002265638, "latitude": 19.600658461531079, "Id": 417, "Code": null, "Name": null }, "geometry": { "type": "Point", "coordinates": [ -104.016560022656378, 19.600658461531079 ] } },
{ "type": "Feature", "properties": { "class": "road", "longitude": -101.16323799826763, "latitude": 19.600658461531079, "Id": 418, "Code": null, "Name": null }, "geometry": { "type": "Point", "coordinates": [ -101.163237998267633, 19.600658461531079 ] } },
{ "type": "Feature", "properties": { "class": "road", "longitude": -98.309915973878915, "latitude": 19.600658461531079, "Id": 419, "Code": null, "Name": null }, "geometry": { "type": "Point", "coordinates": [ -98.309915973878915, 19.600658461531079 ] } },
{ "type": "Feature", "properties": { "class": "road", "longitude": -89.749949900712693, "latitude": 19.600658461531079, "Id": 420, "Code": null, "Name": null }, "geometry": { "type": "Point", "coordinates": [ -89.749949900712693, 19.600658461531079 ] } },
{ "type": "Feature", "properties": { "class": "road", "longitude": -72.630017754380233, "latitude": 19.600658461531079, "Id": 421, "Code": null, "Name": null }, "geometry": { "type": "Point", "coordinates": [ -72.630017754380248, 19.600658461531079 ] } },
{ "type": "Feature", "properties": { "class": "road", "longitude": 27.236253099225642, "latitude": 19.600658461531079, "Id": 422, "Code": null, "Name": null }, "geometry": { "type": "Point", "coordinates": [ 27.236253099225642, 19.600658461531079 ] } },
{ "type": "Feature", "properties": { "class": "road", "longitude": 35.796219172391879, "latitude": 19.600658461531079, "Id": 423, "Code": null, "Name": null }, "geometry": { "type": "Point", "coordinates": [ 35.796219172391879, 19.600658461531079 ] } },
{ "type": "Feature", "properties": { "class": "road", "longitude": 72.889405489445465, "latitude": 19.600658461531079, "Id": 424, "Code": null, "Name": null }, "geometry": { "type": "Point", "coordinates": [ 72.889405489445465, 19.600658461531079 ] } },
{ "type": "Feature", "properties": { "class": "road", "longitude": 75.742727513834211, "latitude": 19.600658461531079, "Id": 425, "Code": null, "Name": null }, "geometry": { "type": "Point", "coordinates": [ 75.742727513834211, 19.600658461531079 ] } },
{ "type": "Feature", "properties": { "class": "road", "longitude": 78.596049538222957, "latitude": 19.600658461531079, "Id": 426, "Code": null, "Name": null }, "geometry": { "type": "Point", "coordinates": [ 78.596049538222957, 19.600658461531079 ] } },
{ "type": "Feature", "properties": { "class": "road", "longitude": 81.449371562611702, "latitude": 19.600658461531079, "Id": 427, "Code": null, "Name": null }, "geometry": { "type": "Point", "coordinates": [ 81.449371562611702, 19.600658461531079 ] } },
{ "type": "Feature", "properties": { "class": "road", "longitude": 84.302693587000448, "latitude": 19.600658461531079, "Id": 428, "Code": null, "Name": null }, "geometry": { "type": "Point", "coordinates": [ 84.302693587000448, 19.600658461531079 ] } },
{ "type": "Feature", "properties": { "class": "road", "longitude": 95.715981684555402, "latitude": 19.600658461531079, "Id": 429, "Code": null, "Name": null }, "geometry": { "type": "Point", "coordinates": [ 95.715981684555402, 19.600658461531079 ] } },
{ "type": "Feature", "properties": { "class": "road", "longitude": 98.569303708944148, "latitude": 19.600658461531079, "Id": 430, "Code": null, "Name": null }, "geometry": { "type": "Point", "coordinates": [ 98.569303708944148, 19.600658461531079 ] } },
{ "type": "Feature", "properties": { "class": "road", "longitude": 101.42262573333288, "latitude": 19.600658461531079, "Id": 431, "Code": null, "Name": null }, "geometry": { "type": "Point", "coordinates": [ 101.422625733332879, 19.600658461531079 ] } },
{ "type": "Feature", "properties": { "class": "road", "longitude": 104.2759477577216, "latitude": 19.600658461531079, "Id": 432, "Code": null, "Name": null }, "geometry": { "type": "Point", "coordinates": [ 104.275947757721596, 19.600658461531079 ] } },
{ "type": "Feature", "properties": { "class": "road", "longitude": 109.98259180649909, "latitude": 19.600658461531079, "Id": 433, "Code": null, "Name": null }, "geometry": { "type": "Point", "coordinates": [ 109.982591806499087, 19.600658461531079 ] } },
{ "type": "Feature", "properties": { "class": "road", "longitude": -100.33691745912905, "latitude": 17.326047954329745, "Id": 434, "Code": null, "Name": null }, "geometry": { "type": "Point", "coordinates": [ -100.336917459129054, 17.326047954329745 ] } },
{ "type": "Feature", "properties": { "class": "road", "longitude": -97.506901910888999, "latitude": 17.326047954329745, "Id": 435, "Code": null, "Name": null }, "geometry": { "type": "Point", "coordinates": [ -97.506901910888999, 17.326047954329745 ] } },
{ "type": "Feature", "properties": { "class": "road", "longitude": -94.676886362648915, "latitude": 17.326047954329745, "Id": 436, "Code": null, "Name": null }, "geometry": { "type": "Point", "coordinates": [ -94.676886362648915, 17.326047954329745 ] } },
{ "type": "Feature", "properties": { "class": "road", "longitude": -91.846870814408845, "latitude": 17.326047954329745, "Id": 437, "Code": null, "Name": null }, "geometry": { "type": "Point", "coordinates": [ -91.846870814408845, 17.326047954329745 ] } },
{ "type": "Feature", "properties": { "class": "road", "longitude": -89.01685526616879, "latitude": 17.326047954329745, "Id": 438, "Code": null, "Name": null }, "geometry": { "type": "Point", "coordinates": [ -89.01685526616879, 17.326047954329745 ] } },
{ "type": "Feature", "properties": { "class": "road", "longitude": -15.436451011926991, "latitude": 17.326047954329745, "Id": 439, "Code": null, "Name": null }, "geometry": { "type": "Point", "coordinates": [ -15.436451011926991, 17.326047954329745 ] } },
{ "type": "Feature", "properties": { "class": "road", "longitude": -6.9464043672067817, "latitude": 17.326047954329745, "Id": 440, "Code": null, "Name": null }, "geometry": { "type": "Point", "coordinates": [ -6.946404367206782, 17.326047954329745 ] } },
{ "type": "Feature", "properties": { "class": "road", "longitude": 52.483922145834697, "latitude": 17.326047954329745, "Id": 441, "Code": null, "Name": null }, "geometry": { "type": "Point", "coordinates": [ 52.483922145834697, 17.326047954329745 ] } },
{ "type": "Feature", "properties": { "class": "road", "longitude": 75.124046531755226, "latitude": 17.326047954329745, "Id": 442, "Code": null, "Name": null }, "geometry": { "type": "Point", "coordinates": [ 75.124046531755226, 17.326047954329745 ] } },
{ "type": "Feature", "properties": { "class": "road", "longitude": 77.95406207999531, "latitude": 17.326047954329745, "Id": 443, "Code": null, "Name": null }, "geometry": { "type": "Point", "coordinates": [ 77.95406207999531, 17.326047954329745 ] } },
{ "type": "Feature", "properties": { "class": "road", "longitude": 80.78407762823538, "latitude": 17.326047954329745, "Id": 444, "Code": null, "Name": null }, "geometry": { "type": "Point", "coordinates": [ 80.78407762823538, 17.326047954329745 ] } },
{ "type": "Feature", "properties": { "class": "road", "longitude": 97.764170917675798, "latitude": 17.326047954329745, "Id": 445, "Code": null, "Name": null }, "geometry": { "type": "Point", "coordinates": [ 97.764170917675798, 17.326047954329745 ] } },
{ "type": "Feature", "properties": { "class": "road", "longitude": 100.59418646591587, "latitude": 17.326047954329745, "Id": 446, "Code": null, "Name": null }, "geometry": { "type": "Point", "coordinates": [ 100.594186465915868, 17.326047954329745 ] } },
{ "type": "Feature", "properties": { "class": "road", "longitude": 103.42420201415591, "latitude": 17.326047954329745, "Id": 447, "Code": null, "Name": null }, "geometry": { "type": "Point", "coordinates": [ 103.42420201415591, 17.326047954329745 ] } },
{ "type": "Feature", "properties": { "class": "road", "longitude": 106.25421756239598, "latitude": 17.326047954329745, "Id": 448, "Code": null, "Name": null }, "geometry": { "type": "Point", "coordinates": [ 106.254217562395979, 17.326047954329745 ] } },
{ "type": "Feature", "properties": { "class": "road", "longitude": 120.40429530359631, "latitude": 17.326047954329745, "Id": 449, "Code": null, "Name": null }, "geometry": { "type": "Point", "coordinates": [ 120.404295303596314, 17.326047954329745 ] } },
{ "type": "Feature", "properties": { "class": "road", "longitude": -91.197479643930038, "latitude": 15.062139851324615, "Id": 450, "Code": null, "Name": null }, "geometry": { "type": "Point", "coordinates": [ -91.197479643930038, 15.062139851324615 ] } },
{ "type": "Feature", "properties": { "class": "road", "longitude": -88.387473346882203, "latitude": 15.062139851324615, "Id": 451, "Code": null, "Name": null }, "geometry": { "type": "Point", "coordinates": [ -88.387473346882203, 15.062139851324615 ] } },
{ "type": "Feature", "properties": { "class": "road", "longitude": -85.577467049834354, "latitude": 15.062139851324615, "Id": 452, "Code": null, "Name": null }, "geometry": { "type": "Point", "coordinates": [ -85.577467049834354, 15.062139851324615 ] } },
{ "type": "Feature", "properties": { "class": "road", "longitude": -23.757328514781658, "latitude": 15.062139851324615, "Id": 453, "Code": null, "Name": null }, "geometry": { "type": "Point", "coordinates": [ -23.757328514781662, 15.062139851324615 ] } },
{ "type": "Feature", "properties": { "class": "road", "longitude": -15.327309623638108, "latitude": 15.062139851324615, "Id": 454, "Code": null, "Name": null }, "geometry": { "type": "Point", "coordinates": [ -15.327309623638108, 15.062139851324615 ] } },
{ "type": "Feature", "properties": { "class": "road", "longitude": -12.517303326590232, "latitude": 15.062139851324615, "Id": 455, "Code": null, "Name": null }, "geometry": { "type": "Point", "coordinates": [ -12.517303326590232, 15.062139851324615 ] } },
{ "type": "Feature", "properties": { "class": "road", "longitude": -9.7072970295424152, "latitude": 15.062139851324615, "Id": 456, "Code": null, "Name": null }, "geometry": { "type": "Point", "coordinates": [ -9.707297029542415, 15.062139851324615 ] } },
{ "type": "Feature", "properties": { "class": "road", "longitude": -6.89729073249456, "latitude": 15.062139851324615, "Id": 457, "Code": null, "Name": null }, "geometry": { "type": "Point", "coordinates": [ -6.897290732494559, 15.062139851324615 ] } },
{ "type": "Feature", "properties": { "class": "road", "longitude": 4.342734455696827, "latitude": 15.062139851324615, "Id": 458, "Code": null, "Name": null }, "geometry": { "type": "Point", "coordinates": [ 4.342734455696827, 15.062139851324615 ] } },
{ "type": "Feature", "properties": { "class": "road", "longitude": 7.152740752744684, "latitude": 15.062139851324615, "Id": 459, "Code": null, "Name": null }, "geometry": { "type": "Point", "coordinates": [ 7.152740752744683, 15.062139851324615 ] } },
{ "type": "Feature", "properties": { "class": "road", "longitude": 9.9627470497925383, "latitude": 15.062139851324615, "Id": 460, "Code": null, "Name": null }, "geometry": { "type": "Point", "coordinates": [ 9.962747049792538, 15.062139851324615 ] } },
{ "type": "Feature", "properties": { "class": "road", "longitude": 15.582759643888252, "latitude": 15.062139851324615, "Id": 461, "Code": null, "Name": null }, "geometry": { "type": "Point", "coordinates": [ 15.582759643888252, 15.062139851324615 ] } },
{ "type": "Feature", "properties": { "class": "road", "longitude": 29.632791129127494, "latitude": 15.062139851324615, "Id": 462, "Code": null, "Name": null }, "geometry": { "type": "Point", "coordinates": [ 29.632791129127494, 15.062139851324615 ] } },
{ "type": "Feature", "properties": { "class": "road", "longitude": 32.442797426175346, "latitude": 15.062139851324615, "Id": 463, "Code": null, "Name": null }, "geometry": { "type": "Point", "coordinates": [ 32.442797426175346, 15.062139851324615 ] } },
{ "type": "Feature", "properties": { "class": "road", "longitude": 43.682822614366735, "latitude": 15.062139851324615, "Id": 464, "Code": null, "Name": null }, "geometry": { "type": "Point", "coordinates": [ 43.682822614366735, 15.062139851324615 ] } },
{ "type": "Feature", "properties": { "class": "road", "longitude": 74.592891881893081, "latitude": 15.062139851324615, "Id": 465, "Code": null, "Name": null }, "geometry": { "type": "Point", "coordinates": [ 74.592891881893081, 15.062139851324615 ] } },
{ "type": "Feature", "properties": { "class": "road", "longitude": 77.40289817894093, "latitude": 15.062139851324615, "Id": 466, "Code": null, "Name": null }, "geometry": { "type": "Point", "coordinates": [ 77.40289817894093, 15.062139851324615 ] } },
{ "type": "Feature", "properties": { "class": "road", "longitude": 99.88294855532375, "latitude": 15.062139851324615, "Id": 467, "Code": null, "Name": null }, "geometry": { "type": "Point", "coordinates": [ 99.882948555323736, 15.062139851324615 ] } },
{ "type": "Feature", "properties": { "class": "road", "longitude": 102.69295485237157, "latitude": 15.062139851324615, "Id": 468, "Code": null, "Name": null }, "geometry": { "type": "Point", "coordinates": [ 102.692954852371571, 15.062139851324615 ] } },
{ "type": "Feature", "properties": { "class": "road", "longitude": 105.50296114941942, "latitude": 15.062139851324615, "Id": 469, "Code": null, "Name": null }, "geometry": { "type": "Point", "coordinates": [ 105.50296114941942, 15.062139851324615 ] } },
{ "type": "Feature", "properties": { "class": "road", "longitude": 108.31296744646728, "latitude": 15.062139851324615, "Id": 470, "Code": null, "Name": null }, "geometry": { "type": "Point", "coordinates": [ 108.312967446467283, 15.062139851324615 ] } },
{ "type": "Feature", "properties": { "class": "road", "longitude": -85.062648622452357, "latitude": 12.807392720877612, "Id": 471, "Code": null, "Name": null }, "geometry": { "type": "Point", "coordinates": [ -85.062648622452357, 12.807392720877612 ] } },
{ "type": "Feature", "properties": { "class": "road", "longitude": -15.235103325549815, "latitude": 12.807392720877612, "Id": 472, "Code": null, "Name": null }, "geometry": { "type": "Point", "coordinates": [ -15.235103325549815, 12.807392720877612 ] } },
{ "type": "Feature", "properties": { "class": "road", "longitude": -12.44200151367369, "latitude": 12.807392720877612, "Id": 473, "Code": null, "Name": null }, "geometry": { "type": "Point", "coordinates": [ -12.44200151367369, 12.807392720877612 ] } },
{ "type": "Feature", "properties": { "class": "road", "longitude": -9.6488997017976175, "latitude": 12.807392720877612, "Id": 474, "Code": null, "Name": null }, "geometry": { "type": "Point", "coordinates": [ -9.648899701797617, 12.807392720877612 ] } },
{ "type": "Feature", "properties": { "class": "road", "longitude": -4.0626960780454011, "latitude": 12.807392720877612, "Id": 475, "Code": null, "Name": null }, "geometry": { "type": "Point", "coordinates": [ -4.062696078045401, 12.807392720877612 ] } },
{ "type": "Feature", "properties": { "class": "road", "longitude": -1.2695942661692921, "latitude": 12.807392720877612, "Id": 476, "Code": null, "Name": null }, "geometry": { "type": "Point", "coordinates": [ -1.269594266169292, 12.807392720877612 ] } },
{ "type": "Feature", "properties": { "class": "road", "longitude": 4.3166093575828883, "latitude": 12.807392720877612, "Id": 477, "Code": null, "Name": null }, "geometry": { "type": "Point", "coordinates": [ 4.316609357582887, 12.807392720877612 ] } },
{ "type": "Feature", "properties": { "class": "road", "longitude": 7.1097111694589961, "latitude": 12.807392720877612, "Id": 478, "Code": null, "Name": null }, "geometry": { "type": "Point", "coordinates": [ 7.109711169458996, 12.807392720877612 ] } },
{ "type": "Feature", "properties": { "class": "road", "longitude": 9.9028129813351047, "latitude": 12.807392720877612, "Id": 479, "Code": null, "Name": null }, "geometry": { "type": "Point", "coordinates": [ 9.902812981335105, 12.807392720877612 ] } },
{ "type": "Feature", "properties": { "class": "road", "longitude": 18.282118416963431, "latitude": 12.807392720877612, "Id": 480, "Code": null, "Name": null }, "geometry": { "type": "Point", "coordinates": [ 18.282118416963431, 12.807392720877612 ] } },
{ "type": "Feature", "properties": { "class": "road", "longitude": 21.075220228839498, "latitude": 12.807392720877612, "Id": 481, "Code": null, "Name": null }, "geometry": { "type": "Point", "coordinates": [ 21.075220228839502, 12.807392720877612 ] } },
{ "type": "Feature", "properties": { "class": "road", "longitude": 23.868322040715611, "latitude": 12.807392720877612, "Id": 482, "Code": null, "Name": null }, "geometry": { "type": "Point", "coordinates": [ 23.868322040715611, 12.807392720877612 ] } },
{ "type": "Feature", "properties": { "class": "road", "longitude": 29.454525664467823, "latitude": 12.807392720877612, "Id": 483, "Code": null, "Name": null }, "geometry": { "type": "Point", "coordinates": [ 29.454525664467823, 12.807392720877612 ] } },
{ "type": "Feature", "properties": { "class": "road", "longitude": 32.247627476343936, "latitude": 12.807392720877612, "Id": 484, "Code": null, "Name": null }, "geometry": { "type": "Point", "coordinates": [ 32.247627476343936, 12.807392720877612 ] } },
{ "type": "Feature", "properties": { "class": "road", "longitude": 35.040729288220049, "latitude": 12.807392720877612, "Id": 485, "Code": null, "Name": null }, "geometry": { "type": "Point", "coordinates": [ 35.040729288220049, 12.807392720877612 ] } },
{ "type": "Feature", "properties": { "class": "road", "longitude": 43.420034723848325, "latitude": 12.807392720877612, "Id": 486, "Code": null, "Name": null }, "geometry": { "type": "Point", "coordinates": [ 43.420034723848332, 12.807392720877612 ] } },
{ "type": "Feature", "properties": { "class": "road", "longitude": 76.937256466361575, "latitude": 12.807392720877612, "Id": 487, "Code": null, "Name": null }, "geometry": { "type": "Point", "coordinates": [ 76.937256466361561, 12.807392720877612 ] } },
{ "type": "Feature", "properties": { "class": "road", "longitude": 79.730358278237659, "latitude": 12.807392720877612, "Id": 488, "Code": null, "Name": null }, "geometry": { "type": "Point", "coordinates": [ 79.730358278237659, 12.807392720877612 ] } },
{ "type": "Feature", "properties": { "class": "road", "longitude": 99.28207096137038, "latitude": 12.807392720877612, "Id": 489, "Code": null, "Name": null }, "geometry": { "type": "Point", "coordinates": [ 99.28207096137038, 12.807392720877612 ] } },
{ "type": "Feature", "properties": { "class": "road", "longitude": 102.07517277324648, "latitude": 12.807392720877612, "Id": 490, "Code": null, "Name": null }, "geometry": { "type": "Point", "coordinates": [ 102.075172773246479, 12.807392720877612 ] } },
{ "type": "Feature", "properties": { "class": "road", "longitude": 104.86827458512258, "latitude": 12.807392720877612, "Id": 491, "Code": null, "Name": null }, "geometry": { "type": "Point", "coordinates": [ 104.868274585122577, 12.807392720877612 ] } },
{ "type": "Feature", "properties": { "class": "road", "longitude": 107.66137639699869, "latitude": 12.807392720877612, "Id": 492, "Code": null, "Name": null }, "geometry": { "type": "Point", "coordinates": [ 107.661376396998691, 12.807392720877612 ] } },
{ "type": "Feature", "properties": { "class": "road", "longitude": -84.637600757702316, "latitude": 10.560333313258052, "Id": 493, "Code": null, "Name": null }, "geometry": { "type": "Point", "coordinates": [ -84.637600757702316, 10.560333313258052 ] } },
{ "type": "Feature", "properties": { "class": "road", "longitude": -70.741875674038141, "latitude": 10.560333313258052, "Id": 494, "Code": null, "Name": null }, "geometry": { "type": "Point", "coordinates": [ -70.741875674038141, 10.560333313258052 ] } },
{ "type": "Feature", "properties": { "class": "road", "longitude": -62.404440623839641, "latitude": 10.560333313258052, "Id": 495, "Code": null, "Name": null }, "geometry": { "type": "Point", "coordinates": [ -62.404440623839641, 10.560333313258052 ] } },
{ "type": "Feature", "properties": { "class": "road", "longitude": -12.37983032264863, "latitude": 10.560333313258052, "Id": 496, "Code": null, "Name": null }, "geometry": { "type": "Point", "coordinates": [ -12.37983032264863, 10.560333313258052 ] } },
{ "type": "Feature", "properties": { "class": "road", "longitude": -9.6006853059158281, "latitude": 10.560333313258052, "Id": 497, "Code": null, "Name": null }, "geometry": { "type": "Point", "coordinates": [ -9.600685305915828, 10.560333313258052 ] } },
{ "type": "Feature", "properties": { "class": "road", "longitude": -6.8215402891829884, "latitude": 10.560333313258052, "Id": 498, "Code": null, "Name": null }, "geometry": { "type": "Point", "coordinates": [ -6.821540289182987, 10.560333313258052 ] } },
{ "type": "Feature", "properties": { "class": "road", "longitude": -4.0423952724501486, "latitude": 10.560333313258052, "Id": 499, "Code": null, "Name": null }, "geometry": { "type": "Point", "coordinates": [ -4.042395272450149, 10.560333313258052 ] } },
{ "type": "Feature", "properties": { "class": "road", "longitude": -1.2632502557173091, "latitude": 10.560333313258052, "Id": 500, "Code": null, "Name": null }, "geometry": { "type": "Point", "coordinates": [ -1.263250255717309, 10.560333313258052 ] } },
{ "type": "Feature", "properties": { "class": "road", "longitude": 1.51589476101553, "latitude": 10.560333313258052, "Id": 501, "Code": null, "Name": null }, "geometry": { "type": "Point", "coordinates": [ 1.51589476101553, 10.560333313258052 ] } },
{ "type": "Feature", "properties": { "class": "road", "longitude": 4.2950397777483316, "latitude": 10.560333313258052, "Id": 502, "Code": null, "Name": null }, "geometry": { "type": "Point", "coordinates": [ 4.295039777748332, 10.560333313258052 ] } },
{ "type": "Feature", "properties": { "class": "road", "longitude": 7.0741847944811704, "latitude": 10.560333313258052, "Id": 503, "Code": null, "Name": null }, "geometry": { "type": "Point", "coordinates": [ 7.07418479448117, 10.560333313258052 ] } },
{ "type": "Feature", "properties": { "class": "road", "longitude": 9.8533298112140102, "latitude": 10.560333313258052, "Id": 504, "Code": null, "Name": null }, "geometry": { "type": "Point", "coordinates": [ 9.85332981121401, 10.560333313258052 ] } },
{ "type": "Feature", "properties": { "class": "road", "longitude": 12.632474827946851, "latitude": 10.560333313258052, "Id": 505, "Code": null, "Name": null }, "geometry": { "type": "Point", "coordinates": [ 12.632474827946851, 10.560333313258052 ] } },
{ "type": "Feature", "properties": { "class": "road", "longitude": 15.411619844679691, "latitude": 10.560333313258052, "Id": 506, "Code": null, "Name": null }, "geometry": { "type": "Point", "coordinates": [ 15.411619844679691, 10.560333313258052 ] } },
{ "type": "Feature", "properties": { "class": "road", "longitude": 20.969909878145334, "latitude": 10.560333313258052, "Id": 507, "Code": null, "Name": null }, "geometry": { "type": "Point", "coordinates": [ 20.969909878145334, 10.560333313258052 ] } },
{ "type": "Feature", "properties": { "class": "road", "longitude": 26.528199911611011, "latitude": 10.560333313258052, "Id": 508, "Code": null, "Name": null }, "geometry": { "type": "Point", "coordinates": [ 26.528199911611011, 10.560333313258052 ] } },
{ "type": "Feature", "properties": { "class": "road", "longitude": 29.307344928343845, "latitude": 10.560333313258052, "Id": 509, "Code": null, "Name": null }, "geometry": { "type": "Point", "coordinates": [ 29.307344928343845, 10.560333313258052 ] } },
{ "type": "Feature", "properties": { "class": "road", "longitude": 32.086489945076693, "latitude": 10.560333313258052, "Id": 510, "Code": null, "Name": null }, "geometry": { "type": "Point", "coordinates": [ 32.086489945076693, 10.560333313258052 ] } },
{ "type": "Feature", "properties": { "class": "road", "longitude": 34.865634961809533, "latitude": 10.560333313258052, "Id": 511, "Code": null, "Name": null }, "geometry": { "type": "Point", "coordinates": [ 34.865634961809533, 10.560333313258052 ] } },
{ "type": "Feature", "properties": { "class": "road", "longitude": 37.644779978542331, "latitude": 10.560333313258052, "Id": 512, "Code": null, "Name": null }, "geometry": { "type": "Point", "coordinates": [ 37.644779978542331, 10.560333313258052 ] } },
{ "type": "Feature", "properties": { "class": "road", "longitude": 40.423924995275165, "latitude": 10.560333313258052, "Id": 513, "Code": null, "Name": null }, "geometry": { "type": "Point", "coordinates": [ 40.423924995275165, 10.560333313258052 ] } },
{ "type": "Feature", "properties": { "class": "road", "longitude": 43.203070012008013, "latitude": 10.560333313258052, "Id": 514, "Code": null, "Name": null }, "geometry": { "type": "Point", "coordinates": [ 43.203070012008013, 10.560333313258052 ] } },
{ "type": "Feature", "properties": { "class": "road", "longitude": 45.982215028740846, "latitude": 10.560333313258052, "Id": 515, "Code": null, "Name": null }, "geometry": { "type": "Point", "coordinates": [ 45.982215028740846, 10.560333313258052 ] } },
{ "type": "Feature", "properties": { "class": "road", "longitude": 76.552810212802015, "latitude": 10.560333313258052, "Id": 516, "Code": null, "Name": null }, "geometry": { "type": "Point", "coordinates": [ 76.552810212802015, 10.560333313258052 ] } },
{ "type": "Feature", "properties": { "class": "road", "longitude": 79.331955229534842, "latitude": 10.560333313258052, "Id": 517, "Code": null, "Name": null }, "geometry": { "type": "Point", "coordinates": [ 79.331955229534842, 10.560333313258052 ] } },
{ "type": "Feature", "properties": { "class": "road", "longitude": 98.785970346664698, "latitude": 10.560333313258052, "Id": 518, "Code": null, "Name": null }, "geometry": { "type": "Point", "coordinates": [ 98.785970346664698, 10.560333313258052 ] } },
{ "type": "Feature", "properties": { "class": "road", "longitude": 104.34426038013032, "latitude": 10.560333313258052, "Id": 519, "Code": null, "Name": null }, "geometry": { "type": "Point", "coordinates": [ 104.344260380130322, 10.560333313258052 ] } },
{ "type": "Feature", "properties": { "class": "road", "longitude": 107.12340539686316, "latitude": 10.560333313258052, "Id": 520, "Code": null, "Name": null }, "geometry": { "type": "Point", "coordinates": [ 107.123405396863163, 10.560333313258052 ] } },
{ "type": "Feature", "properties": { "class": "road", "longitude": 123.79827549726016, "latitude": 10.560333313258052, "Id": 521, "Code": null, "Name": null }, "geometry": { "type": "Point", "coordinates": [ 123.798275497260164, 10.560333313258052 ] } },
{ "type": "Feature", "properties": { "class": "road", "longitude": -81.530477561509898, "latitude": 8.3195439330898164, "Id": 522, "Code": null, "Name": null }, "geometry": { "type": "Point", "coordinates": [ -81.530477561509898, 8.319543933089816 ] } },
{ "type": "Feature", "properties": { "class": "road", "longitude": -75.99445765065505, "latitude": 8.3195439330898164, "Id": 523, "Code": null, "Name": null }, "geometry": { "type": "Point", "coordinates": [ -75.99445765065505, 8.319543933089816 ] } },
{ "type": "Feature", "properties": { "class": "road", "longitude": -73.22644769522762, "latitude": 8.3195439330898164, "Id": 524, "Code": null, "Name": null }, "geometry": { "type": "Point", "coordinates": [ -73.22644769522762, 8.319543933089816 ] } },
{ "type": "Feature", "properties": { "class": "road", "longitude": -70.458437739800218, "latitude": 8.3195439330898164, "Id": 525, "Code": null, "Name": null }, "geometry": { "type": "Point", "coordinates": [ -70.458437739800218, 8.319543933089816 ] } },
{ "type": "Feature", "properties": { "class": "road", "longitude": -67.690427784372801, "latitude": 8.3195439330898164, "Id": 526, "Code": null, "Name": null }, "geometry": { "type": "Point", "coordinates": [ -67.690427784372801, 8.319543933089816 ] } },
{ "type": "Feature", "properties": { "class": "road", "longitude": -64.92241782894537, "latitude": 8.3195439330898164, "Id": 527, "Code": null, "Name": null }, "geometry": { "type": "Point", "coordinates": [ -64.92241782894537, 8.319543933089816 ] } },
{ "type": "Feature", "properties": { "class": "road", "longitude": -12.330228675824396, "latitude": 8.3195439330898164, "Id": 528, "Code": null, "Name": null }, "geometry": { "type": "Point", "coordinates": [ -12.330228675824396, 8.319543933089816 ] } },
{ "type": "Feature", "properties": { "class": "road", "longitude": -9.5622187203970075, "latitude": 8.3195439330898164, "Id": 529, "Code": null, "Name": null }, "geometry": { "type": "Point", "coordinates": [ -9.562218720397007, 8.319543933089816 ] } },
{ "type": "Feature", "properties": { "class": "road", "longitude": -4.0261988095421559, "latitude": 8.3195439330898164, "Id": 530, "Code": null, "Name": null }, "geometry": { "type": "Point", "coordinates": [ -4.026198809542156, 8.319543933089816 ] } },
{ "type": "Feature", "properties": { "class": "road", "longitude": 1.5098211013126961, "latitude": 8.3195439330898164, "Id": 531, "Code": null, "Name": null }, "geometry": { "type": "Point", "coordinates": [ 1.509821101312696, 8.319543933089816 ] } },
{ "type": "Feature", "properties": { "class": "road", "longitude": 4.2778310567400837, "latitude": 8.3195439330898164, "Id": 532, "Code": null, "Name": null }, "geometry": { "type": "Point", "coordinates": [ 4.277831056740084, 8.319543933089816 ] } },
{ "type": "Feature", "properties": { "class": "road", "longitude": 7.0458410121675099, "latitude": 8.3195439330898164, "Id": 533, "Code": null, "Name": null }, "geometry": { "type": "Point", "coordinates": [ 7.045841012167509, 8.319543933089816 ] } },
{ "type": "Feature", "properties": { "class": "road", "longitude": 9.8138509675949344, "latitude": 8.3195439330898164, "Id": 534, "Code": null, "Name": null }, "geometry": { "type": "Point", "coordinates": [ 9.813850967594934, 8.319543933089816 ] } },
{ "type": "Feature", "properties": { "class": "road", "longitude": 15.349870878449787, "latitude": 8.3195439330898164, "Id": 535, "Code": null, "Name": null }, "geometry": { "type": "Point", "coordinates": [ 15.349870878449787, 8.319543933089816 ] } },
{ "type": "Feature", "properties": { "class": "road", "longitude": 18.117880833877212, "latitude": 8.3195439330898164, "Id": 536, "Code": null, "Name": null }, "geometry": { "type": "Point", "coordinates": [ 18.117880833877212, 8.319543933089816 ] } },
{ "type": "Feature", "properties": { "class": "road", "longitude": 29.189920655586874, "latitude": 8.3195439330898164, "Id": 537, "Code": null, "Name": null }, "geometry": { "type": "Point", "coordinates": [ 29.189920655586878, 8.319543933089816 ] } },
{ "type": "Feature", "properties": { "class": "road", "longitude": 31.957930611014305, "latitude": 8.3195439330898164, "Id": 538, "Code": null, "Name": null }, "geometry": { "type": "Point", "coordinates": [ 31.957930611014305, 8.319543933089816 ] } },
{ "type": "Feature", "properties": { "class": "road", "longitude": 34.725940566441729, "latitude": 8.3195439330898164, "Id": 539, "Code": null, "Name": null }, "geometry": { "type": "Point", "coordinates": [ 34.725940566441729, 8.319543933089816 ] } },
{ "type": "Feature", "properties": { "class": "road", "longitude": 37.493950521869117, "latitude": 8.3195439330898164, "Id": 540, "Code": null, "Name": null }, "geometry": { "type": "Point", "coordinates": [ 37.493950521869117, 8.319543933089816 ] } },
{ "type": "Feature", "properties": { "class": "road", "longitude": 48.565990343578818, "latitude": 8.3195439330898164, "Id": 541, "Code": null, "Name": null }, "geometry": { "type": "Point", "coordinates": [ 48.565990343578818, 8.319543933089816 ] } },
{ "type": "Feature", "properties": { "class": "road", "longitude": 98.390169541272371, "latitude": 8.3195439330898164, "Id": 542, "Code": null, "Name": null }, "geometry": { "type": "Point", "coordinates": [ 98.390169541272371, 8.319543933089816 ] } },
{ "type": "Feature", "properties": { "class": "road", "longitude": -75.763525349774355, "latitude": 6.0836510961242478, "Id": 543, "Code": null, "Name": null }, "geometry": { "type": "Point", "coordinates": [ -75.763525349774355, 6.083651096124247 ] } },
{ "type": "Feature", "properties": { "class": "road", "longitude": -73.003926835491853, "latitude": 6.0836510961242478, "Id": 544, "Code": null, "Name": null }, "geometry": { "type": "Point", "coordinates": [ -73.003926835491853, 6.083651096124247 ] } },
{ "type": "Feature", "properties": { "class": "road", "longitude": -70.244328321209338, "latitude": 6.0836510961242478, "Id": 545, "Code": null, "Name": null }, "geometry": { "type": "Point", "coordinates": [ -70.244328321209338, 6.083651096124247 ] } },
{ "type": "Feature", "properties": { "class": "road", "longitude": -67.484729806926822, "latitude": 6.0836510961242478, "Id": 546, "Code": null, "Name": null }, "geometry": { "type": "Point", "coordinates": [ -67.484729806926822, 6.083651096124247 ] } },
{ "type": "Feature", "properties": { "class": "road", "longitude": -9.5331610069940513, "latitude": 6.0836510961242478, "Id": 547, "Code": null, "Name": null }, "geometry": { "type": "Point", "coordinates": [ -9.533161006994051, 6.083651096124247 ] } },
{ "type": "Feature", "properties": { "class": "road", "longitude": -6.7735624927115321, "latitude": 6.0836510961242478, "Id": 548, "Code": null, "Name": null }, "geometry": { "type": "Point", "coordinates": [ -6.773562492711532, 6.083651096124247 ] } },
{ "type": "Feature", "properties": { "class": "road", "longitude": -4.0139639784290129, "latitude": 6.0836510961242478, "Id": 549, "Code": null, "Name": null }, "geometry": { "type": "Point", "coordinates": [ -4.013963978429013, 6.083651096124247 ] } },
{ "type": "Feature", "properties": { "class": "road", "longitude": 7.0244300787010303, "latitude": 6.0836510961242478, "Id": 550, "Code": null, "Name": null }, "geometry": { "type": "Point", "coordinates": [ 7.024430078701029, 6.083651096124247 ] } },
{ "type": "Feature", "properties": { "class": "road", "longitude": 15.303225621548592, "latitude": 6.0836510961242478, "Id": 551, "Code": null, "Name": null }, "geometry": { "type": "Point", "coordinates": [ 15.303225621548592, 6.083651096124247 ] } },
{ "type": "Feature", "properties": { "class": "road", "longitude": 37.380013735808674, "latitude": 6.0836510961242478, "Id": 552, "Code": null, "Name": null }, "geometry": { "type": "Point", "coordinates": [ 37.380013735808674, 6.083651096124247 ] } },
{ "type": "Feature", "properties": { "class": "road", "longitude": 42.89921076437372, "latitude": 6.0836510961242478, "Id": 553, "Code": null, "Name": null }, "geometry": { "type": "Point", "coordinates": [ 42.89921076437372, 6.083651096124247 ] } },
{ "type": "Feature", "properties": { "class": "road", "longitude": 45.658809278656229, "latitude": 6.0836510961242478, "Id": 554, "Code": null, "Name": null }, "geometry": { "type": "Point", "coordinates": [ 45.658809278656236, 6.083651096124247 ] } },
{ "type": "Feature", "properties": { "class": "road", "longitude": 100.85077956430649, "latitude": 6.0836510961242478, "Id": 555, "Code": null, "Name": null }, "geometry": { "type": "Point", "coordinates": [ 100.850779564306492, 6.083651096124247 ] } },
{ "type": "Feature", "properties": { "class": "road", "longitude": -75.605371869529776, "latitude": 3.851315170761378, "Id": 556, "Code": null, "Name": null }, "geometry": { "type": "Point", "coordinates": [ -75.605371869529776, 3.851315170761378 ] } },
{ "type": "Feature", "properties": { "class": "road", "longitude": -72.851533912284395, "latitude": 3.851315170761378, "Id": 557, "Code": null, "Name": null }, "geometry": { "type": "Point", "coordinates": [ -72.851533912284395, 3.851315170761378 ] } },
{ "type": "Feature", "properties": { "class": "road", "longitude": -53.574668211566731, "latitude": 3.851315170761378, "Id": 558, "Code": null, "Name": null }, "geometry": { "type": "Point", "coordinates": [ -53.574668211566731, 3.851315170761378 ] } },
{ "type": "Feature", "properties": { "class": "road", "longitude": 12.517442762322434, "latitude": 3.851315170761378, "Id": 559, "Code": null, "Name": null }, "geometry": { "type": "Point", "coordinates": [ 12.517442762322434, 3.851315170761378 ] } },
{ "type": "Feature", "properties": { "class": "road", "longitude": 15.271280719567825, "latitude": 3.851315170761378, "Id": 560, "Code": null, "Name": null }, "geometry": { "type": "Point", "coordinates": [ 15.271280719567825, 3.851315170761378 ] } },
{ "type": "Feature", "properties": { "class": "road", "longitude": 18.025118676813211, "latitude": 3.851315170761378, "Id": 561, "Code": null, "Name": null }, "geometry": { "type": "Point", "coordinates": [ 18.025118676813211, 3.851315170761378 ] } },
{ "type": "Feature", "properties": { "class": "road", "longitude": 20.778956634058563, "latitude": 3.851315170761378, "Id": 562, "Code": null, "Name": null }, "geometry": { "type": "Point", "coordinates": [ 20.778956634058563, 3.851315170761378 ] } },
{ "type": "Feature", "properties": { "class": "road", "longitude": 23.532794591303951, "latitude": 3.851315170761378, "Id": 563, "Code": null, "Name": null }, "geometry": { "type": "Point", "coordinates": [ 23.532794591303951, 3.851315170761378 ] } },
{ "type": "Feature", "properties": { "class": "road", "longitude": 34.548146420285505, "latitude": 3.851315170761378, "Id": 564, "Code": null, "Name": null }, "geometry": { "type": "Point", "coordinates": [ 34.548146420285505, 3.851315170761378 ] } },
{ "type": "Feature", "properties": { "class": "road", "longitude": 40.055822334776245, "latitude": 3.851315170761378, "Id": 565, "Code": null, "Name": null }, "geometry": { "type": "Point", "coordinates": [ 40.055822334776245, 3.851315170761378 ] } },
{ "type": "Feature", "properties": { "class": "road", "longitude": 42.809660292021633, "latitude": 3.851315170761378, "Id": 566, "Code": null, "Name": null }, "geometry": { "type": "Point", "coordinates": [ 42.809660292021633, 3.851315170761378 ] } },
{ "type": "Feature", "properties": { "class": "road", "longitude": 45.563498249267028, "latitude": 3.851315170761378, "Id": 567, "Code": null, "Name": null }, "geometry": { "type": "Point", "coordinates": [ 45.56349824926702, 3.851315170761378 ] } },
{ "type": "Feature", "properties": { "class": "road", "longitude": -75.518648213121693, "latitude": 1.621220751157004, "Id": 568, "Code": null, "Name": null }, "geometry": { "type": "Point", "coordinates": [ -75.518648213121693, 1.621220751157004 ] } },
{ "type": "Feature", "properties": { "class": "road", "longitude": -50.762535875068032, "latitude": 1.621220751157004, "Id": 569, "Code": null, "Name": null }, "geometry": { "type": "Point", "coordinates": [ -50.762535875068032, 1.621220751157004 ] } },
{ "type": "Feature", "properties": { "class": "road", "longitude": 9.7524053957297685, "latitude": 1.621220751157004, "Id": 570, "Code": null, "Name": null }, "geometry": { "type": "Point", "coordinates": [ 9.752405395729769, 1.621220751157004 ] } },
{ "type": "Feature", "properties": { "class": "road", "longitude": 15.253763693075038, "latitude": 1.621220751157004, "Id": 571, "Code": null, "Name": null }, "geometry": { "type": "Point", "coordinates": [ 15.253763693075038, 1.621220751157004 ] } },
{ "type": "Feature", "properties": { "class": "road", "longitude": 18.004442841747675, "latitude": 1.621220751157004, "Id": 572, "Code": null, "Name": null }, "geometry": { "type": "Point", "coordinates": [ 18.004442841747675, 1.621220751157004 ] } },
{ "type": "Feature", "properties": { "class": "road", "longitude": 20.755121990420271, "latitude": 1.621220751157004, "Id": 573, "Code": null, "Name": null }, "geometry": { "type": "Point", "coordinates": [ 20.755121990420271, 1.621220751157004 ] } },
{ "type": "Feature", "properties": { "class": "road", "longitude": 29.007159436438172, "latitude": 1.621220751157004, "Id": 574, "Code": null, "Name": null }, "geometry": { "type": "Point", "coordinates": [ 29.007159436438172, 1.621220751157004 ] } },
{ "type": "Feature", "properties": { "class": "road", "longitude": 31.757838585110804, "latitude": 1.621220751157004, "Id": 575, "Code": null, "Name": null }, "geometry": { "type": "Point", "coordinates": [ 31.757838585110804, 1.621220751157004 ] } },
{ "type": "Feature", "properties": { "class": "road", "longitude": 34.508517733783442, "latitude": 1.621220751157004, "Id": 576, "Code": null, "Name": null }, "geometry": { "type": "Point", "coordinates": [ 34.508517733783442, 1.621220751157004 ] } },
{ "type": "Feature", "properties": { "class": "road", "longitude": 40.00987603112867, "latitude": 1.621220751157004, "Id": 577, "Code": null, "Name": null }, "geometry": { "type": "Point", "coordinates": [ 40.00987603112867, 1.621220751157004 ] } },
{ "type": "Feature", "properties": { "class": "road", "longitude": 42.760555179801315, "latitude": 1.621220751157004, "Id": 578, "Code": null, "Name": null }, "geometry": { "type": "Point", "coordinates": [ 42.760555179801308, 1.621220751157004 ] } },
{ "type": "Feature", "properties": { "class": "road", "longitude": 100.52481730192648, "latitude": 1.621220751157004, "Id": 579, "Code": null, "Name": null }, "geometry": { "type": "Point", "coordinates": [ 100.524817301926475, 1.621220751157004 ] } },
{ "type": "Feature", "properties": { "class": "road", "longitude": 103.27549645059911, "latitude": 1.621220751157004, "Id": 580, "Code": null, "Name": null }, "geometry": { "type": "Point", "coordinates": [ 103.275496450599107, 1.621220751157004 ] } },
{ "type": "Feature", "properties": { "class": "road", "longitude": 111.527533896617, "latitude": 1.621220751157004, "Id": 581, "Code": null, "Name": null }, "geometry": { "type": "Point", "coordinates": [ 111.527533896617001, 1.621220751157004 ] } },
{ "type": "Feature", "properties": { "class": "road", "longitude": 117.02889219396225, "latitude": 1.621220751157004, "Id": 582, "Code": null, "Name": null }, "geometry": { "type": "Point", "coordinates": [ 117.02889219396225, 1.621220751157004 ] } },
{ "type": "Feature", "properties": { "class": "road", "longitude": 128.03160878865279, "latitude": 1.621220751157004, "Id": 583, "Code": null, "Name": null }, "geometry": { "type": "Point", "coordinates": [ 128.03160878865279, 1.621220751157004 ] } },
{ "type": "Feature", "properties": { "class": "road", "longitude": -75.502621028316085, "latitude": -0.60793245810625196, "Id": 584, "Code": null, "Name": null }, "geometry": { "type": "Point", "coordinates": [ -75.502621028316085, -0.607932458106252 ] } },
{ "type": "Feature", "properties": { "class": "road", "longitude": 9.7503356605415092, "latitude": -0.60793245810625196, "Id": 585, "Code": null, "Name": null }, "geometry": { "type": "Point", "coordinates": [ 9.750335660541509, -0.607932458106252 ] } },
{ "type": "Feature", "properties": { "class": "road", "longitude": 15.250526414661367, "latitude": -0.60793245810625196, "Id": 586, "Code": null, "Name": null }, "geometry": { "type": "Point", "coordinates": [ 15.250526414661367, -0.607932458106252 ] } },
{ "type": "Feature", "properties": { "class": "road", "longitude": 20.75071716878119, "latitude": -0.60793245810625196, "Id": 587, "Code": null, "Name": null }, "geometry": { "type": "Point", "coordinates": [ 20.75071716878119, -0.607932458106252 ] } },
{ "type": "Feature", "properties": { "class": "road", "longitude": 34.501194054080841, "latitude": -0.60793245810625196, "Id": 588, "Code": null, "Name": null }, "geometry": { "type": "Point", "coordinates": [ 34.501194054080841, -0.607932458106252 ] } },
{ "type": "Feature", "properties": { "class": "road", "longitude": 37.251289431140734, "latitude": -0.60793245810625196, "Id": 589, "Code": null, "Name": null }, "geometry": { "type": "Point", "coordinates": [ 37.251289431140734, -0.607932458106252 ] } },
{ "type": "Feature", "properties": { "class": "road", "longitude": 40.001384808200655, "latitude": -0.60793245810625196, "Id": 590, "Code": null, "Name": null }, "geometry": { "type": "Point", "coordinates": [ 40.001384808200655, -0.607932458106252 ] } },
{ "type": "Feature", "properties": { "class": "road", "longitude": 100.50348310351895, "latitude": -0.60793245810625196, "Id": 591, "Code": null, "Name": null }, "geometry": { "type": "Point", "coordinates": [ 100.503483103518946, -0.607932458106252 ] } },
{ "type": "Feature", "properties": { "class": "road", "longitude": 111.50386461175866, "latitude": -0.60793245810625196, "Id": 592, "Code": null, "Name": null }, "geometry": { "type": "Point", "coordinates": [ 111.503864611758658, -0.607932458106252 ] } },
{ "type": "Feature", "properties": { "class": "road", "longitude": 114.25395998881861, "latitude": -0.60793245810625196, "Id": 593, "Code": null, "Name": null }, "geometry": { "type": "Point", "coordinates": [ 114.253959988818607, -0.607932458106252 ] } },
{ "type": "Feature", "properties": { "class": "road", "longitude": 117.0040553658785, "latitude": -0.60793245810625196, "Id": 594, "Code": null, "Name": null }, "geometry": { "type": "Point", "coordinates": [ 117.0040553658785, -0.607932458106252 ] } },
{ "type": "Feature", "properties": { "class": "road", "longitude": 119.75415074293842, "latitude": -0.60793245810625196, "Id": 595, "Code": null, "Name": null }, "geometry": { "type": "Point", "coordinates": [ 119.754150742938421, -0.607932458106252 ] } },
{ "type": "Feature", "properties": { "class": "road", "longitude": 128.00443687411823, "latitude": -0.60793245810625196, "Id": 596, "Code": null, "Name": null }, "geometry": { "type": "Point", "coordinates": [ 128.004436874118227, -0.607932458106252 ] } },
{ "type": "Feature", "properties": { "class": "road", "longitude": -78.309237002045776, "latitude": -2.8374384433363899, "Id": 597, "Code": null, "Name": null }, "geometry": { "type": "Point", "coordinates": [ -78.309237002045776, -2.83743844333639 ] } },
{ "type": "Feature", "properties": { "class": "road", "longitude": -59.044664935134819, "latitude": -2.8374384433363899, "Id": 598, "Code": null, "Name": null }, "geometry": { "type": "Point", "coordinates": [ -59.044664935134819, -2.83743844333639 ] } },
{ "type": "Feature", "properties": { "class": "road", "longitude": -56.292583211290385, "latitude": -2.8374384433363899, "Id": 599, "Code": null, "Name": null }, "geometry": { "type": "Point", "coordinates": [ -56.292583211290385, -2.83743844333639 ] } },
{ "type": "Feature", "properties": { "class": "road", "longitude": 12.509459884820165, "latitude": -2.8374384433363899, "Id": 600, "Code": null, "Name": null }, "geometry": { "type": "Point", "coordinates": [ 12.509459884820165, -2.83743844333639 ] } },
{ "type": "Feature", "properties": { "class": "road", "longitude": 18.013623332509024, "latitude": -2.8374384433363899, "Id": 601, "Code": null, "Name": null }, "geometry": { "type": "Point", "coordinates": [ 18.013623332509024, -2.83743844333639 ] } },
{ "type": "Feature", "properties": { "class": "road", "longitude": 29.021950227886698, "latitude": -2.8374384433363899, "Id": 602, "Code": null, "Name": null }, "geometry": { "type": "Point", "coordinates": [ 29.021950227886702, -2.83743844333639 ] } },
{ "type": "Feature", "properties": { "class": "road", "longitude": 37.27819539941995, "latitude": -2.8374384433363899, "Id": 603, "Code": null, "Name": null }, "geometry": { "type": "Point", "coordinates": [ 37.27819539941995, -2.83743844333639 ] } },
{ "type": "Feature", "properties": { "class": "road", "longitude": 40.030277123264376, "latitude": -2.8374384433363899, "Id": 604, "Code": null, "Name": null }, "geometry": { "type": "Point", "coordinates": [ 40.030277123264376, -2.83743844333639 ] } },
{ "type": "Feature", "properties": { "class": "road", "longitude": 103.3281567716861, "latitude": -2.8374384433363899, "Id": 605, "Code": null, "Name": null }, "geometry": { "type": "Point", "coordinates": [ 103.328156771686096, -2.83743844333639 ] } },
{ "type": "Feature", "properties": { "class": "road", "longitude": 106.08023849553052, "latitude": -2.8374384433363899, "Id": 606, "Code": null, "Name": null }, "geometry": { "type": "Point", "coordinates": [ 106.080238495530523, -2.83743844333639 ] } },
{ "type": "Feature", "properties": { "class": "road", "longitude": 111.58440194321938, "latitude": -2.8374384433363899, "Id": 607, "Code": null, "Name": null }, "geometry": { "type": "Point", "coordinates": [ 111.584401943219376, -2.83743844333639 ] } },
{ "type": "Feature", "properties": { "class": "road", "longitude": 114.33648366706382, "latitude": -2.8374384433363899, "Id": 608, "Code": null, "Name": null }, "geometry": { "type": "Point", "coordinates": [ 114.336483667063817, -2.83743844333639 ] } },
{ "type": "Feature", "properties": { "class": "road", "longitude": 119.84064711475263, "latitude": -2.8374384433363899, "Id": 609, "Code": null, "Name": null }, "geometry": { "type": "Point", "coordinates": [ 119.840647114752628, -2.83743844333639 ] } },
{ "type": "Feature", "properties": { "class": "road", "longitude": 133.60105573397473, "latitude": -2.8374384433363899, "Id": 610, "Code": null, "Name": null }, "geometry": { "type": "Point", "coordinates": [ 133.601055733974732, -2.83743844333639 ] } },
{ "type": "Feature", "properties": { "class": "road", "longitude": 136.35313745781917, "latitude": -2.8374384433363899, "Id": 611, "Code": null, "Name": null }, "geometry": { "type": "Point", "coordinates": [ 136.353137457819173, -2.83743844333639 ] } },
{ "type": "Feature", "properties": { "class": "road", "longitude": -81.19602096331505, "latitude": -5.0685935530928203, "Id": 612, "Code": null, "Name": null }, "geometry": { "type": "Point", "coordinates": [ -81.19602096331505, -5.068593553092819 ] } },
{ "type": "Feature", "properties": { "class": "road", "longitude": -78.439366015501378, "latitude": -5.0685935530928203, "Id": 613, "Code": null, "Name": null }, "geometry": { "type": "Point", "coordinates": [ -78.439366015501378, -5.068593553092819 ] } },
{ "type": "Feature", "properties": { "class": "road", "longitude": -72.926056119873962, "latitude": -5.0685935530928203, "Id": 614, "Code": null, "Name": null }, "geometry": { "type": "Point", "coordinates": [ -72.926056119873962, -5.068593553092819 ] } },
{ "type": "Feature", "properties": { "class": "road", "longitude": -45.359506641737056, "latitude": -5.0685935530928203, "Id": 615, "Code": null, "Name": null }, "geometry": { "type": "Point", "coordinates": [ -45.359506641737056, -5.068593553092819 ] } },
{ "type": "Feature", "properties": { "class": "road", "longitude": -39.846196746109683, "latitude": -5.0685935530928203, "Id": 616, "Code": null, "Name": null }, "geometry": { "type": "Point", "coordinates": [ -39.846196746109683, -5.068593553092819 ] } },
{ "type": "Feature", "properties": { "class": "road", "longitude": -37.089541798295976, "latitude": -5.0685935530928203, "Id": 617, "Code": null, "Name": null }, "geometry": { "type": "Point", "coordinates": [ -37.089541798295976, -5.068593553092819 ] } },
{ "type": "Feature", "properties": { "class": "road", "longitude": 12.5302472623505, "latitude": -5.0685935530928203, "Id": 618, "Code": null, "Name": null }, "geometry": { "type": "Point", "coordinates": [ 12.5302472623505, -5.068593553092819 ] } },
{ "type": "Feature", "properties": { "class": "road", "longitude": 18.043557157977901, "latitude": -5.0685935530928203, "Id": 619, "Code": null, "Name": null }, "geometry": { "type": "Point", "coordinates": [ 18.043557157977901, -5.068593553092819 ] } },
{ "type": "Feature", "properties": { "class": "road", "longitude": 20.800212105791562, "latitude": -5.0685935530928203, "Id": 620, "Code": null, "Name": null }, "geometry": { "type": "Point", "coordinates": [ 20.800212105791562, -5.068593553092819 ] } },
{ "type": "Feature", "properties": { "class": "road", "longitude": 31.826831897046358, "latitude": -5.0685935530928203, "Id": 621, "Code": null, "Name": null }, "geometry": { "type": "Point", "coordinates": [ 31.826831897046358, -5.068593553092819 ] } },
{ "type": "Feature", "properties": { "class": "road", "longitude": 122.79644517489822, "latitude": -5.0685935530928203, "Id": 622, "Code": null, "Name": null }, "geometry": { "type": "Point", "coordinates": [ 122.796445174898224, -5.068593553092819 ] } },
{ "type": "Feature", "properties": { "class": "road", "longitude": -78.64420835845128, "latitude": -7.302705218125654, "Id": 623, "Code": null, "Name": null }, "geometry": { "type": "Point", "coordinates": [ -78.64420835845128, -7.302705218125654 ] } },
{ "type": "Feature", "properties": { "class": "road", "longitude": -53.769523440570239, "latitude": -7.302705218125654, "Id": 624, "Code": null, "Name": null }, "geometry": { "type": "Point", "coordinates": [ -53.769523440570239, -7.302705218125654 ] } },
{ "type": "Feature", "properties": { "class": "road", "longitude": -45.477961801276571, "latitude": -7.302705218125654, "Id": 625, "Code": null, "Name": null }, "geometry": { "type": "Point", "coordinates": [ -45.477961801276571, -7.302705218125654 ] } },
{ "type": "Feature", "properties": { "class": "road", "longitude": -42.71410792151201, "latitude": -7.302705218125654, "Id": 626, "Code": null, "Name": null }, "geometry": { "type": "Point", "coordinates": [ -42.71410792151201, -7.302705218125654 ] } },
{ "type": "Feature", "properties": { "class": "road", "longitude": -39.950254041747463, "latitude": -7.302705218125654, "Id": 627, "Code": null, "Name": null }, "geometry": { "type": "Point", "coordinates": [ -39.950254041747463, -7.302705218125654 ] } },
{ "type": "Feature", "properties": { "class": "road", "longitude": -37.186400161982903, "latitude": -7.302705218125654, "Id": 628, "Code": null, "Name": null }, "geometry": { "type": "Point", "coordinates": [ -37.186400161982903, -7.302705218125654 ] } },
{ "type": "Feature", "properties": { "class": "road", "longitude": 15.32682355354371, "latitude": -7.302705218125654, "Id": 629, "Code": null, "Name": null }, "geometry": { "type": "Point", "coordinates": [ 15.32682355354371, -7.302705218125654 ] } },
{ "type": "Feature", "properties": { "class": "road", "longitude": 18.090677433308272, "latitude": -7.302705218125654, "Id": 630, "Code": null, "Name": null }, "geometry": { "type": "Point", "coordinates": [ 18.090677433308272, -7.302705218125654 ] } },
{ "type": "Feature", "properties": { "class": "road", "longitude": 20.854531313072801, "latitude": -7.302705218125654, "Id": 631, "Code": null, "Name": null }, "geometry": { "type": "Point", "coordinates": [ 20.854531313072801, -7.302705218125654 ] } },
{ "type": "Feature", "properties": { "class": "road", "longitude": 23.618385192837366, "latitude": -7.302705218125654, "Id": 632, "Code": null, "Name": null }, "geometry": { "type": "Point", "coordinates": [ 23.618385192837366, -7.302705218125654 ] } },
{ "type": "Feature", "properties": { "class": "road", "longitude": 29.146092952366487, "latitude": -7.302705218125654, "Id": 633, "Code": null, "Name": null }, "geometry": { "type": "Point", "coordinates": [ 29.146092952366487, -7.302705218125654 ] } },
{ "type": "Feature", "properties": { "class": "road", "longitude": 106.53400158577409, "latitude": -7.302705218125654, "Id": 634, "Code": null, "Name": null }, "geometry": { "type": "Point", "coordinates": [ 106.534001585774092, -7.302705218125654 ] } },
{ "type": "Feature", "properties": { "class": "road", "longitude": 109.29785546553866, "latitude": -7.302705218125654, "Id": 635, "Code": null, "Name": null }, "geometry": { "type": "Point", "coordinates": [ 109.29785546553866, -7.302705218125654 ] } },
{ "type": "Feature", "properties": { "class": "road", "longitude": 112.06170934530321, "latitude": -7.302705218125654, "Id": 636, "Code": null, "Name": null }, "geometry": { "type": "Point", "coordinates": [ 112.061709345303214, -7.302705218125654 ] } },
{ "type": "Feature", "properties": { "class": "road", "longitude": -65.056821534466295, "latitude": -9.5411009004877538, "Id": 637, "Code": null, "Name": null }, "geometry": { "type": "Point", "coordinates": [ -65.056821534466295, -9.541100900487754 ] } },
{ "type": "Feature", "properties": { "class": "road", "longitude": -56.735600497212467, "latitude": -9.5411009004877538, "Id": 638, "Code": null, "Name": null }, "geometry": { "type": "Point", "coordinates": [ -56.735600497212467, -9.541100900487754 ] } },
{ "type": "Feature", "properties": { "class": "road", "longitude": -48.414379459958653, "latitude": -9.5411009004877538, "Id": 639, "Code": null, "Name": null }, "geometry": { "type": "Point", "coordinates": [ -48.414379459958653, -9.541100900487754 ] } },
{ "type": "Feature", "properties": { "class": "road", "longitude": -45.640639114207389, "latitude": -9.5411009004877538, "Id": 640, "Code": null, "Name": null }, "geometry": { "type": "Point", "coordinates": [ -45.640639114207389, -9.541100900487754 ] } },
{ "type": "Feature", "properties": { "class": "road", "longitude": -42.866898768456103, "latitude": -9.5411009004877538, "Id": 641, "Code": null, "Name": null }, "geometry": { "type": "Point", "coordinates": [ -42.866898768456103, -9.541100900487754 ] } },
{ "type": "Feature", "properties": { "class": "road", "longitude": -40.093158422704853, "latitude": -9.5411009004877538, "Id": 642, "Code": null, "Name": null }, "geometry": { "type": "Point", "coordinates": [ -40.093158422704853, -9.541100900487754 ] } },
{ "type": "Feature", "properties": { "class": "road", "longitude": -37.319418076953561, "latitude": -9.5411009004877538, "Id": 643, "Code": null, "Name": null }, "geometry": { "type": "Point", "coordinates": [ -37.319418076953561, -9.541100900487754 ] } },
{ "type": "Feature", "properties": { "class": "road", "longitude": 15.381648492320654, "latitude": -9.5411009004877538, "Id": 644, "Code": null, "Name": null }, "geometry": { "type": "Point", "coordinates": [ 15.381648492320654, -9.541100900487754 ] } },
{ "type": "Feature", "properties": { "class": "road", "longitude": 34.797830912579585, "latitude": -9.5411009004877538, "Id": 645, "Code": null, "Name": null }, "geometry": { "type": "Point", "coordinates": [ 34.797830912579585, -9.541100900487754 ] } },
{ "type": "Feature", "properties": { "class": "road", "longitude": -76.499366167293431, "latitude": -11.785137462198822, "Id": 646, "Code": null, "Name": null }, "geometry": { "type": "Point", "coordinates": [ -76.499366167293431, -11.785137462198822 ] } },
{ "type": "Feature", "properties": { "class": "road", "longitude": -68.140164180154954, "latitude": -11.785137462198822, "Id": 647, "Code": null, "Name": null }, "geometry": { "type": "Point", "coordinates": [ -68.140164180154954, -11.785137462198822 ] } },
{ "type": "Feature", "properties": { "class": "road", "longitude": -65.353763517775448, "latitude": -11.785137462198822, "Id": 648, "Code": null, "Name": null }, "geometry": { "type": "Point", "coordinates": [ -65.353763517775448, -11.785137462198822 ] } },
{ "type": "Feature", "properties": { "class": "road", "longitude": -62.567362855395963, "latitude": -11.785137462198822, "Id": 649, "Code": null, "Name": null }, "geometry": { "type": "Point", "coordinates": [ -62.567362855395963, -11.785137462198822 ] } },
{ "type": "Feature", "properties": { "class": "road", "longitude": -54.20816086825748, "latitude": -11.785137462198822, "Id": 650, "Code": null, "Name": null }, "geometry": { "type": "Point", "coordinates": [ -54.20816086825748, -11.785137462198822 ] } },
{ "type": "Feature", "properties": { "class": "road", "longitude": -51.421760205877987, "latitude": -11.785137462198822, "Id": 651, "Code": null, "Name": null }, "geometry": { "type": "Point", "coordinates": [ -51.42176020587798, -11.785137462198822 ] } },
{ "type": "Feature", "properties": { "class": "road", "longitude": -48.635359543498481, "latitude": -11.785137462198822, "Id": 652, "Code": null, "Name": null }, "geometry": { "type": "Point", "coordinates": [ -48.635359543498481, -11.785137462198822 ] } },
{ "type": "Feature", "properties": { "class": "road", "longitude": -45.848958881119003, "latitude": -11.785137462198822, "Id": 653, "Code": null, "Name": null }, "geometry": { "type": "Point", "coordinates": [ -45.848958881118996, -11.785137462198822 ] } },
{ "type": "Feature", "properties": { "class": "road", "longitude": -40.276157556360005, "latitude": -11.785137462198822, "Id": 654, "Code": null, "Name": null }, "geometry": { "type": "Point", "coordinates": [ -40.276157556360012, -11.785137462198822 ] } },
{ "type": "Feature", "properties": { "class": "road", "longitude": 15.451855691229907, "latitude": -11.785137462198822, "Id": 655, "Code": null, "Name": null }, "geometry": { "type": "Point", "coordinates": [ 15.451855691229907, -11.785137462198822 ] } },
{ "type": "Feature", "properties": { "class": "road", "longitude": 18.238256353609408, "latitude": -11.785137462198822, "Id": 656, "Code": null, "Name": null }, "geometry": { "type": "Point", "coordinates": [ 18.238256353609408, -11.785137462198822 ] } },
{ "type": "Feature", "properties": { "class": "road", "longitude": 23.811057678368371, "latitude": -11.785137462198822, "Id": 657, "Code": null, "Name": null }, "geometry": { "type": "Point", "coordinates": [ 23.811057678368371, -11.785137462198822 ] } },
{ "type": "Feature", "properties": { "class": "road", "longitude": 43.315862315024845, "latitude": -11.785137462198822, "Id": 658, "Code": null, "Name": null }, "geometry": { "type": "Point", "coordinates": [ 43.315862315024845, -11.785137462198822 ] } },
{ "type": "Feature", "properties": { "class": "road", "longitude": -74.124257346721947, "latitude": -14.036211162067463, "Id": 659, "Code": null, "Name": null }, "geometry": { "type": "Point", "coordinates": [ -74.124257346721947, -14.036211162067465 ] } },
{ "type": "Feature", "properties": { "class": "road", "longitude": -71.322309570580373, "latitude": -14.036211162067463, "Id": 660, "Code": null, "Name": null }, "geometry": { "type": "Point", "coordinates": [ -71.322309570580373, -14.036211162067465 ] } },
{ "type": "Feature", "properties": { "class": "road", "longitude": -65.718414018297224, "latitude": -14.036211162067463, "Id": 661, "Code": null, "Name": null }, "geometry": { "type": "Point", "coordinates": [ -65.718414018297224, -14.036211162067465 ] } },
{ "type": "Feature", "properties": { "class": "road", "longitude": -57.312570689872494, "latitude": -14.036211162067463, "Id": 662, "Code": null, "Name": null }, "geometry": { "type": "Point", "coordinates": [ -57.312570689872494, -14.036211162067465 ] } },
{ "type": "Feature", "properties": { "class": "road", "longitude": -51.708675137589353, "latitude": -14.036211162067463, "Id": 663, "Code": null, "Name": null }, "geometry": { "type": "Point", "coordinates": [ -51.708675137589353, -14.036211162067465 ] } },
{ "type": "Feature", "properties": { "class": "road", "longitude": -48.906727361447771, "latitude": -14.036211162067463, "Id": 664, "Code": null, "Name": null }, "geometry": { "type": "Point", "coordinates": [ -48.906727361447771, -14.036211162067465 ] } },
{ "type": "Feature", "properties": { "class": "road", "longitude": -43.302831809164623, "latitude": -14.036211162067463, "Id": 665, "Code": null, "Name": null }, "geometry": { "type": "Point", "coordinates": [ -43.302831809164623, -14.036211162067465 ] } },
{ "type": "Feature", "properties": { "class": "road", "longitude": 15.538071489808432, "latitude": -14.036211162067463, "Id": 666, "Code": null, "Name": null }, "geometry": { "type": "Point", "coordinates": [ 15.538071489808432, -14.036211162067465 ] } },
{ "type": "Feature", "properties": { "class": "road", "longitude": 18.340019265950012, "latitude": -14.036211162067463, "Id": 667, "Code": null, "Name": null }, "geometry": { "type": "Point", "coordinates": [ 18.340019265950012, -14.036211162067465 ] } },
{ "type": "Feature", "properties": { "class": "road", "longitude": 21.141967042091554, "latitude": -14.036211162067463, "Id": 668, "Code": null, "Name": null }, "geometry": { "type": "Point", "coordinates": [ 21.141967042091554, -14.036211162067465 ] } },
{ "type": "Feature", "properties": { "class": "road", "longitude": 26.745862594374717, "latitude": -14.036211162067463, "Id": 669, "Code": null, "Name": null }, "geometry": { "type": "Point", "coordinates": [ 26.745862594374717, -14.036211162067465 ] } },
{ "type": "Feature", "properties": { "class": "road", "longitude": 32.349758146657877, "latitude": -14.036211162067463, "Id": 670, "Code": null, "Name": null }, "geometry": { "type": "Point", "coordinates": [ 32.349758146657877, -14.036211162067465 ] } },
{ "type": "Feature", "properties": { "class": "road", "longitude": 35.151705922799465, "latitude": -14.036211162067463, "Id": 671, "Code": null, "Name": null }, "geometry": { "type": "Point", "coordinates": [ 35.151705922799465, -14.036211162067465 ] } },
{ "type": "Feature", "properties": { "class": "road", "longitude": 130.41793031161296, "latitude": -14.036211162067463, "Id": 672, "Code": null, "Name": null }, "geometry": { "type": "Point", "coordinates": [ 130.417930311612963, -14.036211162067465 ] } },
{ "type": "Feature", "properties": { "class": "road", "longitude": 141.62572141617926, "latitude": -14.036211162067463, "Id": 673, "Code": null, "Name": null }, "geometry": { "type": "Point", "coordinates": [ 141.62572141617926, -14.036211162067465 ] } },
{ "type": "Feature", "properties": { "class": "road", "longitude": -71.795162820603394, "latitude": -16.295768517305071, "Id": 674, "Code": null, "Name": null }, "geometry": { "type": "Point", "coordinates": [ -71.795162820603394, -16.295768517305071 ] } },
{ "type": "Feature", "properties": { "class": "road", "longitude": -68.974638667444296, "latitude": -16.295768517305071, "Id": 675, "Code": null, "Name": null }, "geometry": { "type": "Point", "coordinates": [ -68.974638667444296, -16.295768517305071 ] } },
{ "type": "Feature", "properties": { "class": "road", "longitude": -63.33359036112612, "latitude": -16.295768517305071, "Id": 676, "Code": null, "Name": null }, "geometry": { "type": "Point", "coordinates": [ -63.33359036112612, -16.295768517305071 ] } },
{ "type": "Feature", "properties": { "class": "road", "longitude": -54.872017901648832, "latitude": -16.295768517305071, "Id": 677, "Code": null, "Name": null }, "geometry": { "type": "Point", "coordinates": [ -54.872017901648832, -16.295768517305071 ] } },
{ "type": "Feature", "properties": { "class": "road", "longitude": -52.051493748489733, "latitude": -16.295768517305071, "Id": 678, "Code": null, "Name": null }, "geometry": { "type": "Point", "coordinates": [ -52.051493748489733, -16.295768517305071 ] } },
{ "type": "Feature", "properties": { "class": "road", "longitude": -49.230969595330642, "latitude": -16.295768517305071, "Id": 679, "Code": null, "Name": null }, "geometry": { "type": "Point", "coordinates": [ -49.230969595330642, -16.295768517305071 ] } },
{ "type": "Feature", "properties": { "class": "road", "longitude": -46.410445442171557, "latitude": -16.295768517305071, "Id": 680, "Code": null, "Name": null }, "geometry": { "type": "Point", "coordinates": [ -46.410445442171557, -16.295768517305071 ] } },
{ "type": "Feature", "properties": { "class": "road", "longitude": -40.769397135853382, "latitude": -16.295768517305071, "Id": 681, "Code": null, "Name": null }, "geometry": { "type": "Point", "coordinates": [ -40.769397135853382, -16.295768517305071 ] } },
{ "type": "Feature", "properties": { "class": "road", "longitude": 24.102658386805768, "latitude": -16.295768517305071, "Id": 682, "Code": null, "Name": null }, "geometry": { "type": "Point", "coordinates": [ 24.102658386805768, -16.295768517305071 ] } },
{ "type": "Feature", "properties": { "class": "road", "longitude": 26.923182539964866, "latitude": -16.295768517305071, "Id": 683, "Code": null, "Name": null }, "geometry": { "type": "Point", "coordinates": [ 26.92318253996487, -16.295768517305071 ] } },
{ "type": "Feature", "properties": { "class": "road", "longitude": 29.743706693123968, "latitude": -16.295768517305071, "Id": 684, "Code": null, "Name": null }, "geometry": { "type": "Point", "coordinates": [ 29.743706693123968, -16.295768517305071 ] } },
{ "type": "Feature", "properties": { "class": "road", "longitude": 32.564230846283067, "latitude": -16.295768517305071, "Id": 685, "Code": null, "Name": null }, "geometry": { "type": "Point", "coordinates": [ 32.564230846283067, -16.295768517305071 ] } },
{ "type": "Feature", "properties": { "class": "road", "longitude": 35.384754999442166, "latitude": -16.295768517305071, "Id": 686, "Code": null, "Name": null }, "geometry": { "type": "Point", "coordinates": [ 35.384754999442166, -16.295768517305071 ] } },
{ "type": "Feature", "properties": { "class": "road", "longitude": 38.205279152601229, "latitude": -16.295768517305071, "Id": 687, "Code": null, "Name": null }, "geometry": { "type": "Point", "coordinates": [ 38.205279152601229, -16.295768517305071 ] } },
{ "type": "Feature", "properties": { "class": "road", "longitude": 46.666851612078531, "latitude": -16.295768517305071, "Id": 688, "Code": null, "Name": null }, "geometry": { "type": "Point", "coordinates": [ 46.666851612078524, -16.295768517305071 ] } },
{ "type": "Feature", "properties": { "class": "road", "longitude": 49.487375765237623, "latitude": -16.295768517305071, "Id": 689, "Code": null, "Name": null }, "geometry": { "type": "Point", "coordinates": [ 49.487375765237623, -16.295768517305071 ] } },
{ "type": "Feature", "properties": { "class": "road", "longitude": 134.10310036001042, "latitude": -16.295768517305071, "Id": 690, "Code": null, "Name": null }, "geometry": { "type": "Point", "coordinates": [ 134.103100360010416, -16.295768517305071 ] } },
{ "type": "Feature", "properties": { "class": "road", "longitude": 145.38519697264678, "latitude": -16.295768517305071, "Id": 691, "Code": null, "Name": null }, "geometry": { "type": "Point", "coordinates": [ 145.385196972646781, -16.295768517305071 ] } },
{ "type": "Feature", "properties": { "class": "road", "longitude": 167.94939019791948, "latitude": -16.295768517305071, "Id": 692, "Code": null, "Name": null }, "geometry": { "type": "Point", "coordinates": [ 167.949390197919485, -16.295768517305071 ] } },
{ "type": "Feature", "properties": { "class": "road", "longitude": -69.507293311646336, "latitude": -18.565318306554289, "Id": 693, "Code": null, "Name": null }, "geometry": { "type": "Point", "coordinates": [ -69.507293311646336, -18.565318306554289 ] } },
{ "type": "Feature", "properties": { "class": "road", "longitude": -66.66498774261774, "latitude": -18.565318306554289, "Id": 694, "Code": null, "Name": null }, "geometry": { "type": "Point", "coordinates": [ -66.66498774261774, -18.565318306554289 ] } },
{ "type": "Feature", "properties": { "class": "road", "longitude": -58.138071035531951, "latitude": -18.565318306554289, "Id": 695, "Code": null, "Name": null }, "geometry": { "type": "Point", "coordinates": [ -58.138071035531951, -18.565318306554289 ] } },
{ "type": "Feature", "properties": { "class": "road", "longitude": -49.611154328446162, "latitude": -18.565318306554289, "Id": 696, "Code": null, "Name": null }, "geometry": { "type": "Point", "coordinates": [ -49.611154328446162, -18.565318306554289 ] } },
{ "type": "Feature", "properties": { "class": "road", "longitude": -46.768848759417573, "latitude": -18.565318306554289, "Id": 697, "Code": null, "Name": null }, "geometry": { "type": "Point", "coordinates": [ -46.76884875941758, -18.565318306554289 ] } },
{ "type": "Feature", "properties": { "class": "road", "longitude": -43.926543190388976, "latitude": -18.565318306554289, "Id": 698, "Code": null, "Name": null }, "geometry": { "type": "Point", "coordinates": [ -43.926543190388976, -18.565318306554289 ] } },
{ "type": "Feature", "properties": { "class": "road", "longitude": -41.084237621360401, "latitude": -18.565318306554289, "Id": 699, "Code": null, "Name": null }, "geometry": { "type": "Point", "coordinates": [ -41.084237621360401, -18.565318306554289 ] } },
{ "type": "Feature", "properties": { "class": "road", "longitude": 21.446484897268682, "latitude": -18.565318306554289, "Id": 700, "Code": null, "Name": null }, "geometry": { "type": "Point", "coordinates": [ 21.446484897268682, -18.565318306554289 ] } },
{ "type": "Feature", "properties": { "class": "road", "longitude": 24.288790466297286, "latitude": -18.565318306554289, "Id": 701, "Code": null, "Name": null }, "geometry": { "type": "Point", "coordinates": [ 24.288790466297282, -18.565318306554289 ] } },
{ "type": "Feature", "properties": { "class": "road", "longitude": 27.131096035325886, "latitude": -18.565318306554289, "Id": 702, "Code": null, "Name": null }, "geometry": { "type": "Point", "coordinates": [ 27.131096035325882, -18.565318306554289 ] } },
{ "type": "Feature", "properties": { "class": "road", "longitude": 29.973401604354486, "latitude": -18.565318306554289, "Id": 703, "Code": null, "Name": null }, "geometry": { "type": "Point", "coordinates": [ 29.973401604354486, -18.565318306554289 ] } },
{ "type": "Feature", "properties": { "class": "road", "longitude": 32.815707173383082, "latitude": -18.565318306554289, "Id": 704, "Code": null, "Name": null }, "geometry": { "type": "Point", "coordinates": [ 32.815707173383082, -18.565318306554289 ] } },
{ "type": "Feature", "properties": { "class": "road", "longitude": 44.184929449497453, "latitude": -18.565318306554289, "Id": 705, "Code": null, "Name": null }, "geometry": { "type": "Point", "coordinates": [ 44.184929449497453, -18.565318306554289 ] } },
{ "type": "Feature", "properties": { "class": "road", "longitude": 47.027235018526056, "latitude": -18.565318306554289, "Id": 706, "Code": null, "Name": null }, "geometry": { "type": "Point", "coordinates": [ 47.027235018526056, -18.565318306554289 ] } },
{ "type": "Feature", "properties": { "class": "road", "longitude": 123.7694853822981, "latitude": -18.565318306554289, "Id": 707, "Code": null, "Name": null }, "geometry": { "type": "Point", "coordinates": [ 123.7694853822981, -18.565318306554289 ] } },
{ "type": "Feature", "properties": { "class": "road", "longitude": 137.98101322744105, "latitude": -18.565318306554289, "Id": 708, "Code": null, "Name": null }, "geometry": { "type": "Point", "coordinates": [ 137.981013227441053, -18.565318306554289 ] } },
{ "type": "Feature", "properties": { "class": "road", "longitude": 140.82331879646966, "latitude": -18.565318306554289, "Id": 709, "Code": null, "Name": null }, "geometry": { "type": "Point", "coordinates": [ 140.823318796469664, -18.565318306554289 ] } },
{ "type": "Feature", "properties": { "class": "road", "longitude": 143.66562436549827, "latitude": -18.565318306554289, "Id": 710, "Code": null, "Name": null }, "geometry": { "type": "Point", "coordinates": [ 143.665624365498275, -18.565318306554289 ] } },
{ "type": "Feature", "properties": { "class": "road", "longitude": -70.123558542468203, "latitude": -20.846445046128025, "Id": 711, "Code": null, "Name": null }, "geometry": { "type": "Point", "coordinates": [ -70.123558542468203, -20.846445046128025 ] } },
{ "type": "Feature", "properties": { "class": "road", "longitude": -67.256052537426228, "latitude": -20.846445046128025, "Id": 712, "Code": null, "Name": null }, "geometry": { "type": "Point", "coordinates": [ -67.256052537426228, -20.846445046128025 ] } },
{ "type": "Feature", "properties": { "class": "road", "longitude": -55.786028517258309, "latitude": -20.846445046128025, "Id": 713, "Code": null, "Name": null }, "geometry": { "type": "Point", "coordinates": [ -55.786028517258309, -20.846445046128025 ] } },
{ "type": "Feature", "properties": { "class": "road", "longitude": -50.051016507174346, "latitude": -20.846445046128025, "Id": 714, "Code": null, "Name": null }, "geometry": { "type": "Point", "coordinates": [ -50.051016507174346, -20.846445046128025 ] } },
{ "type": "Feature", "properties": { "class": "road", "longitude": -44.316004497090383, "latitude": -20.846445046128025, "Id": 715, "Code": null, "Name": null }, "geometry": { "type": "Point", "coordinates": [ -44.316004497090383, -20.846445046128025 ] } },
{ "type": "Feature", "properties": { "class": "road", "longitude": -41.448498492048422, "latitude": -20.846445046128025, "Id": 716, "Code": null, "Name": null }, "geometry": { "type": "Point", "coordinates": [ -41.448498492048422, -20.846445046128025 ] } },
{ "type": "Feature", "properties": { "class": "road", "longitude": 15.901621608791183, "latitude": -20.846445046128025, "Id": 717, "Code": null, "Name": null }, "geometry": { "type": "Point", "coordinates": [ 15.901621608791183, -20.846445046128025 ] } },
{ "type": "Feature", "properties": { "class": "road", "longitude": 24.504139623917101, "latitude": -20.846445046128025, "Id": 718, "Code": null, "Name": null }, "geometry": { "type": "Point", "coordinates": [ 24.504139623917101, -20.846445046128025 ] } },
{ "type": "Feature", "properties": { "class": "road", "longitude": 27.371645628959094, "latitude": -20.846445046128025, "Id": 719, "Code": null, "Name": null }, "geometry": { "type": "Point", "coordinates": [ 27.37164562895909, -20.846445046128025 ] } },
{ "type": "Feature", "properties": { "class": "road", "longitude": 30.239151634001075, "latitude": -20.846445046128025, "Id": 720, "Code": null, "Name": null }, "geometry": { "type": "Point", "coordinates": [ 30.239151634001075, -20.846445046128025 ] } },
{ "type": "Feature", "properties": { "class": "road", "longitude": 33.106657639043057, "latitude": -20.846445046128025, "Id": 721, "Code": null, "Name": null }, "geometry": { "type": "Point", "coordinates": [ 33.106657639043057, -20.846445046128025 ] } },
{ "type": "Feature", "properties": { "class": "road", "longitude": 44.576681659210969, "latitude": -20.846445046128025, "Id": 722, "Code": null, "Name": null }, "geometry": { "type": "Point", "coordinates": [ 44.576681659210969, -20.846445046128025 ] } },
{ "type": "Feature", "properties": { "class": "road", "longitude": 47.444187664252951, "latitude": -20.846445046128025, "Id": 723, "Code": null, "Name": null }, "geometry": { "type": "Point", "coordinates": [ 47.444187664252951, -20.846445046128025 ] } },
{ "type": "Feature", "properties": { "class": "road", "longitude": 133.46936781551236, "latitude": -20.846445046128025, "Id": 724, "Code": null, "Name": null }, "geometry": { "type": "Point", "coordinates": [ 133.469367815512356, -20.846445046128025 ] } },
{ "type": "Feature", "properties": { "class": "road", "longitude": 144.93939183568023, "latitude": -20.846445046128025, "Id": 725, "Code": null, "Name": null }, "geometry": { "type": "Point", "coordinates": [ 144.939391835680226, -20.846445046128025 ] } },
{ "type": "Feature", "properties": { "class": "road", "longitude": 147.8068978407222, "latitude": -20.846445046128025, "Id": 726, "Code": null, "Name": null }, "geometry": { "type": "Point", "coordinates": [ 147.8068978407222, -20.846445046128025 ] } },
{ "type": "Feature", "properties": { "class": "road", "longitude": -65.036987303843176, "latitude": -23.140824346297673, "Id": 727, "Code": null, "Name": null }, "geometry": { "type": "Point", "coordinates": [ -65.036987303843176, -23.140824346297673 ] } },
{ "type": "Feature", "properties": { "class": "road", "longitude": -62.140603370874416, "latitude": -23.140824346297673, "Id": 728, "Code": null, "Name": null }, "geometry": { "type": "Point", "coordinates": [ -62.140603370874416, -23.140824346297673 ] } },
{ "type": "Feature", "properties": { "class": "road", "longitude": -59.244219437905649, "latitude": -23.140824346297673, "Id": 729, "Code": null, "Name": null }, "geometry": { "type": "Point", "coordinates": [ -59.244219437905649, -23.140824346297673 ] } },
{ "type": "Feature", "properties": { "class": "road", "longitude": -53.451451571968128, "latitude": -23.140824346297673, "Id": 730, "Code": null, "Name": null }, "geometry": { "type": "Point", "coordinates": [ -53.451451571968128, -23.140824346297673 ] } },
{ "type": "Feature", "properties": { "class": "road", "longitude": -47.658683706030608, "latitude": -23.140824346297673, "Id": 731, "Code": null, "Name": null }, "geometry": { "type": "Point", "coordinates": [ -47.658683706030608, -23.140824346297673 ] } },
{ "type": "Feature", "properties": { "class": "road", "longitude": -44.762299773061834, "latitude": -23.140824346297673, "Id": 732, "Code": null, "Name": null }, "geometry": { "type": "Point", "coordinates": [ -44.762299773061834, -23.140824346297673 ] } },
{ "type": "Feature", "properties": { "class": "road", "longitude": 16.06176281928219, "latitude": -23.140824346297673, "Id": 733, "Code": null, "Name": null }, "geometry": { "type": "Point", "coordinates": [ 16.06176281928219, -23.140824346297673 ] } },
{ "type": "Feature", "properties": { "class": "road", "longitude": 18.958146752250958, "latitude": -23.140824346297673, "Id": 734, "Code": null, "Name": null }, "geometry": { "type": "Point", "coordinates": [ 18.958146752250958, -23.140824346297673 ] } },
{ "type": "Feature", "properties": { "class": "road", "longitude": 21.854530685219689, "latitude": -23.140824346297673, "Id": 735, "Code": null, "Name": null }, "geometry": { "type": "Point", "coordinates": [ 21.854530685219689, -23.140824346297673 ] } },
{ "type": "Feature", "properties": { "class": "road", "longitude": 27.647298551157231, "latitude": -23.140824346297673, "Id": 736, "Code": null, "Name": null }, "geometry": { "type": "Point", "coordinates": [ 27.647298551157231, -23.140824346297673 ] } },
{ "type": "Feature", "properties": { "class": "road", "longitude": 30.543682484125995, "latitude": -23.140824346297673, "Id": 737, "Code": null, "Name": null }, "geometry": { "type": "Point", "coordinates": [ 30.543682484125995, -23.140824346297673 ] } },
{ "type": "Feature", "properties": { "class": "road", "longitude": 33.440066417094769, "latitude": -23.140824346297673, "Id": 738, "Code": null, "Name": null }, "geometry": { "type": "Point", "coordinates": [ 33.440066417094769, -23.140824346297673 ] } },
{ "type": "Feature", "properties": { "class": "road", "longitude": 129.02073620506394, "latitude": -23.140824346297673, "Id": 739, "Code": null, "Name": null }, "geometry": { "type": "Point", "coordinates": [ 129.02073620506394, -23.140824346297673 ] } },
{ "type": "Feature", "properties": { "class": "road", "longitude": 131.91712013803271, "latitude": -23.140824346297673, "Id": 740, "Code": null, "Name": null }, "geometry": { "type": "Point", "coordinates": [ 131.917120138032715, -23.140824346297673 ] } },
{ "type": "Feature", "properties": { "class": "road", "longitude": 137.70988800397024, "latitude": -23.140824346297673, "Id": 741, "Code": null, "Name": null }, "geometry": { "type": "Point", "coordinates": [ 137.709888003970235, -23.140824346297673 ] } },
{ "type": "Feature", "properties": { "class": "road", "longitude": 143.50265586990773, "latitude": -23.140824346297673, "Id": 742, "Code": null, "Name": null }, "geometry": { "type": "Point", "coordinates": [ 143.502655869907727, -23.140824346297673 ] } },
{ "type": "Feature", "properties": { "class": "road", "longitude": 146.3990398028765, "latitude": -23.140824346297673, "Id": 743, "Code": null, "Name": null }, "geometry": { "type": "Point", "coordinates": [ 146.399039802876501, -23.140824346297673 ] } },
{ "type": "Feature", "properties": { "class": "road", "longitude": -62.845737969950669, "latitude": -25.450240656158165, "Id": 744, "Code": null, "Name": null }, "geometry": { "type": "Point", "coordinates": [ -62.845737969950669, -25.450240656158165 ] } },
{ "type": "Feature", "properties": { "class": "road", "longitude": -59.916487595194134, "latitude": -25.450240656158165, "Id": 745, "Code": null, "Name": null }, "geometry": { "type": "Point", "coordinates": [ -59.916487595194134, -25.450240656158165 ] } },
{ "type": "Feature", "properties": { "class": "road", "longitude": -56.987237220437621, "latitude": -25.450240656158165, "Id": 746, "Code": null, "Name": null }, "geometry": { "type": "Point", "coordinates": [ -56.987237220437628, -25.450240656158165 ] } },
{ "type": "Feature", "properties": { "class": "road", "longitude": -54.057986845681107, "latitude": -25.450240656158165, "Id": 747, "Code": null, "Name": null }, "geometry": { "type": "Point", "coordinates": [ -54.057986845681107, -25.450240656158165 ] } },
{ "type": "Feature", "properties": { "class": "road", "longitude": -51.128736470924586, "latitude": -25.450240656158165, "Id": 748, "Code": null, "Name": null }, "geometry": { "type": "Point", "coordinates": [ -51.128736470924586, -25.450240656158165 ] } },
{ "type": "Feature", "properties": { "class": "road", "longitude": 16.244022148475327, "latitude": -25.450240656158165, "Id": 749, "Code": null, "Name": null }, "geometry": { "type": "Point", "coordinates": [ 16.244022148475327, -25.450240656158165 ] } },
{ "type": "Feature", "properties": { "class": "road", "longitude": 19.173272523231851, "latitude": -25.450240656158165, "Id": 750, "Code": null, "Name": null }, "geometry": { "type": "Point", "coordinates": [ 19.173272523231851, -25.450240656158165 ] } },
{ "type": "Feature", "properties": { "class": "road", "longitude": 22.102522897988333, "latitude": -25.450240656158165, "Id": 751, "Code": null, "Name": null }, "geometry": { "type": "Point", "coordinates": [ 22.102522897988333, -25.450240656158165 ] } },
{ "type": "Feature", "properties": { "class": "road", "longitude": 25.031773272744857, "latitude": -25.450240656158165, "Id": 752, "Code": null, "Name": null }, "geometry": { "type": "Point", "coordinates": [ 25.031773272744857, -25.450240656158165 ] } },
{ "type": "Feature", "properties": { "class": "road", "longitude": 27.961023647501385, "latitude": -25.450240656158165, "Id": 753, "Code": null, "Name": null }, "geometry": { "type": "Point", "coordinates": [ 27.961023647501385, -25.450240656158165 ] } },
{ "type": "Feature", "properties": { "class": "road", "longitude": 30.890274022257906, "latitude": -25.450240656158165, "Id": 754, "Code": null, "Name": null }, "geometry": { "type": "Point", "coordinates": [ 30.890274022257906, -25.450240656158165 ] } },
{ "type": "Feature", "properties": { "class": "road", "longitude": 45.536525896040494, "latitude": -25.450240656158165, "Id": 755, "Code": null, "Name": null }, "geometry": { "type": "Point", "coordinates": [ 45.536525896040494, -25.450240656158165 ] } },
{ "type": "Feature", "properties": { "class": "road", "longitude": 112.9092845154404, "latitude": -25.450240656158165, "Id": 756, "Code": null, "Name": null }, "geometry": { "type": "Point", "coordinates": [ 112.909284515440405, -25.450240656158165 ] } },
{ "type": "Feature", "properties": { "class": "road", "longitude": 121.69703563970997, "latitude": -25.450240656158165, "Id": 757, "Code": null, "Name": null }, "geometry": { "type": "Point", "coordinates": [ 121.697035639709966, -25.450240656158165 ] } },
{ "type": "Feature", "properties": { "class": "road", "longitude": 136.34328751349256, "latitude": -25.450240656158165, "Id": 758, "Code": null, "Name": null }, "geometry": { "type": "Point", "coordinates": [ 136.343287513492555, -25.450240656158165 ] } },
{ "type": "Feature", "properties": { "class": "road", "longitude": 139.27253788824908, "latitude": -25.450240656158165, "Id": 759, "Code": null, "Name": null }, "geometry": { "type": "Point", "coordinates": [ 139.272537888249076, -25.450240656158165 ] } },
{ "type": "Feature", "properties": { "class": "road", "longitude": -69.577425551700529, "latitude": -27.776608043769507, "Id": 760, "Code": null, "Name": null }, "geometry": { "type": "Point", "coordinates": [ -69.577425551700529, -27.776608043769507 ] } },
{ "type": "Feature", "properties": { "class": "road", "longitude": -63.644467013170832, "latitude": -27.776608043769507, "Id": 761, "Code": null, "Name": null }, "geometry": { "type": "Point", "coordinates": [ -63.644467013170832, -27.776608043769507 ] } },
{ "type": "Feature", "properties": { "class": "road", "longitude": -60.677987743905973, "latitude": -27.776608043769507, "Id": 762, "Code": null, "Name": null }, "geometry": { "type": "Point", "coordinates": [ -60.677987743905973, -27.776608043769507 ] } },
{ "type": "Feature", "properties": { "class": "road", "longitude": -57.711508474641128, "latitude": -27.776608043769507, "Id": 763, "Code": null, "Name": null }, "geometry": { "type": "Point", "coordinates": [ -57.711508474641128, -27.776608043769507 ] } },
{ "type": "Feature", "properties": { "class": "road", "longitude": -54.745029205376277, "latitude": -27.776608043769507, "Id": 764, "Code": null, "Name": null }, "geometry": { "type": "Point", "coordinates": [ -54.745029205376277, -27.776608043769507 ] } },
{ "type": "Feature", "properties": { "class": "road", "longitude": -51.778549936111425, "latitude": -27.776608043769507, "Id": 765, "Code": null, "Name": null }, "geometry": { "type": "Point", "coordinates": [ -51.778549936111425, -27.776608043769507 ] } },
{ "type": "Feature", "properties": { "class": "road", "longitude": 19.416952526244987, "latitude": -27.776608043769507, "Id": 766, "Code": null, "Name": null }, "geometry": { "type": "Point", "coordinates": [ 19.416952526244987, -27.776608043769507 ] } },
{ "type": "Feature", "properties": { "class": "road", "longitude": 22.383431795509804, "latitude": -27.776608043769507, "Id": 767, "Code": null, "Name": null }, "geometry": { "type": "Point", "coordinates": [ 22.383431795509804, -27.776608043769507 ] } },
{ "type": "Feature", "properties": { "class": "road", "longitude": 25.349911064774663, "latitude": -27.776608043769507, "Id": 768, "Code": null, "Name": null }, "geometry": { "type": "Point", "coordinates": [ 25.349911064774663, -27.776608043769507 ] } },
{ "type": "Feature", "properties": { "class": "road", "longitude": 28.316390334039522, "latitude": -27.776608043769507, "Id": 769, "Code": null, "Name": null }, "geometry": { "type": "Point", "coordinates": [ 28.316390334039522, -27.776608043769507 ] } },
{ "type": "Feature", "properties": { "class": "road", "longitude": 31.282869603304377, "latitude": -27.776608043769507, "Id": 770, "Code": null, "Name": null }, "geometry": { "type": "Point", "coordinates": [ 31.282869603304377, -27.776608043769507 ] } },
{ "type": "Feature", "properties": { "class": "road", "longitude": 114.34428914272017, "latitude": -27.776608043769507, "Id": 771, "Code": null, "Name": null }, "geometry": { "type": "Point", "coordinates": [ 114.344289142720172, -27.776608043769507 ] } },
{ "type": "Feature", "properties": { "class": "road", "longitude": 117.31076841198502, "latitude": -27.776608043769507, "Id": 772, "Code": null, "Name": null }, "geometry": { "type": "Point", "coordinates": [ 117.310768411985023, -27.776608043769507 ] } },
{ "type": "Feature", "properties": { "class": "road", "longitude": 120.27724768124988, "latitude": -27.776608043769507, "Id": 773, "Code": null, "Name": null }, "geometry": { "type": "Point", "coordinates": [ 120.277247681249875, -27.776608043769507 ] } },
{ "type": "Feature", "properties": { "class": "road", "longitude": 135.10964402757412, "latitude": -27.776608043769507, "Id": 774, "Code": null, "Name": null }, "geometry": { "type": "Point", "coordinates": [ 135.10964402757412, -27.776608043769507 ] } },
{ "type": "Feature", "properties": { "class": "road", "longitude": 144.00908183536868, "latitude": -27.776608043769507, "Id": 775, "Code": null, "Name": null }, "geometry": { "type": "Point", "coordinates": [ 144.009081835368676, -27.776608043769507 ] } },
{ "type": "Feature", "properties": { "class": "road", "longitude": 149.94204037389832, "latitude": -27.776608043769507, "Id": 776, "Code": null, "Name": null }, "geometry": { "type": "Point", "coordinates": [ 149.942040373898351, -27.776608043769507 ] } },
{ "type": "Feature", "properties": { "class": "road", "longitude": 152.90851964316323, "latitude": -27.776608043769507, "Id": 777, "Code": null, "Name": null }, "geometry": { "type": "Point", "coordinates": [ 152.908519643163231, -27.776608043769507 ] } },
{ "type": "Feature", "properties": { "class": "road", "longitude": -70.563492597525126, "latitude": -30.12199484734095, "Id": 778, "Code": null, "Name": null }, "geometry": { "type": "Point", "coordinates": [ -70.563492597525126, -30.12199484734095 ] } },
{ "type": "Feature", "properties": { "class": "road", "longitude": -67.554971711653323, "latitude": -30.12199484734095, "Id": 779, "Code": null, "Name": null }, "geometry": { "type": "Point", "coordinates": [ -67.554971711653323, -30.12199484734095 ] } },
{ "type": "Feature", "properties": { "class": "road", "longitude": -64.546450825781506, "latitude": -30.12199484734095, "Id": 780, "Code": null, "Name": null }, "geometry": { "type": "Point", "coordinates": [ -64.546450825781506, -30.12199484734095 ] } },
{ "type": "Feature", "properties": { "class": "road", "longitude": -61.537929939909688, "latitude": -30.12199484734095, "Id": 781, "Code": null, "Name": null }, "geometry": { "type": "Point", "coordinates": [ -61.537929939909688, -30.12199484734095 ] } },
{ "type": "Feature", "properties": { "class": "road", "longitude": -58.529409054037878, "latitude": -30.12199484734095, "Id": 782, "Code": null, "Name": null }, "geometry": { "type": "Point", "coordinates": [ -58.529409054037878, -30.12199484734095 ] } },
{ "type": "Feature", "properties": { "class": "road", "longitude": -55.520888168166074, "latitude": -30.12199484734095, "Id": 783, "Code": null, "Name": null }, "geometry": { "type": "Point", "coordinates": [ -55.520888168166074, -30.12199484734095 ] } },
{ "type": "Feature", "properties": { "class": "road", "longitude": -52.512367282294257, "latitude": -30.12199484734095, "Id": 784, "Code": null, "Name": null }, "geometry": { "type": "Point", "coordinates": [ -52.512367282294257, -30.12199484734095 ] } },
{ "type": "Feature", "properties": { "class": "road", "longitude": 19.69213397862919, "latitude": -30.12199484734095, "Id": 785, "Code": null, "Name": null }, "geometry": { "type": "Point", "coordinates": [ 19.692133978629194, -30.12199484734095 ] } },
{ "type": "Feature", "properties": { "class": "road", "longitude": 22.700654864500972, "latitude": -30.12199484734095, "Id": 786, "Code": null, "Name": null }, "geometry": { "type": "Point", "coordinates": [ 22.700654864500972, -30.12199484734095 ] } },
{ "type": "Feature", "properties": { "class": "road", "longitude": 25.709175750372786, "latitude": -30.12199484734095, "Id": 787, "Code": null, "Name": null }, "geometry": { "type": "Point", "coordinates": [ 25.70917575037279, -30.12199484734095 ] } },
{ "type": "Feature", "properties": { "class": "road", "longitude": 115.96480232652709, "latitude": -30.12199484734095, "Id": 788, "Code": null, "Name": null }, "geometry": { "type": "Point", "coordinates": [ 115.964802326527092, -30.12199484734095 ] } },
{ "type": "Feature", "properties": { "class": "road", "longitude": 121.98184409827071, "latitude": -30.12199484734095, "Id": 789, "Code": null, "Name": null }, "geometry": { "type": "Point", "coordinates": [ 121.981844098270727, -30.12199484734095 ] } },
{ "type": "Feature", "properties": { "class": "road", "longitude": 127.99888587001432, "latitude": -30.12199484734095, "Id": 790, "Code": null, "Name": null }, "geometry": { "type": "Point", "coordinates": [ 127.99888587001432, -30.12199484734095 ] } },
{ "type": "Feature", "properties": { "class": "road", "longitude": 134.01592764175797, "latitude": -30.12199484734095, "Id": 791, "Code": null, "Name": null }, "geometry": { "type": "Point", "coordinates": [ 134.015927641757969, -30.12199484734095 ] } },
{ "type": "Feature", "properties": { "class": "road", "longitude": 140.0329694135016, "latitude": -30.12199484734095, "Id": 792, "Code": null, "Name": null }, "geometry": { "type": "Point", "coordinates": [ 140.032969413501604, -30.12199484734095 ] } },
{ "type": "Feature", "properties": { "class": "road", "longitude": 143.04149029937341, "latitude": -30.12199484734095, "Id": 793, "Code": null, "Name": null }, "geometry": { "type": "Point", "coordinates": [ 143.041490299373407, -30.12199484734095 ] } },
{ "type": "Feature", "properties": { "class": "road", "longitude": 146.05001118524518, "latitude": -30.12199484734095, "Id": 794, "Code": null, "Name": null }, "geometry": { "type": "Point", "coordinates": [ 146.050011185245182, -30.12199484734095 ] } },
{ "type": "Feature", "properties": { "class": "road", "longitude": 149.05853207111701, "latitude": -30.12199484734095, "Id": 795, "Code": null, "Name": null }, "geometry": { "type": "Point", "coordinates": [ 149.058532071117014, -30.12199484734095 ] } },
{ "type": "Feature", "properties": { "class": "road", "longitude": -68.619282188594767, "latitude": -32.488653294573965, "Id": 796, "Code": null, "Name": null }, "geometry": { "type": "Point", "coordinates": [ -68.619282188594767, -32.488653294573965 ] } },
{ "type": "Feature", "properties": { "class": "road", "longitude": -65.563362862344675, "latitude": -32.488653294573965, "Id": 797, "Code": null, "Name": null }, "geometry": { "type": "Point", "coordinates": [ -65.563362862344675, -32.488653294573965 ] } },
{ "type": "Feature", "properties": { "class": "road", "longitude": -62.50744353609457, "latitude": -32.488653294573965, "Id": 798, "Code": null, "Name": null }, "geometry": { "type": "Point", "coordinates": [ -62.50744353609457, -32.488653294573965 ] } },
{ "type": "Feature", "properties": { "class": "road", "longitude": -59.451524209844514, "latitude": -32.488653294573965, "Id": 799, "Code": null, "Name": null }, "geometry": { "type": "Point", "coordinates": [ -59.451524209844514, -32.488653294573965 ] } },
{ "type": "Feature", "properties": { "class": "road", "longitude": -56.395604883594423, "latitude": -32.488653294573965, "Id": 800, "Code": null, "Name": null }, "geometry": { "type": "Point", "coordinates": [ -56.395604883594423, -32.488653294573965 ] } },
{ "type": "Feature", "properties": { "class": "road", "longitude": -53.339685557344346, "latitude": -32.488653294573965, "Id": 801, "Code": null, "Name": null }, "geometry": { "type": "Point", "coordinates": [ -53.339685557344346, -32.488653294573965 ] } },
{ "type": "Feature", "properties": { "class": "road", "longitude": 20.00237827265758, "latitude": -32.488653294573965, "Id": 802, "Code": null, "Name": null }, "geometry": { "type": "Point", "coordinates": [ 20.00237827265758, -32.488653294573965 ] } },
{ "type": "Feature", "properties": { "class": "road", "longitude": 23.058297598907625, "latitude": -32.488653294573965, "Id": 803, "Code": null, "Name": null }, "geometry": { "type": "Point", "coordinates": [ 23.058297598907625, -32.488653294573965 ] } },
{ "type": "Feature", "properties": { "class": "road", "longitude": 26.114216925157713, "latitude": -32.488653294573965, "Id": 804, "Code": null, "Name": null }, "geometry": { "type": "Point", "coordinates": [ 26.114216925157713, -32.488653294573965 ] } },
{ "type": "Feature", "properties": { "class": "road", "longitude": 117.79179671266013, "latitude": -32.488653294573965, "Id": 805, "Code": null, "Name": null }, "geometry": { "type": "Point", "coordinates": [ 117.79179671266013, -32.488653294573965 ] } },
{ "type": "Feature", "properties": { "class": "road", "longitude": 136.12731267016059, "latitude": -32.488653294573965, "Id": 806, "Code": null, "Name": null }, "geometry": { "type": "Point", "coordinates": [ 136.127312670160592, -32.488653294573965 ] } },
{ "type": "Feature", "properties": { "class": "road", "longitude": 139.18323199641068, "latitude": -32.488653294573965, "Id": 807, "Code": null, "Name": null }, "geometry": { "type": "Point", "coordinates": [ 139.183231996410683, -32.488653294573965 ] } },
{ "type": "Feature", "properties": { "class": "road", "longitude": 142.23915132266077, "latitude": -32.488653294573965, "Id": 808, "Code": null, "Name": null }, "geometry": { "type": "Point", "coordinates": [ 142.239151322660774, -32.488653294573965 ] } },
{ "type": "Feature", "properties": { "class": "road", "longitude": 148.3509899751609, "latitude": -32.488653294573965, "Id": 809, "Code": null, "Name": null }, "geometry": { "type": "Point", "coordinates": [ 148.3509899751609, -32.488653294573965 ] } },
{ "type": "Feature", "properties": { "class": "road", "longitude": -69.818720415522108, "latitude": -34.879055553177587, "Id": 810, "Code": null, "Name": null }, "geometry": { "type": "Point", "coordinates": [ -69.818720415522108, -34.879055553177587 ] } },
{ "type": "Feature", "properties": { "class": "road", "longitude": -63.600049212712342, "latitude": -34.879055553177587, "Id": 811, "Code": null, "Name": null }, "geometry": { "type": "Point", "coordinates": [ -63.600049212712342, -34.879055553177587 ] } },
{ "type": "Feature", "properties": { "class": "road", "longitude": -60.490713611307477, "latitude": -34.879055553177587, "Id": 812, "Code": null, "Name": null }, "geometry": { "type": "Point", "coordinates": [ -60.490713611307477, -34.879055553177587 ] } },
{ "type": "Feature", "properties": { "class": "road", "longitude": 116.74141566877032, "latitude": -34.879055553177587, "Id": 813, "Code": null, "Name": null }, "geometry": { "type": "Point", "coordinates": [ 116.741415668770316, -34.879055553177587 ] } },
{ "type": "Feature", "properties": { "class": "road", "longitude": 138.50676487860443, "latitude": -34.879055553177587, "Id": 814, "Code": null, "Name": null }, "geometry": { "type": "Point", "coordinates": [ 138.506764878604429, -34.879055553177587 ] } },
{ "type": "Feature", "properties": { "class": "road", "longitude": 144.72543608141419, "latitude": -34.879055553177587, "Id": 815, "Code": null, "Name": null }, "geometry": { "type": "Point", "coordinates": [ 144.725436081414188, -34.879055553177587 ] } },
{ "type": "Feature", "properties": { "class": "road", "longitude": -71.171446109330418, "latitude": -37.295938195578451, "Id": 816, "Code": null, "Name": null }, "geometry": { "type": "Point", "coordinates": [ -71.171446109330418, -37.295938195578451 ] } },
{ "type": "Feature", "properties": { "class": "road", "longitude": -68.001867665695542, "latitude": -37.295938195578451, "Id": 817, "Code": null, "Name": null }, "geometry": { "type": "Point", "coordinates": [ -68.001867665695542, -37.295938195578451 ] } },
{ "type": "Feature", "properties": { "class": "road", "longitude": -64.832289222060638, "latitude": -37.295938195578451, "Id": 818, "Code": null, "Name": null }, "geometry": { "type": "Point", "coordinates": [ -64.832289222060638, -37.295938195578451 ] } },
{ "type": "Feature", "properties": { "class": "road", "longitude": -61.662710778425769, "latitude": -37.295938195578451, "Id": 819, "Code": null, "Name": null }, "geometry": { "type": "Point", "coordinates": [ -61.662710778425769, -37.295938195578451 ] } },
{ "type": "Feature", "properties": { "class": "road", "longitude": -58.493132334790893, "latitude": -37.295938195578451, "Id": 820, "Code": null, "Name": null }, "geometry": { "type": "Point", "coordinates": [ -58.493132334790893, -37.295938195578451 ] } },
{ "type": "Feature", "properties": { "class": "road", "longitude": 141.1903096142066, "latitude": -37.295938195578451, "Id": 821, "Code": null, "Name": null }, "geometry": { "type": "Point", "coordinates": [ 141.190309614206598, -37.295938195578451 ] } },
{ "type": "Feature", "properties": { "class": "road", "longitude": 144.35988805784152, "latitude": -37.295938195578451, "Id": 822, "Code": null, "Name": null }, "geometry": { "type": "Point", "coordinates": [ 144.359888057841516, -37.295938195578451 ] } },
{ "type": "Feature", "properties": { "class": "road", "longitude": 147.52946650147638, "latitude": -37.295938195578451, "Id": 823, "Code": null, "Name": null }, "geometry": { "type": "Point", "coordinates": [ 147.529466501476378, -37.295938195578451 ] } },
{ "type": "Feature", "properties": { "class": "road", "longitude": -72.69987333393432, "latitude": -39.742357812707255, "Id": 824, "Code": null, "Name": null }, "geometry": { "type": "Point", "coordinates": [ -72.69987333393432, -39.742357812707255 ] } },
{ "type": "Feature", "properties": { "class": "road", "longitude": -69.462227283856151, "latitude": -39.742357812707255, "Id": 825, "Code": null, "Name": null }, "geometry": { "type": "Point", "coordinates": [ -69.462227283856151, -39.742357812707255 ] } },
{ "type": "Feature", "properties": { "class": "road", "longitude": -66.224581233777968, "latitude": -39.742357812707255, "Id": 826, "Code": null, "Name": null }, "geometry": { "type": "Point", "coordinates": [ -66.224581233777968, -39.742357812707255 ] } },
{ "type": "Feature", "properties": { "class": "road", "longitude": -62.986935183699821, "latitude": -39.742357812707255, "Id": 827, "Code": null, "Name": null }, "geometry": { "type": "Point", "coordinates": [ -62.986935183699821, -39.742357812707255 ] } },
{ "type": "Feature", "properties": { "class": "road", "longitude": 176.59887252208429, "latitude": -39.742357812707255, "Id": 828, "Code": null, "Name": null }, "geometry": { "type": "Point", "coordinates": [ 176.598872522084292, -39.742357812707255 ] } },
{ "type": "Feature", "properties": { "class": "road", "longitude": -71.117178255711949, "latitude": -42.221761620272943, "Id": 829, "Code": null, "Name": null }, "geometry": { "type": "Point", "coordinates": [ -71.117178255711949, -42.221761620272943 ] } },
{ "type": "Feature", "properties": { "class": "road", "longitude": -67.80239466359663, "latitude": -42.221761620272943, "Id": 830, "Code": null, "Name": null }, "geometry": { "type": "Point", "coordinates": [ -67.80239466359663, -42.221761620272943 ] } },
{ "type": "Feature", "properties": { "class": "road", "longitude": 147.65853882389823, "latitude": -42.221761620272943, "Id": 831, "Code": null, "Name": null }, "geometry": { "type": "Point", "coordinates": [ 147.658538823898226, -42.221761620272943 ] } },
{ "type": "Feature", "properties": { "class": "road", "longitude": -69.597902692237639, "latitude": -44.738078571830663, "Id": 832, "Code": null, "Name": null }, "geometry": { "type": "Point", "coordinates": [ -69.597902692237639, -44.738078571830663 ] } },
{ "type": "Feature", "properties": { "class": "road", "longitude": -66.195338711503624, "latitude": -44.738078571830663, "Id": 833, "Code": null, "Name": null }, "geometry": { "type": "Point", "coordinates": [ -66.195338711503624, -44.738078571830663 ] } },
{ "type": "Feature", "properties": { "class": "road", "longitude": 168.58157595914429, "latitude": -44.738078571830663, "Id": 834, "Code": null, "Name": null }, "geometry": { "type": "Point", "coordinates": [ 168.581575959144288, -44.738078571830663 ] } },
{ "type": "Feature", "properties": { "class": "road", "longitude": -70.400830672952907, "latitude": -49.900335515728941, "Id": 835, "Code": null, "Name": null }, "geometry": { "type": "Point", "coordinates": [ -70.400830672952907, -49.900335515728941 ] } },
{ "type": "Feature", "properties": { "class": "port", "longitude": -176.6156, "latitude": 51.8808, "Id": 836, "Code": null, "Name": null }, "geometry": { "type": "Point", "coordinates": [ -176.6156, 51.8808 ] } },
{ "type": "Feature", "properties": { "class": "port", "longitude": -175.2037, "latitude": -21.13267, "Id": 837, "Code": null, "Name": null }, "geometry": { "type": "Point", "coordinates": [ -175.2037, -21.13267 ] } },
{ "type": "Feature", "properties": { "class": "port", "longitude": -174.3549, "latitude": -19.79967, "Id": 838, "Code": null, "Name": null }, "geometry": { "type": "Point", "coordinates": [ -174.3549, -19.79967 ] } },
{ "type": "Feature", "properties": { "class": "port", "longitude": -174.0117438, "latitude": -18.66135737, "Id": 839, "Code": null, "Name": null }, "geometry": { "type": "Point", "coordinates": [ -174.0117438, -18.66135737 ] } },
{ "type": "Feature", "properties": { "class": "port", "longitude": -173.2981, "latitude": 64.4511, "Id": 840, "Code": null, "Name": null }, "geometry": { "type": "Point", "coordinates": [ -173.2981, 64.4511 ] } },
{ "type": "Feature", "properties": { "class": "port", "longitude": -171.7667, "latitude": -13.8167, "Id": 841, "Code": null, "Name": null }, "geometry": { "type": "Point", "coordinates": [ -171.7667, -13.8167 ] } },
{ "type": "Feature", "properties": { "class": "port", "longitude": -170.6909, "latitude": -14.28117, "Id": 842, "Code": null, "Name": null }, "geometry": { "type": "Point", "coordinates": [ -170.6909, -14.28117 ] } },
{ "type": "Feature", "properties": { "class": "port", "longitude": -166.5459169, "latitude": 53.89795387, "Id": 843, "Code": null, "Name": null }, "geometry": { "type": "Point", "coordinates": [ -166.5459169, 53.89795387 ] } },
{ "type": "Feature", "properties": { "class": "port", "longitude": -165.4345085, "latitude": 64.49856173000001, "Id": 844, "Code": null, "Name": null }, "geometry": { "type": "Point", "coordinates": [ -165.4345085, 64.49856173 ] } },
{ "type": "Feature", "properties": { "class": "port", "longitude": -159.7834777, "latitude": -21.2016624, "Id": 845, "Code": null, "Name": null }, "geometry": { "type": "Point", "coordinates": [ -159.7834777, -21.2016624 ] } },
{ "type": "Feature", "properties": { "class": "port", "longitude": -159.35988, "latitude": 3.8573, "Id": 846, "Code": null, "Name": null }, "geometry": { "type": "Point", "coordinates": [ -159.35988, 3.8573 ] } },
{ "type": "Feature", "properties": { "class": "port", "longitude": -159.35, "latitude": 21.95, "Id": 847, "Code": null, "Name": null }, "geometry": { "type": "Point", "coordinates": [ -159.35, 21.95 ] } },
{ "type": "Feature", "properties": { "class": "port", "longitude": -158.005246, "latitude": 21.29861638, "Id": 848, "Code": null, "Name": null }, "geometry": { "type": "Point", "coordinates": [ -158.005246, 21.29861638 ] } },
{ "type": "Feature", "properties": { "class": "port", "longitude": -156.7833, "latitude": 71.2833, "Id": 849, "Code": null, "Name": null }, "geometry": { "type": "Point", "coordinates": [ -156.7833, 71.2833 ] } },
{ "type": "Feature", "properties": { "class": "port", "longitude": -152.4003, "latitude": 57.7872, "Id": 850, "Code": null, "Name": null }, "geometry": { "type": "Point", "coordinates": [ -152.4003, 57.7872 ] } },
{ "type": "Feature", "properties": { "class": "port", "longitude": -151.7513, "latitude": -16.51117, "Id": 851, "Code": null, "Name": null }, "geometry": { "type": "Point", "coordinates": [ -151.7513, -16.51117 ] } },
{ "type": "Feature", "properties": { "class": "port", "longitude": -151.4188783, "latitude": 59.6047541, "Id": 852, "Code": null, "Name": null }, "geometry": { "type": "Point", "coordinates": [ -151.418878299999989, 59.6047541 ] } },
{ "type": "Feature", "properties": { "class": "port", "longitude": -151.263636, "latitude": 60.70688, "Id": 853, "Code": null, "Name": null }, "geometry": { "type": "Point", "coordinates": [ -151.263636, 60.70688 ] } },
{ "type": "Feature", "properties": { "class": "port", "longitude": -149.8951731, "latitude": 61.22642103, "Id": 854, "Code": null, "Name": null }, "geometry": { "type": "Point", "coordinates": [ -149.8951731, 61.22642103 ] } },
{ "type": "Feature", "properties": { "class": "port", "longitude": -149.5667, "latitude": -17.5333, "Id": 855, "Code": null, "Name": null }, "geometry": { "type": "Point", "coordinates": [ -149.5667, -17.5333 ] } },
{ "type": "Feature", "properties": { "class": "port", "longitude": -146.3842231, "latitude": 61.10230849, "Id": 856, "Code": null, "Name": null }, "geometry": { "type": "Point", "coordinates": [ -146.384223100000014, 61.10230849 ] } },
{ "type": "Feature", "properties": { "class": "port", "longitude": -139.7351, "latitude": 59.54633, "Id": 857, "Code": null, "Name": null }, "geometry": { "type": "Point", "coordinates": [ -139.7351, 59.54633 ] } },
{ "type": "Feature", "properties": { "class": "port", "longitude": -136.7878, "latitude": 58.1161, "Id": 858, "Code": null, "Name": null }, "geometry": { "type": "Point", "coordinates": [ -136.7878, 58.1161 ] } },
{ "type": "Feature", "properties": { "class": "port", "longitude": -135.3439, "latitude": 57.0517, "Id": 859, "Code": null, "Name": null }, "geometry": { "type": "Point", "coordinates": [ -135.3439, 57.0517 ] } },
{ "type": "Feature", "properties": { "class": "port", "longitude": -135.3294494, "latitude": 59.45040169, "Id": 860, "Code": null, "Name": null }, "geometry": { "type": "Point", "coordinates": [ -135.329449399999987, 59.45040169 ] } },
{ "type": "Feature", "properties": { "class": "port", "longitude": -134.5445382, "latitude": 58.34153508, "Id": 861, "Code": null, "Name": null }, "geometry": { "type": "Point", "coordinates": [ -134.5445382, 58.34153508 ] } },
{ "type": "Feature", "properties": { "class": "port", "longitude": -132.8163, "latitude": 55.20363, "Id": 862, "Code": null, "Name": null }, "geometry": { "type": "Point", "coordinates": [ -132.8163, 55.20363 ] } },
{ "type": "Feature", "properties": { "class": "port", "longitude": -130.2997016, "latitude": 54.2724405, "Id": 863, "Code": null, "Name": null }, "geometry": { "type": "Point", "coordinates": [ -130.2997016, 54.2724405 ] } },
{ "type": "Feature", "properties": { "class": "port", "longitude": -130.0057, "latitude": 55.90553, "Id": 864, "Code": null, "Name": null }, "geometry": { "type": "Point", "coordinates": [ -130.0057, 55.90553 ] } },
{ "type": "Feature", "properties": { "class": "port", "longitude": -128.8022, "latitude": 53.9981, "Id": 865, "Code": null, "Name": null }, "geometry": { "type": "Point", "coordinates": [ -128.8022, 53.9981 ] } },
{ "type": "Feature", "properties": { "class": "port", "longitude": -126.9183, "latitude": 50.5472, "Id": 866, "Code": null, "Name": null }, "geometry": { "type": "Point", "coordinates": [ -126.9183, 50.5472 ] } },
{ "type": "Feature", "properties": { "class": "port", "longitude": -126.122, "latitude": 49.65993, "Id": 867, "Code": null, "Name": null }, "geometry": { "type": "Point", "coordinates": [ -126.122, 49.65993 ] } },
{ "type": "Feature", "properties": { "class": "port", "longitude": -125.2806, "latitude": 50.07413, "Id": 868, "Code": null, "Name": null }, "geometry": { "type": "Point", "coordinates": [ -125.2806, 50.07413 ] } },
{ "type": "Feature", "properties": { "class": "port", "longitude": -124.8271, "latitude": 49.25053, "Id": 869, "Code": null, "Name": null }, "geometry": { "type": "Point", "coordinates": [ -124.8271, 49.25053 ] } },
{ "type": "Feature", "properties": { "class": "port", "longitude": -124.75, "latitude": 70.1833, "Id": 870, "Code": null, "Name": null }, "geometry": { "type": "Point", "coordinates": [ -124.75, 70.1833 ] } },
{ "type": "Feature", "properties": { "class": "port", "longitude": -124.5258, "latitude": 49.84573, "Id": 871, "Code": null, "Name": null }, "geometry": { "type": "Point", "coordinates": [ -124.5258, 49.84573 ] } },
{ "type": "Feature", "properties": { "class": "port", "longitude": -124.2293628, "latitude": 43.41285418, "Id": 872, "Code": null, "Name": null }, "geometry": { "type": "Point", "coordinates": [ -124.2293628, 43.41285418 ] } },
{ "type": "Feature", "properties": { "class": "port", "longitude": -124.1833, "latitude": 40.8, "Id": 873, "Code": null, "Name": null }, "geometry": { "type": "Point", "coordinates": [ -124.1833, 40.8 ] } },
{ "type": "Feature", "properties": { "class": "port", "longitude": -124.0274924, "latitude": 46.93890344, "Id": 874, "Code": null, "Name": null }, "geometry": { "type": "Point", "coordinates": [ -124.0274924, 46.93890344 ] } },
{ "type": "Feature", "properties": { "class": "port", "longitude": -123.8449, "latitude": 46.18873, "Id": 875, "Code": null, "Name": null }, "geometry": { "type": "Point", "coordinates": [ -123.8449, 46.18873 ] } },
{ "type": "Feature", "properties": { "class": "port", "longitude": -123.2624651, "latitude": 48.94972894, "Id": 876, "Code": null, "Name": null }, "geometry": { "type": "Point", "coordinates": [ -123.2624651, 48.94972894 ] } },
{ "type": "Feature", "properties": { "class": "port", "longitude": -123.0675, "latitude": 38.2772, "Id": 877, "Code": null, "Name": null }, "geometry": { "type": "Point", "coordinates": [ -123.0675, 38.2772 ] } },
{ "type": "Feature", "properties": { "class": "port", "longitude": -122.9236995, "latitude": 45.89812863, "Id": 878, "Code": null, "Name": null }, "geometry": { "type": "Point", "coordinates": [ -122.9236995, 45.89812863 ] } },
{ "type": "Feature", "properties": { "class": "port", "longitude": -122.5225509, "latitude": 47.48762782, "Id": 879, "Code": null, "Name": null }, "geometry": { "type": "Point", "coordinates": [ -122.5225509, 47.48762782 ] } },
{ "type": "Feature", "properties": { "class": "port", "longitude": -121.9482886, "latitude": 37.87453628, "Id": 880, "Code": null, "Name": null }, "geometry": { "type": "Point", "coordinates": [ -121.9482886, 37.87453628 ] } },
{ "type": "Feature", "properties": { "class": "port", "longitude": -119.4352466, "latitude": 34.28427144, "Id": 881, "Code": null, "Name": null }, "geometry": { "type": "Point", "coordinates": [ -119.4352466, 34.28427144 ] } },
{ "type": "Feature", "properties": { "class": "port", "longitude": -118.3515419, "latitude": 33.82359564, "Id": 882, "Code": null, "Name": null }, "geometry": { "type": "Point", "coordinates": [ -118.3515419, 33.82359564 ] } },
{ "type": "Feature", "properties": { "class": "port", "longitude": -117.1246382, "latitude": 32.53830417, "Id": 883, "Code": null, "Name": null }, "geometry": { "type": "Point", "coordinates": [ -117.1246382, 32.53830417 ] } },
{ "type": "Feature", "properties": { "class": "port", "longitude": -116.6333, "latitude": 31.8667, "Id": 884, "Code": null, "Name": null }, "geometry": { "type": "Point", "coordinates": [ -116.6333, 31.8667 ] } },
{ "type": "Feature", "properties": { "class": "port", "longitude": -115.2153, "latitude": 28.0578, "Id": 885, "Code": null, "Name": null }, "geometry": { "type": "Point", "coordinates": [ -115.2153, 28.0578 ] } },
{ "type": "Feature", "properties": { "class": "port", "longitude": -115.05, "latitude": 67.8, "Id": 886, "Code": null, "Name": null }, "geometry": { "type": "Point", "coordinates": [ -115.05, 67.8 ] } },
{ "type": "Feature", "properties": { "class": "port", "longitude": -112.2011545, "latitude": 27.26779513, "Id": 887, "Code": null, "Name": null }, "geometry": { "type": "Point", "coordinates": [ -112.2011545, 27.26779513 ] } },
{ "type": "Feature", "properties": { "class": "port", "longitude": -112.115, "latitude": 24.78743, "Id": 888, "Code": null, "Name": null }, "geometry": { "type": "Point", "coordinates": [ -112.115, 24.78743 ] } },
{ "type": "Feature", "properties": { "class": "port", "longitude": -110.9167, "latitude": 27.9167, "Id": 889, "Code": null, "Name": null }, "geometry": { "type": "Point", "coordinates": [ -110.9167, 27.9167 ] } },
{ "type": "Feature", "properties": { "class": "port", "longitude": -110.4948436, "latitude": 24.26945377, "Id": 890, "Code": null, "Name": null }, "geometry": { "type": "Point", "coordinates": [ -110.4948436, 24.26945377 ] } },
{ "type": "Feature", "properties": { "class": "port", "longitude": -109.4338, "latitude": -27.14787, "Id": 891, "Code": null, "Name": null }, "geometry": { "type": "Point", "coordinates": [ -109.4338, -27.14787 ] } },
{ "type": "Feature", "properties": { "class": "port", "longitude": -109.0667, "latitude": 25.6, "Id": 892, "Code": null, "Name": null }, "geometry": { "type": "Point", "coordinates": [ -109.0667, 25.6 ] } },
{ "type": "Feature", "properties": { "class": "port", "longitude": -106.4167, "latitude": 23.2, "Id": 893, "Code": null, "Name": null }, "geometry": { "type": "Point", "coordinates": [ -106.4167, 23.2 ] } },
{ "type": "Feature", "properties": { "class": "port", "longitude": -105.2528, "latitude": 20.61033, "Id": 894, "Code": null, "Name": null }, "geometry": { "type": "Point", "coordinates": [ -105.2528, 20.61033 ] } },
{ "type": "Feature", "properties": { "class": "port", "longitude": -105.0585, "latitude": 69.1135, "Id": 895, "Code": null, "Name": null }, "geometry": { "type": "Point", "coordinates": [ -105.0585, 69.1135 ] } },
{ "type": "Feature", "properties": { "class": "port", "longitude": -104.3622, "latitude": 19.0553, "Id": 896, "Code": null, "Name": null }, "geometry": { "type": "Point", "coordinates": [ -104.3622, 19.0553 ] } },
{ "type": "Feature", "properties": { "class": "port", "longitude": -102.2117, "latitude": 17.9214, "Id": 897, "Code": null, "Name": null }, "geometry": { "type": "Point", "coordinates": [ -102.2117, 17.9214 ] } },
{ "type": "Feature", "properties": { "class": "port", "longitude": -99.87177916, "latitude": 16.8252259, "Id": 898, "Code": null, "Name": null }, "geometry": { "type": "Point", "coordinates": [ -99.87177916, 16.8252259 ] } },
{ "type": "Feature", "properties": { "class": "port", "longitude": -97.8667, "latitude": 22.2167, "Id": 899, "Code": null, "Name": null }, "geometry": { "type": "Point", "coordinates": [ -97.8667, 22.2167 ] } },
{ "type": "Feature", "properties": { "class": "port", "longitude": -97.4103, "latitude": 27.7908, "Id": 900, "Code": null, "Name": null }, "geometry": { "type": "Point", "coordinates": [ -97.4103, 27.7908 ] } },
{ "type": "Feature", "properties": { "class": "port", "longitude": -97.4, "latitude": 20.95, "Id": 901, "Code": null, "Name": null }, "geometry": { "type": "Point", "coordinates": [ -97.4, 20.95 ] } },
{ "type": "Feature", "properties": { "class": "port", "longitude": -97.4, "latitude": 25.95, "Id": 902, "Code": null, "Name": null }, "geometry": { "type": "Point", "coordinates": [ -97.4, 25.95 ] } },
{ "type": "Feature", "properties": { "class": "port", "longitude": -96.5719, "latitude": 28.66163, "Id": 903, "Code": null, "Name": null }, "geometry": { "type": "Point", "coordinates": [ -96.5719, 28.66163 ] } },
{ "type": "Feature", "properties": { "class": "port", "longitude": -96.1333, "latitude": 19.2, "Id": 904, "Code": null, "Name": null }, "geometry": { "type": "Point", "coordinates": [ -96.1333, 19.2 ] } },
{ "type": "Feature", "properties": { "class": "port", "longitude": -95.8667, "latitude": 68.6167, "Id": 905, "Code": null, "Name": null }, "geometry": { "type": "Point", "coordinates": [ -95.8667, 68.6167 ] } },
{ "type": "Feature", "properties": { "class": "port", "longitude": -95.5764, "latitude": 64.1511, "Id": 906, "Code": null, "Name": null }, "geometry": { "type": "Point", "coordinates": [ -95.5764, 64.1511 ] } },
{ "type": "Feature", "properties": { "class": "port", "longitude": -95.3431, "latitude": 28.9411, "Id": 907, "Code": null, "Name": null }, "geometry": { "type": "Point", "coordinates": [ -95.3431, 28.9411 ] } },
{ "type": "Feature", "properties": { "class": "port", "longitude": -95.2097, "latitude": 16.1711, "Id": 908, "Code": null, "Name": null }, "geometry": { "type": "Point", "coordinates": [ -95.2097, 16.1711 ] } },
{ "type": "Feature", "properties": { "class": "port", "longitude": -95.01911287, "latitude": 29.55952294, "Id": 909, "Code": null, "Name": null }, "geometry": { "type": "Point", "coordinates": [ -95.01911287, 29.55952294 ] } },
{ "type": "Feature", "properties": { "class": "port", "longitude": -94.8333, "latitude": 74.6833, "Id": 910, "Code": null, "Name": null }, "geometry": { "type": "Point", "coordinates": [ -94.8333, 74.6833 ] } },
{ "type": "Feature", "properties": { "class": "port", "longitude": -94.6026, "latitude": 28.4969, "Id": 911, "Code": null, "Name": null }, "geometry": { "type": "Point", "coordinates": [ -94.6026, 28.4969 ] } },
{ "type": "Feature", "properties": { "class": "port", "longitude": -94.42945496, "latitude": 18.14449957, "Id": 912, "Code": null, "Name": null }, "geometry": { "type": "Point", "coordinates": [ -94.42945496, 18.14449957 ] } },
{ "type": "Feature", "properties": { "class": "port", "longitude": -94.14175837000001, "latitude": 58.77363836, "Id": 913, "Code": null, "Name": null }, "geometry": { "type": "Point", "coordinates": [ -94.14175837, 58.77363836 ] } },
{ "type": "Feature", "properties": { "class": "port", "longitude": -94.05, "latitude": 61.1, "Id": 914, "Code": null, "Name": null }, "geometry": { "type": "Point", "coordinates": [ -94.05, 61.1 ] } },
{ "type": "Feature", "properties": { "class": "port", "longitude": -93.72869081, "latitude": 30.02681352, "Id": 915, "Code": null, "Name": null }, "geometry": { "type": "Point", "coordinates": [ -93.72869081, 30.02681352 ] } },
{ "type": "Feature", "properties": { "class": "port", "longitude": -93.6906, "latitude": 28.5409, "Id": 916, "Code": null, "Name": null }, "geometry": { "type": "Point", "coordinates": [ -93.6906, 28.5409 ] } },
{ "type": "Feature", "properties": { "class": "port", "longitude": -93.5167, "latitude": 69.5333, "Id": 917, "Code": null, "Name": null }, "geometry": { "type": "Point", "coordinates": [ -93.5167, 69.5333 ] } },
{ "type": "Feature", "properties": { "class": "port", "longitude": -93.17877531000001, "latitude": 18.61824194, "Id": 918, "Code": null, "Name": null }, "geometry": { "type": "Point", "coordinates": [ -93.17877531, 18.61824194 ] } },
{ "type": "Feature", "properties": { "class": "port", "longitude": -92.5667, "latitude": 62.1667, "Id": 919, "Code": null, "Name": null }, "geometry": { "type": "Point", "coordinates": [ -92.5667, 62.1667 ] } },
{ "type": "Feature", "properties": { "class": "port", "longitude": -92.4422, "latitude": 14.7372, "Id": 920, "Code": null, "Name": null }, "geometry": { "type": "Point", "coordinates": [ -92.4422, 14.7372 ] } },
{ "type": "Feature", "properties": { "class": "port", "longitude": -92.2287, "latitude": 19.5375, "Id": 921, "Code": null, "Name": null }, "geometry": { "type": "Point", "coordinates": [ -92.2287, 19.5375 ] } },
{ "type": "Feature", "properties": { "class": "port", "longitude": -92.0833, "latitude": 62.8, "Id": 922, "Code": null, "Name": null }, "geometry": { "type": "Point", "coordinates": [ -92.0833, 62.8 ] } },
{ "type": "Feature", "properties": { "class": "port", "longitude": -92.06810201, "latitude": 46.76912652, "Id": 923, "Code": null, "Name": null }, "geometry": { "type": "Point", "coordinates": [ -92.06810201, 46.76912652 ] } },
{ "type": "Feature", "properties": { "class": "port", "longitude": -92.0042838, "latitude": 20.1865928, "Id": 924, "Code": null, "Name": null }, "geometry": { "type": "Point", "coordinates": [ -92.0042838, 20.1865928 ] } },
{ "type": "Feature", "properties": { "class": "port", "longitude": -91.8449, "latitude": 18.64803, "Id": 925, "Code": null, "Name": null }, "geometry": { "type": "Point", "coordinates": [ -91.8449, 18.64803 ] } },
{ "type": "Feature", "properties": { "class": "port", "longitude": -91.3682, "latitude": -0.26037, "Id": 926, "Code": null, "Name": null }, "geometry": { "type": "Point", "coordinates": [ -91.3682, -0.26037 ] } },
{ "type": "Feature", "properties": { "class": "port", "longitude": -91.257, "latitude": 47.27713, "Id": 927, "Code": null, "Name": null }, "geometry": { "type": "Point", "coordinates": [ -91.257, 47.27713 ] } },
{ "type": "Feature", "properties": { "class": "port", "longitude": -90.82498276, "latitude": 13.91213269, "Id": 928, "Code": null, "Name": null }, "geometry": { "type": "Point", "coordinates": [ -90.82498276, 13.91213269 ] } },
{ "type": "Feature", "properties": { "class": "port", "longitude": -90.7, "latitude": 63.3333, "Id": 929, "Code": null, "Name": null }, "geometry": { "type": "Point", "coordinates": [ -90.7, 63.3333 ] } },
{ "type": "Feature", "properties": { "class": "port", "longitude": -90.34504536, "latitude": 29.68718469, "Id": 930, "Code": null, "Name": null }, "geometry": { "type": "Point", "coordinates": [ -90.34504536, 29.68718469 ] } },
{ "type": "Feature", "properties": { "class": "port", "longitude": -89.8581, "latitude": 13.6036, "Id": 931, "Code": null, "Name": null }, "geometry": { "type": "Point", "coordinates": [ -89.8581, 13.6036 ] } },
{ "type": "Feature", "properties": { "class": "port", "longitude": -89.6667, "latitude": 21.2833, "Id": 932, "Code": null, "Name": null }, "geometry": { "type": "Point", "coordinates": [ -89.6667, 21.2833 ] } },
{ "type": "Feature", "properties": { "class": "port", "longitude": -89.6167, "latitude": -0.9, "Id": 933, "Code": null, "Name": null }, "geometry": { "type": "Point", "coordinates": [ -89.6167, -0.9 ] } },
{ "type": "Feature", "properties": { "class": "port", "longitude": -89.2414, "latitude": 48.43, "Id": 934, "Code": null, "Name": null }, "geometry": { "type": "Point", "coordinates": [ -89.2414, 48.43 ] } },
{ "type": "Feature", "properties": { "class": "port", "longitude": -88.67677157, "latitude": 15.76714843, "Id": 935, "Code": null, "Name": null }, "geometry": { "type": "Point", "coordinates": [ -88.67677157, 15.76714843 ] } },
{ "type": "Feature", "properties": { "class": "port", "longitude": -88.6038, "latitude": 47.23273, "Id": 936, "Code": null, "Name": null }, "geometry": { "type": "Point", "coordinates": [ -88.6038, 47.23273 ] } },
{ "type": "Feature", "properties": { "class": "port", "longitude": -88.59560102, "latitude": 30.46510686, "Id": 937, "Code": null, "Name": null }, "geometry": { "type": "Point", "coordinates": [ -88.59560102, 30.46510686 ] } },
{ "type": "Feature", "properties": { "class": "port", "longitude": -88.4244, "latitude": 16.5044, "Id": 938, "Code": null, "Name": null }, "geometry": { "type": "Point", "coordinates": [ -88.4244, 16.5044 ] } },
{ "type": "Feature", "properties": { "class": "port", "longitude": -88.1849, "latitude": 17.48543, "Id": 939, "Code": null, "Name": null }, "geometry": { "type": "Point", "coordinates": [ -88.1849, 17.48543 ] } },
{ "type": "Feature", "properties": { "class": "port", "longitude": -87.86924174000001, "latitude": 44.32029848, "Id": 940, "Code": null, "Name": null }, "geometry": { "type": "Point", "coordinates": [ -87.86924174, 44.32029848 ] } },
{ "type": "Feature", "properties": { "class": "port", "longitude": -87.8280842, "latitude": 42.87169115, "Id": 941, "Code": null, "Name": null }, "geometry": { "type": "Point", "coordinates": [ -87.8280842, 42.87169115 ] } },
{ "type": "Feature", "properties": { "class": "port", "longitude": -87.71775514, "latitude": 15.8043516, "Id": 942, "Code": null, "Name": null }, "geometry": { "type": "Point", "coordinates": [ -87.71775514, 15.8043516 ] } },
{ "type": "Feature", "properties": { "class": "port", "longitude": -87.64571315000001, "latitude": 13.37702117, "Id": 943, "Code": null, "Name": null }, "geometry": { "type": "Point", "coordinates": [ -87.64571315, 13.37702117 ] } },
{ "type": "Feature", "properties": { "class": "port", "longitude": -87.5974, "latitude": 45.07753, "Id": 944, "Code": null, "Name": null }, "geometry": { "type": "Point", "coordinates": [ -87.5974, 45.07753 ] } },
{ "type": "Feature", "properties": { "class": "port", "longitude": -87.38296838, "latitude": 41.72644261, "Id": 945, "Code": null, "Name": null }, "geometry": { "type": "Point", "coordinates": [ -87.38296838, 41.72644261 ] } },
{ "type": "Feature", "properties": { "class": "port", "longitude": -87.2167, "latitude": 30.4, "Id": 946, "Code": null, "Name": null }, "geometry": { "type": "Point", "coordinates": [ -87.2167, 30.4 ] } },
{ "type": "Feature", "properties": { "class": "port", "longitude": -87.06156102, "latitude": 20.53472381, "Id": 947, "Code": null, "Name": null }, "geometry": { "type": "Point", "coordinates": [ -87.06156102, 20.53472381 ] } },
{ "type": "Feature", "properties": { "class": "port", "longitude": -87.0564, "latitude": 45.75233, "Id": 948, "Code": null, "Name": null }, "geometry": { "type": "Point", "coordinates": [ -87.0564, 45.75233 ] } },
{ "type": "Feature", "properties": { "class": "port", "longitude": -86.98669787, "latitude": 12.34344879, "Id": 949, "Code": null, "Name": null }, "geometry": { "type": "Point", "coordinates": [ -86.98669787, 12.34344879 ] } },
{ "type": "Feature", "properties": { "class": "port", "longitude": -86.8313, "latitude": 15.76423, "Id": 950, "Code": null, "Name": null }, "geometry": { "type": "Point", "coordinates": [ -86.8313, 15.76423 ] } },
{ "type": "Feature", "properties": { "class": "port", "longitude": -86.6533, "latitude": 46.41213, "Id": 951, "Code": null, "Name": null }, "geometry": { "type": "Point", "coordinates": [ -86.6533, 46.41213 ] } },
{ "type": "Feature", "properties": { "class": "port", "longitude": -86.3963, "latitude": 48.74093, "Id": 952, "Code": null, "Name": null }, "geometry": { "type": "Point", "coordinates": [ -86.3963, 48.74093 ] } },
{ "type": "Feature", "properties": { "class": "port", "longitude": -86.23155611, "latitude": 43.15391164, "Id": 953, "Code": null, "Name": null }, "geometry": { "type": "Point", "coordinates": [ -86.23155611, 43.15391164 ] } },
{ "type": "Feature", "properties": { "class": "port", "longitude": -85.9333, "latitude": 79.9667, "Id": 954, "Code": null, "Name": null }, "geometry": { "type": "Point", "coordinates": [ -85.9333, 79.9667 ] } },
{ "type": "Feature", "properties": { "class": "port", "longitude": -85.93104579, "latitude": 16.230133, "Id": 955, "Code": null, "Name": null }, "geometry": { "type": "Point", "coordinates": [ -85.93104579, 16.230133 ] } },
{ "type": "Feature", "properties": { "class": "port", "longitude": -85.15, "latitude": 73.0333, "Id": 956, "Code": null, "Name": null }, "geometry": { "type": "Point", "coordinates": [ -85.15, 73.0333 ] } },
{ "type": "Feature", "properties": { "class": "port", "longitude": -84.84447437, "latitude": 45.53714311, "Id": 957, "Code": null, "Name": null }, "geometry": { "type": "Point", "coordinates": [ -84.84447437, 45.53714311 ] } },
{ "type": "Feature", "properties": { "class": "port", "longitude": -84.78217397, "latitude": 9.946236903000001, "Id": 958, "Code": null, "Name": null }, "geometry": { "type": "Point", "coordinates": [ -84.78217397, 9.946236903 ] } },
{ "type": "Feature", "properties": { "class": "port", "longitude": -84.347588, "latitude": 46.497712, "Id": 959, "Code": null, "Name": null }, "geometry": { "type": "Point", "coordinates": [ -84.347588, 46.497712 ] } },
{ "type": "Feature", "properties": { "class": "port", "longitude": -83.8158, "latitude": 45.42033, "Id": 960, "Code": null, "Name": null }, "geometry": { "type": "Point", "coordinates": [ -83.8158, 45.42033 ] } },
{ "type": "Feature", "properties": { "class": "port", "longitude": -83.75772, "latitude": 12.01501, "Id": 961, "Code": null, "Name": null }, "geometry": { "type": "Point", "coordinates": [ -83.75772, 12.01501 ] } },
{ "type": "Feature", "properties": { "class": "port", "longitude": -83.4897, "latitude": 41.7114, "Id": 962, "Code": null, "Name": null }, "geometry": { "type": "Point", "coordinates": [ -83.4897, 41.7114 ] } },
{ "type": "Feature", "properties": { "class": "port", "longitude": -83.38501, "latitude": 14.02004, "Id": 963, "Code": null, "Name": null }, "geometry": { "type": "Point", "coordinates": [ -83.38501, 14.02004 ] } },
{ "type": "Feature", "properties": { "class": "port", "longitude": -83.2729, "latitude": 44.66733, "Id": 964, "Code": null, "Name": null }, "geometry": { "type": "Point", "coordinates": [ -83.2729, 44.66733 ] } },
{ "type": "Feature", "properties": { "class": "port", "longitude": -83.1609, "latitude": 64.1334, "Id": 965, "Code": null, "Name": null }, "geometry": { "type": "Point", "coordinates": [ -83.1609, 64.1334 ] } },
{ "type": "Feature", "properties": { "class": "port", "longitude": -83.04904688000001, "latitude": 9.978143558, "Id": 966, "Code": null, "Name": null }, "geometry": { "type": "Point", "coordinates": [ -83.04904688, 9.978143558 ] } },
{ "type": "Feature", "properties": { "class": "port", "longitude": -83.0283606, "latitude": 8.45989176, "Id": 967, "Code": null, "Name": null }, "geometry": { "type": "Point", "coordinates": [ -83.0283606, 8.45989176 ] } },
{ "type": "Feature", "properties": { "class": "port", "longitude": -82.8833, "latitude": 76.4167, "Id": 968, "Code": null, "Name": null }, "geometry": { "type": "Point", "coordinates": [ -82.8833, 76.4167 ] } },
{ "type": "Feature", "properties": { "class": "port", "longitude": -82.75844854, "latitude": 23.04186226, "Id": 969, "Code": null, "Name": null }, "geometry": { "type": "Point", "coordinates": [ -82.75844854, 23.04186226 ] } },
{ "type": "Feature", "properties": { "class": "port", "longitude": -82.73488912000001, "latitude": 42.57151201, "Id": 970, "Code": null, "Name": null }, "geometry": { "type": "Point", "coordinates": [ -82.73488912, 42.57151201 ] } },
{ "type": "Feature", "properties": { "class": "port", "longitude": -82.51443288, "latitude": 27.64956102, "Id": 971, "Code": null, "Name": null }, "geometry": { "type": "Point", "coordinates": [ -82.51443288, 27.64956102 ] } },
{ "type": "Feature", "properties": { "class": "port", "longitude": -82.25921818, "latitude": 9.127998356000001, "Id": 972, "Code": null, "Name": null }, "geometry": { "type": "Point", "coordinates": [ -82.25921818, 9.127998356 ] } },
{ "type": "Feature", "properties": { "class": "port", "longitude": -81.99325411, "latitude": 41.53662775, "Id": 973, "Code": null, "Name": null }, "geometry": { "type": "Point", "coordinates": [ -81.99325411, 41.53662775 ] } },
{ "type": "Feature", "properties": { "class": "port", "longitude": -81.81, "latitude": 24.55323, "Id": 974, "Code": null, "Name": null }, "geometry": { "type": "Point", "coordinates": [ -81.81, 24.55323 ] } },
{ "type": "Feature", "properties": { "class": "port", "longitude": -81.7833, "latitude": 69.3667, "Id": 975, "Code": null, "Name": null }, "geometry": { "type": "Point", "coordinates": [ -81.7833, 69.3667 ] } },
{ "type": "Feature", "properties": { "class": "port", "longitude": -81.7558, "latitude": 43.7619, "Id": 976, "Code": null, "Name": null }, "geometry": { "type": "Point", "coordinates": [ -81.7558, 43.7619 ] } },
{ "type": "Feature", "properties": { "class": "port", "longitude": -81.53927, "latitude": 23.06364, "Id": 977, "Code": null, "Name": null }, "geometry": { "type": "Point", "coordinates": [ -81.53927, 23.06364 ] } },
{ "type": "Feature", "properties": { "class": "port", "longitude": -81.53675637000001, "latitude": 30.72418623, "Id": 978, "Code": null, "Name": null }, "geometry": { "type": "Point", "coordinates": [ -81.53675637, 30.72418623 ] } },
{ "type": "Feature", "properties": { "class": "port", "longitude": -81.367439, "latitude": 19.286932, "Id": 979, "Code": null, "Name": null }, "geometry": { "type": "Point", "coordinates": [ -81.367439, 19.286932 ] } },
{ "type": "Feature", "properties": { "class": "port", "longitude": -81.22251424, "latitude": -4.867254948, "Id": 980, "Code": null, "Name": null }, "geometry": { "type": "Point", "coordinates": [ -81.22251424, -4.867254948 ] } },
{ "type": "Feature", "properties": { "class": "port", "longitude": -81.2167, "latitude": 68.7667, "Id": 981, "Code": null, "Name": null }, "geometry": { "type": "Point", "coordinates": [ -81.2167, 68.7667 ] } },
{ "type": "Feature", "properties": { "class": "port", "longitude": -81.12441983, "latitude": 32.13809544, "Id": 982, "Code": null, "Name": null }, "geometry": { "type": "Point", "coordinates": [ -81.12441983, 32.13809544 ] } },
{ "type": "Feature", "properties": { "class": "port", "longitude": -80.9255, "latitude": 44.58433, "Id": 983, "Code": null, "Name": null }, "geometry": { "type": "Point", "coordinates": [ -80.9255, 44.58433 ] } },
{ "type": "Feature", "properties": { "class": "port", "longitude": -80.91674012, "latitude": -2.177998499, "Id": 984, "Code": null, "Name": null }, "geometry": { "type": "Point", "coordinates": [ -80.91674012, -2.177998499 ] } },
{ "type": "Feature", "properties": { "class": "port", "longitude": -80.9057, "latitude": 71.889, "Id": 985, "Code": null, "Name": null }, "geometry": { "type": "Point", "coordinates": [ -80.9057, 71.889 ] } },
{ "type": "Feature", "properties": { "class": "port", "longitude": -80.7167, "latitude": -0.95, "Id": 986, "Code": null, "Name": null }, "geometry": { "type": "Point", "coordinates": [ -80.7167, -0.95 ] } },
{ "type": "Feature", "properties": { "class": "port", "longitude": -80.694628, "latitude": 9.01982, "Id": 987, "Code": null, "Name": null }, "geometry": { "type": "Point", "coordinates": [ -80.694628, 9.01982 ] } },
{ "type": "Feature", "properties": { "class": "port", "longitude": -80.65406, "latitude": -3.66759, "Id": 988, "Code": null, "Name": null }, "geometry": { "type": "Point", "coordinates": [ -80.65406, -3.66759 ] } },
{ "type": "Feature", "properties": { "class": "port", "longitude": -80.45, "latitude": 22.15, "Id": 989, "Code": null, "Name": null }, "geometry": { "type": "Point", "coordinates": [ -80.45, 22.15 ] } },
{ "type": "Feature", "properties": { "class": "port", "longitude": -80.34024074, "latitude": 42.05384136, "Id": 990, "Code": null, "Name": null }, "geometry": { "type": "Point", "coordinates": [ -80.34024074, 42.05384136 ] } },
{ "type": "Feature", "properties": { "class": "port", "longitude": -80.3183, "latitude": 27.43893, "Id": 991, "Code": null, "Name": null }, "geometry": { "type": "Point", "coordinates": [ -80.3183, 27.43893 ] } },
{ "type": "Feature", "properties": { "class": "port", "longitude": -80.16079119, "latitude": 25.93726919, "Id": 992, "Code": null, "Name": null }, "geometry": { "type": "Point", "coordinates": [ -80.16079119, 25.93726919 ] } },
{ "type": "Feature", "properties": { "class": "port", "longitude": -80.0722, "latitude": 26.7739, "Id": 993, "Code": null, "Name": null }, "geometry": { "type": "Point", "coordinates": [ -80.0722, 26.7739 ] } },
{ "type": "Feature", "properties": { "class": "port", "longitude": -80.036, "latitude": 45.32993, "Id": 994, "Code": null, "Name": null }, "geometry": { "type": "Point", "coordinates": [ -80.036, 45.32993 ] } },
{ "type": "Feature", "properties": { "class": "port", "longitude": -79.9167, "latitude": 32.7833, "Id": 995, "Code": null, "Name": null }, "geometry": { "type": "Point", "coordinates": [ -79.9167, 32.7833 ] } },
{ "type": "Feature", "properties": { "class": "port", "longitude": -79.9073975, "latitude": -2.234416979, "Id": 996, "Code": null, "Name": null }, "geometry": { "type": "Point", "coordinates": [ -79.9073975, -2.234416979 ] } },
{ "type": "Feature", "properties": { "class": "port", "longitude": -79.86957, "latitude": -6.92758, "Id": 997, "Code": null, "Name": null }, "geometry": { "type": "Point", "coordinates": [ -79.86957, -6.92758 ] } },
{ "type": "Feature", "properties": { "class": "port", "longitude": -79.8053, "latitude": 19.7386, "Id": 998, "Code": null, "Name": null }, "geometry": { "type": "Point", "coordinates": [ -79.8053, 19.7386 ] } },
{ "type": "Feature", "properties": { "class": "port", "longitude": -79.74076726, "latitude": 9.092653688, "Id": 999, "Code": null, "Name": null }, "geometry": { "type": "Point", "coordinates": [ -79.74076726, 9.092653688 ] } },
{ "type": "Feature", "properties": { "class": "port", "longitude": -79.64808, "latitude": 0.98915, "Id": 1000, "Code": null, "Name": null }, "geometry": { "type": "Point", "coordinates": [ -79.64808, 0.98915 ] } },
{ "type": "Feature", "properties": { "class": "port", "longitude": -79.52165596, "latitude": 43.12516331, "Id": 1001, "Code": null, "Name": null }, "geometry": { "type": "Point", "coordinates": [ -79.52165596, 43.12516331 ] } },
{ "type": "Feature", "properties": { "class": "port", "longitude": -79.43635, "latitude": -7.69523, "Id": 1002, "Code": null, "Name": null }, "geometry": { "type": "Point", "coordinates": [ -79.43635, -7.69523 ] } },
{ "type": "Feature", "properties": { "class": "port", "longitude": -79.3053, "latitude": 25.5903, "Id": 1003, "Code": null, "Name": null }, "geometry": { "type": "Point", "coordinates": [ -79.3053, 25.5903 ] } },
{ "type": "Feature", "properties": { "class": "port", "longitude": -79.2167, "latitude": 56.5333, "Id": 1004, "Code": null, "Name": null }, "geometry": { "type": "Point", "coordinates": [ -79.2167, 56.5333 ] } },
{ "type": "Feature", "properties": { "class": "port", "longitude": -79.0219, "latitude": -8.2189, "Id": 1005, "Code": null, "Name": null }, "geometry": { "type": "Point", "coordinates": [ -79.0219, -8.2189 ] } },
{ "type": "Feature", "properties": { "class": "port", "longitude": -78.75, "latitude": 1.8167, "Id": 1006, "Code": null, "Name": null }, "geometry": { "type": "Point", "coordinates": [ -78.75, 1.8167 ] } },
{ "type": "Feature", "properties": { "class": "port", "longitude": -78.74139919, "latitude": 43.87768197, "Id": 1007, "Code": null, "Name": null }, "geometry": { "type": "Point", "coordinates": [ -78.74139919, 43.87768197 ] } },
{ "type": "Feature", "properties": { "class": "port", "longitude": -78.55734308, "latitude": -9.169327201, "Id": 1008, "Code": null, "Name": null }, "geometry": { "type": "Point", "coordinates": [ -78.55734308, -9.169327201 ] } },
{ "type": "Feature", "properties": { "class": "port", "longitude": -78.4764811, "latitude": 26.56976796, "Id": 1009, "Code": null, "Name": null }, "geometry": { "type": "Point", "coordinates": [ -78.4764811, 26.56976796 ] } },
{ "type": "Feature", "properties": { "class": "port", "longitude": -78.2, "latitude": 60.8, "Id": 1010, "Code": null, "Name": null }, "geometry": { "type": "Point", "coordinates": [ -78.2, 60.8 ] } },
{ "type": "Feature", "properties": { "class": "port", "longitude": -78.17118, "latitude": -10.09738, "Id": 1011, "Code": null, "Name": null }, "geometry": { "type": "Point", "coordinates": [ -78.17118, -10.09738 ] } },
{ "type": "Feature", "properties": { "class": "port", "longitude": -78.1, "latitude": 58.45, "Id": 1012, "Code": null, "Name": null }, "geometry": { "type": "Point", "coordinates": [ -78.1, 58.45 ] } },
{ "type": "Feature", "properties": { "class": "port", "longitude": -77.9671, "latitude": 33.84303, "Id": 1013, "Code": null, "Name": null }, "geometry": { "type": "Point", "coordinates": [ -77.9671, 33.84303 ] } },
{ "type": "Feature", "properties": { "class": "port", "longitude": -77.95, "latitude": 72.75, "Id": 1014, "Code": null, "Name": null }, "geometry": { "type": "Point", "coordinates": [ -77.95, 72.75 ] } },
{ "type": "Feature", "properties": { "class": "port", "longitude": -77.9, "latitude": 62.4167, "Id": 1015, "Code": null, "Name": null }, "geometry": { "type": "Point", "coordinates": [ -77.9, 62.4167 ] } },
{ "type": "Feature", "properties": { "class": "port", "longitude": -77.82028513, "latitude": 18.38800137, "Id": 1016, "Code": null, "Name": null }, "geometry": { "type": "Point", "coordinates": [ -77.82028513, 18.38800137 ] } },
{ "type": "Feature", "properties": { "class": "port", "longitude": -77.75, "latitude": 55.2667, "Id": 1017, "Code": null, "Name": null }, "geometry": { "type": "Point", "coordinates": [ -77.75, 55.2667 ] } },
{ "type": "Feature", "properties": { "class": "port", "longitude": -77.6167, "latitude": 20.7, "Id": 1018, "Code": null, "Name": null }, "geometry": { "type": "Point", "coordinates": [ -77.6167, 20.7 ] } },
{ "type": "Feature", "properties": { "class": "port", "longitude": -77.6, "latitude": 43.2667, "Id": 1019, "Code": null, "Name": null }, "geometry": { "type": "Point", "coordinates": [ -77.6, 43.2667 ] } },
{ "type": "Feature", "properties": { "class": "port", "longitude": -77.58615719, "latitude": 24.91875434, "Id": 1020, "Code": null, "Name": null }, "geometry": { "type": "Point", "coordinates": [ -77.58615719, 24.91875434 ] } },
{ "type": "Feature", "properties": { "class": "port", "longitude": -77.40606675, "latitude": -11.4383431, "Id": 1021, "Code": null, "Name": null }, "geometry": { "type": "Point", "coordinates": [ -77.40606675, -11.4383431 ] } },
{ "type": "Feature", "properties": { "class": "port", "longitude": -77.2835, "latitude": 37.30593, "Id": 1022, "Code": null, "Name": null }, "geometry": { "type": "Point", "coordinates": [ -77.2835, 37.30593 ] } },
{ "type": "Feature", "properties": { "class": "port", "longitude": -77.2833, "latitude": 60.0333, "Id": 1023, "Code": null, "Name": null }, "geometry": { "type": "Point", "coordinates": [ -77.2833, 60.0333 ] } },
{ "type": "Feature", "properties": { "class": "port", "longitude": -77.22777251, "latitude": 17.89989252, "Id": 1024, "Code": null, "Name": null }, "geometry": { "type": "Point", "coordinates": [ -77.22777251, 17.89989252 ] } },
{ "type": "Feature", "properties": { "class": "port", "longitude": -77.21042, "latitude": 21.54402, "Id": 1025, "Code": null, "Name": null }, "geometry": { "type": "Point", "coordinates": [ -77.21042, 21.54402 ] } },
{ "type": "Feature", "properties": { "class": "port", "longitude": -77.0667, "latitude": 3.8833, "Id": 1026, "Code": null, "Name": null }, "geometry": { "type": "Point", "coordinates": [ -77.0667, 3.8833 ] } },
{ "type": "Feature", "properties": { "class": "port", "longitude": -76.73191, "latitude": 8.08929, "Id": 1027, "Code": null, "Name": null }, "geometry": { "type": "Point", "coordinates": [ -76.73191, 8.08929 ] } },
{ "type": "Feature", "properties": { "class": "port", "longitude": -76.7211, "latitude": 34.7261, "Id": 1028, "Code": null, "Name": null }, "geometry": { "type": "Point", "coordinates": [ -76.7211, 34.7261 ] } },
{ "type": "Feature", "properties": { "class": "port", "longitude": -76.5544, "latitude": 21.2892, "Id": 1029, "Code": null, "Name": null }, "geometry": { "type": "Point", "coordinates": [ -76.5544, 21.2892 ] } },
{ "type": "Feature", "properties": { "class": "port", "longitude": -76.55, "latitude": 56.5333, "Id": 1030, "Code": null, "Name": null }, "geometry": { "type": "Point", "coordinates": [ -76.55, 56.5333 ] } },
{ "type": "Feature", "properties": { "class": "port", "longitude": -76.55, "latitude": 64.2333, "Id": 1031, "Code": null, "Name": null }, "geometry": { "type": "Point", "coordinates": [ -76.55, 64.2333 ] } },
{ "type": "Feature", "properties": { "class": "port", "longitude": -76.5167, "latitude": 43.4667, "Id": 1032, "Code": null, "Name": null }, "geometry": { "type": "Point", "coordinates": [ -76.5167, 43.4667 ] } },
{ "type": "Feature", "properties": { "class": "port", "longitude": -76.46794098, "latitude": 38.8606222, "Id": 1033, "Code": null, "Name": null }, "geometry": { "type": "Point", "coordinates": [ -76.46794098, 38.8606222 ] } },
{ "type": "Feature", "properties": { "class": "port", "longitude": -76.24189893, "latitude": 36.93166113, "Id": 1034, "Code": null, "Name": null }, "geometry": { "type": "Point", "coordinates": [ -76.24189893, 36.93166113 ] } },
{ "type": "Feature", "properties": { "class": "port", "longitude": -76.20805826, "latitude": -13.60194273, "Id": 1035, "Code": null, "Name": null }, "geometry": { "type": "Point", "coordinates": [ -76.20805826, -13.60194273 ] } },
{ "type": "Feature", "properties": { "class": "port", "longitude": -76.1928, "latitude": 24.88053, "Id": 1036, "Code": null, "Name": null }, "geometry": { "type": "Point", "coordinates": [ -76.1928, 24.88053 ] } },
{ "type": "Feature", "properties": { "class": "port", "longitude": -75.8375, "latitude": 20.0056, "Id": 1037, "Code": null, "Name": null }, "geometry": { "type": "Point", "coordinates": [ -75.8375, 20.0056 ] } },
{ "type": "Feature", "properties": { "class": "port", "longitude": -75.66669433, "latitude": 20.78363838, "Id": 1038, "Code": null, "Name": null }, "geometry": { "type": "Point", "coordinates": [ -75.66669433, 20.78363838 ] } },
{ "type": "Feature", "properties": { "class": "port", "longitude": -75.6333, "latitude": 62.2, "Id": 1039, "Code": null, "Name": null }, "geometry": { "type": "Point", "coordinates": [ -75.6333, 62.2 ] } },
{ "type": "Feature", "properties": { "class": "port", "longitude": -75.5819, "latitude": 9.5281, "Id": 1040, "Code": null, "Name": null }, "geometry": { "type": "Point", "coordinates": [ -75.5819, 9.5281 ] } },
{ "type": "Feature", "properties": { "class": "port", "longitude": -75.55142408, "latitude": 44.60082935, "Id": 1041, "Code": null, "Name": null }, "geometry": { "type": "Point", "coordinates": [ -75.55142408, 44.60082935 ] } },
{ "type": "Feature", "properties": { "class": "port", "longitude": -75.53552294000001, "latitude": 10.35154723, "Id": 1042, "Code": null, "Name": null }, "geometry": { "type": "Point", "coordinates": [ -75.53552294, 10.35154723 ] } },
{ "type": "Feature", "properties": { "class": "port", "longitude": -75.5208, "latitude": 24.5067, "Id": 1043, "Code": null, "Name": null }, "geometry": { "type": "Point", "coordinates": [ -75.5208, 24.5067 ] } },
{ "type": "Feature", "properties": { "class": "port", "longitude": -75.3333, "latitude": -50.3667, "Id": 1044, "Code": null, "Name": null }, "geometry": { "type": "Point", "coordinates": [ -75.3333, -50.3667 ] } },
{ "type": "Feature", "properties": { "class": "port", "longitude": -75.2542, "latitude": -15.2375, "Id": 1045, "Code": null, "Name": null }, "geometry": { "type": "Point", "coordinates": [ -75.2542, -15.2375 ] } },
{ "type": "Feature", "properties": { "class": "port", "longitude": -75.25301908, "latitude": 39.85917491, "Id": 1046, "Code": null, "Name": null }, "geometry": { "type": "Point", "coordinates": [ -75.25301908, 39.85917491 ] } },
{ "type": "Feature", "properties": { "class": "port", "longitude": -75.1542, "latitude": 38.7939, "Id": 1047, "Code": null, "Name": null }, "geometry": { "type": "Point", "coordinates": [ -75.1542, 38.7939 ] } },
{ "type": "Feature", "properties": { "class": "port", "longitude": -75.15218, "latitude": 19.99308, "Id": 1048, "Code": null, "Name": null }, "geometry": { "type": "Point", "coordinates": [ -75.15218, 19.99308 ] } },
{ "type": "Feature", "properties": { "class": "port", "longitude": -74.9, "latitude": 20.6667, "Id": 1049, "Code": null, "Name": null }, "geometry": { "type": "Point", "coordinates": [ -74.9, 20.6667 ] } },
{ "type": "Feature", "properties": { "class": "port", "longitude": -74.7223, "latitude": 62.16023, "Id": 1050, "Code": null, "Name": null }, "geometry": { "type": "Point", "coordinates": [ -74.7223, 62.16023 ] } },
{ "type": "Feature", "properties": { "class": "port", "longitude": -74.52978675, "latitude": 11.08398079, "Id": 1051, "Code": null, "Name": null }, "geometry": { "type": "Point", "coordinates": [ -74.52978675, 11.08398079 ] } },
{ "type": "Feature", "properties": { "class": "port", "longitude": -74.06717323, "latitude": 40.72669097, "Id": 1052, "Code": null, "Name": null }, "geometry": { "type": "Point", "coordinates": [ -74.06717323, 40.72669097 ] } },
{ "type": "Feature", "properties": { "class": "port", "longitude": -73.8333, "latitude": -41.8667, "Id": 1053, "Code": null, "Name": null }, "geometry": { "type": "Point", "coordinates": [ -73.8333, -41.8667 ] } },
{ "type": "Feature", "properties": { "class": "port", "longitude": -73.77079035, "latitude": 42.55931999, "Id": 1054, "Code": null, "Name": null }, "geometry": { "type": "Point", "coordinates": [ -73.77079035, 42.55931999 ] } },
{ "type": "Feature", "properties": { "class": "port", "longitude": -73.6703, "latitude": 21.0558, "Id": 1055, "Code": null, "Name": null }, "geometry": { "type": "Point", "coordinates": [ -73.6703, 21.0558 ] } },
{ "type": "Feature", "properties": { "class": "port", "longitude": -73.6162, "latitude": -16.2296, "Id": 1056, "Code": null, "Name": null }, "geometry": { "type": "Point", "coordinates": [ -73.6162, -16.2296 ] } },
{ "type": "Feature", "properties": { "class": "port", "longitude": -73.5857354, "latitude": 45.58769688, "Id": 1057, "Code": null, "Name": null }, "geometry": { "type": "Point", "coordinates": [ -73.5857354, 45.58769688 ] } },
{ "type": "Feature", "properties": { "class": "port", "longitude": -73.381642, "latitude": 11.261216, "Id": 1058, "Code": null, "Name": null }, "geometry": { "type": "Point", "coordinates": [ -73.381642, 11.261216 ] } },
{ "type": "Feature", "properties": { "class": "port", "longitude": -73.33716168, "latitude": -39.84229161, "Id": 1059, "Code": null, "Name": null }, "geometry": { "type": "Point", "coordinates": [ -73.33716168, -39.84229161 ] } },
{ "type": "Feature", "properties": { "class": "port", "longitude": -73.08811438, "latitude": -36.84233652, "Id": 1060, "Code": null, "Name": null }, "geometry": { "type": "Point", "coordinates": [ -73.08811438, -36.84233652 ] } },
{ "type": "Feature", "properties": { "class": "port", "longitude": -73.06872984, "latitude": -41.62230902, "Id": 1061, "Code": null, "Name": null }, "geometry": { "type": "Point", "coordinates": [ -73.06872984, -41.62230902 ] } },
{ "type": "Feature", "properties": { "class": "port", "longitude": -72.8930791, "latitude": 41.12548463, "Id": 1062, "Code": null, "Name": null }, "geometry": { "type": "Point", "coordinates": [ -72.8930791, 41.12548463 ] } },
{ "type": "Feature", "properties": { "class": "port", "longitude": -72.83361582000001, "latitude": -45.47167587, "Id": 1063, "Code": null, "Name": null }, "geometry": { "type": "Point", "coordinates": [ -72.83361582, -45.47167587 ] } },
{ "type": "Feature", "properties": { "class": "port", "longitude": -72.7037663, "latitude": 18.68376169, "Id": 1064, "Code": null, "Name": null }, "geometry": { "type": "Point", "coordinates": [ -72.7037663, 18.68376169 ] } },
{ "type": "Feature", "properties": { "class": "port", "longitude": -72.5472902, "latitude": 46.33678809, "Id": 1065, "Code": null, "Name": null }, "geometry": { "type": "Point", "coordinates": [ -72.5472902, 46.33678809 ] } },
{ "type": "Feature", "properties": { "class": "port", "longitude": -72.5097, "latitude": -51.73997, "Id": 1066, "Code": null, "Name": null }, "geometry": { "type": "Point", "coordinates": [ -72.5097, -51.73997 ] } },
{ "type": "Feature", "properties": { "class": "port", "longitude": -72.32179739, "latitude": 21.68154772, "Id": 1067, "Code": null, "Name": null }, "geometry": { "type": "Point", "coordinates": [ -72.32179739, 21.68154772 ] } },
{ "type": "Feature", "properties": { "class": "port", "longitude": -72.09052373, "latitude": 41.33944386, "Id": 1068, "Code": null, "Name": null }, "geometry": { "type": "Point", "coordinates": [ -72.09052373, 41.33944386 ] } },
{ "type": "Feature", "properties": { "class": "port", "longitude": -72.07755972, "latitude": -17.00747892, "Id": 1069, "Code": null, "Name": null }, "geometry": { "type": "Point", "coordinates": [ -72.07755972, -17.00747892 ] } },
{ "type": "Feature", "properties": { "class": "port", "longitude": -71.98618743, "latitude": 19.73469093, "Id": 1070, "Code": null, "Name": null }, "geometry": { "type": "Point", "coordinates": [ -71.98618743, 19.73469093 ] } },
{ "type": "Feature", "properties": { "class": "port", "longitude": -71.97655542, "latitude": 12.26035969, "Id": 1071, "Code": null, "Name": null }, "geometry": { "type": "Point", "coordinates": [ -71.97655542, 12.26035969 ] } },
{ "type": "Feature", "properties": { "class": "port", "longitude": -71.9593, "latitude": 61.6082, "Id": 1072, "Code": null, "Name": null }, "geometry": { "type": "Point", "coordinates": [ -71.9593, 61.6082 ] } },
{ "type": "Feature", "properties": { "class": "port", "longitude": -71.710973, "latitude": -52.938772, "Id": 1073, "Code": null, "Name": null }, "geometry": { "type": "Point", "coordinates": [ -71.710973, -52.938772 ] } },
{ "type": "Feature", "properties": { "class": "port", "longitude": -71.59907393, "latitude": -33.17167348, "Id": 1074, "Code": null, "Name": null }, "geometry": { "type": "Point", "coordinates": [ -71.59907393, -33.17167348 ] } },
{ "type": "Feature", "properties": { "class": "port", "longitude": -71.53376734, "latitude": 10.55040613, "Id": 1075, "Code": null, "Name": null }, "geometry": { "type": "Point", "coordinates": [ -71.53376734, 10.55040613 ] } },
{ "type": "Feature", "properties": { "class": "port", "longitude": -71.51069215, "latitude": -31.90975205, "Id": 1076, "Code": null, "Name": null }, "geometry": { "type": "Point", "coordinates": [ -71.51069215, -31.90975205 ] } },
{ "type": "Feature", "properties": { "class": "port", "longitude": -71.4031, "latitude": -17.6547, "Id": 1077, "Code": null, "Name": null }, "geometry": { "type": "Point", "coordinates": [ -71.4031, -17.6547 ] } },
{ "type": "Feature", "properties": { "class": "port", "longitude": -71.3333, "latitude": -29.95, "Id": 1078, "Code": null, "Name": null }, "geometry": { "type": "Point", "coordinates": [ -71.3333, -29.95 ] } },
{ "type": "Feature", "properties": { "class": "port", "longitude": -71.25, "latitude": -28.4667, "Id": 1079, "Code": null, "Name": null }, "geometry": { "type": "Point", "coordinates": [ -71.25, -28.4667 ] } },
{ "type": "Feature", "properties": { "class": "port", "longitude": -71.2079726, "latitude": 46.80208151, "Id": 1080, "Code": null, "Name": null }, "geometry": { "type": "Point", "coordinates": [ -71.2079726, 46.80208151 ] } },
{ "type": "Feature", "properties": { "class": "port", "longitude": -71.1273, "latitude": 21.46073, "Id": 1081, "Code": null, "Name": null }, "geometry": { "type": "Point", "coordinates": [ -71.1273, 21.46073 ] } },
{ "type": "Feature", "properties": { "class": "port", "longitude": -71.00146837, "latitude": 42.3364541, "Id": 1082, "Code": null, "Name": null }, "geometry": { "type": "Point", "coordinates": [ -71.00146837, 42.3364541 ] } },
{ "type": "Feature", "properties": { "class": "port", "longitude": -70.99634204, "latitude": 41.70322761, "Id": 1083, "Code": null, "Name": null }, "geometry": { "type": "Point", "coordinates": [ -70.99634204, 41.70322761 ] } },
{ "type": "Feature", "properties": { "class": "port", "longitude": -70.86121543, "latitude": -53.08114387, "Id": 1084, "Code": null, "Name": null }, "geometry": { "type": "Point", "coordinates": [ -70.86121543, -53.08114387 ] } },
{ "type": "Feature", "properties": { "class": "port", "longitude": -70.85971866, "latitude": 48.37298362, "Id": 1085, "Code": null, "Name": null }, "geometry": { "type": "Point", "coordinates": [ -70.85971866, 48.37298362 ] } },
{ "type": "Feature", "properties": { "class": "port", "longitude": -70.7694, "latitude": 43.0619, "Id": 1086, "Code": null, "Name": null }, "geometry": { "type": "Point", "coordinates": [ -70.7694, 43.0619 ] } },
{ "type": "Feature", "properties": { "class": "port", "longitude": -70.73402141, "latitude": -26.60251999, "Id": 1087, "Code": null, "Name": null }, "geometry": { "type": "Point", "coordinates": [ -70.73402141, -26.60251999 ] } },
{ "type": "Feature", "properties": { "class": "port", "longitude": -70.7028, "latitude": 19.8386, "Id": 1088, "Code": null, "Name": null }, "geometry": { "type": "Point", "coordinates": [ -70.7028, 19.8386 ] } },
{ "type": "Feature", "properties": { "class": "port", "longitude": -70.40428369, "latitude": -23.21372586, "Id": 1089, "Code": null, "Name": null }, "geometry": { "type": "Point", "coordinates": [ -70.40428369, -23.21372586 ] } },
{ "type": "Feature", "properties": { "class": "port", "longitude": -70.3333, "latitude": -18.4667, "Id": 1090, "Code": null, "Name": null }, "geometry": { "type": "Point", "coordinates": [ -70.3333, -18.4667 ] } },
{ "type": "Feature", "properties": { "class": "port", "longitude": -70.2694, "latitude": 43.6619, "Id": 1091, "Code": null, "Name": null }, "geometry": { "type": "Point", "coordinates": [ -70.2694, 43.6619 ] } },
{ "type": "Feature", "properties": { "class": "port", "longitude": -70.2333, "latitude": -22.0833, "Id": 1092, "Code": null, "Name": null }, "geometry": { "type": "Point", "coordinates": [ -70.2333, -22.0833 ] } },
{ "type": "Feature", "properties": { "class": "port", "longitude": -70.2028, "latitude": -52.6478, "Id": 1093, "Code": null, "Name": null }, "geometry": { "type": "Point", "coordinates": [ -70.2028, -52.6478 ] } },
{ "type": "Feature", "properties": { "class": "port", "longitude": -70.18805387, "latitude": -20.48248424, "Id": 1094, "Code": null, "Name": null }, "geometry": { "type": "Point", "coordinates": [ -70.18805387, -20.48248424 ] } },
{ "type": "Feature", "properties": { "class": "port", "longitude": -70.144, "latitude": 47.61543, "Id": 1095, "Code": null, "Name": null }, "geometry": { "type": "Point", "coordinates": [ -70.144, 47.61543 ] } },
{ "type": "Feature", "properties": { "class": "port", "longitude": -70.10855001, "latitude": 12.09694971, "Id": 1096, "Code": null, "Name": null }, "geometry": { "type": "Point", "coordinates": [ -70.10855001, 12.09694971 ] } },
{ "type": "Feature", "properties": { "class": "port", "longitude": -70.06572207000001, "latitude": 18.38819101, "Id": 1097, "Code": null, "Name": null }, "geometry": { "type": "Point", "coordinates": [ -70.06572207, 18.38819101 ] } },
{ "type": "Feature", "properties": { "class": "port", "longitude": -69.9333, "latitude": 58.7, "Id": 1098, "Code": null, "Name": null }, "geometry": { "type": "Point", "coordinates": [ -69.9333, 58.7 ] } },
{ "type": "Feature", "properties": { "class": "port", "longitude": -69.8333, "latitude": 62.8667, "Id": 1099, "Code": null, "Name": null }, "geometry": { "type": "Point", "coordinates": [ -69.8333, 62.8667 ] } },
{ "type": "Feature", "properties": { "class": "port", "longitude": -69.6167, "latitude": 61.0333, "Id": 1100, "Code": null, "Name": null }, "geometry": { "type": "Point", "coordinates": [ -69.6167, 61.0333 ] } },
{ "type": "Feature", "properties": { "class": "port", "longitude": -69.6, "latitude": 59.3, "Id": 1101, "Code": null, "Name": null }, "geometry": { "type": "Point", "coordinates": [ -69.6, 59.3 ] } },
{ "type": "Feature", "properties": { "class": "port", "longitude": -69.45885099, "latitude": 48.12781973, "Id": 1102, "Code": null, "Name": null }, "geometry": { "type": "Point", "coordinates": [ -69.45885099, 48.12781973 ] } },
{ "type": "Feature", "properties": { "class": "port", "longitude": -69.2361, "latitude": 77.4669, "Id": 1103, "Code": null, "Name": null }, "geometry": { "type": "Point", "coordinates": [ -69.2361, 77.4669 ] } },
{ "type": "Feature", "properties": { "class": "port", "longitude": -68.84969016, "latitude": 44.50856763, "Id": 1104, "Code": null, "Name": null }, "geometry": { "type": "Point", "coordinates": [ -68.84969016, 44.50856763 ] } },
{ "type": "Feature", "properties": { "class": "port", "longitude": -68.8386, "latitude": 76.5403, "Id": 1105, "Code": null, "Name": null }, "geometry": { "type": "Point", "coordinates": [ -68.8386, 76.5403 ] } },
{ "type": "Feature", "properties": { "class": "port", "longitude": -68.64788668, "latitude": 12.14214571, "Id": 1106, "Code": null, "Name": null }, "geometry": { "type": "Point", "coordinates": [ -68.64788668, 12.14214571 ] } },
{ "type": "Feature", "properties": { "class": "port", "longitude": -68.5942, "latitude": 70.4679, "Id": 1107, "Code": null, "Name": null }, "geometry": { "type": "Point", "coordinates": [ -68.5942, 70.4679 ] } },
{ "type": "Feature", "properties": { "class": "port", "longitude": -68.5242, "latitude": 63.7294, "Id": 1108, "Code": null, "Name": null }, "geometry": { "type": "Point", "coordinates": [ -68.5242, 63.7294 ] } },
{ "type": "Feature", "properties": { "class": "port", "longitude": -68.51056642, "latitude": 48.48112807, "Id": 1109, "Code": null, "Name": null }, "geometry": { "type": "Point", "coordinates": [ -68.51056642, 48.48112807 ] } },
{ "type": "Feature", "properties": { "class": "port", "longitude": -68.4356, "latitude": -50.0472, "Id": 1110, "Code": null, "Name": null }, "geometry": { "type": "Point", "coordinates": [ -68.4356, -50.0472 ] } },
{ "type": "Feature", "properties": { "class": "port", "longitude": -68.2984, "latitude": -54.80327, "Id": 1111, "Code": null, "Name": null }, "geometry": { "type": "Point", "coordinates": [ -68.2984, -54.80327 ] } },
{ "type": "Feature", "properties": { "class": "port", "longitude": -68.26028463, "latitude": -53.0725151, "Id": 1112, "Code": null, "Name": null }, "geometry": { "type": "Point", "coordinates": [ -68.26028463, -53.0725151 ] } },
{ "type": "Feature", "properties": { "class": "port", "longitude": -68.14087582000001, "latitude": 49.23660125, "Id": 1113, "Code": null, "Name": null }, "geometry": { "type": "Point", "coordinates": [ -68.14087582, 49.23660125 ] } },
{ "type": "Feature", "properties": { "class": "port", "longitude": -68.05995447, "latitude": 10.48479581, "Id": 1114, "Code": null, "Name": null }, "geometry": { "type": "Point", "coordinates": [ -68.05995447, 10.48479581 ] } },
{ "type": "Feature", "properties": { "class": "port", "longitude": -67.6101, "latitude": -54.92937, "Id": 1115, "Code": null, "Name": null }, "geometry": { "type": "Point", "coordinates": [ -67.6101, -54.92937 ] } },
{ "type": "Feature", "properties": { "class": "port", "longitude": -67.5877, "latitude": 48.85023, "Id": 1116, "Code": null, "Name": null }, "geometry": { "type": "Point", "coordinates": [ -67.5877, 48.85023 ] } },
{ "type": "Feature", "properties": { "class": "port", "longitude": -67.49925121, "latitude": -46.15325669, "Id": 1117, "Code": null, "Name": null }, "geometry": { "type": "Point", "coordinates": [ -67.49925121, -46.15325669 ] } },
{ "type": "Feature", "properties": { "class": "port", "longitude": -67.06093969, "latitude": 45.02596315, "Id": 1118, "Code": null, "Name": null }, "geometry": { "type": "Point", "coordinates": [ -67.06093969, 45.02596315 ] } },
{ "type": "Feature", "properties": { "class": "port", "longitude": -66.99103003, "latitude": 10.60616085, "Id": 1119, "Code": null, "Name": null }, "geometry": { "type": "Point", "coordinates": [ -66.99103003, 10.60616085 ] } },
{ "type": "Feature", "properties": { "class": "port", "longitude": -66.84464424, "latitude": 18.21203949, "Id": 1120, "Code": null, "Name": null }, "geometry": { "type": "Point", "coordinates": [ -66.84464424, 18.21203949 ] } },
{ "type": "Feature", "properties": { "class": "port", "longitude": -66.65319419, "latitude": 50.1218529, "Id": 1121, "Code": null, "Name": null }, "geometry": { "type": "Point", "coordinates": [ -66.65319419, 50.1218529 ] } },
{ "type": "Feature", "properties": { "class": "port", "longitude": -66.03310904, "latitude": 45.2331936, "Id": 1122, "Code": null, "Name": null }, "geometry": { "type": "Point", "coordinates": [ -66.03310904, 45.2331936 ] } },
{ "type": "Feature", "properties": { "class": "port", "longitude": -65.95, "latitude": 58.6833, "Id": 1123, "Code": null, "Name": null }, "geometry": { "type": "Point", "coordinates": [ -65.95, 58.6833 ] } },
{ "type": "Feature", "properties": { "class": "port", "longitude": -65.93638144000001, "latitude": 48.04533411, "Id": 1124, "Code": null, "Name": null }, "geometry": { "type": "Point", "coordinates": [ -65.93638144, 48.04533411 ] } },
{ "type": "Feature", "properties": { "class": "port", "longitude": -65.8929, "latitude": -47.74737, "Id": 1125, "Code": null, "Name": null }, "geometry": { "type": "Point", "coordinates": [ -65.8929, -47.74737 ] } },
{ "type": "Feature", "properties": { "class": "port", "longitude": -65.87181722, "latitude": 18.28517286, "Id": 1126, "Code": null, "Name": null }, "geometry": { "type": "Point", "coordinates": [ -65.87181722, 18.28517286 ] } },
{ "type": "Feature", "properties": { "class": "port", "longitude": -65.75, "latitude": 66.1333, "Id": 1127, "Code": null, "Name": null }, "geometry": { "type": "Point", "coordinates": [ -65.75, 66.1333 ] } },
{ "type": "Feature", "properties": { "class": "port", "longitude": -65.3193, "latitude": 43.74983, "Id": 1128, "Code": null, "Name": null }, "geometry": { "type": "Point", "coordinates": [ -65.3193, 43.74983 ] } },
{ "type": "Feature", "properties": { "class": "port", "longitude": -65.0333, "latitude": -42.7667, "Id": 1129, "Code": null, "Name": null }, "geometry": { "type": "Point", "coordinates": [ -65.0333, -42.7667 ] } },
{ "type": "Feature", "properties": { "class": "port", "longitude": -64.91745178, "latitude": 18.34129062, "Id": 1130, "Code": null, "Name": null }, "geometry": { "type": "Point", "coordinates": [ -64.91745178, 18.34129062 ] } },
{ "type": "Feature", "properties": { "class": "port", "longitude": -64.79434173, "latitude": 17.72822707, "Id": 1131, "Code": null, "Name": null }, "geometry": { "type": "Point", "coordinates": [ -64.79434173, 17.72822707 ] } },
{ "type": "Feature", "properties": { "class": "port", "longitude": -64.75349847, "latitude": 32.3507793, "Id": 1132, "Code": null, "Name": null }, "geometry": { "type": "Point", "coordinates": [ -64.75349847, 32.3507793 ] } },
{ "type": "Feature", "properties": { "class": "port", "longitude": -64.5011, "latitude": 48.8467, "Id": 1133, "Code": null, "Name": null }, "geometry": { "type": "Point", "coordinates": [ -64.5011, 48.8467 ] } },
{ "type": "Feature", "properties": { "class": "port", "longitude": -64.3543, "latitude": 49.80693, "Id": 1134, "Code": null, "Name": null }, "geometry": { "type": "Point", "coordinates": [ -64.3543, 49.80693 ] } },
{ "type": "Feature", "properties": { "class": "port", "longitude": -64.315, "latitude": 44.38113, "Id": 1135, "Code": null, "Name": null }, "geometry": { "type": "Point", "coordinates": [ -64.315, 44.38113 ] } },
{ "type": "Feature", "properties": { "class": "port", "longitude": -64.30226011000001, "latitude": 10.53471505, "Id": 1136, "Code": null, "Name": null }, "geometry": { "type": "Point", "coordinates": [ -64.30226011, 10.53471505 ] } },
{ "type": "Feature", "properties": { "class": "port", "longitude": -64.0167, "latitude": 67.55, "Id": 1137, "Code": null, "Name": null }, "geometry": { "type": "Point", "coordinates": [ -64.0167, 67.55 ] } },
{ "type": "Feature", "properties": { "class": "port", "longitude": -63.9184, "latitude": -8.76497, "Id": 1138, "Code": null, "Name": null }, "geometry": { "type": "Point", "coordinates": [ -63.9184, -8.76497 ] } },
{ "type": "Feature", "properties": { "class": "port", "longitude": -63.7997, "latitude": 46.38863, "Id": 1139, "Code": null, "Name": null }, "geometry": { "type": "Point", "coordinates": [ -63.7997, 46.38863 ] } },
{ "type": "Feature", "properties": { "class": "port", "longitude": -63.5985, "latitude": 50.23103, "Id": 1140, "Code": null, "Name": null }, "geometry": { "type": "Point", "coordinates": [ -63.5985, 50.23103 ] } },
{ "type": "Feature", "properties": { "class": "port", "longitude": -63.5833, "latitude": 44.65, "Id": 1141, "Code": null, "Name": null }, "geometry": { "type": "Point", "coordinates": [ -63.5833, 44.65 ] } },
{ "type": "Feature", "properties": { "class": "port", "longitude": -63.1342, "latitude": -4.1344, "Id": 1142, "Code": null, "Name": null }, "geometry": { "type": "Point", "coordinates": [ -63.1342, -4.1344 ] } },
{ "type": "Feature", "properties": { "class": "port", "longitude": -63.1289, "latitude": 46.23053, "Id": 1143, "Code": null, "Name": null }, "geometry": { "type": "Point", "coordinates": [ -63.1289, 46.23053 ] } },
{ "type": "Feature", "properties": { "class": "port", "longitude": -62.74222723, "latitude": 8.331275844, "Id": 1144, "Code": null, "Name": null }, "geometry": { "type": "Point", "coordinates": [ -62.74222723, 8.331275844 ] } },
{ "type": "Feature", "properties": { "class": "port", "longitude": -62.5172, "latitude": 44.8456, "Id": 1145, "Code": null, "Name": null }, "geometry": { "type": "Point", "coordinates": [ -62.5172, 44.8456 ] } },
{ "type": "Feature", "properties": { "class": "port", "longitude": -62.47403266, "latitude": 17.45357345, "Id": 1146, "Code": null, "Name": null }, "geometry": { "type": "Point", "coordinates": [ -62.47403266, 17.45357345 ] } },
{ "type": "Feature", "properties": { "class": "port", "longitude": -62.2933, "latitude": 10.5703, "Id": 1147, "Code": null, "Name": null }, "geometry": { "type": "Point", "coordinates": [ -62.2933, 10.5703 ] } },
{ "type": "Feature", "properties": { "class": "port", "longitude": -62.2467, "latitude": 46.34373, "Id": 1148, "Code": null, "Name": null }, "geometry": { "type": "Point", "coordinates": [ -62.2467, 46.34373 ] } },
{ "type": "Feature", "properties": { "class": "port", "longitude": -62.20023447, "latitude": -38.81346781, "Id": 1149, "Code": null, "Name": null }, "geometry": { "type": "Point", "coordinates": [ -62.20023447, -38.81346781 ] } },
{ "type": "Feature", "properties": { "class": "port", "longitude": -62.1506, "latitude": 8.7522, "Id": 1150, "Code": null, "Name": null }, "geometry": { "type": "Point", "coordinates": [ -62.1506, 8.7522 ] } },
{ "type": "Feature", "properties": { "class": "port", "longitude": -61.6833, "latitude": 56.55, "Id": 1151, "Code": null, "Name": null }, "geometry": { "type": "Point", "coordinates": [ -61.6833, 56.55 ] } },
{ "type": "Feature", "properties": { "class": "port", "longitude": -61.63239878, "latitude": 16.11564611, "Id": 1152, "Code": null, "Name": null }, "geometry": { "type": "Point", "coordinates": [ -61.63239878, 16.11564611 ] } },
{ "type": "Feature", "properties": { "class": "port", "longitude": -61.43783832, "latitude": 12.61194666, "Id": 1153, "Code": null, "Name": null }, "geometry": { "type": "Point", "coordinates": [ -61.43783832, 12.61194666 ] } },
{ "type": "Feature", "properties": { "class": "port", "longitude": -61.40398146, "latitude": 10.35075303, "Id": 1154, "Code": null, "Name": null }, "geometry": { "type": "Point", "coordinates": [ -61.40398146, 10.35075303 ] } },
{ "type": "Feature", "properties": { "class": "port", "longitude": -61.389, "latitude": 15.31194, "Id": 1155, "Code": null, "Name": null }, "geometry": { "type": "Point", "coordinates": [ -61.389, 15.31194 ] } },
{ "type": "Feature", "properties": { "class": "port", "longitude": -61.3669, "latitude": 45.6125, "Id": 1156, "Code": null, "Name": null }, "geometry": { "type": "Point", "coordinates": [ -61.3669, 45.6125 ] } },
{ "type": "Feature", "properties": { "class": "port", "longitude": -61.01514814, "latitude": 14.15190533, "Id": 1157, "Code": null, "Name": null }, "geometry": { "type": "Point", "coordinates": [ -61.01514814, 14.15190533 ] } },
{ "type": "Feature", "properties": { "class": "port", "longitude": -60.61710373, "latitude": -31.6861778, "Id": 1158, "Code": null, "Name": null }, "geometry": { "type": "Point", "coordinates": [ -60.61710373, -31.6861778 ] } },
{ "type": "Feature", "properties": { "class": "port", "longitude": -60.3574, "latitude": 53.36033, "Id": 1159, "Code": null, "Name": null }, "geometry": { "type": "Point", "coordinates": [ -60.3574, 53.36033 ] } },
{ "type": "Feature", "properties": { "class": "port", "longitude": -60.2004, "latitude": 55.45553, "Id": 1160, "Code": null, "Name": null }, "geometry": { "type": "Point", "coordinates": [ -60.2004, 55.45553 ] } },
{ "type": "Feature", "properties": { "class": "port", "longitude": -60.08328056, "latitude": 46.24016489, "Id": 1161, "Code": null, "Name": null }, "geometry": { "type": "Point", "coordinates": [ -60.08328056, 46.24016489 ] } },
{ "type": "Feature", "properties": { "class": "port", "longitude": -60.0167, "latitude": -3.1333, "Id": 1162, "Code": null, "Name": null }, "geometry": { "type": "Point", "coordinates": [ -60.0167, -3.1333 ] } },
{ "type": "Feature", "properties": { "class": "port", "longitude": -59.6331, "latitude": 13.1036, "Id": 1163, "Code": null, "Name": null }, "geometry": { "type": "Point", "coordinates": [ -59.6331, 13.1036 ] } },
{ "type": "Feature", "properties": { "class": "port", "longitude": -59.2851, "latitude": -29.14577, "Id": 1164, "Code": null, "Name": null }, "geometry": { "type": "Point", "coordinates": [ -59.2851, -29.14577 ] } },
{ "type": "Feature", "properties": { "class": "port", "longitude": -59.15314692, "latitude": -33.87625094, "Id": 1165, "Code": null, "Name": null }, "geometry": { "type": "Point", "coordinates": [ -59.15314692, -33.87625094 ] } },
{ "type": "Feature", "properties": { "class": "port", "longitude": -59.1331, "latitude": 47.5797, "Id": 1166, "Code": null, "Name": null }, "geometry": { "type": "Point", "coordinates": [ -59.1331, 47.5797 ] } },
{ "type": "Feature", "properties": { "class": "port", "longitude": -58.9004594, "latitude": -27.49179846, "Id": 1167, "Code": null, "Name": null }, "geometry": { "type": "Point", "coordinates": [ -58.9004594, -27.49179846 ] } },
{ "type": "Feature", "properties": { "class": "port", "longitude": -58.7, "latitude": -38.6, "Id": 1168, "Code": null, "Name": null }, "geometry": { "type": "Point", "coordinates": [ -58.7, -38.6 ] } },
{ "type": "Feature", "properties": { "class": "port", "longitude": -58.45, "latitude": -3.15, "Id": 1169, "Code": null, "Name": null }, "geometry": { "type": "Point", "coordinates": [ -58.45, -3.15 ] } },
{ "type": "Feature", "properties": { "class": "port", "longitude": -58.4419, "latitude": 48.50733, "Id": 1170, "Code": null, "Name": null }, "geometry": { "type": "Point", "coordinates": [ -58.4419, 48.50733 ] } },
{ "type": "Feature", "properties": { "class": "port", "longitude": -58.4167, "latitude": 54.1833, "Id": 1171, "Code": null, "Name": null }, "geometry": { "type": "Point", "coordinates": [ -58.4167, 54.1833 ] } },
{ "type": "Feature", "properties": { "class": "port", "longitude": -58.3306, "latitude": -33.11967, "Id": 1172, "Code": null, "Name": null }, "geometry": { "type": "Point", "coordinates": [ -58.3306, -33.11967 ] } },
{ "type": "Feature", "properties": { "class": "port", "longitude": -58.2161, "latitude": -20.2389, "Id": 1173, "Code": null, "Name": null }, "geometry": { "type": "Point", "coordinates": [ -58.2161, -20.2389 ] } },
{ "type": "Feature", "properties": { "class": "port", "longitude": -58.213, "latitude": -32.49557, "Id": 1174, "Code": null, "Name": null }, "geometry": { "type": "Point", "coordinates": [ -58.213, -32.49557 ] } },
{ "type": "Feature", "properties": { "class": "port", "longitude": -58.1994, "latitude": 6.8183, "Id": 1175, "Code": null, "Name": null }, "geometry": { "type": "Point", "coordinates": [ -58.1994, 6.8183 ] } },
{ "type": "Feature", "properties": { "class": "port", "longitude": -58.1598, "latitude": -26.18157, "Id": 1176, "Code": null, "Name": null }, "geometry": { "type": "Point", "coordinates": [ -58.1598, -26.18157 ] } },
{ "type": "Feature", "properties": { "class": "port", "longitude": -57.9658, "latitude": 48.9633, "Id": 1177, "Code": null, "Name": null }, "geometry": { "type": "Point", "coordinates": [ -57.9658, 48.9633 ] } },
{ "type": "Feature", "properties": { "class": "port", "longitude": -57.7073665, "latitude": -18.98142376, "Id": 1178, "Code": null, "Name": null }, "geometry": { "type": "Point", "coordinates": [ -57.7073665, -18.98142376 ] } },
{ "type": "Feature", "properties": { "class": "port", "longitude": -57.6465, "latitude": -25.27847, "Id": 1179, "Code": null, "Name": null }, "geometry": { "type": "Point", "coordinates": [ -57.6465, -25.27847 ] } },
{ "type": "Feature", "properties": { "class": "port", "longitude": -57.5475, "latitude": -38.00017, "Id": 1180, "Code": null, "Name": null }, "geometry": { "type": "Point", "coordinates": [ -57.5475, -38.00017 ] } },
{ "type": "Feature", "properties": { "class": "port", "longitude": -57.50353123, "latitude": 6.292064333, "Id": 1181, "Code": null, "Name": null }, "geometry": { "type": "Point", "coordinates": [ -57.50353123, 6.292064333 ] } },
{ "type": "Feature", "properties": { "class": "port", "longitude": -57.0013, "latitude": 5.94973, "Id": 1182, "Code": null, "Name": null }, "geometry": { "type": "Point", "coordinates": [ -57.0013, 5.94973 ] } },
{ "type": "Feature", "properties": { "class": "port", "longitude": -56.741207, "latitude": -35.194456, "Id": 1183, "Code": null, "Name": null }, "geometry": { "type": "Point", "coordinates": [ -56.741207, -35.194456 ] } },
{ "type": "Feature", "properties": { "class": "port", "longitude": -56.3989, "latitude": -1.4669, "Id": 1184, "Code": null, "Name": null }, "geometry": { "type": "Point", "coordinates": [ -56.3989, -1.4669 ] } },
{ "type": "Feature", "properties": { "class": "port", "longitude": -56.185115, "latitude": -34.905502, "Id": 1185, "Code": null, "Name": null }, "geometry": { "type": "Point", "coordinates": [ -56.185115, -34.905502 ] } },
{ "type": "Feature", "properties": { "class": "port", "longitude": -56.1489, "latitude": 72.7872, "Id": 1186, "Code": null, "Name": null }, "geometry": { "type": "Point", "coordinates": [ -56.1489, 72.7872 ] } },
{ "type": "Feature", "properties": { "class": "port", "longitude": -56.0975, "latitude": -2.1638, "Id": 1187, "Code": null, "Name": null }, "geometry": { "type": "Point", "coordinates": [ -56.0975, -2.1638 ] } },
{ "type": "Feature", "properties": { "class": "port", "longitude": -56.0957, "latitude": 49.49733, "Id": 1188, "Code": null, "Name": null }, "geometry": { "type": "Point", "coordinates": [ -56.0957, 49.49733 ] } },
{ "type": "Feature", "properties": { "class": "port", "longitude": -56.01381493, "latitude": 46.94392467, "Id": 1189, "Code": null, "Name": null }, "geometry": { "type": "Point", "coordinates": [ -56.01381493, 46.94392467 ] } },
{ "type": "Feature", "properties": { "class": "port", "longitude": -55.5333, "latitude": 72.15, "Id": 1190, "Code": null, "Name": null }, "geometry": { "type": "Point", "coordinates": [ -55.5333, 72.15 ] } },
{ "type": "Feature", "properties": { "class": "port", "longitude": -55.19468474, "latitude": 49.20017467, "Id": 1191, "Code": null, "Name": null }, "geometry": { "type": "Point", "coordinates": [ -55.19468474, 49.20017467 ] } },
{ "type": "Feature", "properties": { "class": "port", "longitude": -55.1615, "latitude": 47.16523, "Id": 1192, "Code": null, "Name": null }, "geometry": { "type": "Point", "coordinates": [ -55.1615, 47.16523 ] } },
{ "type": "Feature", "properties": { "class": "port", "longitude": -55.11891275, "latitude": 5.71225315, "Id": 1193, "Code": null, "Name": null }, "geometry": { "type": "Point", "coordinates": [ -55.11891275, 5.71225315 ] } },
{ "type": "Feature", "properties": { "class": "port", "longitude": -54.82847119, "latitude": -34.92649848, "Id": 1194, "Code": null, "Name": null }, "geometry": { "type": "Point", "coordinates": [ -54.82847119, -34.92649848 ] } },
{ "type": "Feature", "properties": { "class": "port", "longitude": -54.7167, "latitude": -2.4167, "Id": 1195, "Code": null, "Name": null }, "geometry": { "type": "Point", "coordinates": [ -54.7167, -2.4167 ] } },
{ "type": "Feature", "properties": { "class": "port", "longitude": -53.7333, "latitude": 67.95, "Id": 1196, "Code": null, "Name": null }, "geometry": { "type": "Point", "coordinates": [ -53.7333, 67.95 ] } },
{ "type": "Feature", "properties": { "class": "port", "longitude": -53.6692, "latitude": 66.9425, "Id": 1197, "Code": null, "Name": null }, "geometry": { "type": "Point", "coordinates": [ -53.6692, 66.9425 ] } },
{ "type": "Feature", "properties": { "class": "port", "longitude": -53.5481, "latitude": 68.6189, "Id": 1198, "Code": null, "Name": null }, "geometry": { "type": "Point", "coordinates": [ -53.5481, 68.6189 ] } },
{ "type": "Feature", "properties": { "class": "port", "longitude": -53.5467, "latitude": 69.2469, "Id": 1199, "Code": null, "Name": null }, "geometry": { "type": "Point", "coordinates": [ -53.5467, 69.2469 ] } },
{ "type": "Feature", "properties": { "class": "port", "longitude": -53.46695878, "latitude": 47.53845476, "Id": 1200, "Code": null, "Name": null }, "geometry": { "type": "Point", "coordinates": [ -53.46695878, 47.53845476 ] } },
{ "type": "Feature", "properties": { "class": "port", "longitude": -53.09928205, "latitude": 65.6145711, "Id": 1201, "Code": null, "Name": null }, "geometry": { "type": "Point", "coordinates": [ -53.09928205, 65.6145711 ] } },
{ "type": "Feature", "properties": { "class": "port", "longitude": -52.8739, "latitude": 68.7089, "Id": 1202, "Code": null, "Name": null }, "geometry": { "type": "Point", "coordinates": [ -52.8739, 68.7089 ] } },
{ "type": "Feature", "properties": { "class": "port", "longitude": -52.46330198, "latitude": 5.001964918, "Id": 1203, "Code": null, "Name": null }, "geometry": { "type": "Point", "coordinates": [ -52.46330198, 5.001964918 ] } },
{ "type": "Feature", "properties": { "class": "port", "longitude": -52.1206, "latitude": 70.6747, "Id": 1204, "Code": null, "Name": null }, "geometry": { "type": "Point", "coordinates": [ -52.1206, 70.6747 ] } },
{ "type": "Feature", "properties": { "class": "port", "longitude": -51.64362084, "latitude": 63.94544666, "Id": 1205, "Code": null, "Name": null }, "geometry": { "type": "Point", "coordinates": [ -51.64362084, 63.94544666 ] } },
{ "type": "Feature", "properties": { "class": "port", "longitude": -51.2975, "latitude": -30.125, "Id": 1206, "Code": null, "Name": null }, "geometry": { "type": "Point", "coordinates": [ -51.2975, -30.125 ] } },
{ "type": "Feature", "properties": { "class": "port", "longitude": -51.1667, "latitude": -0.05, "Id": 1207, "Code": null, "Name": null }, "geometry": { "type": "Point", "coordinates": [ -51.1667, -0.05 ] } },
{ "type": "Feature", "properties": { "class": "port", "longitude": -51.13860797, "latitude": 69.01982718, "Id": 1208, "Code": null, "Name": null }, "geometry": { "type": "Point", "coordinates": [ -51.13860797, 69.01982718 ] } },
{ "type": "Feature", "properties": { "class": "port", "longitude": -50.95, "latitude": 66.9667, "Id": 1209, "Code": null, "Name": null }, "geometry": { "type": "Point", "coordinates": [ -50.95, 66.9667 ] } },
{ "type": "Feature", "properties": { "class": "port", "longitude": -50.1333, "latitude": -29.9833, "Id": 1210, "Code": null, "Name": null }, "geometry": { "type": "Point", "coordinates": [ -50.1333, -29.9833 ] } },
{ "type": "Feature", "properties": { "class": "port", "longitude": -49.6725, "latitude": 61.9961, "Id": 1211, "Code": null, "Name": null }, "geometry": { "type": "Point", "coordinates": [ -49.6725, 61.9961 ] } },
{ "type": "Feature", "properties": { "class": "port", "longitude": -48.655, "latitude": -26.90537, "Id": 1212, "Code": null, "Name": null }, "geometry": { "type": "Point", "coordinates": [ -48.655, -26.90537 ] } },
{ "type": "Feature", "properties": { "class": "port", "longitude": -48.6467, "latitude": -26.2406, "Id": 1213, "Code": null, "Name": null }, "geometry": { "type": "Point", "coordinates": [ -48.6467, -26.2406 ] } },
{ "type": "Feature", "properties": { "class": "port", "longitude": -48.63183143, "latitude": -1.499438865, "Id": 1214, "Code": null, "Name": null }, "geometry": { "type": "Point", "coordinates": [ -48.63183143, -1.499438865 ] } },
{ "type": "Feature", "properties": { "class": "port", "longitude": -48.42202591, "latitude": -25.55902906, "Id": 1215, "Code": null, "Name": null }, "geometry": { "type": "Point", "coordinates": [ -48.42202591, -25.55902906 ] } },
{ "type": "Feature", "properties": { "class": "port", "longitude": -48.1, "latitude": 61.2333, "Id": 1216, "Code": null, "Name": null }, "geometry": { "type": "Point", "coordinates": [ -48.1, 61.2333 ] } },
{ "type": "Feature", "properties": { "class": "port", "longitude": -46.3461, "latitude": -23.9397, "Id": 1217, "Code": null, "Name": null }, "geometry": { "type": "Point", "coordinates": [ -46.3461, -23.9397 ] } },
{ "type": "Feature", "properties": { "class": "port", "longitude": -46.04400644, "latitude": 60.81277896, "Id": 1218, "Code": null, "Name": null }, "geometry": { "type": "Point", "coordinates": [ -46.04400644, 60.81277896 ] } },
{ "type": "Feature", "properties": { "class": "port", "longitude": -45.4342, "latitude": 61.145, "Id": 1219, "Code": null, "Name": null }, "geometry": { "type": "Point", "coordinates": [ -45.4342, 61.145 ] } },
{ "type": "Feature", "properties": { "class": "port", "longitude": -45.38978639, "latitude": -23.81108426, "Id": 1220, "Code": null, "Name": null }, "geometry": { "type": "Point", "coordinates": [ -45.38978639, -23.81108426 ] } },
{ "type": "Feature", "properties": { "class": "port", "longitude": -45.2408, "latitude": 60.1397, "Id": 1221, "Code": null, "Name": null }, "geometry": { "type": "Point", "coordinates": [ -45.2408, 60.1397 ] } },
{ "type": "Feature", "properties": { "class": "port", "longitude": -44.24898831, "latitude": -2.449773553, "Id": 1222, "Code": null, "Name": null }, "geometry": { "type": "Point", "coordinates": [ -44.24898831, -2.449773553 ] } },
{ "type": "Feature", "properties": { "class": "port", "longitude": -43.71825989, "latitude": -22.94446571, "Id": 1223, "Code": null, "Name": null }, "geometry": { "type": "Point", "coordinates": [ -43.71825989, -22.94446571 ] } },
{ "type": "Feature", "properties": { "class": "port", "longitude": -42.0167, "latitude": -22.9667, "Id": 1224, "Code": null, "Name": null }, "geometry": { "type": "Point", "coordinates": [ -42.0167, -22.9667 ] } },
{ "type": "Feature", "properties": { "class": "port", "longitude": -41.782758, "latitude": -22.383713, "Id": 1225, "Code": null, "Name": null }, "geometry": { "type": "Point", "coordinates": [ -41.782758, -22.383713 ] } },
{ "type": "Feature", "properties": { "class": "port", "longitude": -41.0114, "latitude": -21.8558, "Id": 1226, "Code": null, "Name": null }, "geometry": { "type": "Point", "coordinates": [ -41.0114, -21.8558 ] } },
{ "type": "Feature", "properties": { "class": "port", "longitude": -40.29977112, "latitude": -20.31221561, "Id": 1227, "Code": null, "Name": null }, "geometry": { "type": "Point", "coordinates": [ -40.29977112, -20.31221561 ] } },
{ "type": "Feature", "properties": { "class": "port", "longitude": -39.0167, "latitude": -14.7833, "Id": 1228, "Code": null, "Name": null }, "geometry": { "type": "Point", "coordinates": [ -39.0167, -14.7833 ] } },
{ "type": "Feature", "properties": { "class": "port", "longitude": -38.68642237, "latitude": -3.63209894, "Id": 1229, "Code": null, "Name": null }, "geometry": { "type": "Point", "coordinates": [ -38.68642237, -3.63209894 ] } },
{ "type": "Feature", "properties": { "class": "port", "longitude": -38.55457031, "latitude": -12.84144886, "Id": 1230, "Code": null, "Name": null }, "geometry": { "type": "Point", "coordinates": [ -38.55457031, -12.84144886 ] } },
{ "type": "Feature", "properties": { "class": "port", "longitude": -37.6331, "latitude": 65.6175, "Id": 1231, "Code": null, "Name": null }, "geometry": { "type": "Point", "coordinates": [ -37.6331, 65.6175 ] } },
{ "type": "Feature", "properties": { "class": "port", "longitude": -37.044686, "latitude": -4.818788, "Id": 1232, "Code": null, "Name": null }, "geometry": { "type": "Point", "coordinates": [ -37.044686, -4.818788 ] } },
{ "type": "Feature", "properties": { "class": "port", "longitude": -36.9267, "latitude": -10.8528, "Id": 1233, "Code": null, "Name": null }, "geometry": { "type": "Point", "coordinates": [ -36.9267, -10.8528 ] } },
{ "type": "Feature", "properties": { "class": "port", "longitude": -36.51, "latitude": -54.2983, "Id": 1234, "Code": null, "Name": null }, "geometry": { "type": "Point", "coordinates": [ -36.51, -54.2983 ] } },
{ "type": "Feature", "properties": { "class": "port", "longitude": -35.7333, "latitude": -9.6667, "Id": 1235, "Code": null, "Name": null }, "geometry": { "type": "Point", "coordinates": [ -35.7333, -9.6667 ] } },
{ "type": "Feature", "properties": { "class": "port", "longitude": -35.2, "latitude": -5.7833, "Id": 1236, "Code": null, "Name": null }, "geometry": { "type": "Point", "coordinates": [ -35.2, -5.7833 ] } },
{ "type": "Feature", "properties": { "class": "port", "longitude": -34.91319743, "latitude": -8.225842341, "Id": 1237, "Code": null, "Name": null }, "geometry": { "type": "Point", "coordinates": [ -34.91319743, -8.225842341 ] } },
{ "type": "Feature", "properties": { "class": "port", "longitude": -34.8333, "latitude": -6.9667, "Id": 1238, "Code": null, "Name": null }, "geometry": { "type": "Point", "coordinates": [ -34.8333, -6.9667 ] } },
{ "type": "Feature", "properties": { "class": "port", "longitude": -31.1814, "latitude": 39.37753, "Id": 1239, "Code": null, "Name": null }, "geometry": { "type": "Point", "coordinates": [ -31.1814, 39.37753 ] } },
{ "type": "Feature", "properties": { "class": "port", "longitude": -28.627, "latitude": 38.53473, "Id": 1240, "Code": null, "Name": null }, "geometry": { "type": "Point", "coordinates": [ -28.627, 38.53473 ] } },
{ "type": "Feature", "properties": { "class": "port", "longitude": -27.05, "latitude": 38.7167, "Id": 1241, "Code": null, "Name": null }, "geometry": { "type": "Point", "coordinates": [ -27.05, 38.7167 ] } },
{ "type": "Feature", "properties": { "class": "port", "longitude": -25.6628022, "latitude": 37.67488446, "Id": 1242, "Code": null, "Name": null }, "geometry": { "type": "Point", "coordinates": [ -25.6628022, 37.67488446 ] } },
{ "type": "Feature", "properties": { "class": "port", "longitude": -25.1509, "latitude": 36.94233, "Id": 1243, "Code": null, "Name": null }, "geometry": { "type": "Point", "coordinates": [ -25.1509, 36.94233 ] } },
{ "type": "Feature", "properties": { "class": "port", "longitude": -25.03884204, "latitude": 16.94855309, "Id": 1244, "Code": null, "Name": null }, "geometry": { "type": "Point", "coordinates": [ -25.03884204, 16.94855309 ] } },
{ "type": "Feature", "properties": { "class": "port", "longitude": -24.4233, "latitude": 14.9206, "Id": 1245, "Code": null, "Name": null }, "geometry": { "type": "Point", "coordinates": [ -24.4233, 14.9206 ] } },
{ "type": "Feature", "properties": { "class": "port", "longitude": -24.29, "latitude": 16.5711, "Id": 1246, "Code": null, "Name": null }, "geometry": { "type": "Point", "coordinates": [ -24.29, 16.5711 ] } },
{ "type": "Feature", "properties": { "class": "port", "longitude": -23.9833, "latitude": 65.5833, "Id": 1247, "Code": null, "Name": null }, "geometry": { "type": "Point", "coordinates": [ -23.9833, 65.5833 ] } },
{ "type": "Feature", "properties": { "class": "port", "longitude": -23.5139, "latitude": 14.91053, "Id": 1248, "Code": null, "Name": null }, "geometry": { "type": "Point", "coordinates": [ -23.5139, 14.91053 ] } },
{ "type": "Feature", "properties": { "class": "port", "longitude": -23.1239, "latitude": 66.07, "Id": 1249, "Code": null, "Name": null }, "geometry": { "type": "Point", "coordinates": [ -23.1239, 66.07 ] } },
{ "type": "Feature", "properties": { "class": "port", "longitude": -22.95333678, "latitude": 16.46795331, "Id": 1250, "Code": null, "Name": null }, "geometry": { "type": "Point", "coordinates": [ -22.95333678, 16.46795331 ] } },
{ "type": "Feature", "properties": { "class": "port", "longitude": -22.7167, "latitude": 65.0833, "Id": 1251, "Code": null, "Name": null }, "geometry": { "type": "Point", "coordinates": [ -22.7167, 65.0833 ] } },
{ "type": "Feature", "properties": { "class": "port", "longitude": -21.95622897, "latitude": 64.08728885, "Id": 1252, "Code": null, "Name": null }, "geometry": { "type": "Point", "coordinates": [ -21.95622897, 64.08728885 ] } },
{ "type": "Feature", "properties": { "class": "port", "longitude": -20.27169243, "latitude": 63.44532124, "Id": 1253, "Code": null, "Name": null }, "geometry": { "type": "Point", "coordinates": [ -20.27169243, 63.44532124 ] } },
{ "type": "Feature", "properties": { "class": "port", "longitude": -18.49057926, "latitude": 65.92874944, "Id": 1254, "Code": null, "Name": null }, "geometry": { "type": "Point", "coordinates": [ -18.49057926, 65.92874944 ] } },
{ "type": "Feature", "properties": { "class": "port", "longitude": -17.764575, "latitude": 28.683989, "Id": 1255, "Code": null, "Name": null }, "geometry": { "type": "Point", "coordinates": [ -17.764575, 28.683989 ] } },
{ "type": "Feature", "properties": { "class": "port", "longitude": -17.39310751, "latitude": 14.61996706, "Id": 1256, "Code": null, "Name": null }, "geometry": { "type": "Point", "coordinates": [ -17.39310751, 14.61996706 ] } },
{ "type": "Feature", "properties": { "class": "port", "longitude": -17.1113, "latitude": 28.0958, "Id": 1257, "Code": null, "Name": null }, "geometry": { "type": "Point", "coordinates": [ -17.1113, 28.0958 ] } },
{ "type": "Feature", "properties": { "class": "port", "longitude": -17.05234702, "latitude": 20.86949849, "Id": 1258, "Code": null, "Name": null }, "geometry": { "type": "Point", "coordinates": [ -17.05234702, 20.86949849 ] } },
{ "type": "Feature", "properties": { "class": "port", "longitude": -16.63518579, "latitude": 32.83724254, "Id": 1259, "Code": null, "Name": null }, "geometry": { "type": "Point", "coordinates": [ -16.63518579, 32.83724254 ] } },
{ "type": "Feature", "properties": { "class": "port", "longitude": -16.5667, "latitude": 13.45, "Id": 1260, "Code": null, "Name": null }, "geometry": { "type": "Point", "coordinates": [ -16.5667, 13.45 ] } },
{ "type": "Feature", "properties": { "class": "port", "longitude": -16.27232372, "latitude": 14.13113442, "Id": 1261, "Code": null, "Name": null }, "geometry": { "type": "Point", "coordinates": [ -16.27232372, 14.13113442 ] } },
{ "type": "Feature", "properties": { "class": "port", "longitude": -16.2586, "latitude": 12.58853, "Id": 1262, "Code": null, "Name": null }, "geometry": { "type": "Point", "coordinates": [ -16.2586, 12.58853 ] } },
{ "type": "Feature", "properties": { "class": "port", "longitude": -16.2333, "latitude": 28.4667, "Id": 1263, "Code": null, "Name": null }, "geometry": { "type": "Point", "coordinates": [ -16.2333, 28.4667 ] } },
{ "type": "Feature", "properties": { "class": "port", "longitude": -16.0211, "latitude": 17.9881, "Id": 1264, "Code": null, "Name": null }, "geometry": { "type": "Point", "coordinates": [ -16.0211, 17.9881 ] } },
{ "type": "Feature", "properties": { "class": "port", "longitude": -15.94824, "latitude": 23.67927, "Id": 1265, "Code": null, "Name": null }, "geometry": { "type": "Point", "coordinates": [ -15.94824, 23.67927 ] } },
{ "type": "Feature", "properties": { "class": "port", "longitude": -15.584323, "latitude": 11.86322, "Id": 1266, "Code": null, "Name": null }, "geometry": { "type": "Point", "coordinates": [ -15.584323, 11.86322 ] } },
{ "type": "Feature", "properties": { "class": "port", "longitude": -15.44853489, "latitude": 27.96267703, "Id": 1267, "Code": null, "Name": null }, "geometry": { "type": "Point", "coordinates": [ -15.44853489, 27.96267703 ] } },
{ "type": "Feature", "properties": { "class": "port", "longitude": -15.3333, "latitude": 66.2, "Id": 1268, "Code": null, "Name": null }, "geometry": { "type": "Point", "coordinates": [ -15.3333, 66.2 ] } },
{ "type": "Feature", "properties": { "class": "port", "longitude": -15.2036, "latitude": 64.2536, "Id": 1269, "Code": null, "Name": null }, "geometry": { "type": "Point", "coordinates": [ -15.2036, 64.2536 ] } },
{ "type": "Feature", "properties": { "class": "port", "longitude": -14.8217, "latitude": 65.7558, "Id": 1270, "Code": null, "Name": null }, "geometry": { "type": "Point", "coordinates": [ -14.8217, 65.7558 ] } },
{ "type": "Feature", "properties": { "class": "port", "longitude": -14.6125, "latitude": 10.664, "Id": 1271, "Code": null, "Name": null }, "geometry": { "type": "Point", "coordinates": [ -14.6125, 10.664 ] } },
{ "type": "Feature", "properties": { "class": "port", "longitude": -14.4206, "latitude": -7.9186, "Id": 1272, "Code": null, "Name": null }, "geometry": { "type": "Point", "coordinates": [ -14.4206, -7.9186 ] } },
{ "type": "Feature", "properties": { "class": "port", "longitude": -14.0328322, "latitude": 64.98262055, "Id": 1273, "Code": null, "Name": null }, "geometry": { "type": "Point", "coordinates": [ -14.0328322, 64.98262055 ] } },
{ "type": "Feature", "properties": { "class": "port", "longitude": -13.76170393, "latitude": 9.483368678, "Id": 1274, "Code": null, "Name": null }, "geometry": { "type": "Point", "coordinates": [ -13.76170393, 9.483368678 ] } },
{ "type": "Feature", "properties": { "class": "port", "longitude": -13.70039562, "latitude": 28.7245499, "Id": 1275, "Code": null, "Name": null }, "geometry": { "type": "Point", "coordinates": [ -13.70039562, 28.7245499 ] } },
{ "type": "Feature", "properties": { "class": "port", "longitude": -13.4369, "latitude": 27.0908, "Id": 1276, "Code": null, "Name": null }, "geometry": { "type": "Point", "coordinates": [ -13.4369, 27.0908 ] } },
{ "type": "Feature", "properties": { "class": "port", "longitude": -13.14110576, "latitude": 8.541841222, "Id": 1277, "Code": null, "Name": null }, "geometry": { "type": "Point", "coordinates": [ -13.14110576, 8.541841222 ] } },
{ "type": "Feature", "properties": { "class": "port", "longitude": -12.32, "latitude": -37.0436, "Id": 1278, "Code": null, "Name": null }, "geometry": { "type": "Point", "coordinates": [ -12.32, -37.0436 ] } },
{ "type": "Feature", "properties": { "class": "port", "longitude": -11.3509, "latitude": 28.478, "Id": 1279, "Code": null, "Name": null }, "geometry": { "type": "Point", "coordinates": [ -11.3509, 28.478 ] } },
{ "type": "Feature", "properties": { "class": "port", "longitude": -10.8167, "latitude": 6.3167, "Id": 1280, "Code": null, "Name": null }, "geometry": { "type": "Point", "coordinates": [ -10.8167, 6.3167 ] } },
{ "type": "Feature", "properties": { "class": "port", "longitude": -10.0361, "latitude": 5.8681, "Id": 1281, "Code": null, "Name": null }, "geometry": { "type": "Point", "coordinates": [ -10.0361, 5.8681 ] } },
{ "type": "Feature", "properties": { "class": "port", "longitude": -9.742293787, "latitude": 51.68632559, "Id": 1282, "Code": null, "Name": null }, "geometry": { "type": "Point", "coordinates": [ -9.742293787, 51.68632559 ] } },
{ "type": "Feature", "properties": { "class": "port", "longitude": -9.5992, "latitude": 30.4318, "Id": 1283, "Code": null, "Name": null }, "geometry": { "type": "Point", "coordinates": [ -9.5992, 30.4318 ] } },
{ "type": "Feature", "properties": { "class": "port", "longitude": -9.2361, "latitude": 32.2939, "Id": 1284, "Code": null, "Name": null }, "geometry": { "type": "Point", "coordinates": [ -9.2361, 32.2939 ] } },
{ "type": "Feature", "properties": { "class": "port", "longitude": -9.203776913, "latitude": 52.86134779, "Id": 1285, "Code": null, "Name": null }, "geometry": { "type": "Point", "coordinates": [ -9.203776913, 52.86134779 ] } },
{ "type": "Feature", "properties": { "class": "port", "longitude": -9.062106589000001, "latitude": 38.4274472, "Id": 1286, "Code": null, "Name": null }, "geometry": { "type": "Point", "coordinates": [ -9.062106589, 38.4274472 ] } },
{ "type": "Feature", "properties": { "class": "port", "longitude": -9.0309, "latitude": 4.99673, "Id": 1287, "Code": null, "Name": null }, "geometry": { "type": "Point", "coordinates": [ -9.0309, 4.99673 ] } },
{ "type": "Feature", "properties": { "class": "port", "longitude": -8.9014094240000023, "latitude": 41.21366946, "Id": 1288, "Code": null, "Name": null }, "geometry": { "type": "Point", "coordinates": [ -8.901409424, 41.21366946 ] } },
{ "type": "Feature", "properties": { "class": "port", "longitude": -8.566575166, "latitude": 33.20064257, "Id": 1289, "Code": null, "Name": null }, "geometry": { "type": "Point", "coordinates": [ -8.566575166, 33.20064257 ] } },
{ "type": "Feature", "properties": { "class": "port", "longitude": -8.45, "latitude": 54.63423, "Id": 1290, "Code": null, "Name": null }, "geometry": { "type": "Point", "coordinates": [ -8.45, 54.63423 ] } },
{ "type": "Feature", "properties": { "class": "port", "longitude": -8.405886166, "latitude": 51.80327531, "Id": 1291, "Code": null, "Name": null }, "geometry": { "type": "Point", "coordinates": [ -8.405886166, 51.80327531 ] } },
{ "type": "Feature", "properties": { "class": "port", "longitude": -7.936259758, "latitude": 43.60107025, "Id": 1292, "Code": null, "Name": null }, "geometry": { "type": "Point", "coordinates": [ -7.936259758, 43.60107025 ] } },
{ "type": "Feature", "properties": { "class": "port", "longitude": -7.73786795, "latitude": 37.14922771, "Id": 1293, "Code": null, "Name": null }, "geometry": { "type": "Point", "coordinates": [ -7.73786795, 37.14922771 ] } },
{ "type": "Feature", "properties": { "class": "port", "longitude": -7.503151033, "latitude": 33.64601884, "Id": 1294, "Code": null, "Name": null }, "geometry": { "type": "Point", "coordinates": [ -7.503151033, 33.64601884 ] } },
{ "type": "Feature", "properties": { "class": "port", "longitude": -7.20231476, "latitude": 57.47027182, "Id": 1295, "Code": null, "Name": null }, "geometry": { "type": "Point", "coordinates": [ -7.20231476, 57.47027182 ] } },
{ "type": "Feature", "properties": { "class": "port", "longitude": -6.892296599, "latitude": 61.96166655, "Id": 1296, "Code": null, "Name": null }, "geometry": { "type": "Point", "coordinates": [ -6.892296599, 61.96166655 ] } },
{ "type": "Feature", "properties": { "class": "port", "longitude": -6.64243, "latitude": 4.757869, "Id": 1297, "Code": null, "Name": null }, "geometry": { "type": "Point", "coordinates": [ -6.64243, 4.757869 ] } },
{ "type": "Feature", "properties": { "class": "port", "longitude": -6.415614442, "latitude": 55.16342081, "Id": 1298, "Code": null, "Name": null }, "geometry": { "type": "Point", "coordinates": [ -6.415614442, 55.16342081 ] } },
{ "type": "Feature", "properties": { "class": "port", "longitude": -6.390503882, "latitude": 53.06624346, "Id": 1299, "Code": null, "Name": null }, "geometry": { "type": "Point", "coordinates": [ -6.390503882, 53.06624346 ] } },
{ "type": "Feature", "properties": { "class": "port", "longitude": -6.309311056, "latitude": 36.64997774, "Id": 1300, "Code": null, "Name": null }, "geometry": { "type": "Point", "coordinates": [ -6.309311056, 36.64997774 ] } },
{ "type": "Feature", "properties": { "class": "port", "longitude": -6.3017, "latitude": 49.9303, "Id": 1301, "Code": null, "Name": null }, "geometry": { "type": "Point", "coordinates": [ -6.3017, 49.9303 ] } },
{ "type": "Feature", "properties": { "class": "port", "longitude": -6.152, "latitude": 35.20493, "Id": 1302, "Code": null, "Name": null }, "geometry": { "type": "Point", "coordinates": [ -6.152, 35.20493 ] } },
{ "type": "Feature", "properties": { "class": "port", "longitude": -5.995906382, "latitude": 37.36860373, "Id": 1303, "Code": null, "Name": null }, "geometry": { "type": "Point", "coordinates": [ -5.995906382, 37.36860373 ] } },
{ "type": "Feature", "properties": { "class": "port", "longitude": -5.859385314, "latitude": 43.5478853, "Id": 1304, "Code": null, "Name": null }, "geometry": { "type": "Point", "coordinates": [ -5.859385314, 43.5478853 ] } },
{ "type": "Feature", "properties": { "class": "port", "longitude": -5.129909657, "latitude": 36.25386289, "Id": 1305, "Code": null, "Name": null }, "geometry": { "type": "Point", "coordinates": [ -5.129909657, 36.25386289 ] } },
{ "type": "Feature", "properties": { "class": "port", "longitude": -4.848341497, "latitude": 51.68993842, "Id": 1306, "Code": null, "Name": null }, "geometry": { "type": "Point", "coordinates": [ -4.848341497, 51.68993842 ] } },
{ "type": "Feature", "properties": { "class": "port", "longitude": -4.629704208, "latitude": 56.33511285, "Id": 1307, "Code": null, "Name": null }, "geometry": { "type": "Point", "coordinates": [ -4.629704208, 56.33511285 ] } },
{ "type": "Feature", "properties": { "class": "port", "longitude": -4.561938324, "latitude": 54.20337488, "Id": 1308, "Code": null, "Name": null }, "geometry": { "type": "Point", "coordinates": [ -4.561938324, 54.20337488 ] } },
{ "type": "Feature", "properties": { "class": "port", "longitude": -4.528992111, "latitude": 50.31923377, "Id": 1309, "Code": null, "Name": null }, "geometry": { "type": "Point", "coordinates": [ -4.528992111, 50.31923377 ] } },
{ "type": "Feature", "properties": { "class": "port", "longitude": -4.368833881, "latitude": 53.29007918, "Id": 1310, "Code": null, "Name": null }, "geometry": { "type": "Point", "coordinates": [ -4.368833881, 53.29007918 ] } },
{ "type": "Feature", "properties": { "class": "port", "longitude": -4.333972371, "latitude": 48.11148617, "Id": 1311, "Code": null, "Name": null }, "geometry": { "type": "Point", "coordinates": [ -4.333972371, 48.11148617 ] } },
{ "type": "Feature", "properties": { "class": "port", "longitude": -4.176300669, "latitude": 57.60178632, "Id": 1312, "Code": null, "Name": null }, "geometry": { "type": "Point", "coordinates": [ -4.176300669, 57.60178632 ] } },
{ "type": "Feature", "properties": { "class": "port", "longitude": -3.9833, "latitude": 48.72633, "Id": 1313, "Code": null, "Name": null }, "geometry": { "type": "Point", "coordinates": [ -3.9833, 48.72633 ] } },
{ "type": "Feature", "properties": { "class": "port", "longitude": -3.981744768, "latitude": 5.27773124, "Id": 1314, "Code": null, "Name": null }, "geometry": { "type": "Point", "coordinates": [ -3.981744768, 5.27773124 ] } },
{ "type": "Feature", "properties": { "class": "port", "longitude": -3.519079784, "latitude": 54.71395885, "Id": 1315, "Code": null, "Name": null }, "geometry": { "type": "Point", "coordinates": [ -3.519079784, 54.71395885 ] } },
{ "type": "Feature", "properties": { "class": "port", "longitude": -3.5, "latitude": 57.7, "Id": 1316, "Code": null, "Name": null }, "geometry": { "type": "Point", "coordinates": [ -3.5, 57.7 ] } },
{ "type": "Feature", "properties": { "class": "port", "longitude": -3.274125678, "latitude": 51.49673917, "Id": 1317, "Code": null, "Name": null }, "geometry": { "type": "Point", "coordinates": [ -3.274125678, 51.49673917 ] } },
{ "type": "Feature", "properties": { "class": "port", "longitude": -3.2175, "latitude": 54.115, "Id": 1318, "Code": null, "Name": null }, "geometry": { "type": "Point", "coordinates": [ -3.2175, 54.115 ] } },
{ "type": "Feature", "properties": { "class": "port", "longitude": -3.085450671, "latitude": 47.58357153, "Id": 1319, "Code": null, "Name": null }, "geometry": { "type": "Point", "coordinates": [ -3.085450671, 47.58357153 ] } },
{ "type": "Feature", "properties": { "class": "port", "longitude": -3.026634247, "latitude": 48.71159705, "Id": 1320, "Code": null, "Name": null }, "geometry": { "type": "Point", "coordinates": [ -3.026634247, 48.71159705 ] } },
{ "type": "Feature", "properties": { "class": "port", "longitude": -3.005863876, "latitude": 58.76263653, "Id": 1321, "Code": null, "Name": null }, "geometry": { "type": "Point", "coordinates": [ -3.005863876, 58.76263653 ] } },
{ "type": "Feature", "properties": { "class": "port", "longitude": -2.980438496, "latitude": 53.42835648, "Id": 1322, "Code": null, "Name": null }, "geometry": { "type": "Point", "coordinates": [ -2.980438496, 53.42835648 ] } },
{ "type": "Feature", "properties": { "class": "port", "longitude": -2.9536411, "latitude": 4.458813107, "Id": 1323, "Code": null, "Name": null }, "geometry": { "type": "Point", "coordinates": [ -2.9536411, 4.458813107 ] } },
{ "type": "Feature", "properties": { "class": "port", "longitude": -2.933051091, "latitude": 35.28082825, "Id": 1324, "Code": null, "Name": null }, "geometry": { "type": "Point", "coordinates": [ -2.933051091, 35.28082825 ] } },
{ "type": "Feature", "properties": { "class": "port", "longitude": -2.607891546, "latitude": 36.87785335, "Id": 1325, "Code": null, "Name": null }, "geometry": { "type": "Point", "coordinates": [ -2.607891546, 36.87785335 ] } },
{ "type": "Feature", "properties": { "class": "port", "longitude": -2.576885401, "latitude": 43.4147294, "Id": 1326, "Code": null, "Name": null }, "geometry": { "type": "Point", "coordinates": [ -2.576885401, 43.4147294 ] } },
{ "type": "Feature", "properties": { "class": "port", "longitude": -2.509764221, "latitude": 57.67052721, "Id": 1327, "Code": null, "Name": null }, "geometry": { "type": "Point", "coordinates": [ -2.509764221, 57.67052721 ] } },
{ "type": "Feature", "properties": { "class": "port", "longitude": -2.008564398, "latitude": 35.10525787, "Id": 1328, "Code": null, "Name": null }, "geometry": { "type": "Point", "coordinates": [ -2.008564398, 35.10525787 ] } },
{ "type": "Feature", "properties": { "class": "port", "longitude": -2.0006, "latitude": 59.4331, "Id": 1329, "Code": null, "Name": null }, "geometry": { "type": "Point", "coordinates": [ -2.0006, 59.4331 ] } },
{ "type": "Feature", "properties": { "class": "port", "longitude": -1.951859016, "latitude": 57.34173602, "Id": 1330, "Code": null, "Name": null }, "geometry": { "type": "Point", "coordinates": [ -1.951859016, 57.34173602 ] } },
{ "type": "Feature", "properties": { "class": "port", "longitude": -1.897566221, "latitude": 49.35443369, "Id": 1331, "Code": null, "Name": null }, "geometry": { "type": "Point", "coordinates": [ -1.897566221, 49.35443369 ] } },
{ "type": "Feature", "properties": { "class": "port", "longitude": -1.863478459, "latitude": 47.27130822, "Id": 1332, "Code": null, "Name": null }, "geometry": { "type": "Point", "coordinates": [ -1.863478459, 47.27130822 ] } },
{ "type": "Feature", "properties": { "class": "port", "longitude": -1.795493, "latitude": 46.492958, "Id": 1333, "Code": null, "Name": null }, "geometry": { "type": "Point", "coordinates": [ -1.795493, 46.492958 ] } },
{ "type": "Feature", "properties": { "class": "port", "longitude": -1.721720877, "latitude": 4.910431731, "Id": 1334, "Code": null, "Name": null }, "geometry": { "type": "Point", "coordinates": [ -1.721720877, 4.910431731 ] } },
{ "type": "Feature", "properties": { "class": "port", "longitude": -1.360188797, "latitude": 50.74226412, "Id": 1335, "Code": null, "Name": null }, "geometry": { "type": "Point", "coordinates": [ -1.360188797, 50.74226412 ] } },
{ "type": "Feature", "properties": { "class": "port", "longitude": -1.150328103, "latitude": 60.08376311, "Id": 1336, "Code": null, "Name": null }, "geometry": { "type": "Point", "coordinates": [ -1.150328103, 60.08376311 ] } },
{ "type": "Feature", "properties": { "class": "port", "longitude": -0.891041029, "latitude": 45.54915202, "Id": 1337, "Code": null, "Name": null }, "geometry": { "type": "Point", "coordinates": [ -0.891041029, 45.54915202 ] } },
{ "type": "Feature", "properties": { "class": "port", "longitude": -0.759579282, "latitude": 54.31409129, "Id": 1338, "Code": null, "Name": null }, "geometry": { "type": "Point", "coordinates": [ -0.759579282, 54.31409129 ] } },
{ "type": "Feature", "properties": { "class": "port", "longitude": -0.687547135, "latitude": 37.98431025, "Id": 1339, "Code": null, "Name": null }, "geometry": { "type": "Point", "coordinates": [ -0.687547135, 37.98431025 ] } },
{ "type": "Feature", "properties": { "class": "port", "longitude": -0.286914521, "latitude": 35.81802804, "Id": 1340, "Code": null, "Name": null }, "geometry": { "type": "Point", "coordinates": [ -0.286914521, 35.81802804 ] } },
{ "type": "Feature", "properties": { "class": "port", "longitude": -0.101720978, "latitude": 39.37896758, "Id": 1341, "Code": null, "Name": null }, "geometry": { "type": "Point", "coordinates": [ -0.101720978, 39.37896758 ] } },
{ "type": "Feature", "properties": { "class": "port", "longitude": 0.0167, "latitude": 5.6167, "Id": 1342, "Code": null, "Name": null }, "geometry": { "type": "Point", "coordinates": [ 0.0167, 5.6167 ] } },
{ "type": "Feature", "properties": { "class": "port", "longitude": 0.0333, "latitude": 53.0147, "Id": 1343, "Code": null, "Name": null }, "geometry": { "type": "Point", "coordinates": [ 0.0333, 53.0147 ] } },
{ "type": "Feature", "properties": { "class": "port", "longitude": 0.503428219, "latitude": 49.58873278, "Id": 1344, "Code": null, "Name": null }, "geometry": { "type": "Point", "coordinates": [ 0.503428219, 49.58873278 ] } },
{ "type": "Feature", "properties": { "class": "port", "longitude": 0.55, "latitude": 40.5708, "Id": 1345, "Code": null, "Name": null }, "geometry": { "type": "Point", "coordinates": [ 0.55, 40.5708 ] } },
{ "type": "Feature", "properties": { "class": "port", "longitude": 0.9523, "latitude": 5.336, "Id": 1346, "Code": null, "Name": null }, "geometry": { "type": "Point", "coordinates": [ 0.9523, 5.336 ] } },
{ "type": "Feature", "properties": { "class": "port", "longitude": 1.3061, "latitude": 36.51813, "Id": 1347, "Code": null, "Name": null }, "geometry": { "type": "Point", "coordinates": [ 1.3061, 36.51813 ] } },
{ "type": "Feature", "properties": { "class": "port", "longitude": 1.399842039, "latitude": 6.167031738, "Id": 1348, "Code": null, "Name": null }, "geometry": { "type": "Point", "coordinates": [ 1.399842039, 6.167031738 ] } },
{ "type": "Feature", "properties": { "class": "port", "longitude": 1.45, "latitude": 38.7, "Id": 1349, "Code": null, "Name": null }, "geometry": { "type": "Point", "coordinates": [ 1.45, 38.7 ] } },
{ "type": "Feature", "properties": { "class": "port", "longitude": 1.709770666, "latitude": 41.23528148, "Id": 1350, "Code": null, "Name": null }, "geometry": { "type": "Point", "coordinates": [ 1.709770666, 41.23528148 ] } },
{ "type": "Feature", "properties": { "class": "port", "longitude": 2.329083137, "latitude": 48.90296077, "Id": 1351, "Code": null, "Name": null }, "geometry": { "type": "Point", "coordinates": [ 2.329083137, 48.90296077 ] } },
{ "type": "Feature", "properties": { "class": "port", "longitude": 2.4172, "latitude": 6.3517, "Id": 1352, "Code": null, "Name": null }, "geometry": { "type": "Point", "coordinates": [ 2.4172, 6.3517 ] } },
{ "type": "Feature", "properties": { "class": "port", "longitude": 2.480253557, "latitude": 61.13745005, "Id": 1353, "Code": null, "Name": null }, "geometry": { "type": "Point", "coordinates": [ 2.480253557, 61.13745005 ] } },
{ "type": "Feature", "properties": { "class": "port", "longitude": 2.77666054, "latitude": 51.59927291, "Id": 1354, "Code": null, "Name": null }, "geometry": { "type": "Point", "coordinates": [ 2.77666054, 51.59927291 ] } },
{ "type": "Feature", "properties": { "class": "port", "longitude": 2.881802506, "latitude": 39.69637584, "Id": 1355, "Code": null, "Name": null }, "geometry": { "type": "Point", "coordinates": [ 2.881802506, 39.69637584 ] } },
{ "type": "Feature", "properties": { "class": "port", "longitude": 3.027521638, "latitude": 36.79794534, "Id": 1356, "Code": null, "Name": null }, "geometry": { "type": "Point", "coordinates": [ 3.027521638, 36.79794534 ] } },
{ "type": "Feature", "properties": { "class": "port", "longitude": 3.0485, "latitude": 50.63673, "Id": 1357, "Code": null, "Name": null }, "geometry": { "type": "Point", "coordinates": [ 3.0485, 50.63673 ] } },
{ "type": "Feature", "properties": { "class": "port", "longitude": 3.104321013, "latitude": 42.44107747, "Id": 1358, "Code": null, "Name": null }, "geometry": { "type": "Point", "coordinates": [ 3.104321013, 42.44107747 ] } },
{ "type": "Feature", "properties": { "class": "port", "longitude": 3.384090465, "latitude": 6.442980175, "Id": 1359, "Code": null, "Name": null }, "geometry": { "type": "Point", "coordinates": [ 3.384090465, 6.442980175 ] } },
{ "type": "Feature", "properties": { "class": "port", "longitude": 4.2667, "latitude": 39.8833, "Id": 1360, "Code": null, "Name": null }, "geometry": { "type": "Point", "coordinates": [ 4.2667, 39.8833 ] } },
{ "type": "Feature", "properties": { "class": "port", "longitude": 5.084249577, "latitude": 36.75561591, "Id": 1361, "Code": null, "Name": null }, "geometry": { "type": "Point", "coordinates": [ 5.084249577, 36.75561591 ] } },
{ "type": "Feature", "properties": { "class": "port", "longitude": 5.239456643, "latitude": 5.646796778, "Id": 1362, "Code": null, "Name": null }, "geometry": { "type": "Point", "coordinates": [ 5.239456643, 5.646796778 ] } },
{ "type": "Feature", "properties": { "class": "port", "longitude": 5.249554897, "latitude": 43.36553195, "Id": 1363, "Code": null, "Name": null }, "geometry": { "type": "Point", "coordinates": [ 5.249554897, 43.36553195 ] } },
{ "type": "Feature", "properties": { "class": "port", "longitude": 5.4167, "latitude": 53.1833, "Id": 1364, "Code": null, "Name": null }, "geometry": { "type": "Point", "coordinates": [ 5.4167, 53.1833 ] } },
{ "type": "Feature", "properties": { "class": "port", "longitude": 5.6, "latitude": 4.25, "Id": 1365, "Code": null, "Name": null }, "geometry": { "type": "Point", "coordinates": [ 5.6, 4.25 ] } },
{ "type": "Feature", "properties": { "class": "port", "longitude": 5.644690083, "latitude": 50.73837522, "Id": 1366, "Code": null, "Name": null }, "geometry": { "type": "Point", "coordinates": [ 5.644690083, 50.73837522 ] } },
{ "type": "Feature", "properties": { "class": "port", "longitude": 5.645172962, "latitude": 62.10259902, "Id": 1367, "Code": null, "Name": null }, "geometry": { "type": "Point", "coordinates": [ 5.645172962, 62.10259902 ] } },
{ "type": "Feature", "properties": { "class": "port", "longitude": 5.834846789, "latitude": 36.8353752, "Id": 1368, "Code": null, "Name": null }, "geometry": { "type": "Point", "coordinates": [ 5.834846789, 36.8353752 ] } },
{ "type": "Feature", "properties": { "class": "port", "longitude": 5.926874663, "latitude": 61.30338958, "Id": 1369, "Code": null, "Name": null }, "geometry": { "type": "Point", "coordinates": [ 5.926874663, 61.30338958 ] } },
{ "type": "Feature", "properties": { "class": "port", "longitude": 6.097118463, "latitude": 59.818359, "Id": 1370, "Code": null, "Name": null }, "geometry": { "type": "Point", "coordinates": [ 6.097118463, 59.818359 ] } },
{ "type": "Feature", "properties": { "class": "port", "longitude": 6.261200017, "latitude": 4.193684823, "Id": 1371, "Code": null, "Name": null }, "geometry": { "type": "Point", "coordinates": [ 6.261200017, 4.193684823 ] } },
{ "type": "Feature", "properties": { "class": "port", "longitude": 6.473538057, "latitude": 51.63380371, "Id": 1372, "Code": null, "Name": null }, "geometry": { "type": "Point", "coordinates": [ 6.473538057, 51.63380371 ] } },
{ "type": "Feature", "properties": { "class": "port", "longitude": 6.7371, "latitude": 0.34523, "Id": 1373, "Code": null, "Name": null }, "geometry": { "type": "Point", "coordinates": [ 6.7371, 0.34523 ] } },
{ "type": "Feature", "properties": { "class": "port", "longitude": 6.7683, "latitude": 52.2811, "Id": 1374, "Code": null, "Name": null }, "geometry": { "type": "Point", "coordinates": [ 6.7683, 52.2811 ] } },
{ "type": "Feature", "properties": { "class": "port", "longitude": 6.908138709, "latitude": 36.88293116, "Id": 1375, "Code": null, "Name": null }, "geometry": { "type": "Point", "coordinates": [ 6.908138709, 36.88293116 ] } },
{ "type": "Feature", "properties": { "class": "port", "longitude": 6.968262624, "latitude": 53.42719159, "Id": 1376, "Code": null, "Name": null }, "geometry": { "type": "Point", "coordinates": [ 6.968262624, 53.42719159 ] } },
{ "type": "Feature", "properties": { "class": "port", "longitude": 7.045831628, "latitude": 62.61814587, "Id": 1377, "Code": null, "Name": null }, "geometry": { "type": "Point", "coordinates": [ 7.045831628, 62.61814587 ] } },
{ "type": "Feature", "properties": { "class": "port", "longitude": 7.076609437, "latitude": 4.319990153, "Id": 1378, "Code": null, "Name": null }, "geometry": { "type": "Point", "coordinates": [ 7.076609437, 4.319990153 ] } },
{ "type": "Feature", "properties": { "class": "port", "longitude": 7.593992722, "latitude": 47.56648654, "Id": 1379, "Code": null, "Name": null }, "geometry": { "type": "Point", "coordinates": [ 7.593992722, 47.56648654 ] } },
{ "type": "Feature", "properties": { "class": "port", "longitude": 7.699259, "latitude": 64.393719, "Id": 1380, "Code": null, "Name": null }, "geometry": { "type": "Point", "coordinates": [ 7.699259, 64.393719 ] } },
{ "type": "Feature", "properties": { "class": "port", "longitude": 7.7333, "latitude": 63.1167, "Id": 1381, "Code": null, "Name": null }, "geometry": { "type": "Point", "coordinates": [ 7.7333, 63.1167 ] } },
{ "type": "Feature", "properties": { "class": "port", "longitude": 7.766011146, "latitude": 48.57607273, "Id": 1382, "Code": null, "Name": null }, "geometry": { "type": "Point", "coordinates": [ 7.766011146, 48.57607273 ] } },
{ "type": "Feature", "properties": { "class": "port", "longitude": 7.776293345, "latitude": 36.94687652, "Id": 1383, "Code": null, "Name": null }, "geometry": { "type": "Point", "coordinates": [ 7.776293345, 36.94687652 ] } },
{ "type": "Feature", "properties": { "class": "port", "longitude": 7.889, "latitude": 54.1814, "Id": 1384, "Code": null, "Name": null }, "geometry": { "type": "Point", "coordinates": [ 7.889, 54.1814 ] } },
{ "type": "Feature", "properties": { "class": "port", "longitude": 8.01859105, "latitude": 58.11660399, "Id": 1385, "Code": null, "Name": null }, "geometry": { "type": "Point", "coordinates": [ 8.01859105, 58.11660399 ] } },
{ "type": "Feature", "properties": { "class": "port", "longitude": 8.13400794, "latitude": 44.02837314, "Id": 1386, "Code": null, "Name": null }, "geometry": { "type": "Point", "coordinates": [ 8.13400794, 44.02837314 ] } },
{ "type": "Feature", "properties": { "class": "port", "longitude": 8.341701, "latitude": 40.828371, "Id": 1387, "Code": null, "Name": null }, "geometry": { "type": "Point", "coordinates": [ 8.341701, 40.828371 ] } },
{ "type": "Feature", "properties": { "class": "port", "longitude": 8.4189, "latitude": 55.4653, "Id": 1388, "Code": null, "Name": null }, "geometry": { "type": "Point", "coordinates": [ 8.4189, 55.4653 ] } },
{ "type": "Feature", "properties": { "class": "port", "longitude": 8.588386, "latitude": 39.906182, "Id": 1389, "Code": null, "Name": null }, "geometry": { "type": "Point", "coordinates": [ 8.588386, 39.906182 ] } },
{ "type": "Feature", "properties": { "class": "port", "longitude": 8.719824076, "latitude": 39.1386768, "Id": 1390, "Code": null, "Name": null }, "geometry": { "type": "Point", "coordinates": [ 8.719824076, 39.1386768 ] } },
{ "type": "Feature", "properties": { "class": "port", "longitude": 8.720975047, "latitude": 4.126272182, "Id": 1391, "Code": null, "Name": null }, "geometry": { "type": "Point", "coordinates": [ 8.720975047, 4.126272182 ] } },
{ "type": "Feature", "properties": { "class": "port", "longitude": 8.741617436, "latitude": 56.78880225, "Id": 1392, "Code": null, "Name": null }, "geometry": { "type": "Point", "coordinates": [ 8.741617436, 56.78880225 ] } },
{ "type": "Feature", "properties": { "class": "port", "longitude": 8.75, "latitude": 41.9167, "Id": 1393, "Code": null, "Name": null }, "geometry": { "type": "Point", "coordinates": [ 8.75, 41.9167 ] } },
{ "type": "Feature", "properties": { "class": "port", "longitude": 8.781165, "latitude": -0.772646, "Id": 1394, "Code": null, "Name": null }, "geometry": { "type": "Point", "coordinates": [ 8.781165, -0.772646 ] } },
{ "type": "Feature", "properties": { "class": "port", "longitude": 8.900758477, "latitude": 63.35778813, "Id": 1395, "Code": null, "Name": null }, "geometry": { "type": "Point", "coordinates": [ 8.900758477, 63.35778813 ] } },
{ "type": "Feature", "properties": { "class": "port", "longitude": 9.2858, "latitude": 41.5947, "Id": 1396, "Code": null, "Name": null }, "geometry": { "type": "Point", "coordinates": [ 9.2858, 41.5947 ] } },
{ "type": "Feature", "properties": { "class": "port", "longitude": 9.484275705, "latitude": 0.336393124, "Id": 1397, "Code": null, "Name": null }, "geometry": { "type": "Point", "coordinates": [ 9.484275705, 0.336393124 ] } },
{ "type": "Feature", "properties": { "class": "port", "longitude": 9.57085074, "latitude": 40.96059215, "Id": 1398, "Code": null, "Name": null }, "geometry": { "type": "Point", "coordinates": [ 9.57085074, 40.96059215 ] } },
{ "type": "Feature", "properties": { "class": "port", "longitude": 9.743333368, "latitude": 1.842046935, "Id": 1399, "Code": null, "Name": null }, "geometry": { "type": "Point", "coordinates": [ 9.743333368, 1.842046935 ] } },
{ "type": "Feature", "properties": { "class": "port", "longitude": 9.856796756, "latitude": 43.17390066, "Id": 1400, "Code": null, "Name": null }, "geometry": { "type": "Point", "coordinates": [ 9.856796756, 43.17390066 ] } },
{ "type": "Feature", "properties": { "class": "port", "longitude": 9.9366, "latitude": 52.1652, "Id": 1401, "Code": null, "Name": null }, "geometry": { "type": "Point", "coordinates": [ 9.9366, 52.1652 ] } },
{ "type": "Feature", "properties": { "class": "port", "longitude": 10.0572541, "latitude": 36.98621422, "Id": 1402, "Code": null, "Name": null }, "geometry": { "type": "Point", "coordinates": [ 10.0572541, 36.98621422 ] } },
{ "type": "Feature", "properties": { "class": "port", "longitude": 10.07214665, "latitude": 59.12684642, "Id": 1403, "Code": null, "Name": null }, "geometry": { "type": "Point", "coordinates": [ 10.07214665, 59.12684642 ] } },
{ "type": "Feature", "properties": { "class": "port", "longitude": 10.09335084, "latitude": 34.07146309, "Id": 1404, "Code": null, "Name": null }, "geometry": { "type": "Point", "coordinates": [ 10.09335084, 34.07146309 ] } },
{ "type": "Feature", "properties": { "class": "port", "longitude": 10.65, "latitude": 35.8333, "Id": 1405, "Code": null, "Name": null }, "geometry": { "type": "Point", "coordinates": [ 10.65, 35.8333 ] } },
{ "type": "Feature", "properties": { "class": "port", "longitude": 10.7667, "latitude": 34.7333, "Id": 1406, "Code": null, "Name": null }, "geometry": { "type": "Point", "coordinates": [ 10.7667, 34.7333 ] } },
{ "type": "Feature", "properties": { "class": "port", "longitude": 10.79181266, "latitude": 64.02419541, "Id": 1407, "Code": null, "Name": null }, "geometry": { "type": "Point", "coordinates": [ 10.79181266, 64.02419541 ] } },
{ "type": "Feature", "properties": { "class": "port", "longitude": 10.82616043, "latitude": 55.55023913, "Id": 1408, "Code": null, "Name": null }, "geometry": { "type": "Point", "coordinates": [ 10.82616043, 55.55023913 ] } },
{ "type": "Feature", "properties": { "class": "port", "longitude": 11.02890705, "latitude": 42.4465852, "Id": 1409, "Code": null, "Name": null }, "geometry": { "type": "Point", "coordinates": [ 11.02890705, 42.4465852 ] } },
{ "type": "Feature", "properties": { "class": "port", "longitude": 11.0864, "latitude": 36.8433, "Id": 1410, "Code": null, "Name": null }, "geometry": { "type": "Point", "coordinates": [ 11.0864, 36.8433 ] } },
{ "type": "Feature", "properties": { "class": "port", "longitude": 11.1167, "latitude": 33.5, "Id": 1411, "Code": null, "Name": null }, "geometry": { "type": "Point", "coordinates": [ 11.1167, 33.5 ] } },
{ "type": "Feature", "properties": { "class": "port", "longitude": 11.2805, "latitude": -5.9342, "Id": 1412, "Code": null, "Name": null }, "geometry": { "type": "Point", "coordinates": [ 11.2805, -5.9342 ] } },
{ "type": "Feature", "properties": { "class": "port", "longitude": 11.4031, "latitude": 34.2928, "Id": 1413, "Code": null, "Name": null }, "geometry": { "type": "Point", "coordinates": [ 11.4031, 34.2928 ] } },
{ "type": "Feature", "properties": { "class": "port", "longitude": 11.5131, "latitude": 56.7151, "Id": 1414, "Code": null, "Name": null }, "geometry": { "type": "Point", "coordinates": [ 11.5131, 56.7151 ] } },
{ "type": "Feature", "properties": { "class": "port", "longitude": 11.6864, "latitude": -7.6519, "Id": 1415, "Code": null, "Name": null }, "geometry": { "type": "Point", "coordinates": [ 11.6864, -7.6519 ] } },
{ "type": "Feature", "properties": { "class": "port", "longitude": 11.9364, "latitude": 36.86, "Id": 1416, "Code": null, "Name": null }, "geometry": { "type": "Point", "coordinates": [ 11.9364, 36.86 ] } },
{ "type": "Feature", "properties": { "class": "port", "longitude": 12.0367, "latitude": 33.8592, "Id": 1417, "Code": null, "Name": null }, "geometry": { "type": "Point", "coordinates": [ 12.0367, 33.8592 ] } },
{ "type": "Feature", "properties": { "class": "port", "longitude": 12.04093923, "latitude": -5.328438345, "Id": 1418, "Code": null, "Name": null }, "geometry": { "type": "Point", "coordinates": [ 12.04093923, -5.328438345 ] } },
{ "type": "Feature", "properties": { "class": "port", "longitude": 12.1411, "latitude": -15.19487, "Id": 1419, "Code": null, "Name": null }, "geometry": { "type": "Point", "coordinates": [ 12.1411, -15.19487 ] } },
{ "type": "Feature", "properties": { "class": "port", "longitude": 12.22016114, "latitude": 41.77374875, "Id": 1420, "Code": null, "Name": null }, "geometry": { "type": "Point", "coordinates": [ 12.22016114, 41.77374875 ] } },
{ "type": "Feature", "properties": { "class": "port", "longitude": 12.30194286, "latitude": 44.98722347, "Id": 1421, "Code": null, "Name": null }, "geometry": { "type": "Point", "coordinates": [ 12.30194286, 44.98722347 ] } },
{ "type": "Feature", "properties": { "class": "port", "longitude": 12.3287, "latitude": 37.93513, "Id": 1422, "Code": null, "Name": null }, "geometry": { "type": "Point", "coordinates": [ 12.3287, 37.93513 ] } },
{ "type": "Feature", "properties": { "class": "port", "longitude": 12.36667, "latitude": -6.83305, "Id": 1423, "Code": null, "Name": null }, "geometry": { "type": "Point", "coordinates": [ 12.36667, -6.83305 ] } },
{ "type": "Feature", "properties": { "class": "port", "longitude": 12.6033, "latitude": 35.4931, "Id": 1424, "Code": null, "Name": null }, "geometry": { "type": "Point", "coordinates": [ 12.6033, 35.4931 ] } },
{ "type": "Feature", "properties": { "class": "port", "longitude": 12.65, "latitude": 33.9, "Id": 1425, "Code": null, "Name": null }, "geometry": { "type": "Point", "coordinates": [ 12.65, 33.9 ] } },
{ "type": "Feature", "properties": { "class": "port", "longitude": 12.6595, "latitude": -7.7089, "Id": 1426, "Code": null, "Name": null }, "geometry": { "type": "Point", "coordinates": [ 12.6595, -7.7089 ] } },
{ "type": "Feature", "properties": { "class": "port", "longitude": 12.66630305, "latitude": 65.86299357, "Id": 1427, "Code": null, "Name": null }, "geometry": { "type": "Point", "coordinates": [ 12.66630305, 65.86299357 ] } },
{ "type": "Feature", "properties": { "class": "port", "longitude": 12.73275577, "latitude": 32.86832798, "Id": 1428, "Code": null, "Name": null }, "geometry": { "type": "Point", "coordinates": [ 12.73275577, 32.86832798 ] } },
{ "type": "Feature", "properties": { "class": "port", "longitude": 13.2583872, "latitude": -5.853445286, "Id": 1429, "Code": null, "Name": null }, "geometry": { "type": "Point", "coordinates": [ 13.2583872, -5.853445286 ] } },
{ "type": "Feature", "properties": { "class": "port", "longitude": 13.3186821, "latitude": -8.642143517, "Id": 1430, "Code": null, "Name": null }, "geometry": { "type": "Point", "coordinates": [ 13.3186821, -8.642143517 ] } },
{ "type": "Feature", "properties": { "class": "port", "longitude": 13.44232676, "latitude": 41.26493454, "Id": 1431, "Code": null, "Name": null }, "geometry": { "type": "Point", "coordinates": [ 13.44232676, 41.26493454 ] } },
{ "type": "Feature", "properties": { "class": "port", "longitude": 13.46322346, "latitude": 43.62344347, "Id": 1432, "Code": null, "Name": null }, "geometry": { "type": "Point", "coordinates": [ 13.46322346, 43.62344347 ] } },
{ "type": "Feature", "properties": { "class": "port", "longitude": 13.52885923, "latitude": 38.0501244, "Id": 1433, "Code": null, "Name": null }, "geometry": { "type": "Point", "coordinates": [ 13.52885923, 38.0501244 ] } },
{ "type": "Feature", "properties": { "class": "port", "longitude": 13.5667, "latitude": -12.3333, "Id": 1434, "Code": null, "Name": null }, "geometry": { "type": "Point", "coordinates": [ 13.5667, -12.3333 ] } },
{ "type": "Feature", "properties": { "class": "port", "longitude": 13.6786473, "latitude": 59.2449268, "Id": 1435, "Code": null, "Name": null }, "geometry": { "type": "Point", "coordinates": [ 13.6786473, 59.2449268 ] } },
{ "type": "Feature", "properties": { "class": "port", "longitude": 13.78450152, "latitude": 54.07817177, "Id": 1436, "Code": null, "Name": null }, "geometry": { "type": "Point", "coordinates": [ 13.78450152, 54.07817177 ] } },
{ "type": "Feature", "properties": { "class": "port", "longitude": 13.8333, "latitude": 55.4333, "Id": 1437, "Code": null, "Name": null }, "geometry": { "type": "Point", "coordinates": [ 13.8333, 55.4333 ] } },
{ "type": "Feature", "properties": { "class": "port", "longitude": 13.88687344, "latitude": 37.15854054, "Id": 1438, "Code": null, "Name": null }, "geometry": { "type": "Point", "coordinates": [ 13.88687344, 37.15854054 ] } },
{ "type": "Feature", "properties": { "class": "port", "longitude": 14.04038635, "latitude": 45.18254727, "Id": 1439, "Code": null, "Name": null }, "geometry": { "type": "Point", "coordinates": [ 14.04038635, 45.18254727 ] } },
{ "type": "Feature", "properties": { "class": "port", "longitude": 14.08681509, "latitude": 68.17618818, "Id": 1440, "Code": null, "Name": null }, "geometry": { "type": "Point", "coordinates": [ 14.08681509, 68.17618818 ] } },
{ "type": "Feature", "properties": { "class": "port", "longitude": 14.22501739, "latitude": 78.06656563, "Id": 1441, "Code": null, "Name": null }, "geometry": { "type": "Point", "coordinates": [ 14.22501739, 78.06656563 ] } },
{ "type": "Feature", "properties": { "class": "port", "longitude": 14.2592033, "latitude": 32.66673759, "Id": 1442, "Code": null, "Name": null }, "geometry": { "type": "Point", "coordinates": [ 14.2592033, 32.66673759 ] } },
{ "type": "Feature", "properties": { "class": "port", "longitude": 14.27619969, "latitude": 67.00220774, "Id": 1443, "Code": null, "Name": null }, "geometry": { "type": "Point", "coordinates": [ 14.27619969, 67.00220774 ] } },
{ "type": "Feature", "properties": { "class": "port", "longitude": 14.3969439, "latitude": 40.74206869, "Id": 1444, "Code": null, "Name": null }, "geometry": { "type": "Point", "coordinates": [ 14.3969439, 40.74206869 ] } },
{ "type": "Feature", "properties": { "class": "port", "longitude": 14.40336989, "latitude": 35.95413381, "Id": 1445, "Code": null, "Name": null }, "geometry": { "type": "Point", "coordinates": [ 14.40336989, 35.95413381 ] } },
{ "type": "Feature", "properties": { "class": "port", "longitude": 14.4872, "latitude": -22.9561, "Id": 1446, "Code": null, "Name": null }, "geometry": { "type": "Point", "coordinates": [ 14.4872, -22.9561 ] } },
{ "type": "Feature", "properties": { "class": "port", "longitude": 14.57080087, "latitude": 56.06157239, "Id": 1447, "Code": null, "Name": null }, "geometry": { "type": "Point", "coordinates": [ 14.57080087, 56.06157239 ] } },
{ "type": "Feature", "properties": { "class": "port", "longitude": 14.70344863, "latitude": 42.17920588, "Id": 1448, "Code": null, "Name": null }, "geometry": { "type": "Point", "coordinates": [ 14.70344863, 42.17920588 ] } },
{ "type": "Feature", "properties": { "class": "port", "longitude": 14.89595446, "latitude": 55.15261921, "Id": 1449, "Code": null, "Name": null }, "geometry": { "type": "Point", "coordinates": [ 14.89595446, 55.15261921 ] } },
{ "type": "Feature", "properties": { "class": "port", "longitude": 15.07707076, "latitude": 37.0844333, "Id": 1450, "Code": null, "Name": null }, "geometry": { "type": "Point", "coordinates": [ 15.07707076, 37.0844333 ] } },
{ "type": "Feature", "properties": { "class": "port", "longitude": 15.15, "latitude": -26.65, "Id": 1451, "Code": null, "Name": null }, "geometry": { "type": "Point", "coordinates": [ 15.15, -26.65 ] } },
{ "type": "Feature", "properties": { "class": "port", "longitude": 15.2194, "latitude": 32.36626, "Id": 1452, "Code": null, "Name": null }, "geometry": { "type": "Point", "coordinates": [ 15.2194, 32.36626 ] } },
{ "type": "Feature", "properties": { "class": "port", "longitude": 15.26003516, "latitude": 44.08960878, "Id": 1453, "Code": null, "Name": null }, "geometry": { "type": "Point", "coordinates": [ 15.26003516, 44.08960878 ] } },
{ "type": "Feature", "properties": { "class": "port", "longitude": 15.4206, "latitude": 68.7053, "Id": 1454, "Code": null, "Name": null }, "geometry": { "type": "Point", "coordinates": [ 15.4206, 68.7053 ] } },
{ "type": "Feature", "properties": { "class": "port", "longitude": 15.47204264, "latitude": 38.48590008, "Id": 1455, "Code": null, "Name": null }, "geometry": { "type": "Point", "coordinates": [ 15.47204264, 38.48590008 ] } },
{ "type": "Feature", "properties": { "class": "port", "longitude": 15.47549382, "latitude": 67.06983228, "Id": 1456, "Code": null, "Name": null }, "geometry": { "type": "Point", "coordinates": [ 15.47549382, 67.06983228 ] } },
{ "type": "Feature", "properties": { "class": "port", "longitude": 15.5751, "latitude": 54.1728, "Id": 1457, "Code": null, "Name": null }, "geometry": { "type": "Point", "coordinates": [ 15.5751, 54.1728 ] } },
{ "type": "Feature", "properties": { "class": "port", "longitude": 15.6278, "latitude": 78.2261, "Id": 1458, "Code": null, "Name": null }, "geometry": { "type": "Point", "coordinates": [ 15.6278, 78.2261 ] } },
{ "type": "Feature", "properties": { "class": "port", "longitude": 15.65191861, "latitude": 56.06646758, "Id": 1459, "Code": null, "Name": null }, "geometry": { "type": "Point", "coordinates": [ 15.65191861, 56.06646758 ] } },
{ "type": "Feature", "properties": { "class": "port", "longitude": 16.04369297, "latitude": 41.75931351, "Id": 1460, "Code": null, "Name": null }, "geometry": { "type": "Point", "coordinates": [ 16.04369297, 41.75931351 ] } },
{ "type": "Feature", "properties": { "class": "port", "longitude": 16.33959926, "latitude": 43.40386697, "Id": 1461, "Code": null, "Name": null }, "geometry": { "type": "Point", "coordinates": [ 16.33959926, 43.40386697 ] } },
{ "type": "Feature", "properties": { "class": "port", "longitude": 16.57129807, "latitude": 57.46756577, "Id": 1462, "Code": null, "Name": null }, "geometry": { "type": "Point", "coordinates": [ 16.57129807, 57.46756577 ] } },
{ "type": "Feature", "properties": { "class": "port", "longitude": 16.8021089, "latitude": 68.71481859, "Id": 1463, "Code": null, "Name": null }, "geometry": { "type": "Point", "coordinates": [ 16.8021089, 68.71481859 ] } },
{ "type": "Feature", "properties": { "class": "port", "longitude": 17.02670697, "latitude": 40.90877656, "Id": 1464, "Code": null, "Name": null }, "geometry": { "type": "Point", "coordinates": [ 17.02670697, 40.90877656 ] } },
{ "type": "Feature", "properties": { "class": "port", "longitude": 17.1167, "latitude": 58.6667, "Id": 1465, "Code": null, "Name": null }, "geometry": { "type": "Point", "coordinates": [ 17.1167, 58.6667 ] } },
{ "type": "Feature", "properties": { "class": "port", "longitude": 17.12711, "latitude": 39.080793, "Id": 1466, "Code": null, "Name": null }, "geometry": { "type": "Point", "coordinates": [ 17.12711, 39.080793 ] } },
{ "type": "Feature", "properties": { "class": "port", "longitude": 17.20587916, "latitude": 61.06222976, "Id": 1467, "Code": null, "Name": null }, "geometry": { "type": "Point", "coordinates": [ 17.20587916, 61.06222976 ] } },
{ "type": "Feature", "properties": { "class": "port", "longitude": 17.4333, "latitude": 43.05, "Id": 1468, "Code": null, "Name": null }, "geometry": { "type": "Point", "coordinates": [ 17.4333, 43.05 ] } },
{ "type": "Feature", "properties": { "class": "port", "longitude": 17.60192981, "latitude": 59.34165312, "Id": 1469, "Code": null, "Name": null }, "geometry": { "type": "Point", "coordinates": [ 17.60192981, 59.34165312 ] } },
{ "type": "Feature", "properties": { "class": "port", "longitude": 17.62753104, "latitude": 62.47229914, "Id": 1470, "Code": null, "Name": null }, "geometry": { "type": "Point", "coordinates": [ 17.62753104, 62.47229914 ] } },
{ "type": "Feature", "properties": { "class": "port", "longitude": 18.1480146, "latitude": 40.27504182, "Id": 1471, "Code": null, "Name": null }, "geometry": { "type": "Point", "coordinates": [ 18.1480146, 40.27504182 ] } },
{ "type": "Feature", "properties": { "class": "port", "longitude": 18.41879737, "latitude": -34.15181124, "Id": 1472, "Code": null, "Name": null }, "geometry": { "type": "Point", "coordinates": [ 18.41879737, -34.15181124 ] } },
{ "type": "Feature", "properties": { "class": "port", "longitude": 18.47951166, "latitude": 30.58355466, "Id": 1473, "Code": null, "Name": null }, "geometry": { "type": "Point", "coordinates": [ 18.47951166, 30.58355466 ] } },
{ "type": "Feature", "properties": { "class": "port", "longitude": 18.54403464, "latitude": 54.55960807, "Id": 1474, "Code": null, "Name": null }, "geometry": { "type": "Point", "coordinates": [ 18.54403464, 54.55960807 ] } },
{ "type": "Feature", "properties": { "class": "port", "longitude": 18.62710091, "latitude": 60.12018376, "Id": 1475, "Code": null, "Name": null }, "geometry": { "type": "Point", "coordinates": [ 18.62710091, 60.12018376 ] } },
{ "type": "Feature", "properties": { "class": "port", "longitude": 18.69737281, "latitude": 57.7584065, "Id": 1476, "Code": null, "Name": null }, "geometry": { "type": "Point", "coordinates": [ 18.69737281, 57.7584065 ] } },
{ "type": "Feature", "properties": { "class": "port", "longitude": 18.93697836, "latitude": 63.30542829, "Id": 1477, "Code": null, "Name": null }, "geometry": { "type": "Point", "coordinates": [ 18.93697836, 63.30542829 ] } },
{ "type": "Feature", "properties": { "class": "port", "longitude": 18.9495562, "latitude": 42.09066719, "Id": 1478, "Code": null, "Name": null }, "geometry": { "type": "Point", "coordinates": [ 18.9495562, 42.09066719 ] } },
{ "type": "Feature", "properties": { "class": "port", "longitude": 19.0886, "latitude": 74.2872, "Id": 1479, "Code": null, "Name": null }, "geometry": { "type": "Point", "coordinates": [ 19.0886, 74.2872 ] } },
{ "type": "Feature", "properties": { "class": "port", "longitude": 19.19194254, "latitude": 69.49125944, "Id": 1480, "Code": null, "Name": null }, "geometry": { "type": "Point", "coordinates": [ 19.19194254, 69.49125944 ] } },
{ "type": "Feature", "properties": { "class": "port", "longitude": 19.5, "latitude": 40.4667, "Id": 1481, "Code": null, "Name": null }, "geometry": { "type": "Point", "coordinates": [ 19.5, 40.4667 ] } },
{ "type": "Feature", "properties": { "class": "port", "longitude": 19.5894, "latitude": 30.4133, "Id": 1482, "Code": null, "Name": null }, "geometry": { "type": "Point", "coordinates": [ 19.5894, 30.4133 ] } },
{ "type": "Feature", "properties": { "class": "port", "longitude": 19.7553, "latitude": 69.8525, "Id": 1483, "Code": null, "Name": null }, "geometry": { "type": "Point", "coordinates": [ 19.7553, 69.8525 ] } },
{ "type": "Feature", "properties": { "class": "port", "longitude": 19.9333, "latitude": 60.1, "Id": 1484, "Code": null, "Name": null }, "geometry": { "type": "Point", "coordinates": [ 19.9333, 60.1 ] } },
{ "type": "Feature", "properties": { "class": "port", "longitude": 20.0056, "latitude": -35.0931, "Id": 1485, "Code": null, "Name": null }, "geometry": { "type": "Point", "coordinates": [ 20.0056, -35.0931 ] } },
{ "type": "Feature", "properties": { "class": "port", "longitude": 20.05, "latitude": 32.1167, "Id": 1486, "Code": null, "Name": null }, "geometry": { "type": "Point", "coordinates": [ 20.05, 32.1167 ] } },
{ "type": "Feature", "properties": { "class": "port", "longitude": 20.20889759, "latitude": 54.77221344, "Id": 1487, "Code": null, "Name": null }, "geometry": { "type": "Point", "coordinates": [ 20.20889759, 54.77221344 ] } },
{ "type": "Feature", "properties": { "class": "port", "longitude": 20.3333, "latitude": 63.7, "Id": 1488, "Code": null, "Name": null }, "geometry": { "type": "Point", "coordinates": [ 20.3333, 63.7 ] } },
{ "type": "Feature", "properties": { "class": "port", "longitude": 20.66031649, "latitude": 38.65494116, "Id": 1489, "Code": null, "Name": null }, "geometry": { "type": "Point", "coordinates": [ 20.66031649, 38.65494116 ] } },
{ "type": "Feature", "properties": { "class": "port", "longitude": 20.9709, "latitude": 70.03053, "Id": 1490, "Code": null, "Name": null }, "geometry": { "type": "Point", "coordinates": [ 20.9709, 70.03053 ] } },
{ "type": "Feature", "properties": { "class": "port", "longitude": 21.01055083, "latitude": 56.52356085, "Id": 1491, "Code": null, "Name": null }, "geometry": { "type": "Point", "coordinates": [ 21.01055083, 56.52356085 ] } },
{ "type": "Feature", "properties": { "class": "port", "longitude": 21.1167, "latitude": 55.7167, "Id": 1492, "Code": null, "Name": null }, "geometry": { "type": "Point", "coordinates": [ 21.1167, 55.7167 ] } },
{ "type": "Feature", "properties": { "class": "port", "longitude": 21.26374469, "latitude": 64.67634442000001, "Id": 1493, "Code": null, "Name": null }, "geometry": { "type": "Point", "coordinates": [ 21.26374469, 64.67634442 ] } },
{ "type": "Feature", "properties": { "class": "port", "longitude": 21.43471297, "latitude": 61.2272848, "Id": 1494, "Code": null, "Name": null }, "geometry": { "type": "Point", "coordinates": [ 21.43471297, 61.2272848 ] } },
{ "type": "Feature", "properties": { "class": "port", "longitude": 21.4997, "latitude": 65.27553, "Id": 1495, "Code": null, "Name": null }, "geometry": { "type": "Point", "coordinates": [ 21.4997, 65.27553 ] } },
{ "type": "Feature", "properties": { "class": "port", "longitude": 21.5558, "latitude": 63.1008, "Id": 1496, "Code": null, "Name": null }, "geometry": { "type": "Point", "coordinates": [ 21.5558, 63.1008 ] } },
{ "type": "Feature", "properties": { "class": "port", "longitude": 21.89156383, "latitude": 36.93936819, "Id": 1497, "Code": null, "Name": null }, "geometry": { "type": "Point", "coordinates": [ 21.89156383, 36.93936819 ] } },
{ "type": "Feature", "properties": { "class": "port", "longitude": 22.1728, "latitude": -34.1928, "Id": 1498, "Code": null, "Name": null }, "geometry": { "type": "Point", "coordinates": [ 22.1728, -34.1928 ] } },
{ "type": "Feature", "properties": { "class": "port", "longitude": 22.18236801, "latitude": 60.39309915, "Id": 1499, "Code": null, "Name": null }, "geometry": { "type": "Point", "coordinates": [ 22.18236801, 60.39309915 ] } },
{ "type": "Feature", "properties": { "class": "port", "longitude": 22.3989, "latitude": 58.2164, "Id": 1500, "Code": null, "Name": null }, "geometry": { "type": "Point", "coordinates": [ 22.3989, 58.2164 ] } },
{ "type": "Feature", "properties": { "class": "port", "longitude": 22.40522143, "latitude": 32.83985784, "Id": 1501, "Code": null, "Name": null }, "geometry": { "type": "Point", "coordinates": [ 22.40522143, 32.83985784 ] } },
{ "type": "Feature", "properties": { "class": "port", "longitude": 22.86977729, "latitude": 63.78837138, "Id": 1502, "Code": null, "Name": null }, "geometry": { "type": "Point", "coordinates": [ 22.86977729, 63.78837138 ] } },
{ "type": "Feature", "properties": { "class": "port", "longitude": 23.0222861, "latitude": 59.97364388, "Id": 1503, "Code": null, "Name": null }, "geometry": { "type": "Point", "coordinates": [ 23.0222861, 59.97364388 ] } },
{ "type": "Feature", "properties": { "class": "port", "longitude": 23.07837386, "latitude": 40.45615646, "Id": 1504, "Code": null, "Name": null }, "geometry": { "type": "Point", "coordinates": [ 23.07837386, 40.45615646 ] } },
{ "type": "Feature", "properties": { "class": "port", "longitude": 23.27320178, "latitude": 69.98463832, "Id": 1505, "Code": null, "Name": null }, "geometry": { "type": "Point", "coordinates": [ 23.27320178, 69.98463832 ] } },
{ "type": "Feature", "properties": { "class": "port", "longitude": 23.28591101, "latitude": 65.80778213000001, "Id": 1506, "Code": null, "Name": null }, "geometry": { "type": "Point", "coordinates": [ 23.28591101, 65.80778213 ] } },
{ "type": "Feature", "properties": { "class": "port", "longitude": 23.5211, "latitude": 58.9522, "Id": 1507, "Code": null, "Name": null }, "geometry": { "type": "Point", "coordinates": [ 23.5211, 58.9522 ] } },
{ "type": "Feature", "properties": { "class": "port", "longitude": 23.6703024, "latitude": 70.66711087, "Id": 1508, "Code": null, "Name": null }, "geometry": { "type": "Point", "coordinates": [ 23.6703024, 70.66711087 ] } },
{ "type": "Feature", "properties": { "class": "port", "longitude": 23.7064, "latitude": 40.6778, "Id": 1509, "Code": null, "Name": null }, "geometry": { "type": "Point", "coordinates": [ 23.7064, 40.6778 ] } },
{ "type": "Feature", "properties": { "class": "port", "longitude": 23.72999559, "latitude": 64.21313657, "Id": 1510, "Code": null, "Name": null }, "geometry": { "type": "Point", "coordinates": [ 23.72999559, 64.21313657 ] } },
{ "type": "Feature", "properties": { "class": "port", "longitude": 23.85696367, "latitude": 37.77043613, "Id": 1511, "Code": null, "Name": null }, "geometry": { "type": "Point", "coordinates": [ 23.85696367, 37.77043613 ] } },
{ "type": "Feature", "properties": { "class": "port", "longitude": 23.9868293, "latitude": 32.0848658, "Id": 1512, "Code": null, "Name": null }, "geometry": { "type": "Point", "coordinates": [ 23.9868293, 32.0848658 ] } },
{ "type": "Feature", "properties": { "class": "port", "longitude": 24.1628, "latitude": 65.7639, "Id": 1513, "Code": null, "Name": null }, "geometry": { "type": "Point", "coordinates": [ 24.1628, 65.7639 ] } },
{ "type": "Feature", "properties": { "class": "port", "longitude": 24.22592181, "latitude": 57.30455934, "Id": 1514, "Code": null, "Name": null }, "geometry": { "type": "Point", "coordinates": [ 24.22592181, 57.30455934 ] } },
{ "type": "Feature", "properties": { "class": "port", "longitude": 24.4167, "latitude": 64.6833, "Id": 1515, "Code": null, "Name": null }, "geometry": { "type": "Point", "coordinates": [ 24.4167, 64.6833 ] } },
{ "type": "Feature", "properties": { "class": "port", "longitude": 24.4923, "latitude": 58.37313, "Id": 1516, "Code": null, "Name": null }, "geometry": { "type": "Point", "coordinates": [ 24.4923, 58.37313 ] } },
{ "type": "Feature", "properties": { "class": "port", "longitude": 24.63887158, "latitude": 35.18553303, "Id": 1517, "Code": null, "Name": null }, "geometry": { "type": "Point", "coordinates": [ 24.63887158, 35.18553303 ] } },
{ "type": "Feature", "properties": { "class": "port", "longitude": 24.6632, "latitude": 59.4531, "Id": 1518, "Code": null, "Name": null }, "geometry": { "type": "Point", "coordinates": [ 24.6632, 59.4531 ] } },
{ "type": "Feature", "properties": { "class": "port", "longitude": 24.74096683, "latitude": 40.85630602, "Id": 1519, "Code": null, "Name": null }, "geometry": { "type": "Point", "coordinates": [ 24.74096683, 40.85630602 ] } },
{ "type": "Feature", "properties": { "class": "port", "longitude": 24.83439673, "latitude": 60.12093163, "Id": 1520, "Code": null, "Name": null }, "geometry": { "type": "Point", "coordinates": [ 24.83439673, 60.12093163 ] } },
{ "type": "Feature", "properties": { "class": "port", "longitude": 25.0903, "latitude": 70.1361, "Id": 1521, "Code": null, "Name": null }, "geometry": { "type": "Point", "coordinates": [ 25.0903, 70.1361 ] } },
{ "type": "Feature", "properties": { "class": "port", "longitude": 25.11289638, "latitude": 39.73551095, "Id": 1522, "Code": null, "Name": null }, "geometry": { "type": "Point", "coordinates": [ 25.11289638, 39.73551095 ] } },
{ "type": "Feature", "properties": { "class": "port", "longitude": 25.4, "latitude": 65.0167, "Id": 1523, "Code": null, "Name": null }, "geometry": { "type": "Point", "coordinates": [ 25.4, 65.0167 ] } },
{ "type": "Feature", "properties": { "class": "port", "longitude": 25.73192409, "latitude": -33.92562935, "Id": 1524, "Code": null, "Name": null }, "geometry": { "type": "Point", "coordinates": [ 25.73192409, -33.92562935 ] } },
{ "type": "Feature", "properties": { "class": "port", "longitude": 25.8833, "latitude": 40.8333, "Id": 1525, "Code": null, "Name": null }, "geometry": { "type": "Point", "coordinates": [ 25.8833, 40.8333 ] } },
{ "type": "Feature", "properties": { "class": "port", "longitude": 25.9493, "latitude": 43.85683, "Id": 1526, "Code": null, "Name": null }, "geometry": { "type": "Point", "coordinates": [ 25.9493, 43.85683 ] } },
{ "type": "Feature", "properties": { "class": "port", "longitude": 25.970207, "latitude": 70.982291, "Id": 1527, "Code": null, "Name": null }, "geometry": { "type": "Point", "coordinates": [ 25.970207, 70.982291 ] } },
{ "type": "Feature", "properties": { "class": "port", "longitude": 26.21875285, "latitude": 38.34683402, "Id": 1528, "Code": null, "Name": null }, "geometry": { "type": "Point", "coordinates": [ 26.21875285, 38.34683402 ] } },
{ "type": "Feature", "properties": { "class": "port", "longitude": 26.2739, "latitude": 60.4333, "Id": 1529, "Code": null, "Name": null }, "geometry": { "type": "Point", "coordinates": [ 26.2739, 60.4333 ] } },
{ "type": "Feature", "properties": { "class": "port", "longitude": 26.5333, "latitude": 59.5333, "Id": 1530, "Code": null, "Name": null }, "geometry": { "type": "Point", "coordinates": [ 26.5333, 59.5333 ] } },
{ "type": "Feature", "properties": { "class": "port", "longitude": 26.568, "latitude": 31.5015, "Id": 1531, "Code": null, "Name": null }, "geometry": { "type": "Point", "coordinates": [ 26.568, 31.5015 ] } },
{ "type": "Feature", "properties": { "class": "port", "longitude": 26.95672384, "latitude": 60.46427094, "Id": 1532, "Code": null, "Name": null }, "geometry": { "type": "Point", "coordinates": [ 26.95672384, 60.46427094 ] } },
{ "type": "Feature", "properties": { "class": "port", "longitude": 26.96300542, "latitude": 37.86236648, "Id": 1533, "Code": null, "Name": null }, "geometry": { "type": "Point", "coordinates": [ 26.96300542, 37.86236648 ] } },
{ "type": "Feature", "properties": { "class": "port", "longitude": 27.01473532, "latitude": 40.4342767, "Id": 1534, "Code": null, "Name": null }, "geometry": { "type": "Point", "coordinates": [ 27.01473532, 40.4342767 ] } },
{ "type": "Feature", "properties": { "class": "port", "longitude": 27.2481, "latitude": 44.12513, "Id": 1535, "Code": null, "Name": null }, "geometry": { "type": "Point", "coordinates": [ 27.2481, 44.12513 ] } },
{ "type": "Feature", "properties": { "class": "port", "longitude": 27.68022416, "latitude": 42.36594937, "Id": 1536, "Code": null, "Name": null }, "geometry": { "type": "Point", "coordinates": [ 27.68022416, 42.36594937 ] } },
{ "type": "Feature", "properties": { "class": "port", "longitude": 27.7575, "latitude": 71.0197, "Id": 1537, "Code": null, "Name": null }, "geometry": { "type": "Point", "coordinates": [ 27.7575, 71.0197 ] } },
{ "type": "Feature", "properties": { "class": "port", "longitude": 27.9242, "latitude": -33.0425, "Id": 1538, "Code": null, "Name": null }, "geometry": { "type": "Point", "coordinates": [ 27.9242, -33.0425 ] } },
{ "type": "Feature", "properties": { "class": "port", "longitude": 28.00605892, "latitude": 59.54063967, "Id": 1539, "Code": null, "Name": null }, "geometry": { "type": "Point", "coordinates": [ 28.00605892, 59.54063967 ] } },
{ "type": "Feature", "properties": { "class": "port", "longitude": 28.18090973, "latitude": 36.49674226, "Id": 1540, "Code": null, "Name": null }, "geometry": { "type": "Point", "coordinates": [ 28.18090973, 36.49674226 ] } },
{ "type": "Feature", "properties": { "class": "port", "longitude": 28.43232404, "latitude": 43.90510495, "Id": 1541, "Code": null, "Name": null }, "geometry": { "type": "Point", "coordinates": [ 28.43232404, 43.90510495 ] } },
{ "type": "Feature", "properties": { "class": "port", "longitude": 28.46291988, "latitude": 60.63256415, "Id": 1542, "Code": null, "Name": null }, "geometry": { "type": "Point", "coordinates": [ 28.46291988, 60.63256415 ] } },
{ "type": "Feature", "properties": { "class": "port", "longitude": 28.8744, "latitude": 30.9917, "Id": 1543, "Code": null, "Name": null }, "geometry": { "type": "Point", "coordinates": [ 28.8744, 30.9917 ] } },
{ "type": "Feature", "properties": { "class": "port", "longitude": 28.88163311, "latitude": 45.33265993, "Id": 1544, "Code": null, "Name": null }, "geometry": { "type": "Point", "coordinates": [ 28.88163311, 45.33265993 ] } },
{ "type": "Feature", "properties": { "class": "port", "longitude": 29.02926375, "latitude": 36.69143505, "Id": 1545, "Code": null, "Name": null }, "geometry": { "type": "Point", "coordinates": [ 29.02926375, 36.69143505 ] } },
{ "type": "Feature", "properties": { "class": "port", "longitude": 29.18275806, "latitude": 40.78885519, "Id": 1546, "Code": null, "Name": null }, "geometry": { "type": "Point", "coordinates": [ 29.18275806, 40.78885519 ] } },
{ "type": "Feature", "properties": { "class": "port", "longitude": 29.7333, "latitude": 70.6333, "Id": 1547, "Code": null, "Name": null }, "geometry": { "type": "Point", "coordinates": [ 29.7333, 70.6333 ] } },
{ "type": "Feature", "properties": { "class": "port", "longitude": 29.8585713, "latitude": 36.22341268, "Id": 1548, "Code": null, "Name": null }, "geometry": { "type": "Point", "coordinates": [ 29.8585713, 36.22341268 ] } },
{ "type": "Feature", "properties": { "class": "port", "longitude": 29.8929271, "latitude": 59.97583139, "Id": 1549, "Code": null, "Name": null }, "geometry": { "type": "Point", "coordinates": [ 29.8929271, 59.97583139 ] } },
{ "type": "Feature", "properties": { "class": "port", "longitude": 29.91023231, "latitude": 31.18058672, "Id": 1550, "Code": null, "Name": null }, "geometry": { "type": "Point", "coordinates": [ 29.91023231, 31.18058672 ] } },
{ "type": "Feature", "properties": { "class": "port", "longitude": 30.05440382, "latitude": 69.73118881000001, "Id": 1551, "Code": null, "Name": null }, "geometry": { "type": "Point", "coordinates": [ 30.05440382, 69.73118881 ] } },
{ "type": "Feature", "properties": { "class": "port", "longitude": 30.60874, "latitude": 36.83621, "Id": 1552, "Code": null, "Name": null }, "geometry": { "type": "Point", "coordinates": [ 30.60874, 36.83621 ] } },
{ "type": "Feature", "properties": { "class": "port", "longitude": 30.6719, "latitude": 41.1132, "Id": 1553, "Code": null, "Name": null }, "geometry": { "type": "Point", "coordinates": [ 30.6719, 41.1132 ] } },
{ "type": "Feature", "properties": { "class": "port", "longitude": 30.69841964, "latitude": 46.40086657, "Id": 1554, "Code": null, "Name": null }, "geometry": { "type": "Point", "coordinates": [ 30.69841964, 46.40086657 ] } },
{ "type": "Feature", "properties": { "class": "port", "longitude": 30.9583, "latitude": 70.2861, "Id": 1555, "Code": null, "Name": null }, "geometry": { "type": "Point", "coordinates": [ 30.9583, 70.2861 ] } },
{ "type": "Feature", "properties": { "class": "port", "longitude": 31.0667, "latitude": -29.8667, "Id": 1556, "Code": null, "Name": null }, "geometry": { "type": "Point", "coordinates": [ 31.0667, -29.8667 ] } },
{ "type": "Feature", "properties": { "class": "port", "longitude": 31.75, "latitude": 31.4833, "Id": 1557, "Code": null, "Name": null }, "geometry": { "type": "Point", "coordinates": [ 31.75, 31.4833 ] } },
{ "type": "Feature", "properties": { "class": "port", "longitude": 31.9238974, "latitude": 41.52230027, "Id": 1558, "Code": null, "Name": null }, "geometry": { "type": "Point", "coordinates": [ 31.9238974, 41.52230027 ] } },
{ "type": "Feature", "properties": { "class": "port", "longitude": 31.96370201, "latitude": 46.86107937, "Id": 1559, "Code": null, "Name": null }, "geometry": { "type": "Point", "coordinates": [ 31.96370201, 46.86107937 ] } },
{ "type": "Feature", "properties": { "class": "port", "longitude": 32.0179, "latitude": 36.54713, "Id": 1560, "Code": null, "Name": null }, "geometry": { "type": "Point", "coordinates": [ 32.0179, 36.54713 ] } },
{ "type": "Feature", "properties": { "class": "port", "longitude": 32.0922, "latitude": -28.7911, "Id": 1561, "Code": null, "Name": null }, "geometry": { "type": "Point", "coordinates": [ 32.0922, -28.7911 ] } },
{ "type": "Feature", "properties": { "class": "port", "longitude": 32.33361354, "latitude": 31.25036423, "Id": 1562, "Code": null, "Name": null }, "geometry": { "type": "Point", "coordinates": [ 32.33361354, 31.25036423 ] } },
{ "type": "Feature", "properties": { "class": "port", "longitude": 32.4256, "latitude": 66.9683, "Id": 1563, "Code": null, "Name": null }, "geometry": { "type": "Point", "coordinates": [ 32.4256, 66.9683 ] } },
{ "type": "Feature", "properties": { "class": "port", "longitude": 32.52521063, "latitude": -25.96563872, "Id": 1564, "Code": null, "Name": null }, "geometry": { "type": "Point", "coordinates": [ 32.52521063, -25.96563872 ] } },
{ "type": "Feature", "properties": { "class": "port", "longitude": 32.6, "latitude": 46.6167, "Id": 1565, "Code": null, "Name": null }, "geometry": { "type": "Point", "coordinates": [ 32.6, 46.6167 ] } },
{ "type": "Feature", "properties": { "class": "port", "longitude": 32.81459125, "latitude": 29.28675464, "Id": 1566, "Code": null, "Name": null }, "geometry": { "type": "Point", "coordinates": [ 32.81459125, 29.28675464 ] } },
{ "type": "Feature", "properties": { "class": "port", "longitude": 32.8577, "latitude": 36.05263, "Id": 1567, "Code": null, "Name": null }, "geometry": { "type": "Point", "coordinates": [ 32.8577, 36.05263 ] } },
{ "type": "Feature", "properties": { "class": "port", "longitude": 33.22443564, "latitude": 35.01189904, "Id": 1568, "Code": null, "Name": null }, "geometry": { "type": "Point", "coordinates": [ 33.22443564, 35.01189904 ] } },
{ "type": "Feature", "properties": { "class": "port", "longitude": 33.31173026, "latitude": 68.92467991, "Id": 1569, "Code": null, "Name": null }, "geometry": { "type": "Point", "coordinates": [ 33.31173026, 68.92467991 ] } },
{ "type": "Feature", "properties": { "class": "port", "longitude": 33.7507, "latitude": 41.98453, "Id": 1570, "Code": null, "Name": null }, "geometry": { "type": "Point", "coordinates": [ 33.7507, 41.98453 ] } },
{ "type": "Feature", "properties": { "class": "port", "longitude": 33.78157902, "latitude": 36.24578553, "Id": 1571, "Code": null, "Name": null }, "geometry": { "type": "Point", "coordinates": [ 33.78157902, 36.24578553 ] } },
{ "type": "Feature", "properties": { "class": "port", "longitude": 33.83082084, "latitude": 44.53172223, "Id": 1572, "Code": null, "Name": null }, "geometry": { "type": "Point", "coordinates": [ 33.83082084, 44.53172223 ] } },
{ "type": "Feature", "properties": { "class": "port", "longitude": 34.17268781, "latitude": 26.39672483, "Id": 1573, "Code": null, "Name": null }, "geometry": { "type": "Point", "coordinates": [ 34.17268781, 26.39672483 ] } },
{ "type": "Feature", "properties": { "class": "port", "longitude": 34.3667, "latitude": 66.6667, "Id": 1574, "Code": null, "Name": null }, "geometry": { "type": "Point", "coordinates": [ 34.3667, 66.6667 ] } },
{ "type": "Feature", "properties": { "class": "port", "longitude": 34.57536243, "latitude": 31.7420549, "Id": 1575, "Code": null, "Name": null }, "geometry": { "type": "Point", "coordinates": [ 34.57536243, 31.7420549 ] } },
{ "type": "Feature", "properties": { "class": "port", "longitude": 34.6333, "latitude": 36.8, "Id": 1576, "Code": null, "Name": null }, "geometry": { "type": "Point", "coordinates": [ 34.6333, 36.8 ] } },
{ "type": "Feature", "properties": { "class": "port", "longitude": 34.79115531, "latitude": 64.52895393, "Id": 1577, "Code": null, "Name": null }, "geometry": { "type": "Point", "coordinates": [ 34.79115531, 64.52895393 ] } },
{ "type": "Feature", "properties": { "class": "port", "longitude": 34.8333, "latitude": -19.8333, "Id": 1578, "Code": null, "Name": null }, "geometry": { "type": "Point", "coordinates": [ 34.8333, -19.8333 ] } },
{ "type": "Feature", "properties": { "class": "port", "longitude": 34.94963392, "latitude": 32.64207056, "Id": 1579, "Code": null, "Name": null }, "geometry": { "type": "Point", "coordinates": [ 34.94963392, 32.64207056 ] } },
{ "type": "Feature", "properties": { "class": "port", "longitude": 34.97947992, "latitude": 29.53792613, "Id": 1580, "Code": null, "Name": null }, "geometry": { "type": "Point", "coordinates": [ 34.97947992, 29.53792613 ] } },
{ "type": "Feature", "properties": { "class": "port", "longitude": 35.08096394, "latitude": 48.17579408, "Id": 1581, "Code": null, "Name": null }, "geometry": { "type": "Point", "coordinates": [ 35.08096394, 48.17579408 ] } },
{ "type": "Feature", "properties": { "class": "port", "longitude": 35.14748017, "latitude": 42.02362124, "Id": 1582, "Code": null, "Name": null }, "geometry": { "type": "Point", "coordinates": [ 35.14748017, 42.02362124 ] } },
{ "type": "Feature", "properties": { "class": "port", "longitude": 35.3922, "latitude": 45.0264, "Id": 1583, "Code": null, "Name": null }, "geometry": { "type": "Point", "coordinates": [ 35.3922, 45.0264 ] } },
{ "type": "Feature", "properties": { "class": "port", "longitude": 35.64513872, "latitude": 27.44391547, "Id": 1584, "Code": null, "Name": null }, "geometry": { "type": "Point", "coordinates": [ 35.64513872, 27.44391547 ] } },
{ "type": "Feature", "properties": { "class": "port", "longitude": 35.66775368, "latitude": 34.45594071, "Id": 1585, "Code": null, "Name": null }, "geometry": { "type": "Point", "coordinates": [ 35.66775368, 34.45594071 ] } },
{ "type": "Feature", "properties": { "class": "port", "longitude": 35.7097, "latitude": 65.0347, "Id": 1586, "Code": null, "Name": null }, "geometry": { "type": "Point", "coordinates": [ 35.7097, 65.0347 ] } },
{ "type": "Feature", "properties": { "class": "port", "longitude": 36.04917416, "latitude": 36.76096542, "Id": 1587, "Code": null, "Name": null }, "geometry": { "type": "Point", "coordinates": [ 36.04917416, 36.76096542 ] } },
{ "type": "Feature", "properties": { "class": "port", "longitude": 36.35, "latitude": 41.3, "Id": 1588, "Code": null, "Name": null }, "geometry": { "type": "Point", "coordinates": [ 36.35, 41.3 ] } },
{ "type": "Feature", "properties": { "class": "port", "longitude": 36.60390241, "latitude": 45.30140412, "Id": 1589, "Code": null, "Name": null }, "geometry": { "type": "Point", "coordinates": [ 36.60390241, 45.30140412 ] } },
{ "type": "Feature", "properties": { "class": "port", "longitude": 36.7833, "latitude": 46.75, "Id": 1590, "Code": null, "Name": null }, "geometry": { "type": "Point", "coordinates": [ 36.7833, 46.75 ] } },
{ "type": "Feature", "properties": { "class": "port", "longitude": 36.921858, "latitude": -17.850264, "Id": 1591, "Code": null, "Name": null }, "geometry": { "type": "Point", "coordinates": [ 36.921858, -17.850264 ] } },
{ "type": "Feature", "properties": { "class": "port", "longitude": 37.2936, "latitude": 41.1281, "Id": 1592, "Code": null, "Name": null }, "geometry": { "type": "Point", "coordinates": [ 37.2936, 41.1281 ] } },
{ "type": "Feature", "properties": { "class": "port", "longitude": 37.294642, "latitude": 19.36931347, "Id": 1593, "Code": null, "Name": null }, "geometry": { "type": "Point", "coordinates": [ 37.294642, 19.36931347 ] } },
{ "type": "Feature", "properties": { "class": "port", "longitude": 37.4833, "latitude": 47.05, "Id": 1594, "Code": null, "Name": null }, "geometry": { "type": "Point", "coordinates": [ 37.4833, 47.05 ] } },
{ "type": "Feature", "properties": { "class": "port", "longitude": 37.492626, "latitude": 44.98268989, "Id": 1595, "Code": null, "Name": null }, "geometry": { "type": "Point", "coordinates": [ 37.492626, 44.98268989 ] } },
{ "type": "Feature", "properties": { "class": "port", "longitude": 38.06277198, "latitude": 24.0760135, "Id": 1596, "Code": null, "Name": null }, "geometry": { "type": "Point", "coordinates": [ 38.06277198, 24.0760135 ] } },
{ "type": "Feature", "properties": { "class": "port", "longitude": 38.26710157, "latitude": 46.73826983, "Id": 1597, "Code": null, "Name": null }, "geometry": { "type": "Point", "coordinates": [ 38.26710157, 46.73826983 ] } },
{ "type": "Feature", "properties": { "class": "port", "longitude": 38.61342003, "latitude": 40.95575377, "Id": 1598, "Code": null, "Name": null }, "geometry": { "type": "Point", "coordinates": [ 38.61342003, 40.95575377 ] } },
{ "type": "Feature", "properties": { "class": "port", "longitude": 38.9094, "latitude": 47.2214, "Id": 1599, "Code": null, "Name": null }, "geometry": { "type": "Point", "coordinates": [ 38.9094, 47.2214 ] } },
{ "type": "Feature", "properties": { "class": "port", "longitude": 39.04095895, "latitude": 22.63934669, "Id": 1600, "Code": null, "Name": null }, "geometry": { "type": "Point", "coordinates": [ 39.04095895, 22.63934669 ] } },
{ "type": "Feature", "properties": { "class": "port", "longitude": 39.0667, "latitude": 44.1, "Id": 1601, "Code": null, "Name": null }, "geometry": { "type": "Point", "coordinates": [ 39.0667, 44.1 ] } },
{ "type": "Feature", "properties": { "class": "port", "longitude": 39.1167, "latitude": -5.0833, "Id": 1602, "Code": null, "Name": null }, "geometry": { "type": "Point", "coordinates": [ 39.1167, -5.0833 ] } },
{ "type": "Feature", "properties": { "class": "port", "longitude": 39.1667, "latitude": 21.4667, "Id": 1603, "Code": null, "Name": null }, "geometry": { "type": "Point", "coordinates": [ 39.1667, 21.4667 ] } },
{ "type": "Feature", "properties": { "class": "port", "longitude": 39.22323845, "latitude": -6.390317324, "Id": 1604, "Code": null, "Name": null }, "geometry": { "type": "Point", "coordinates": [ 39.22323845, -6.390317324 ] } },
{ "type": "Feature", "properties": { "class": "port", "longitude": 39.4667, "latitude": 15.6167, "Id": 1605, "Code": null, "Name": null }, "geometry": { "type": "Point", "coordinates": [ 39.4667, 15.6167 ] } },
{ "type": "Feature", "properties": { "class": "port", "longitude": 39.5161, "latitude": 68.05543, "Id": 1606, "Code": null, "Name": null }, "geometry": { "type": "Point", "coordinates": [ 39.5161, 68.05543 ] } },
{ "type": "Feature", "properties": { "class": "port", "longitude": 39.5169, "latitude": -8.93277, "Id": 1607, "Code": null, "Name": null }, "geometry": { "type": "Point", "coordinates": [ 39.5169, -8.93277 ] } },
{ "type": "Feature", "properties": { "class": "port", "longitude": 39.65, "latitude": -5.3667, "Id": 1608, "Code": null, "Name": null }, "geometry": { "type": "Point", "coordinates": [ 39.65, -5.3667 ] } },
{ "type": "Feature", "properties": { "class": "port", "longitude": 39.68051793, "latitude": 41.03120175, "Id": 1609, "Code": null, "Name": null }, "geometry": { "type": "Point", "coordinates": [ 39.68051793, 41.03120175 ] } },
{ "type": "Feature", "properties": { "class": "port", "longitude": 39.7167, "latitude": 47.1667, "Id": 1610, "Code": null, "Name": null }, "geometry": { "type": "Point", "coordinates": [ 39.7167, 47.1667 ] } },
{ "type": "Feature", "properties": { "class": "port", "longitude": 39.7303, "latitude": 43.56843, "Id": 1611, "Code": null, "Name": null }, "geometry": { "type": "Point", "coordinates": [ 39.7303, 43.56843 ] } },
{ "type": "Feature", "properties": { "class": "port", "longitude": 39.7552166, "latitude": -3.85451992, "Id": 1612, "Code": null, "Name": null }, "geometry": { "type": "Point", "coordinates": [ 39.7552166, -3.85451992 ] } },
{ "type": "Feature", "properties": { "class": "port", "longitude": 39.884471, "latitude": 57.626074, "Id": 1613, "Code": null, "Name": null }, "geometry": { "type": "Point", "coordinates": [ 39.884471, 57.626074 ] } },
{ "type": "Feature", "properties": { "class": "port", "longitude": 39.89906387, "latitude": 64.72369192, "Id": 1614, "Code": null, "Name": null }, "geometry": { "type": "Point", "coordinates": [ 39.89906387, 64.72369192 ] } },
{ "type": "Feature", "properties": { "class": "port", "longitude": 40.2, "latitude": -10.2667, "Id": 1615, "Code": null, "Name": null }, "geometry": { "type": "Point", "coordinates": [ 40.2, -10.2667 ] } },
{ "type": "Feature", "properties": { "class": "port", "longitude": 40.5, "latitude": -12.9667, "Id": 1616, "Code": null, "Name": null }, "geometry": { "type": "Point", "coordinates": [ 40.5, -12.9667 ] } },
{ "type": "Feature", "properties": { "class": "port", "longitude": 40.53567657, "latitude": 64.54925926, "Id": 1617, "Code": null, "Name": null }, "geometry": { "type": "Point", "coordinates": [ 40.53567657, 64.54925926 ] } },
{ "type": "Feature", "properties": { "class": "port", "longitude": 40.62035064, "latitude": 47.47930573, "Id": 1618, "Code": null, "Name": null }, "geometry": { "type": "Point", "coordinates": [ 40.62035064, 47.47930573 ] } },
{ "type": "Feature", "properties": { "class": "port", "longitude": 40.6667, "latitude": -14.5333, "Id": 1619, "Code": null, "Name": null }, "geometry": { "type": "Point", "coordinates": [ 40.6667, -14.5333 ] } },
{ "type": "Feature", "properties": { "class": "port", "longitude": 40.90331, "latitude": -2.26912, "Id": 1620, "Code": null, "Name": null }, "geometry": { "type": "Point", "coordinates": [ 40.90331, -2.26912 ] } },
{ "type": "Feature", "properties": { "class": "port", "longitude": 41.59791209, "latitude": 41.79618862, "Id": 1621, "Code": null, "Name": null }, "geometry": { "type": "Point", "coordinates": [ 41.59791209, 41.79618862 ] } },
{ "type": "Feature", "properties": { "class": "port", "longitude": 41.7447, "latitude": 13.9703, "Id": 1622, "Code": null, "Name": null }, "geometry": { "type": "Point", "coordinates": [ 41.7447, 13.9703 ] } },
{ "type": "Feature", "properties": { "class": "port", "longitude": 42.202766, "latitude": 47.500493, "Id": 1623, "Code": null, "Name": null }, "geometry": { "type": "Point", "coordinates": [ 42.202766, 47.500493 ] } },
{ "type": "Feature", "properties": { "class": "port", "longitude": 42.5345, "latitude": 16.89833, "Id": 1624, "Code": null, "Name": null }, "geometry": { "type": "Point", "coordinates": [ 42.5345, 16.89833 ] } },
{ "type": "Feature", "properties": { "class": "port", "longitude": 42.55, "latitude": -0.3667, "Id": 1625, "Code": null, "Name": null }, "geometry": { "type": "Point", "coordinates": [ 42.55, -0.3667 ] } },
{ "type": "Feature", "properties": { "class": "port", "longitude": 42.81715708, "latitude": 15.04816894, "Id": 1626, "Code": null, "Name": null }, "geometry": { "type": "Point", "coordinates": [ 42.81715708, 15.04816894 ] } },
{ "type": "Feature", "properties": { "class": "port", "longitude": 43.0115786, "latitude": 11.69513455, "Id": 1627, "Code": null, "Name": null }, "geometry": { "type": "Point", "coordinates": [ 43.0115786, 11.69513455 ] } },
{ "type": "Feature", "properties": { "class": "port", "longitude": 43.540541, "latitude": 48.681398, "Id": 1628, "Code": null, "Name": null }, "geometry": { "type": "Point", "coordinates": [ 43.540541, 48.681398 ] } },
{ "type": "Feature", "properties": { "class": "port", "longitude": 43.66442, "latitude": -23.37752, "Id": 1629, "Code": null, "Name": null }, "geometry": { "type": "Point", "coordinates": [ 43.66442, -23.37752 ] } },
{ "type": "Feature", "properties": { "class": "port", "longitude": 44.005, "latitude": 56.3342, "Id": 1630, "Code": null, "Name": null }, "geometry": { "type": "Point", "coordinates": [ 44.005, 56.3342 ] } },
{ "type": "Feature", "properties": { "class": "port", "longitude": 44.39271, "latitude": -12.16744, "Id": 1631, "Code": null, "Name": null }, "geometry": { "type": "Point", "coordinates": [ 44.39271, -12.16744 ] } },
{ "type": "Feature", "properties": { "class": "port", "longitude": 44.77425, "latitude": 1.71447, "Id": 1632, "Code": null, "Name": null }, "geometry": { "type": "Point", "coordinates": [ 44.77425, 1.71447 ] } },
{ "type": "Feature", "properties": { "class": "port", "longitude": 44.9789, "latitude": 12.7867, "Id": 1633, "Code": null, "Name": null }, "geometry": { "type": "Point", "coordinates": [ 44.9789, 12.7867 ] } },
{ "type": "Feature", "properties": { "class": "port", "longitude": 45.0167, "latitude": 10.45, "Id": 1634, "Code": null, "Name": null }, "geometry": { "type": "Point", "coordinates": [ 45.0167, 10.45 ] } },
{ "type": "Feature", "properties": { "class": "port", "longitude": 45.23305, "latitude": -12.77864, "Id": 1635, "Code": null, "Name": null }, "geometry": { "type": "Point", "coordinates": [ 45.23305, -12.77864 ] } },
{ "type": "Feature", "properties": { "class": "port", "longitude": 45.33836, "latitude": 2.02372, "Id": 1636, "Code": null, "Name": null }, "geometry": { "type": "Point", "coordinates": [ 45.33836, 2.02372 ] } },
{ "type": "Feature", "properties": { "class": "port", "longitude": 46.0167, "latitude": 51.5333, "Id": 1637, "Code": null, "Name": null }, "geometry": { "type": "Point", "coordinates": [ 46.0167, 51.5333 ] } },
{ "type": "Feature", "properties": { "class": "port", "longitude": 46.25121297, "latitude": -15.64884969, "Id": 1638, "Code": null, "Name": null }, "geometry": { "type": "Point", "coordinates": [ 46.25121297, -15.64884969 ] } },
{ "type": "Feature", "properties": { "class": "port", "longitude": 46.96575, "latitude": -25.06523, "Id": 1639, "Code": null, "Name": null }, "geometry": { "type": "Point", "coordinates": [ 46.96575, -25.06523 ] } },
{ "type": "Feature", "properties": { "class": "port", "longitude": 47.4683, "latitude": 43.0022, "Id": 1640, "Code": null, "Name": null }, "geometry": { "type": "Point", "coordinates": [ 47.4683, 43.0022 ] } },
{ "type": "Feature", "properties": { "class": "port", "longitude": 48.05, "latitude": 46.35, "Id": 1641, "Code": null, "Name": null }, "geometry": { "type": "Point", "coordinates": [ 48.05, 46.35 ] } },
{ "type": "Feature", "properties": { "class": "port", "longitude": 48.2657, "latitude": -13.40017, "Id": 1642, "Code": null, "Name": null }, "geometry": { "type": "Point", "coordinates": [ 48.2657, -13.40017 ] } },
{ "type": "Feature", "properties": { "class": "port", "longitude": 48.42995798, "latitude": 29.99567823, "Id": 1643, "Code": null, "Name": null }, "geometry": { "type": "Point", "coordinates": [ 48.42995798, 29.99567823 ] } },
{ "type": "Feature", "properties": { "class": "port", "longitude": 48.4667, "latitude": 53.1667, "Id": 1644, "Code": null, "Name": null }, "geometry": { "type": "Point", "coordinates": [ 48.4667, 53.1667 ] } },
{ "type": "Feature", "properties": { "class": "port", "longitude": 48.54047771, "latitude": 28.6512028, "Id": 1645, "Code": null, "Name": null }, "geometry": { "type": "Point", "coordinates": [ 48.54047771, 28.6512028 ] } },
{ "type": "Feature", "properties": { "class": "port", "longitude": 48.8467, "latitude": 67.6353, "Id": 1646, "Code": null, "Name": null }, "geometry": { "type": "Point", "coordinates": [ 48.8467, 67.6353 ] } },
{ "type": "Feature", "properties": { "class": "port", "longitude": 49.09539137, "latitude": 30.47289386, "Id": 1647, "Code": null, "Name": null }, "geometry": { "type": "Point", "coordinates": [ 49.09539137, 30.47289386 ] } },
{ "type": "Feature", "properties": { "class": "port", "longitude": 49.123329, "latitude": 55.787894, "Id": 1648, "Code": null, "Name": null }, "geometry": { "type": "Point", "coordinates": [ 49.123329, 55.787894 ] } },
{ "type": "Feature", "properties": { "class": "port", "longitude": 49.17983, "latitude": 11.29184, "Id": 1649, "Code": null, "Name": null }, "geometry": { "type": "Point", "coordinates": [ 49.17983, 11.29184 ] } },
{ "type": "Feature", "properties": { "class": "port", "longitude": 49.186823, "latitude": 27.498399, "Id": 1650, "Code": null, "Name": null }, "geometry": { "type": "Point", "coordinates": [ 49.186823, 27.498399 ] } },
{ "type": "Feature", "properties": { "class": "port", "longitude": 49.28513, "latitude": -12.27509, "Id": 1651, "Code": null, "Name": null }, "geometry": { "type": "Point", "coordinates": [ 49.28513, -12.27509 ] } },
{ "type": "Feature", "properties": { "class": "port", "longitude": 49.30805941, "latitude": 14.62517813, "Id": 1652, "Code": null, "Name": null }, "geometry": { "type": "Point", "coordinates": [ 49.30805941, 14.62517813 ] } },
{ "type": "Feature", "properties": { "class": "port", "longitude": 49.4167, "latitude": -18.1667, "Id": 1653, "Code": null, "Name": null }, "geometry": { "type": "Point", "coordinates": [ 49.4167, -18.1667 ] } },
{ "type": "Feature", "properties": { "class": "port", "longitude": 49.46727, "latitude": 37.4766, "Id": 1654, "Code": null, "Name": null }, "geometry": { "type": "Point", "coordinates": [ 49.46727, 37.4766 ] } },
{ "type": "Feature", "properties": { "class": "port", "longitude": 49.8822, "latitude": 40.3953, "Id": 1655, "Code": null, "Name": null }, "geometry": { "type": "Point", "coordinates": [ 49.8822, 40.3953 ] } },
{ "type": "Feature", "properties": { "class": "port", "longitude": 49.9333, "latitude": 53.1, "Id": 1656, "Code": null, "Name": null }, "geometry": { "type": "Point", "coordinates": [ 49.9333, 53.1 ] } },
{ "type": "Feature", "properties": { "class": "port", "longitude": 50.00626, "latitude": -13.3542, "Id": 1657, "Code": null, "Name": null }, "geometry": { "type": "Point", "coordinates": [ 50.00626, -13.3542 ] } },
{ "type": "Feature", "properties": { "class": "port", "longitude": 50.17924001, "latitude": 26.62422285, "Id": 1658, "Code": null, "Name": null }, "geometry": { "type": "Point", "coordinates": [ 50.17924001, 26.62422285 ] } },
{ "type": "Feature", "properties": { "class": "port", "longitude": 50.59021929, "latitude": 29.0873144, "Id": 1659, "Code": null, "Name": null }, "geometry": { "type": "Point", "coordinates": [ 50.59021929, 29.0873144 ] } },
{ "type": "Feature", "properties": { "class": "port", "longitude": 51.16513, "latitude": 43.62732, "Id": 1660, "Code": null, "Name": null }, "geometry": { "type": "Point", "coordinates": [ 51.16513, 43.62732 ] } },
{ "type": "Feature", "properties": { "class": "port", "longitude": 51.5537651, "latitude": 25.39081799, "Id": 1661, "Code": null, "Name": null }, "geometry": { "type": "Point", "coordinates": [ 51.5537651, 25.39081799 ] } },
{ "type": "Feature", "properties": { "class": "port", "longitude": 51.8478, "latitude": 26.6741, "Id": 1662, "Code": null, "Name": null }, "geometry": { "type": "Point", "coordinates": [ 51.8478, 26.6741 ] } },
{ "type": "Feature", "properties": { "class": "port", "longitude": 52.0211, "latitude": 67.6425, "Id": 1663, "Code": null, "Name": null }, "geometry": { "type": "Point", "coordinates": [ 52.0211, 67.6425 ] } },
{ "type": "Feature", "properties": { "class": "port", "longitude": 52.15, "latitude": 15.8167, "Id": 1664, "Code": null, "Name": null }, "geometry": { "type": "Point", "coordinates": [ 52.15, 15.8167 ] } },
{ "type": "Feature", "properties": { "class": "port", "longitude": 52.389288, "latitude": 55.730569, "Id": 1665, "Code": null, "Name": null }, "geometry": { "type": "Point", "coordinates": [ 52.389288, 55.730569 ] } },
{ "type": "Feature", "properties": { "class": "port", "longitude": 52.41527931, "latitude": 25.66498159, "Id": 1666, "Code": null, "Name": null }, "geometry": { "type": "Point", "coordinates": [ 52.41527931, 25.66498159 ] } },
{ "type": "Feature", "properties": { "class": "port", "longitude": 52.48575098, "latitude": 27.56580819, "Id": 1667, "Code": null, "Name": null }, "geometry": { "type": "Point", "coordinates": [ 52.48575098, 27.56580819 ] } },
{ "type": "Feature", "properties": { "class": "port", "longitude": 52.532818, "latitude": 36.686728, "Id": 1668, "Code": null, "Name": null }, "geometry": { "type": "Point", "coordinates": [ 52.532818, 36.686728 ] } },
{ "type": "Feature", "properties": { "class": "port", "longitude": 52.7311, "latitude": -7.0019, "Id": 1669, "Code": null, "Name": null }, "geometry": { "type": "Point", "coordinates": [ 52.7311, -7.0019 ] } },
{ "type": "Feature", "properties": { "class": "port", "longitude": 52.96299579, "latitude": 24.79332895, "Id": 1670, "Code": null, "Name": null }, "geometry": { "type": "Point", "coordinates": [ 52.96299579, 24.79332895 ] } },
{ "type": "Feature", "properties": { "class": "port", "longitude": 53.01155248, "latitude": 40.00103541, "Id": 1671, "Code": null, "Name": null }, "geometry": { "type": "Point", "coordinates": [ 53.01155248, 40.00103541 ] } },
{ "type": "Feature", "properties": { "class": "port", "longitude": 53.06761434, "latitude": 67.65030754, "Id": 1672, "Code": null, "Name": null }, "geometry": { "type": "Point", "coordinates": [ 53.06761434, 67.65030754 ] } },
{ "type": "Feature", "properties": { "class": "port", "longitude": 53.3301, "latitude": 26.79463, "Id": 1673, "Code": null, "Name": null }, "geometry": { "type": "Point", "coordinates": [ 53.3301, 26.79463 ] } },
{ "type": "Feature", "properties": { "class": "port", "longitude": 53.840029, "latitude": 38.058799, "Id": 1674, "Code": null, "Name": null }, "geometry": { "type": "Point", "coordinates": [ 53.840029, 38.058799 ] } },
{ "type": "Feature", "properties": { "class": "port", "longitude": 53.995389, "latitude": 16.941487, "Id": 1675, "Code": null, "Name": null }, "geometry": { "type": "Point", "coordinates": [ 53.995389, 16.941487 ] } },
{ "type": "Feature", "properties": { "class": "port", "longitude": 54.00491, "latitude": 26.56285, "Id": 1676, "Code": null, "Name": null }, "geometry": { "type": "Point", "coordinates": [ 54.00491, 26.56285 ] } },
{ "type": "Feature", "properties": { "class": "port", "longitude": 54.73850843, "latitude": 25.79692584, "Id": 1677, "Code": null, "Name": null }, "geometry": { "type": "Point", "coordinates": [ 54.73850843, 25.79692584 ] } },
{ "type": "Feature", "properties": { "class": "port", "longitude": 54.79738462, "latitude": 24.81886099, "Id": 1678, "Code": null, "Name": null }, "geometry": { "type": "Point", "coordinates": [ 54.79738462, 24.81886099 ] } },
{ "type": "Feature", "properties": { "class": "port", "longitude": 54.8859, "latitude": 26.56263, "Id": 1679, "Code": null, "Name": null }, "geometry": { "type": "Point", "coordinates": [ 54.8859, 26.56263 ] } },
{ "type": "Feature", "properties": { "class": "port", "longitude": 55.26827072, "latitude": -20.92389689, "Id": 1680, "Code": null, "Name": null }, "geometry": { "type": "Point", "coordinates": [ 55.26827072, -20.92389689 ] } },
{ "type": "Feature", "properties": { "class": "port", "longitude": 55.6401377, "latitude": -4.459089572, "Id": 1681, "Code": null, "Name": null }, "geometry": { "type": "Point", "coordinates": [ 55.6401377, -4.459089572 ] } },
{ "type": "Feature", "properties": { "class": "port", "longitude": 56.16312268, "latitude": 26.5726017, "Id": 1682, "Code": null, "Name": null }, "geometry": { "type": "Point", "coordinates": [ 56.16312268, 26.5726017 ] } },
{ "type": "Feature", "properties": { "class": "port", "longitude": 56.2656, "latitude": -7.1686, "Id": 1683, "Code": null, "Name": null }, "geometry": { "type": "Point", "coordinates": [ 56.2656, -7.1686 ] } },
{ "type": "Feature", "properties": { "class": "port", "longitude": 56.36503284, "latitude": 25.27127136, "Id": 1684, "Code": null, "Name": null }, "geometry": { "type": "Point", "coordinates": [ 56.36503284, 25.27127136 ] } },
{ "type": "Feature", "properties": { "class": "port", "longitude": 56.6656, "latitude": -10.4361, "Id": 1685, "Code": null, "Name": null }, "geometry": { "type": "Point", "coordinates": [ 56.6656, -10.4361 ] } },
{ "type": "Feature", "properties": { "class": "port", "longitude": 57.49912765, "latitude": -20.14706893, "Id": 1686, "Code": null, "Name": null }, "geometry": { "type": "Point", "coordinates": [ 57.49912765, -20.14706893 ] } },
{ "type": "Feature", "properties": { "class": "port", "longitude": 57.71325, "latitude": 19.6623, "Id": 1687, "Code": null, "Name": null }, "geometry": { "type": "Point", "coordinates": [ 57.71325, 19.6623 ] } },
{ "type": "Feature", "properties": { "class": "port", "longitude": 57.7825, "latitude": 25.6403, "Id": 1688, "Code": null, "Name": null }, "geometry": { "type": "Point", "coordinates": [ 57.7825, 25.6403 ] } },
{ "type": "Feature", "properties": { "class": "port", "longitude": 58.02685613, "latitude": 68.81243696, "Id": 1689, "Code": null, "Name": null }, "geometry": { "type": "Point", "coordinates": [ 58.02685613, 68.81243696 ] } },
{ "type": "Feature", "properties": { "class": "port", "longitude": 58.4821353, "latitude": 23.61077467, "Id": 1690, "Code": null, "Name": null }, "geometry": { "type": "Point", "coordinates": [ 58.4821353, 23.61077467 ] } },
{ "type": "Feature", "properties": { "class": "port", "longitude": 58.87074, "latitude": 20.65893, "Id": 1691, "Code": null, "Name": null }, "geometry": { "type": "Point", "coordinates": [ 58.87074, 20.65893 ] } },
{ "type": "Feature", "properties": { "class": "port", "longitude": 59.46720681, "latitude": 22.61920379, "Id": 1692, "Code": null, "Name": null }, "geometry": { "type": "Point", "coordinates": [ 59.46720681, 22.61920379 ] } },
{ "type": "Feature", "properties": { "class": "port", "longitude": 60.59897605, "latitude": 25.31625609, "Id": 1693, "Code": null, "Name": null }, "geometry": { "type": "Point", "coordinates": [ 60.59897605, 25.31625609 ] } },
{ "type": "Feature", "properties": { "class": "port", "longitude": 61.6241311, "latitude": 69.76307415, "Id": 1694, "Code": null, "Name": null }, "geometry": { "type": "Point", "coordinates": [ 61.6241311, 69.76307415 ] } },
{ "type": "Feature", "properties": { "class": "port", "longitude": 67.02641649, "latitude": 24.87129475, "Id": 1695, "Code": null, "Name": null }, "geometry": { "type": "Point", "coordinates": [ 67.02641649, 24.87129475 ] } },
{ "type": "Feature", "properties": { "class": "port", "longitude": 68.6356, "latitude": 23.4231, "Id": 1696, "Code": null, "Name": null }, "geometry": { "type": "Point", "coordinates": [ 68.6356, 23.4231 ] } },
{ "type": "Feature", "properties": { "class": "port", "longitude": 69.6, "latitude": 21.6333, "Id": 1697, "Code": null, "Name": null }, "geometry": { "type": "Point", "coordinates": [ 69.6, 21.6333 ] } },
{ "type": "Feature", "properties": { "class": "port", "longitude": 69.71824474, "latitude": 22.60852523, "Id": 1698, "Code": null, "Name": null }, "geometry": { "type": "Point", "coordinates": [ 69.71824474, 22.60852523 ] } },
{ "type": "Feature", "properties": { "class": "port", "longitude": 70.52130216, "latitude": 20.83024972, "Id": 1699, "Code": null, "Name": null }, "geometry": { "type": "Point", "coordinates": [ 70.52130216, 20.83024972 ] } },
{ "type": "Feature", "properties": { "class": "port", "longitude": 71.47729588, "latitude": 20.90782022, "Id": 1700, "Code": null, "Name": null }, "geometry": { "type": "Point", "coordinates": [ 71.47729588, 20.90782022 ] } },
{ "type": "Feature", "properties": { "class": "port", "longitude": 71.97094381, "latitude": 71.3633168, "Id": 1701, "Code": null, "Name": null }, "geometry": { "type": "Point", "coordinates": [ 71.97094381, 71.3633168 ] } },
{ "type": "Feature", "properties": { "class": "port", "longitude": 72.33489335, "latitude": 21.61864673, "Id": 1702, "Code": null, "Name": null }, "geometry": { "type": "Point", "coordinates": [ 72.33489335, 21.61864673 ] } },
{ "type": "Feature", "properties": { "class": "port", "longitude": 72.42, "latitude": -7.3019, "Id": 1703, "Code": null, "Name": null }, "geometry": { "type": "Point", "coordinates": [ 72.42, -7.3019 ] } },
{ "type": "Feature", "properties": { "class": "port", "longitude": 72.64, "latitude": 10.57, "Id": 1704, "Code": null, "Name": null }, "geometry": { "type": "Point", "coordinates": [ 72.64, 10.57 ] } },
{ "type": "Feature", "properties": { "class": "port", "longitude": 72.67685774, "latitude": 21.04450609, "Id": 1705, "Code": null, "Name": null }, "geometry": { "type": "Point", "coordinates": [ 72.67685774, 21.04450609 ] } },
{ "type": "Feature", "properties": { "class": "port", "longitude": 72.91030432, "latitude": 67.67641031, "Id": 1706, "Code": null, "Name": null }, "geometry": { "type": "Point", "coordinates": [ 72.91030432, 67.67641031 ] } },
{ "type": "Feature", "properties": { "class": "port", "longitude": 72.9399192, "latitude": 18.64349317, "Id": 1707, "Code": null, "Name": null }, "geometry": { "type": "Point", "coordinates": [ 72.9399192, 18.64349317 ] } },
{ "type": "Feature", "properties": { "class": "port", "longitude": 73.1685, "latitude": -0.68307, "Id": 1708, "Code": null, "Name": null }, "geometry": { "type": "Point", "coordinates": [ 73.1685, -0.68307 ] } },
{ "type": "Feature", "properties": { "class": "port", "longitude": 73.23898812, "latitude": 17.28016576, "Id": 1709, "Code": null, "Name": null }, "geometry": { "type": "Point", "coordinates": [ 73.23898812, 17.28016576 ] } },
{ "type": "Feature", "properties": { "class": "port", "longitude": 73.5, "latitude": 4.1667, "Id": 1710, "Code": null, "Name": null }, "geometry": { "type": "Point", "coordinates": [ 73.5, 4.1667 ] } },
{ "type": "Feature", "properties": { "class": "port", "longitude": 73.67, "latitude": 10.81, "Id": 1711, "Code": null, "Name": null }, "geometry": { "type": "Point", "coordinates": [ 73.67, 10.81 ] } },
{ "type": "Feature", "properties": { "class": "port", "longitude": 73.72567372, "latitude": 15.58622091, "Id": 1712, "Code": null, "Name": null }, "geometry": { "type": "Point", "coordinates": [ 73.72567372, 15.58622091 ] } },
{ "type": "Feature", "properties": { "class": "port", "longitude": 73.8419, "latitude": 70.9988, "Id": 1713, "Code": null, "Name": null }, "geometry": { "type": "Point", "coordinates": [ 73.8419, 70.9988 ] } },
{ "type": "Feature", "properties": { "class": "port", "longitude": 74.1167, "latitude": 14.8167, "Id": 1714, "Code": null, "Name": null }, "geometry": { "type": "Point", "coordinates": [ 74.1167, 14.8167 ] } },
{ "type": "Feature", "properties": { "class": "port", "longitude": 74.81661258, "latitude": 12.84145158, "Id": 1715, "Code": null, "Name": null }, "geometry": { "type": "Point", "coordinates": [ 74.81661258, 12.84145158 ] } },
{ "type": "Feature", "properties": { "class": "port", "longitude": 76.2333, "latitude": 9.9667, "Id": 1716, "Code": null, "Name": null }, "geometry": { "type": "Point", "coordinates": [ 76.2333, 9.9667 ] } },
{ "type": "Feature", "properties": { "class": "port", "longitude": 77.6881, "latitude": 67.6853, "Id": 1717, "Code": null, "Name": null }, "geometry": { "type": "Point", "coordinates": [ 77.6881, 67.6853 ] } },
{ "type": "Feature", "properties": { "class": "port", "longitude": 78.1667, "latitude": 8.8, "Id": 1718, "Code": null, "Name": null }, "geometry": { "type": "Point", "coordinates": [ 78.1667, 8.8 ] } },
{ "type": "Feature", "properties": { "class": "port", "longitude": 79.731575, "latitude": 8.034866, "Id": 1719, "Code": null, "Name": null }, "geometry": { "type": "Point", "coordinates": [ 79.731575, 8.034866 ] } },
{ "type": "Feature", "properties": { "class": "port", "longitude": 79.80708232000001, "latitude": 11.24667095, "Id": 1720, "Code": null, "Name": null }, "geometry": { "type": "Point", "coordinates": [ 79.80708232, 11.24667095 ] } },
{ "type": "Feature", "properties": { "class": "port", "longitude": 79.85, "latitude": 6.95, "Id": 1721, "Code": null, "Name": null }, "geometry": { "type": "Point", "coordinates": [ 79.85, 6.95 ] } },
{ "type": "Feature", "properties": { "class": "port", "longitude": 80.1167, "latitude": 14.2833, "Id": 1722, "Code": null, "Name": null }, "geometry": { "type": "Point", "coordinates": [ 80.1167, 14.2833 ] } },
{ "type": "Feature", "properties": { "class": "port", "longitude": 80.32799541, "latitude": 13.26055467, "Id": 1723, "Code": null, "Name": null }, "geometry": { "type": "Point", "coordinates": [ 80.32799541, 13.26055467 ] } },
{ "type": "Feature", "properties": { "class": "port", "longitude": 80.41959755000001, "latitude": 5.884173012, "Id": 1724, "Code": null, "Name": null }, "geometry": { "type": "Point", "coordinates": [ 80.41959755, 5.884173012 ] } },
{ "type": "Feature", "properties": { "class": "port", "longitude": 80.42316868, "latitude": 73.50372855000001, "Id": 1725, "Code": null, "Name": null }, "geometry": { "type": "Point", "coordinates": [ 80.42316868, 73.50372855 ] } },
{ "type": "Feature", "properties": { "class": "port", "longitude": 81.1192, "latitude": 6.1311, "Id": 1726, "Code": null, "Name": null }, "geometry": { "type": "Point", "coordinates": [ 81.1192, 6.1311 ] } },
{ "type": "Feature", "properties": { "class": "port", "longitude": 81.2167, "latitude": 8.55, "Id": 1727, "Code": null, "Name": null }, "geometry": { "type": "Point", "coordinates": [ 81.2167, 8.55 ] } },
{ "type": "Feature", "properties": { "class": "port", "longitude": 82.29471242, "latitude": 16.96914415, "Id": 1728, "Code": null, "Name": null }, "geometry": { "type": "Point", "coordinates": [ 82.29471242, 16.96914415 ] } },
{ "type": "Feature", "properties": { "class": "port", "longitude": 83.27253203, "latitude": 17.65990994, "Id": 1729, "Code": null, "Name": null }, "geometry": { "type": "Point", "coordinates": [ 83.27253203, 17.65990994 ] } },
{ "type": "Feature", "properties": { "class": "port", "longitude": 84.92, "latitude": 19.27, "Id": 1730, "Code": null, "Name": null }, "geometry": { "type": "Point", "coordinates": [ 84.92, 19.27 ] } },
{ "type": "Feature", "properties": { "class": "port", "longitude": 86.17167206000001, "latitude": 69.39841121000001, "Id": 1731, "Code": null, "Name": null }, "geometry": { "type": "Point", "coordinates": [ 86.17167206, 69.39841121 ] } },
{ "type": "Feature", "properties": { "class": "port", "longitude": 86.58217422, "latitude": 67.45739068, "Id": 1732, "Code": null, "Name": null }, "geometry": { "type": "Point", "coordinates": [ 86.58217422, 67.45739068 ] } },
{ "type": "Feature", "properties": { "class": "port", "longitude": 86.7103, "latitude": 20.244, "Id": 1733, "Code": null, "Name": null }, "geometry": { "type": "Point", "coordinates": [ 86.7103, 20.244 ] } },
{ "type": "Feature", "properties": { "class": "port", "longitude": 86.9628, "latitude": 20.8233, "Id": 1734, "Code": null, "Name": null }, "geometry": { "type": "Point", "coordinates": [ 86.9628, 20.8233 ] } },
{ "type": "Feature", "properties": { "class": "port", "longitude": 88.19243756, "latitude": 22.30118365, "Id": 1735, "Code": null, "Name": null }, "geometry": { "type": "Point", "coordinates": [ 88.19243756, 22.30118365 ] } },
{ "type": "Feature", "properties": { "class": "port", "longitude": 89.56113179, "latitude": 22.53452367, "Id": 1736, "Code": null, "Name": null }, "geometry": { "type": "Point", "coordinates": [ 89.56113179, 22.53452367 ] } },
{ "type": "Feature", "properties": { "class": "port", "longitude": 90.27897, "latitude": 21.98919, "Id": 1737, "Code": null, "Name": null }, "geometry": { "type": "Point", "coordinates": [ 90.27897, 21.98919 ] } },
{ "type": "Feature", "properties": { "class": "port", "longitude": 90.47984911, "latitude": 23.63066561, "Id": 1738, "Code": null, "Name": null }, "geometry": { "type": "Point", "coordinates": [ 90.47984911, 23.63066561 ] } },
{ "type": "Feature", "properties": { "class": "port", "longitude": 91.7961112, "latitude": 22.32937298, "Id": 1739, "Code": null, "Name": null }, "geometry": { "type": "Point", "coordinates": [ 91.7961112, 22.32937298 ] } },
{ "type": "Feature", "properties": { "class": "port", "longitude": 92.75, "latitude": 11.6833, "Id": 1740, "Code": null, "Name": null }, "geometry": { "type": "Point", "coordinates": [ 92.75, 11.6833 ] } },
{ "type": "Feature", "properties": { "class": "port", "longitude": 95.28428584, "latitude": 5.664908531, "Id": 1741, "Code": null, "Name": null }, "geometry": { "type": "Point", "coordinates": [ 95.28428584, 5.664908531 ] } },
{ "type": "Feature", "properties": { "class": "port", "longitude": 96.1333, "latitude": 4.1333, "Id": 1742, "Code": null, "Name": null }, "geometry": { "type": "Point", "coordinates": [ 96.1333, 4.1333 ] } },
{ "type": "Feature", "properties": { "class": "port", "longitude": 96.21424857, "latitude": 16.7197159, "Id": 1743, "Code": null, "Name": null }, "geometry": { "type": "Point", "coordinates": [ 96.21424857, 16.7197159 ] } },
{ "type": "Feature", "properties": { "class": "port", "longitude": 96.4036, "latitude": 2.45556, "Id": 1744, "Code": null, "Name": null }, "geometry": { "type": "Point", "coordinates": [ 96.4036, 2.45556 ] } },
{ "type": "Feature", "properties": { "class": "port", "longitude": 97.09191813, "latitude": 5.21457565, "Id": 1745, "Code": null, "Name": null }, "geometry": { "type": "Point", "coordinates": [ 97.09191813, 5.21457565 ] } },
{ "type": "Feature", "properties": { "class": "port", "longitude": 97.60955, "latitude": 1.3059, "Id": 1746, "Code": null, "Name": null }, "geometry": { "type": "Point", "coordinates": [ 97.60955, 1.3059 ] } },
{ "type": "Feature", "properties": { "class": "port", "longitude": 98.31709759, "latitude": 4.131212302, "Id": 1747, "Code": null, "Name": null }, "geometry": { "type": "Point", "coordinates": [ 98.31709759, 4.131212302 ] } },
{ "type": "Feature", "properties": { "class": "port", "longitude": 98.4, "latitude": 7.8333, "Id": 1748, "Code": null, "Name": null }, "geometry": { "type": "Point", "coordinates": [ 98.4, 7.8333 ] } },
{ "type": "Feature", "properties": { "class": "port", "longitude": 98.5772, "latitude": 9.9692, "Id": 1749, "Code": null, "Name": null }, "geometry": { "type": "Point", "coordinates": [ 98.5772, 9.9692 ] } },
{ "type": "Feature", "properties": { "class": "port", "longitude": 98.7667, "latitude": 1.7333, "Id": 1750, "Code": null, "Name": null }, "geometry": { "type": "Point", "coordinates": [ 98.7667, 1.7333 ] } },
{ "type": "Feature", "properties": { "class": "port", "longitude": 99.4608, "latitude": 3.3675, "Id": 1751, "Code": null, "Name": null }, "geometry": { "type": "Point", "coordinates": [ 99.4608, 3.3675 ] } },
{ "type": "Feature", "properties": { "class": "port", "longitude": 99.59478202, "latitude": 11.20231453, "Id": 1752, "Code": null, "Name": null }, "geometry": { "type": "Point", "coordinates": [ 99.59478202, 11.20231453 ] } },
{ "type": "Feature", "properties": { "class": "port", "longitude": 99.7667, "latitude": 6.4333, "Id": 1753, "Code": null, "Name": null }, "geometry": { "type": "Point", "coordinates": [ 99.7667, 6.4333 ] } },
{ "type": "Feature", "properties": { "class": "port", "longitude": 99.78373956, "latitude": 9.11325841, "Id": 1754, "Code": null, "Name": null }, "geometry": { "type": "Point", "coordinates": [ 99.78373956, 9.11325841 ] } },
{ "type": "Feature", "properties": { "class": "port", "longitude": 100.3464139, "latitude": 5.414099258, "Id": 1755, "Code": null, "Name": null }, "geometry": { "type": "Point", "coordinates": [ 100.3464139, 5.414099258 ] } },
{ "type": "Feature", "properties": { "class": "port", "longitude": 100.3944, "latitude": -1.0169, "Id": 1756, "Code": null, "Name": null }, "geometry": { "type": "Point", "coordinates": [ 100.3944, -1.0169 ] } },
{ "type": "Feature", "properties": { "class": "port", "longitude": 100.5833, "latitude": 7.2167, "Id": 1757, "Code": null, "Name": null }, "geometry": { "type": "Point", "coordinates": [ 100.5833, 7.2167 ] } },
{ "type": "Feature", "properties": { "class": "port", "longitude": 100.6778, "latitude": 4.2678, "Id": 1758, "Code": null, "Name": null }, "geometry": { "type": "Point", "coordinates": [ 100.6778, 4.2678 ] } },
{ "type": "Feature", "properties": { "class": "port", "longitude": 100.9262516, "latitude": 13.11389984, "Id": 1759, "Code": null, "Name": null }, "geometry": { "type": "Point", "coordinates": [ 100.9262516, 13.11389984 ] } },
{ "type": "Feature", "properties": { "class": "port", "longitude": 101.3874507, "latitude": 3.000860896, "Id": 1760, "Code": null, "Name": null }, "geometry": { "type": "Point", "coordinates": [ 101.3874507, 3.000860896 ] } },
{ "type": "Feature", "properties": { "class": "port", "longitude": 101.4915903, "latitude": 0.597896401, "Id": 1761, "Code": null, "Name": null }, "geometry": { "type": "Point", "coordinates": [ 101.4915903, 0.597896401 ] } },
{ "type": "Feature", "properties": { "class": "port", "longitude": 101.8153704, "latitude": 1.532269237, "Id": 1762, "Code": null, "Name": null }, "geometry": { "type": "Point", "coordinates": [ 101.8153704, 1.532269237 ] } },
{ "type": "Feature", "properties": { "class": "port", "longitude": 102.0308135, "latitude": 6.331523394, "Id": 1763, "Code": null, "Name": null }, "geometry": { "type": "Point", "coordinates": [ 102.0308135, 6.331523394 ] } },
{ "type": "Feature", "properties": { "class": "port", "longitude": 102.0371489, "latitude": 2.343429347, "Id": 1764, "Code": null, "Name": null }, "geometry": { "type": "Point", "coordinates": [ 102.0371489, 2.343429347 ] } },
{ "type": "Feature", "properties": { "class": "port", "longitude": 102.25, "latitude": -3.7833, "Id": 1765, "Code": null, "Name": null }, "geometry": { "type": "Point", "coordinates": [ 102.25, -3.7833 ] } },
{ "type": "Feature", "properties": { "class": "port", "longitude": 103.1458728, "latitude": 5.344143744, "Id": 1766, "Code": null, "Name": null }, "geometry": { "type": "Point", "coordinates": [ 103.1458728, 5.344143744 ] } },
{ "type": "Feature", "properties": { "class": "port", "longitude": 103.1539, "latitude": -0.3308, "Id": 1767, "Code": null, "Name": null }, "geometry": { "type": "Point", "coordinates": [ 103.1539, -0.3308 ] } },
{ "type": "Feature", "properties": { "class": "port", "longitude": 103.3953, "latitude": 3.9675, "Id": 1768, "Code": null, "Name": null }, "geometry": { "type": "Point", "coordinates": [ 103.3953, 3.9675 ] } },
{ "type": "Feature", "properties": { "class": "port", "longitude": 103.4387858, "latitude": 4.671267517, "Id": 1769, "Code": null, "Name": null }, "geometry": { "type": "Point", "coordinates": [ 103.4387858, 4.671267517 ] } },
{ "type": "Feature", "properties": { "class": "port", "longitude": 103.5164374, "latitude": 10.61638605, "Id": 1770, "Code": null, "Name": null }, "geometry": { "type": "Point", "coordinates": [ 103.5164374, 10.61638605 ] } },
{ "type": "Feature", "properties": { "class": "port", "longitude": 103.6197, "latitude": -1.58677, "Id": 1771, "Code": null, "Name": null }, "geometry": { "type": "Point", "coordinates": [ 103.6197, -1.58677 ] } },
{ "type": "Feature", "properties": { "class": "port", "longitude": 104.0776035, "latitude": 1.185595732, "Id": 1772, "Code": null, "Name": null }, "geometry": { "type": "Point", "coordinates": [ 104.0776035, 1.185595732 ] } },
{ "type": "Feature", "properties": { "class": "port", "longitude": 104.5956, "latitude": -5.5347, "Id": 1773, "Code": null, "Name": null }, "geometry": { "type": "Point", "coordinates": [ 104.5956, -5.5347 ] } },
{ "type": "Feature", "properties": { "class": "port", "longitude": 104.7622, "latitude": 2.9672, "Id": 1774, "Code": null, "Name": null }, "geometry": { "type": "Point", "coordinates": [ 104.7622, 2.9672 ] } },
{ "type": "Feature", "properties": { "class": "port", "longitude": 104.8115619, "latitude": -2.994312732, "Id": 1775, "Code": null, "Name": null }, "geometry": { "type": "Point", "coordinates": [ 104.8115619, -2.994312732 ] } },
{ "type": "Feature", "properties": { "class": "port", "longitude": 105.0772611, "latitude": -2.129075637, "Id": 1776, "Code": null, "Name": null }, "geometry": { "type": "Point", "coordinates": [ 105.0772611, -2.129075637 ] } },
{ "type": "Feature", "properties": { "class": "port", "longitude": 105.3067111, "latitude": -5.461338398, "Id": 1777, "Code": null, "Name": null }, "geometry": { "type": "Point", "coordinates": [ 105.3067111, -5.461338398 ] } },
{ "type": "Feature", "properties": { "class": "port", "longitude": 105.7458, "latitude": -10.4028, "Id": 1778, "Code": null, "Name": null }, "geometry": { "type": "Point", "coordinates": [ 105.7458, -10.4028 ] } },
{ "type": "Feature", "properties": { "class": "port", "longitude": 105.781674, "latitude": 19.04450697, "Id": 1779, "Code": null, "Name": null }, "geometry": { "type": "Point", "coordinates": [ 105.781674, 19.04450697 ] } },
{ "type": "Feature", "properties": { "class": "port", "longitude": 105.7958, "latitude": 10.0528, "Id": 1780, "Code": null, "Name": null }, "geometry": { "type": "Point", "coordinates": [ 105.7958, 10.0528 ] } },
{ "type": "Feature", "properties": { "class": "port", "longitude": 106.0019668, "latitude": -1.873992127, "Id": 1781, "Code": null, "Name": null }, "geometry": { "type": "Point", "coordinates": [ 106.0019668, -1.873992127 ] } },
{ "type": "Feature", "properties": { "class": "port", "longitude": 106.3294, "latitude": -5.2514, "Id": 1782, "Code": null, "Name": null }, "geometry": { "type": "Point", "coordinates": [ 106.3294, -5.2514 ] } },
{ "type": "Feature", "properties": { "class": "port", "longitude": 106.4016585, "latitude": -6.976711727, "Id": 1783, "Code": null, "Name": null }, "geometry": { "type": "Point", "coordinates": [ 106.4016585, -6.976711727 ] } },
{ "type": "Feature", "properties": { "class": "port", "longitude": 106.4294, "latitude": 18.105, "Id": 1784, "Code": null, "Name": null }, "geometry": { "type": "Point", "coordinates": [ 106.4294, 18.105 ] } },
{ "type": "Feature", "properties": { "class": "port", "longitude": 106.4326002, "latitude": -5.99350487, "Id": 1785, "Code": null, "Name": null }, "geometry": { "type": "Point", "coordinates": [ 106.4326002, -5.99350487 ] } },
{ "type": "Feature", "properties": { "class": "port", "longitude": 106.50538, "latitude": 9.635698, "Id": 1786, "Code": null, "Name": null }, "geometry": { "type": "Point", "coordinates": [ 106.50538, 9.635698 ] } },
{ "type": "Feature", "properties": { "class": "port", "longitude": 106.8333655, "latitude": 10.57810105, "Id": 1787, "Code": null, "Name": null }, "geometry": { "type": "Point", "coordinates": [ 106.8333655, 10.57810105 ] } },
{ "type": "Feature", "properties": { "class": "port", "longitude": 106.9974534, "latitude": 20.95734524, "Id": 1788, "Code": null, "Name": null }, "geometry": { "type": "Point", "coordinates": [ 106.9974534, 20.95734524 ] } },
{ "type": "Feature", "properties": { "class": "port", "longitude": 107.6401, "latitude": -2.75897, "Id": 1789, "Code": null, "Name": null }, "geometry": { "type": "Point", "coordinates": [ 107.6401, -2.75897 ] } },
{ "type": "Feature", "properties": { "class": "port", "longitude": 108.1847, "latitude": 16.07063, "Id": 1790, "Code": null, "Name": null }, "geometry": { "type": "Point", "coordinates": [ 108.1847, 16.07063 ] } },
{ "type": "Feature", "properties": { "class": "port", "longitude": 108.28931, "latitude": -2.85196, "Id": 1791, "Code": null, "Name": null }, "geometry": { "type": "Point", "coordinates": [ 108.28931, -2.85196 ] } },
{ "type": "Feature", "properties": { "class": "port", "longitude": 108.322, "latitude": 22.8001, "Id": 1792, "Code": null, "Name": null }, "geometry": { "type": "Point", "coordinates": [ 108.322, 22.8001 ] } },
{ "type": "Feature", "properties": { "class": "port", "longitude": 108.4881396, "latitude": -6.51283615, "Id": 1793, "Code": null, "Name": null }, "geometry": { "type": "Point", "coordinates": [ 108.4881396, -6.51283615 ] } },
{ "type": "Feature", "properties": { "class": "port", "longitude": 108.6167, "latitude": 19.1, "Id": 1794, "Code": null, "Name": null }, "geometry": { "type": "Point", "coordinates": [ 108.6167, 19.1 ] } },
{ "type": "Feature", "properties": { "class": "port", "longitude": 108.8251558, "latitude": 21.60891811, "Id": 1795, "Code": null, "Name": null }, "geometry": { "type": "Point", "coordinates": [ 108.8251558, 21.60891811 ] } },
{ "type": "Feature", "properties": { "class": "port", "longitude": 108.8297, "latitude": 15.3525, "Id": 1796, "Code": null, "Name": null }, "geometry": { "type": "Point", "coordinates": [ 108.8297, 15.3525 ] } },
{ "type": "Feature", "properties": { "class": "port", "longitude": 108.98, "latitude": 10.5361, "Id": 1797, "Code": null, "Name": null }, "geometry": { "type": "Point", "coordinates": [ 108.98, 10.5361 ] } },
{ "type": "Feature", "properties": { "class": "port", "longitude": 109.0445105, "latitude": -7.711031169, "Id": 1798, "Code": null, "Name": null }, "geometry": { "type": "Point", "coordinates": [ 109.0445105, -7.711031169 ] } },
{ "type": "Feature", "properties": { "class": "port", "longitude": 109.1699675, "latitude": 11.92847759, "Id": 1799, "Code": null, "Name": null }, "geometry": { "type": "Point", "coordinates": [ 109.1699675, 11.92847759 ] } },
{ "type": "Feature", "properties": { "class": "port", "longitude": 109.1833, "latitude": 19.7333, "Id": 1800, "Code": null, "Name": null }, "geometry": { "type": "Point", "coordinates": [ 109.1833, 19.7333 ] } },
{ "type": "Feature", "properties": { "class": "port", "longitude": 109.2636111, "latitude": 13.76578132, "Id": 1801, "Code": null, "Name": null }, "geometry": { "type": "Point", "coordinates": [ 109.2636111, 13.76578132 ] } },
{ "type": "Feature", "properties": { "class": "port", "longitude": 109.3333, "latitude": -0.0167, "Id": 1802, "Code": null, "Name": null }, "geometry": { "type": "Point", "coordinates": [ 109.3333, -0.0167 ] } },
{ "type": "Feature", "properties": { "class": "port", "longitude": 109.45, "latitude": 18.3167, "Id": 1803, "Code": null, "Name": null }, "geometry": { "type": "Point", "coordinates": [ 109.45, 18.3167 ] } },
{ "type": "Feature", "properties": { "class": "port", "longitude": 109.6969, "latitude": 21.5058, "Id": 1804, "Code": null, "Name": null }, "geometry": { "type": "Point", "coordinates": [ 109.6969, 21.5058 ] } },
{ "type": "Feature", "properties": { "class": "port", "longitude": 109.9969, "latitude": -1.8336, "Id": 1805, "Code": null, "Name": null }, "geometry": { "type": "Point", "coordinates": [ 109.9969, -1.8336 ] } },
{ "type": "Feature", "properties": { "class": "port", "longitude": 110.1842278, "latitude": 20.10489816, "Id": 1806, "Code": null, "Name": null }, "geometry": { "type": "Point", "coordinates": [ 110.1842278, 20.10489816 ] } },
{ "type": "Feature", "properties": { "class": "port", "longitude": 110.4, "latitude": 21.2, "Id": 1807, "Code": null, "Name": null }, "geometry": { "type": "Point", "coordinates": [ 110.4, 21.2 ] } },
{ "type": "Feature", "properties": { "class": "port", "longitude": 110.421201, "latitude": 1.573218717, "Id": 1808, "Code": null, "Name": null }, "geometry": { "type": "Point", "coordinates": [ 110.421201, 1.573218717 ] } },
{ "type": "Feature", "properties": { "class": "port", "longitude": 110.4277984, "latitude": -6.948355033, "Id": 1809, "Code": null, "Name": null }, "geometry": { "type": "Point", "coordinates": [ 110.4277984, -6.948355033 ] } },
{ "type": "Feature", "properties": { "class": "port", "longitude": 110.7480519, "latitude": 19.42056569, "Id": 1810, "Code": null, "Name": null }, "geometry": { "type": "Point", "coordinates": [ 110.7480519, 19.42056569 ] } },
{ "type": "Feature", "properties": { "class": "port", "longitude": 111.0308, "latitude": 21.5058, "Id": 1811, "Code": null, "Name": null }, "geometry": { "type": "Point", "coordinates": [ 111.0308, 21.5058 ] } },
{ "type": "Feature", "properties": { "class": "port", "longitude": 111.5368258, "latitude": 2.212602641, "Id": 1812, "Code": null, "Name": null }, "geometry": { "type": "Point", "coordinates": [ 111.5368258, 2.212602641 ] } },
{ "type": "Feature", "properties": { "class": "port", "longitude": 111.7167, "latitude": -2.75, "Id": 1813, "Code": null, "Name": null }, "geometry": { "type": "Point", "coordinates": [ 111.7167, -2.75 ] } },
{ "type": "Feature", "properties": { "class": "port", "longitude": 112.3644, "latitude": 16.8378, "Id": 1814, "Code": null, "Name": null }, "geometry": { "type": "Point", "coordinates": [ 112.3644, 16.8378 ] } },
{ "type": "Feature", "properties": { "class": "port", "longitude": 112.5918685, "latitude": -6.871338793, "Id": 1815, "Code": null, "Name": null }, "geometry": { "type": "Point", "coordinates": [ 112.5918685, -6.871338793 ] } },
{ "type": "Feature", "properties": { "class": "port", "longitude": 113.0311567, "latitude": 3.300884259, "Id": 1816, "Code": null, "Name": null }, "geometry": { "type": "Point", "coordinates": [ 113.0311567, 3.300884259 ] } },
{ "type": "Feature", "properties": { "class": "port", "longitude": 113.4153, "latitude": -26.13757, "Id": 1817, "Code": null, "Name": null }, "geometry": { "type": "Point", "coordinates": [ 113.4153, -26.13757 ] } },
{ "type": "Feature", "properties": { "class": "port", "longitude": 113.6093572, "latitude": -7.682189577, "Id": 1818, "Code": null, "Name": null }, "geometry": { "type": "Point", "coordinates": [ 113.6093572, -7.682189577 ] } },
{ "type": "Feature", "properties": { "class": "port", "longitude": 113.6879506, "latitude": 22.55453129, "Id": 1819, "Code": null, "Name": null }, "geometry": { "type": "Point", "coordinates": [ 113.6879506, 22.55453129 ] } },
{ "type": "Feature", "properties": { "class": "port", "longitude": 114.0618463, "latitude": 4.523100267, "Id": 1820, "Code": null, "Name": null }, "geometry": { "type": "Point", "coordinates": [ 114.0618463, 4.523100267 ] } },
{ "type": "Feature", "properties": { "class": "port", "longitude": 114.1878726, "latitude": -22.07386902, "Id": 1821, "Code": null, "Name": null }, "geometry": { "type": "Point", "coordinates": [ 114.1878726, -22.07386902 ] } },
{ "type": "Feature", "properties": { "class": "port", "longitude": 114.2667, "latitude": 30.5833, "Id": 1822, "Code": null, "Name": null }, "geometry": { "type": "Point", "coordinates": [ 114.2667, 30.5833 ] } },
{ "type": "Feature", "properties": { "class": "port", "longitude": 114.5255853, "latitude": -3.523662099, "Id": 1823, "Code": null, "Name": null }, "geometry": { "type": "Point", "coordinates": [ 114.5255853, -3.523662099 ] } },
{ "type": "Feature", "properties": { "class": "port", "longitude": 114.6, "latitude": -28.7833, "Id": 1824, "Code": null, "Name": null }, "geometry": { "type": "Point", "coordinates": [ 114.6, -28.7833 ] } },
{ "type": "Feature", "properties": { "class": "port", "longitude": 114.6100792, "latitude": -8.17354769, "Id": 1825, "Code": null, "Name": null }, "geometry": { "type": "Point", "coordinates": [ 114.6100792, -8.17354769 ] } },
{ "type": "Feature", "properties": { "class": "port", "longitude": 115.045297, "latitude": -21.56130468, "Id": 1826, "Code": null, "Name": null }, "geometry": { "type": "Point", "coordinates": [ 115.045297, -21.56130468 ] } },
{ "type": "Feature", "properties": { "class": "port", "longitude": 115.1481, "latitude": 30.20933, "Id": 1827, "Code": null, "Name": null }, "geometry": { "type": "Point", "coordinates": [ 115.1481, 30.20933 ] } },
{ "type": "Feature", "properties": { "class": "port", "longitude": 115.2553166, "latitude": 5.084761772, "Id": 1828, "Code": null, "Name": null }, "geometry": { "type": "Point", "coordinates": [ 115.2553166, 5.084761772 ] } },
{ "type": "Feature", "properties": { "class": "port", "longitude": 115.48, "latitude": -3.82, "Id": 1829, "Code": null, "Name": null }, "geometry": { "type": "Point", "coordinates": [ 115.48, -3.82 ] } },
{ "type": "Feature", "properties": { "class": "port", "longitude": 115.5735726, "latitude": -20.71867156, "Id": 1830, "Code": null, "Name": null }, "geometry": { "type": "Point", "coordinates": [ 115.5735726, -20.71867156 ] } },
{ "type": "Feature", "properties": { "class": "port", "longitude": 115.6333, "latitude": -33.3167, "Id": 1831, "Code": null, "Name": null }, "geometry": { "type": "Point", "coordinates": [ 115.6333, -33.3167 ] } },
{ "type": "Feature", "properties": { "class": "port", "longitude": 115.6527977, "latitude": -32.08842844, "Id": 1832, "Code": null, "Name": null }, "geometry": { "type": "Point", "coordinates": [ 115.6527977, -32.08842844 ] } },
{ "type": "Feature", "properties": { "class": "port", "longitude": 115.9831, "latitude": 29.7342, "Id": 1833, "Code": null, "Name": null }, "geometry": { "type": "Point", "coordinates": [ 115.9831, 29.7342 ] } },
{ "type": "Feature", "properties": { "class": "port", "longitude": 116.0636499, "latitude": -8.662631471, "Id": 1834, "Code": null, "Name": null }, "geometry": { "type": "Point", "coordinates": [ 116.0636499, -8.662631471 ] } },
{ "type": "Feature", "properties": { "class": "port", "longitude": 116.073457, "latitude": 5.980408, "Id": 1835, "Code": null, "Name": null }, "geometry": { "type": "Point", "coordinates": [ 116.073457, 5.980408 ] } },
{ "type": "Feature", "properties": { "class": "port", "longitude": 116.269531, "latitude": -3.636503786, "Id": 1836, "Code": null, "Name": null }, "geometry": { "type": "Point", "coordinates": [ 116.269531, -3.636503786 ] } },
{ "type": "Feature", "properties": { "class": "port", "longitude": 116.5944418, "latitude": -20.35642263, "Id": 1837, "Code": null, "Name": null }, "geometry": { "type": "Point", "coordinates": [ 116.5944418, -20.35642263 ] } },
{ "type": "Feature", "properties": { "class": "port", "longitude": 116.6375307, "latitude": 23.24796085, "Id": 1838, "Code": null, "Name": null }, "geometry": { "type": "Point", "coordinates": [ 116.6375307, 23.24796085 ] } },
{ "type": "Feature", "properties": { "class": "port", "longitude": 116.8167, "latitude": -1.25, "Id": 1839, "Code": null, "Name": null }, "geometry": { "type": "Point", "coordinates": [ 116.8167, -1.25 ] } },
{ "type": "Feature", "properties": { "class": "port", "longitude": 117.1167, "latitude": -0.5167, "Id": 1840, "Code": null, "Name": null }, "geometry": { "type": "Point", "coordinates": [ 117.1167, -0.5167 ] } },
{ "type": "Feature", "properties": { "class": "port", "longitude": 117.4309175, "latitude": 30.69833644, "Id": 1841, "Code": null, "Name": null }, "geometry": { "type": "Point", "coordinates": [ 117.4309175, 30.69833644 ] } },
{ "type": "Feature", "properties": { "class": "port", "longitude": 117.4658, "latitude": 8.5022, "Id": 1842, "Code": null, "Name": null }, "geometry": { "type": "Point", "coordinates": [ 117.4658, 8.5022 ] } },
{ "type": "Feature", "properties": { "class": "port", "longitude": 117.5325, "latitude": -1.0003, "Id": 1843, "Code": null, "Name": null }, "geometry": { "type": "Point", "coordinates": [ 117.5325, -1.0003 ] } },
{ "type": "Feature", "properties": { "class": "port", "longitude": 117.5696811, "latitude": 23.79030664, "Id": 1844, "Code": null, "Name": null }, "geometry": { "type": "Point", "coordinates": [ 117.5696811, 23.79030664 ] } },
{ "type": "Feature", "properties": { "class": "port", "longitude": 117.7109582, "latitude": 3.379074042, "Id": 1845, "Code": null, "Name": null }, "geometry": { "type": "Point", "coordinates": [ 117.7109582, 3.379074042 ] } },
{ "type": "Feature", "properties": { "class": "port", "longitude": 117.732126, "latitude": 0.476136816, "Id": 1846, "Code": null, "Name": null }, "geometry": { "type": "Point", "coordinates": [ 117.732126, 0.476136816 ] } },
{ "type": "Feature", "properties": { "class": "port", "longitude": 117.7500388, "latitude": 38.76085335, "Id": 1847, "Code": null, "Name": null }, "geometry": { "type": "Point", "coordinates": [ 117.7500388, 38.76085335 ] } },
{ "type": "Feature", "properties": { "class": "port", "longitude": 117.8861631, "latitude": -35.02350041, "Id": 1848, "Code": null, "Name": null }, "geometry": { "type": "Point", "coordinates": [ 117.8861631, -35.02350041 ] } },
{ "type": "Feature", "properties": { "class": "port", "longitude": 118.0667, "latitude": 24.45, "Id": 1849, "Code": null, "Name": null }, "geometry": { "type": "Point", "coordinates": [ 118.0667, 24.45 ] } },
{ "type": "Feature", "properties": { "class": "port", "longitude": 118.1165736, "latitude": 5.817704509, "Id": 1850, "Code": null, "Name": null }, "geometry": { "type": "Point", "coordinates": [ 118.1165736, 5.817704509 ] } },
{ "type": "Feature", "properties": { "class": "port", "longitude": 118.1522324, "latitude": 4.629638348, "Id": 1851, "Code": null, "Name": null }, "geometry": { "type": "Point", "coordinates": [ 118.1522324, 4.629638348 ] } },
{ "type": "Feature", "properties": { "class": "port", "longitude": 118.1966, "latitude": 9.4674, "Id": 1852, "Code": null, "Name": null }, "geometry": { "type": "Point", "coordinates": [ 118.1966, 9.4674 ] } },
{ "type": "Feature", "properties": { "class": "port", "longitude": 118.1994, "latitude": 1.6836, "Id": 1853, "Code": null, "Name": null }, "geometry": { "type": "Point", "coordinates": [ 118.1994, 1.6836 ] } },
{ "type": "Feature", "properties": { "class": "port", "longitude": 118.5318984, "latitude": 31.72196428, "Id": 1854, "Code": null, "Name": null }, "geometry": { "type": "Point", "coordinates": [ 118.5318984, 31.72196428 ] } },
{ "type": "Feature", "properties": { "class": "port", "longitude": 118.5833, "latitude": -20.3167, "Id": 1855, "Code": null, "Name": null }, "geometry": { "type": "Point", "coordinates": [ 118.5833, -20.3167 ] } },
{ "type": "Feature", "properties": { "class": "port", "longitude": 118.71591, "latitude": -8.44602, "Id": 1856, "Code": null, "Name": null }, "geometry": { "type": "Point", "coordinates": [ 118.71591, -8.44602 ] } },
{ "type": "Feature", "properties": { "class": "port", "longitude": 118.7661, "latitude": 9.7525, "Id": 1857, "Code": null, "Name": null }, "geometry": { "type": "Point", "coordinates": [ 118.7661, 9.7525 ] } },
{ "type": "Feature", "properties": { "class": "port", "longitude": 118.7827141, "latitude": 39.06933119, "Id": 1858, "Code": null, "Name": null }, "geometry": { "type": "Point", "coordinates": [ 118.7827141, 39.06933119 ] } },
{ "type": "Feature", "properties": { "class": "port", "longitude": 118.8665683, "latitude": 24.96212979, "Id": 1859, "Code": null, "Name": null }, "geometry": { "type": "Point", "coordinates": [ 118.8665683, 24.96212979 ] } },
{ "type": "Feature", "properties": { "class": "port", "longitude": 118.9161, "latitude": 37.2769, "Id": 1860, "Code": null, "Name": null }, "geometry": { "type": "Point", "coordinates": [ 118.9161, 37.2769 ] } },
{ "type": "Feature", "properties": { "class": "port", "longitude": 118.9828, "latitude": 38.0939, "Id": 1861, "Code": null, "Name": null }, "geometry": { "type": "Point", "coordinates": [ 118.9828, 38.0939 ] } },
{ "type": "Feature", "properties": { "class": "port", "longitude": 119.500302, "latitude": 25.70573505, "Id": 1862, "Code": null, "Name": null }, "geometry": { "type": "Point", "coordinates": [ 119.500302, 25.70573505 ] } },
{ "type": "Feature", "properties": { "class": "port", "longitude": 119.5371587, "latitude": -4.574588118, "Id": 1863, "Code": null, "Name": null }, "geometry": { "type": "Point", "coordinates": [ 119.5371587, -4.574588118 ] } },
{ "type": "Feature", "properties": { "class": "port", "longitude": 119.5627167, "latitude": 23.53494486, "Id": 1864, "Code": null, "Name": null }, "geometry": { "type": "Point", "coordinates": [ 119.5627167, 23.53494486 ] } },
{ "type": "Feature", "properties": { "class": "port", "longitude": 119.5756436, "latitude": 34.91925161, "Id": 1865, "Code": null, "Name": null }, "geometry": { "type": "Point", "coordinates": [ 119.5756436, 34.91925161 ] } },
{ "type": "Feature", "properties": { "class": "port", "longitude": 119.6494406, "latitude": 26.4451232, "Id": 1866, "Code": null, "Name": null }, "geometry": { "type": "Point", "coordinates": [ 119.6494406, 26.4451232 ] } },
{ "type": "Feature", "properties": { "class": "port", "longitude": 119.6831626, "latitude": 39.93930651, "Id": 1867, "Code": null, "Name": null }, "geometry": { "type": "Point", "coordinates": [ 119.6831626, 39.93930651 ] } },
{ "type": "Feature", "properties": { "class": "port", "longitude": 119.6997, "latitude": 4.8344, "Id": 1868, "Code": null, "Name": null }, "geometry": { "type": "Point", "coordinates": [ 119.6997, 4.8344 ] } },
{ "type": "Feature", "properties": { "class": "port", "longitude": 119.7853904, "latitude": -0.674449437, "Id": 1869, "Code": null, "Name": null }, "geometry": { "type": "Point", "coordinates": [ 119.7853904, -0.674449437 ] } },
{ "type": "Feature", "properties": { "class": "port", "longitude": 119.9664, "latitude": -5.5514, "Id": 1870, "Code": null, "Name": null }, "geometry": { "type": "Point", "coordinates": [ 119.9664, -5.5514 ] } },
{ "type": "Feature", "properties": { "class": "port", "longitude": 120.1016397, "latitude": 37.57710755, "Id": 1871, "Code": null, "Name": null }, "geometry": { "type": "Point", "coordinates": [ 120.1016397, 37.57710755 ] } },
{ "type": "Feature", "properties": { "class": "port", "longitude": 120.1709978, "latitude": 16.07776363, "Id": 1872, "Code": null, "Name": null }, "geometry": { "type": "Point", "coordinates": [ 120.1709978, 16.07776363 ] } },
{ "type": "Feature", "properties": { "class": "port", "longitude": 120.2130124, "latitude": 30.23503867, "Id": 1873, "Code": null, "Name": null }, "geometry": { "type": "Point", "coordinates": [ 120.2130124, 30.23503867 ] } },
{ "type": "Feature", "properties": { "class": "port", "longitude": 120.2166991, "latitude": 35.97177874, "Id": 1874, "Code": null, "Name": null }, "geometry": { "type": "Point", "coordinates": [ 120.2166991, 35.97177874 ] } },
{ "type": "Feature", "properties": { "class": "port", "longitude": 120.25055, "latitude": -9.63969, "Id": 1875, "Code": null, "Name": null }, "geometry": { "type": "Point", "coordinates": [ 120.25055, -9.63969 ] } },
{ "type": "Feature", "properties": { "class": "port", "longitude": 120.256266, "latitude": 23.748531, "Id": 1876, "Code": null, "Name": null }, "geometry": { "type": "Point", "coordinates": [ 120.256266, 23.748531 ] } },
{ "type": "Feature", "properties": { "class": "port", "longitude": 120.3126398, "latitude": 22.72941719, "Id": 1877, "Code": null, "Name": null }, "geometry": { "type": "Point", "coordinates": [ 120.3126398, 22.72941719 ] } },
{ "type": "Feature", "properties": { "class": "port", "longitude": 120.335176, "latitude": 33.31009729, "Id": 1878, "Code": null, "Name": null }, "geometry": { "type": "Point", "coordinates": [ 120.335176, 33.31009729 ] } },
{ "type": "Feature", "properties": { "class": "port", "longitude": 120.4, "latitude": 27.1908, "Id": 1879, "Code": null, "Name": null }, "geometry": { "type": "Point", "coordinates": [ 120.4, 27.1908 ] } },
{ "type": "Feature", "properties": { "class": "port", "longitude": 120.510106, "latitude": 18.002948, "Id": 1880, "Code": null, "Name": null }, "geometry": { "type": "Point", "coordinates": [ 120.510106, 18.002948 ] } },
{ "type": "Feature", "properties": { "class": "port", "longitude": 120.75516, "latitude": -1.38242, "Id": 1881, "Code": null, "Name": null }, "geometry": { "type": "Point", "coordinates": [ 120.75516, -1.38242 ] } },
{ "type": "Feature", "properties": { "class": "port", "longitude": 120.8333, "latitude": 21.9558, "Id": 1882, "Code": null, "Name": null }, "geometry": { "type": "Point", "coordinates": [ 120.8333, 21.9558 ] } },
{ "type": "Feature", "properties": { "class": "port", "longitude": 120.9811269, "latitude": 14.0329984, "Id": 1883, "Code": null, "Name": null }, "geometry": { "type": "Point", "coordinates": [ 120.9811269, 14.0329984 ] } },
{ "type": "Feature", "properties": { "class": "port", "longitude": 121.0, "latitude": 6.05, "Id": 1884, "Code": null, "Name": null }, "geometry": { "type": "Point", "coordinates": [ 121.0, 6.05 ] } },
{ "type": "Feature", "properties": { "class": "port", "longitude": 121.0413378, "latitude": -2.698113326, "Id": 1885, "Code": null, "Name": null }, "geometry": { "type": "Point", "coordinates": [ 121.0413378, -2.698113326 ] } },
{ "type": "Feature", "properties": { "class": "port", "longitude": 121.0417962, "latitude": 40.72535, "Id": 1886, "Code": null, "Name": null }, "geometry": { "type": "Point", "coordinates": [ 121.0417962, 40.72535 ] } },
{ "type": "Feature", "properties": { "class": "port", "longitude": 121.1088804, "latitude": 28.26809322, "Id": 1887, "Code": null, "Name": null }, "geometry": { "type": "Point", "coordinates": [ 121.1088804, 28.26809322 ] } },
{ "type": "Feature", "properties": { "class": "port", "longitude": 121.2669, "latitude": 36.6933, "Id": 1888, "Code": null, "Name": null }, "geometry": { "type": "Point", "coordinates": [ 121.2669, 36.6933 ] } },
{ "type": "Feature", "properties": { "class": "port", "longitude": 121.3333, "latitude": -1.9833, "Id": 1889, "Code": null, "Name": null }, "geometry": { "type": "Point", "coordinates": [ 121.3333, -1.9833 ] } },
{ "type": "Feature", "properties": { "class": "port", "longitude": 121.3468469, "latitude": 31.22940971, "Id": 1890, "Code": null, "Name": null }, "geometry": { "type": "Point", "coordinates": [ 121.3468469, 31.22940971 ] } },
{ "type": "Feature", "properties": { "class": "port", "longitude": 121.3836, "latitude": 12.0533, "Id": 1891, "Code": null, "Name": null }, "geometry": { "type": "Point", "coordinates": [ 121.3836, 12.0533 ] } },
{ "type": "Feature", "properties": { "class": "port", "longitude": 121.45, "latitude": 37.55, "Id": 1892, "Code": null, "Name": null }, "geometry": { "type": "Point", "coordinates": [ 121.45, 37.55 ] } },
{ "type": "Feature", "properties": { "class": "port", "longitude": 121.5897198, "latitude": -4.1989725150000012, "Id": 1893, "Code": null, "Name": null }, "geometry": { "type": "Point", "coordinates": [ 121.5897198, -4.198972515 ] } },
{ "type": "Feature", "properties": { "class": "port", "longitude": 121.634628, "latitude": 38.91495802, "Id": 1894, "Code": null, "Name": null }, "geometry": { "type": "Point", "coordinates": [ 121.634628, 38.91495802 ] } },
{ "type": "Feature", "properties": { "class": "port", "longitude": 121.6507, "latitude": 18.35633, "Id": 1895, "Code": null, "Name": null }, "geometry": { "type": "Point", "coordinates": [ 121.6507, 18.35633 ] } },
{ "type": "Feature", "properties": { "class": "port", "longitude": 121.662, "latitude": -8.85255, "Id": 1896, "Code": null, "Name": null }, "geometry": { "type": "Point", "coordinates": [ 121.662, -8.85255 ] } },
{ "type": "Feature", "properties": { "class": "port", "longitude": 121.7445592, "latitude": 24.55034354, "Id": 1897, "Code": null, "Name": null }, "geometry": { "type": "Point", "coordinates": [ 121.7445592, 24.55034354 ] } },
{ "type": "Feature", "properties": { "class": "port", "longitude": 121.9, "latitude": -33.8667, "Id": 1898, "Code": null, "Name": null }, "geometry": { "type": "Point", "coordinates": [ 121.9, -33.8667 ] } },
{ "type": "Feature", "properties": { "class": "port", "longitude": 122.0002647, "latitude": 6.776286579, "Id": 1899, "Code": null, "Name": null }, "geometry": { "type": "Point", "coordinates": [ 122.0002647, 6.776286579 ] } },
{ "type": "Feature", "properties": { "class": "port", "longitude": 122.0836763, "latitude": 40.49219904, "Id": 1900, "Code": null, "Name": null }, "geometry": { "type": "Point", "coordinates": [ 122.0836763, 40.49219904 ] } },
{ "type": "Feature", "properties": { "class": "port", "longitude": 122.2189, "latitude": -8.61517, "Id": 1901, "Code": null, "Name": null }, "geometry": { "type": "Point", "coordinates": [ 122.2189, -8.61517 ] } },
{ "type": "Feature", "properties": { "class": "port", "longitude": 122.2269, "latitude": -17.97557, "Id": 1902, "Code": null, "Name": null }, "geometry": { "type": "Point", "coordinates": [ 122.2269, -17.97557 ] } },
{ "type": "Feature", "properties": { "class": "port", "longitude": 122.27159, "latitude": 12.57789, "Id": 1903, "Code": null, "Name": null }, "geometry": { "type": "Point", "coordinates": [ 122.27159, 12.57789 ] } },
{ "type": "Feature", "properties": { "class": "port", "longitude": 122.3839, "latitude": 39.3775, "Id": 1904, "Code": null, "Name": null }, "geometry": { "type": "Point", "coordinates": [ 122.3839, 39.3775 ] } },
{ "type": "Feature", "properties": { "class": "port", "longitude": 122.4622481, "latitude": 37.13167366, "Id": 1905, "Code": null, "Name": null }, "geometry": { "type": "Point", "coordinates": [ 122.4622481, 37.13167366 ] } },
{ "type": "Feature", "properties": { "class": "port", "longitude": 122.5182391, "latitude": -4.192294205, "Id": 1906, "Code": null, "Name": null }, "geometry": { "type": "Point", "coordinates": [ 122.5182391, -4.192294205 ] } },
{ "type": "Feature", "properties": { "class": "port", "longitude": 122.6023266, "latitude": 11.59624974, "Id": 1907, "Code": null, "Name": null }, "geometry": { "type": "Point", "coordinates": [ 122.6023266, 11.59624974 ] } },
{ "type": "Feature", "properties": { "class": "port", "longitude": 122.6072316, "latitude": -5.486866897, "Id": 1908, "Code": null, "Name": null }, "geometry": { "type": "Point", "coordinates": [ 122.6072316, -5.486866897 ] } },
{ "type": "Feature", "properties": { "class": "port", "longitude": 122.766866, "latitude": 10.63290215, "Id": 1909, "Code": null, "Name": null }, "geometry": { "type": "Point", "coordinates": [ 122.766866, 10.63290215 ] } },
{ "type": "Feature", "properties": { "class": "port", "longitude": 122.8, "latitude": -0.95, "Id": 1910, "Code": null, "Name": null }, "geometry": { "type": "Point", "coordinates": [ 122.8, -0.95 ] } },
{ "type": "Feature", "properties": { "class": "port", "longitude": 123.0172, "latitude": 39.6608, "Id": 1911, "Code": null, "Name": null }, "geometry": { "type": "Point", "coordinates": [ 123.0172, 39.6608 ] } },
{ "type": "Feature", "properties": { "class": "port", "longitude": 123.04123, "latitude": 13.50873, "Id": 1912, "Code": null, "Name": null }, "geometry": { "type": "Point", "coordinates": [ 123.04123, 13.50873 ] } },
{ "type": "Feature", "properties": { "class": "port", "longitude": 123.06938, "latitude": 0.49764, "Id": 1913, "Code": null, "Name": null }, "geometry": { "type": "Point", "coordinates": [ 123.06938, 0.49764 ] } },
{ "type": "Feature", "properties": { "class": "port", "longitude": 123.49923, "latitude": -1.5905, "Id": 1914, "Code": null, "Name": null }, "geometry": { "type": "Point", "coordinates": [ 123.49923, -1.5905 ] } },
{ "type": "Feature", "properties": { "class": "port", "longitude": 123.5833, "latitude": -10.1667, "Id": 1915, "Code": null, "Name": null }, "geometry": { "type": "Point", "coordinates": [ 123.5833, -10.1667 ] } },
{ "type": "Feature", "properties": { "class": "port", "longitude": 123.6855, "latitude": -16.11767, "Id": 1916, "Code": null, "Name": null }, "geometry": { "type": "Point", "coordinates": [ 123.6855, -16.11767 ] } },
{ "type": "Feature", "properties": { "class": "port", "longitude": 123.793202, "latitude": 13.01536962, "Id": 1917, "Code": null, "Name": null }, "geometry": { "type": "Point", "coordinates": [ 123.793202, 13.01536962 ] } },
{ "type": "Feature", "properties": { "class": "port", "longitude": 124.083608, "latitude": 10.42152899, "Id": 1918, "Code": null, "Name": null }, "geometry": { "type": "Point", "coordinates": [ 124.083608, 10.42152899 ] } },
{ "type": "Feature", "properties": { "class": "port", "longitude": 124.15, "latitude": 39.8167, "Id": 1919, "Code": null, "Name": null }, "geometry": { "type": "Point", "coordinates": [ 124.15, 39.8167 ] } },
{ "type": "Feature", "properties": { "class": "port", "longitude": 124.2511, "latitude": 7.3519, "Id": 1920, "Code": null, "Name": null }, "geometry": { "type": "Point", "coordinates": [ 124.2511, 7.3519 ] } },
{ "type": "Feature", "properties": { "class": "port", "longitude": 125.0116529, "latitude": 1.466409923, "Id": 1921, "Code": null, "Name": null }, "geometry": { "type": "Point", "coordinates": [ 125.0116529, 1.466409923 ] } },
{ "type": "Feature", "properties": { "class": "port", "longitude": 125.0822014, "latitude": 9.119982855, "Id": 1922, "Code": null, "Name": null }, "geometry": { "type": "Point", "coordinates": [ 125.0822014, 9.119982855 ] } },
{ "type": "Feature", "properties": { "class": "port", "longitude": 125.2833, "latitude": 24.8, "Id": 1923, "Code": null, "Name": null }, "geometry": { "type": "Point", "coordinates": [ 125.2833, 24.8 ] } },
{ "type": "Feature", "properties": { "class": "port", "longitude": 125.3681, "latitude": 5.5014, "Id": 1924, "Code": null, "Name": null }, "geometry": { "type": "Point", "coordinates": [ 125.3681, 5.5014 ] } },
{ "type": "Feature", "properties": { "class": "port", "longitude": 125.3840047, "latitude": 6.24066122, "Id": 1925, "Code": null, "Name": null }, "geometry": { "type": "Point", "coordinates": [ 125.3840047, 6.24066122 ] } },
{ "type": "Feature", "properties": { "class": "port", "longitude": 125.4014, "latitude": 38.7439, "Id": 1926, "Code": null, "Name": null }, "geometry": { "type": "Point", "coordinates": [ 125.4014, 38.7439 ] } },
{ "type": "Feature", "properties": { "class": "port", "longitude": 125.6167, "latitude": 7.0667, "Id": 1927, "Code": null, "Name": null }, "geometry": { "type": "Point", "coordinates": [ 125.6167, 7.0667 ] } },
{ "type": "Feature", "properties": { "class": "port", "longitude": 125.6206346, "latitude": -8.54553286, "Id": 1928, "Code": null, "Name": null }, "geometry": { "type": "Point", "coordinates": [ 125.6206346, -8.54553286 ] } },
{ "type": "Feature", "properties": { "class": "port", "longitude": 126.23625, "latitude": 6.93925, "Id": 1929, "Code": null, "Name": null }, "geometry": { "type": "Point", "coordinates": [ 126.23625, 6.93925 ] } },
{ "type": "Feature", "properties": { "class": "port", "longitude": 126.3838309, "latitude": 34.77178174, "Id": 1930, "Code": null, "Name": null }, "geometry": { "type": "Point", "coordinates": [ 126.3838309, 34.77178174 ] } },
{ "type": "Feature", "properties": { "class": "port", "longitude": 126.4654592, "latitude": 33.75458846, "Id": 1931, "Code": null, "Name": null }, "geometry": { "type": "Point", "coordinates": [ 126.4654592, 33.75458846 ] } },
{ "type": "Feature", "properties": { "class": "port", "longitude": 126.6261187, "latitude": 37.15972765, "Id": 1932, "Code": null, "Name": null }, "geometry": { "type": "Point", "coordinates": [ 126.6261187, 37.15972765 ] } },
{ "type": "Feature", "properties": { "class": "port", "longitude": 126.6756154, "latitude": 35.96596453, "Id": 1933, "Code": null, "Name": null }, "geometry": { "type": "Point", "coordinates": [ 126.6756154, 35.96596453 ] } },
{ "type": "Feature", "properties": { "class": "port", "longitude": 126.8683, "latitude": 4.2511, "Id": 1934, "Code": null, "Name": null }, "geometry": { "type": "Point", "coordinates": [ 126.8683, 4.2511 ] } },
{ "type": "Feature", "properties": { "class": "port", "longitude": 127.2428423, "latitude": -3.30069114, "Id": 1935, "Code": null, "Name": null }, "geometry": { "type": "Point", "coordinates": [ 127.2428423, -3.30069114 ] } },
{ "type": "Feature", "properties": { "class": "port", "longitude": 127.38809, "latitude": 0.78066, "Id": 1936, "Code": null, "Name": null }, "geometry": { "type": "Point", "coordinates": [ 127.38809, 0.78066 ] } },
{ "type": "Feature", "properties": { "class": "port", "longitude": 127.47193, "latitude": -0.62641, "Id": 1937, "Code": null, "Name": null }, "geometry": { "type": "Point", "coordinates": [ 127.47193, -0.62641 ] } },
{ "type": "Feature", "properties": { "class": "port", "longitude": 127.8734368, "latitude": 26.41615252, "Id": 1938, "Code": null, "Name": null }, "geometry": { "type": "Point", "coordinates": [ 127.8734368, 26.41615252 ] } },
{ "type": "Feature", "properties": { "class": "port", "longitude": 127.9688572, "latitude": 0.458753978, "Id": 1939, "Code": null, "Name": null }, "geometry": { "type": "Point", "coordinates": [ 127.9688572, 0.458753978 ] } },
{ "type": "Feature", "properties": { "class": "port", "longitude": 128.1, "latitude": -15.4667, "Id": 1940, "Code": null, "Name": null }, "geometry": { "type": "Point", "coordinates": [ 128.1, -15.4667 ] } },
{ "type": "Feature", "properties": { "class": "port", "longitude": 128.1667, "latitude": -3.6833, "Id": 1941, "Code": null, "Name": null }, "geometry": { "type": "Point", "coordinates": [ 128.1667, -3.6833 ] } },
{ "type": "Feature", "properties": { "class": "port", "longitude": 128.6393671, "latitude": 35.1855871, "Id": 1942, "Code": null, "Name": null }, "geometry": { "type": "Point", "coordinates": [ 128.639367099999987, 35.1855871 ] } },
{ "type": "Feature", "properties": { "class": "port", "longitude": 128.8719838, "latitude": 71.63854377, "Id": 1943, "Code": null, "Name": null }, "geometry": { "type": "Point", "coordinates": [ 128.87198380000001, 71.63854377 ] } },
{ "type": "Feature", "properties": { "class": "port", "longitude": 129.1280203, "latitude": 37.53909857, "Id": 1944, "Code": null, "Name": null }, "geometry": { "type": "Point", "coordinates": [ 129.1280203, 37.53909857 ] } },
{ "type": "Feature", "properties": { "class": "port", "longitude": 129.3, "latitude": 34.2, "Id": 1945, "Code": null, "Name": null }, "geometry": { "type": "Point", "coordinates": [ 129.3, 34.2 ] } },
{ "type": "Feature", "properties": { "class": "port", "longitude": 129.4192, "latitude": -0.05, "Id": 1946, "Code": null, "Name": null }, "geometry": { "type": "Point", "coordinates": [ 129.4192, -0.05 ] } },
{ "type": "Feature", "properties": { "class": "port", "longitude": 130.42435, "latitude": -11.421117, "Id": 1947, "Code": null, "Name": null }, "geometry": { "type": "Point", "coordinates": [ 130.42435, -11.421117 ] } },
{ "type": "Feature", "properties": { "class": "port", "longitude": 130.50113, "latitude": -3.10408, "Id": 1948, "Code": null, "Name": null }, "geometry": { "type": "Point", "coordinates": [ 130.50113, -3.10408 ] } },
{ "type": "Feature", "properties": { "class": "port", "longitude": 130.85, "latitude": -12.4667, "Id": 1949, "Code": null, "Name": null }, "geometry": { "type": "Point", "coordinates": [ 130.85, -12.4667 ] } },
{ "type": "Feature", "properties": { "class": "port", "longitude": 130.9877755, "latitude": 30.65449998, "Id": 1950, "Code": null, "Name": null }, "geometry": { "type": "Point", "coordinates": [ 130.9877755, 30.65449998 ] } },
{ "type": "Feature", "properties": { "class": "port", "longitude": 131.1132371, "latitude": 42.71956959, "Id": 1951, "Code": null, "Name": null }, "geometry": { "type": "Point", "coordinates": [ 131.1132371, 42.71956959 ] } },
{ "type": "Feature", "properties": { "class": "port", "longitude": 131.12411, "latitude": -1.040766942, "Id": 1952, "Code": null, "Name": null }, "geometry": { "type": "Point", "coordinates": [ 131.12411, -1.040766942 ] } },
{ "type": "Feature", "properties": { "class": "port", "longitude": 131.925, "latitude": 43.133, "Id": 1953, "Code": null, "Name": null }, "geometry": { "type": "Point", "coordinates": [ 131.925, 43.133 ] } },
{ "type": "Feature", "properties": { "class": "port", "longitude": 131.9794075, "latitude": 32.91717785, "Id": 1954, "Code": null, "Name": null }, "geometry": { "type": "Point", "coordinates": [ 131.9794075, 32.91717785 ] } },
{ "type": "Feature", "properties": { "class": "port", "longitude": 132.0833, "latitude": 34.9, "Id": 1955, "Code": null, "Name": null }, "geometry": { "type": "Point", "coordinates": [ 132.0833, 34.9 ] } },
{ "type": "Feature", "properties": { "class": "port", "longitude": 132.2833, "latitude": -2.9333, "Id": 1956, "Code": null, "Name": null }, "geometry": { "type": "Point", "coordinates": [ 132.2833, -2.9333 ] } },
{ "type": "Feature", "properties": { "class": "port", "longitude": 132.3569213, "latitude": 33.53127496, "Id": 1957, "Code": null, "Name": null }, "geometry": { "type": "Point", "coordinates": [ 132.35692130000001, 33.53127496 ] } },
{ "type": "Feature", "properties": { "class": "port", "longitude": 132.9833981, "latitude": 42.77409631, "Id": 1958, "Code": null, "Name": null }, "geometry": { "type": "Point", "coordinates": [ 132.983398099999988, 42.77409631 ] } },
{ "type": "Feature", "properties": { "class": "port", "longitude": 133.02, "latitude": -5.6681, "Id": 1959, "Code": null, "Name": null }, "geometry": { "type": "Point", "coordinates": [ 133.02, -5.6681 ] } },
{ "type": "Feature", "properties": { "class": "port", "longitude": 133.1449001, "latitude": 35.4986211, "Id": 1960, "Code": null, "Name": null }, "geometry": { "type": "Point", "coordinates": [ 133.1449001, 35.4986211 ] } },
{ "type": "Feature", "properties": { "class": "port", "longitude": 133.3223, "latitude": 36.19203, "Id": 1961, "Code": null, "Name": null }, "geometry": { "type": "Point", "coordinates": [ 133.3223, 36.19203 ] } },
{ "type": "Feature", "properties": { "class": "port", "longitude": 133.5935539, "latitude": -32.16248643, "Id": 1962, "Code": null, "Name": null }, "geometry": { "type": "Point", "coordinates": [ 133.593553899999989, -32.16248643 ] } },
{ "type": "Feature", "properties": { "class": "port", "longitude": 134.0833, "latitude": -0.8667, "Id": 1963, "Code": null, "Name": null }, "geometry": { "type": "Point", "coordinates": [ 134.0833, -0.8667 ] } },
{ "type": "Feature", "properties": { "class": "port", "longitude": 134.1879, "latitude": 35.5411, "Id": 1964, "Code": null, "Name": null }, "geometry": { "type": "Point", "coordinates": [ 134.1879, 35.5411 ] } },
{ "type": "Feature", "properties": { "class": "port", "longitude": 134.2372, "latitude": -5.7514, "Id": 1965, "Code": null, "Name": null }, "geometry": { "type": "Point", "coordinates": [ 134.2372, -5.7514 ] } },
{ "type": "Feature", "properties": { "class": "port", "longitude": 134.4567, "latitude": 7.33151, "Id": 1966, "Code": null, "Name": null }, "geometry": { "type": "Point", "coordinates": [ 134.4567, 7.33151 ] } },
{ "type": "Feature", "properties": { "class": "port", "longitude": 135.452444, "latitude": 35.50486084, "Id": 1967, "Code": null, "Name": null }, "geometry": { "type": "Point", "coordinates": [ 135.452444, 35.50486084 ] } },
{ "type": "Feature", "properties": { "class": "port", "longitude": 135.85, "latitude": -34.7167, "Id": 1968, "Code": null, "Name": null }, "geometry": { "type": "Point", "coordinates": [ 135.85, -34.7167 ] } },
{ "type": "Feature", "properties": { "class": "port", "longitude": 136.414681, "latitude": -13.852835, "Id": 1969, "Code": null, "Name": null }, "geometry": { "type": "Point", "coordinates": [ 136.414681, -13.852835 ] } },
{ "type": "Feature", "properties": { "class": "port", "longitude": 136.5378, "latitude": -15.3542, "Id": 1970, "Code": null, "Name": null }, "geometry": { "type": "Point", "coordinates": [ 136.5378, -15.3542 ] } },
{ "type": "Feature", "properties": { "class": "port", "longitude": 136.7, "latitude": -12.2, "Id": 1971, "Code": null, "Name": null }, "geometry": { "type": "Point", "coordinates": [ 136.7, -12.2 ] } },
{ "type": "Feature", "properties": { "class": "port", "longitude": 136.8883887, "latitude": 36.70841717, "Id": 1972, "Code": null, "Name": null }, "geometry": { "type": "Point", "coordinates": [ 136.8883887, 36.70841717 ] } },
{ "type": "Feature", "properties": { "class": "port", "longitude": 136.9028552, "latitude": 34.74243786, "Id": 1973, "Code": null, "Name": null }, "geometry": { "type": "Point", "coordinates": [ 136.9028552, 34.74243786 ] } },
{ "type": "Feature", "properties": { "class": "port", "longitude": 137.0268001, "latitude": 37.40194779, "Id": 1974, "Code": null, "Name": null }, "geometry": { "type": "Point", "coordinates": [ 137.0268001, 37.40194779 ] } },
{ "type": "Feature", "properties": { "class": "port", "longitude": 137.7758004, "latitude": -34.47680188, "Id": 1975, "Code": null, "Name": null }, "geometry": { "type": "Point", "coordinates": [ 137.7758004, -34.47680188 ] } },
{ "type": "Feature", "properties": { "class": "port", "longitude": 137.8058785, "latitude": -33.0733871, "Id": 1976, "Code": null, "Name": null }, "geometry": { "type": "Point", "coordinates": [ 137.8058785, -33.0733871 ] } },
{ "type": "Feature", "properties": { "class": "port", "longitude": 137.85, "latitude": 37.0333, "Id": 1977, "Code": null, "Name": null }, "geometry": { "type": "Point", "coordinates": [ 137.85, 37.0333 ] } },
{ "type": "Feature", "properties": { "class": "port", "longitude": 138.12541, "latitude": 9.51578, "Id": 1978, "Code": null, "Name": null }, "geometry": { "type": "Point", "coordinates": [ 138.12541, 9.51578 ] } },
{ "type": "Feature", "properties": { "class": "port", "longitude": 138.5613, "latitude": 38.08793, "Id": 1979, "Code": null, "Name": null }, "geometry": { "type": "Point", "coordinates": [ 138.5613, 38.08793 ] } },
{ "type": "Feature", "properties": { "class": "port", "longitude": 138.5883, "latitude": -34.8594, "Id": 1980, "Code": null, "Name": null }, "geometry": { "type": "Point", "coordinates": [ 138.5883, -34.8594 ] } },
{ "type": "Feature", "properties": { "class": "port", "longitude": 139.3454459, "latitude": 34.92698486, "Id": 1981, "Code": null, "Name": null }, "geometry": { "type": "Point", "coordinates": [ 139.345445899999987, 34.92698486 ] } },
{ "type": "Feature", "properties": { "class": "port", "longitude": 139.4553, "latitude": 42.1783, "Id": 1982, "Code": null, "Name": null }, "geometry": { "type": "Point", "coordinates": [ 139.4553, 42.1783 ] } },
{ "type": "Feature", "properties": { "class": "port", "longitude": 139.8219, "latitude": 33.0925, "Id": 1983, "Code": null, "Name": null }, "geometry": { "type": "Point", "coordinates": [ 139.8219, 33.0925 ] } },
{ "type": "Feature", "properties": { "class": "port", "longitude": 139.855, "latitude": 38.9167, "Id": 1984, "Code": null, "Name": null }, "geometry": { "type": "Point", "coordinates": [ 139.855, 38.9167 ] } },
{ "type": "Feature", "properties": { "class": "port", "longitude": 139.9280887, "latitude": 40.04738205, "Id": 1985, "Code": null, "Name": null }, "geometry": { "type": "Point", "coordinates": [ 139.928088699999989, 40.04738205 ] } },
{ "type": "Feature", "properties": { "class": "port", "longitude": 140.2608886, "latitude": 49.03187011, "Id": 1986, "Code": null, "Name": null }, "geometry": { "type": "Point", "coordinates": [ 140.260888599999987, 49.03187011 ] } },
{ "type": "Feature", "properties": { "class": "port", "longitude": 140.39086, "latitude": -8.47877, "Id": 1987, "Code": null, "Name": null }, "geometry": { "type": "Point", "coordinates": [ 140.39086, -8.47877 ] } },
{ "type": "Feature", "properties": { "class": "port", "longitude": 140.7443735, "latitude": 36.34423888, "Id": 1988, "Code": null, "Name": null }, "geometry": { "type": "Point", "coordinates": [ 140.7443735, 36.34423888 ] } },
{ "type": "Feature", "properties": { "class": "port", "longitude": 140.7618013, "latitude": 43.09188064, "Id": 1989, "Code": null, "Name": null }, "geometry": { "type": "Point", "coordinates": [ 140.7618013, 43.09188064 ] } },
{ "type": "Feature", "properties": { "class": "port", "longitude": 140.7722, "latitude": 53.1481, "Id": 1990, "Code": null, "Name": null }, "geometry": { "type": "Point", "coordinates": [ 140.7722, 53.1481 ] } },
{ "type": "Feature", "properties": { "class": "port", "longitude": 140.7965162, "latitude": 51.48234669, "Id": 1991, "Code": null, "Name": null }, "geometry": { "type": "Point", "coordinates": [ 140.796516200000013, 51.48234669 ] } },
{ "type": "Feature", "properties": { "class": "port", "longitude": 140.8333, "latitude": -17.4833, "Id": 1992, "Code": null, "Name": null }, "geometry": { "type": "Point", "coordinates": [ 140.8333, -17.4833 ] } },
{ "type": "Feature", "properties": { "class": "port", "longitude": 140.9667, "latitude": 42.3333, "Id": 1993, "Code": null, "Name": null }, "geometry": { "type": "Point", "coordinates": [ 140.9667, 42.3333 ] } },
{ "type": "Feature", "properties": { "class": "port", "longitude": 141.0094267, "latitude": -2.610073382, "Id": 1994, "Code": null, "Name": null }, "geometry": { "type": "Point", "coordinates": [ 141.0094267, -2.610073382 ] } },
{ "type": "Feature", "properties": { "class": "port", "longitude": 141.4882643, "latitude": 39.6020285, "Id": 1995, "Code": null, "Name": null }, "geometry": { "type": "Point", "coordinates": [ 141.4882643, 39.6020285 ] } },
{ "type": "Feature", "properties": { "class": "port", "longitude": 141.5173, "latitude": 52.21223, "Id": 1996, "Code": null, "Name": null }, "geometry": { "type": "Point", "coordinates": [ 141.5173, 52.21223 ] } },
{ "type": "Feature", "properties": { "class": "port", "longitude": 141.6333, "latitude": 42.6333, "Id": 1997, "Code": null, "Name": null }, "geometry": { "type": "Point", "coordinates": [ 141.6333, 42.6333 ] } },
{ "type": "Feature", "properties": { "class": "port", "longitude": 141.6333, "latitude": 43.95, "Id": 1998, "Code": null, "Name": null }, "geometry": { "type": "Point", "coordinates": [ 141.6333, 43.95 ] } },
{ "type": "Feature", "properties": { "class": "port", "longitude": 141.6392, "latitude": -38.3439, "Id": 1999, "Code": null, "Name": null }, "geometry": { "type": "Point", "coordinates": [ 141.6392, -38.3439 ] } },
{ "type": "Feature", "properties": { "class": "port", "longitude": 141.8667, "latitude": -12.6667, "Id": 2000, "Code": null, "Name": null }, "geometry": { "type": "Point", "coordinates": [ 141.8667, -12.6667 ] } },
{ "type": "Feature", "properties": { "class": "port", "longitude": 141.8889287, "latitude": 45.59564647, "Id": 2001, "Code": null, "Name": null }, "geometry": { "type": "Point", "coordinates": [ 141.8889287, 45.59564647 ] } },
{ "type": "Feature", "properties": { "class": "port", "longitude": 141.9537815, "latitude": 46.8546865, "Id": 2002, "Code": null, "Name": null }, "geometry": { "type": "Point", "coordinates": [ 141.9537815, 46.8546865 ] } },
{ "type": "Feature", "properties": { "class": "port", "longitude": 142.1056894, "latitude": 49.35047591, "Id": 2003, "Code": null, "Name": null }, "geometry": { "type": "Point", "coordinates": [ 142.105689399999989, 49.35047591 ] } },
{ "type": "Feature", "properties": { "class": "port", "longitude": 142.1561, "latitude": 50.9139, "Id": 2004, "Code": null, "Name": null }, "geometry": { "type": "Point", "coordinates": [ 142.1561, 50.9139 ] } },
{ "type": "Feature", "properties": { "class": "port", "longitude": 142.2228389, "latitude": 26.88296858, "Id": 2005, "Code": null, "Name": null }, "geometry": { "type": "Point", "coordinates": [ 142.2228389, 26.88296858 ] } },
{ "type": "Feature", "properties": { "class": "port", "longitude": 142.6394, "latitude": 54.315, "Id": 2006, "Code": null, "Name": null }, "geometry": { "type": "Point", "coordinates": [ 142.6394, 54.315 ] } },
{ "type": "Feature", "properties": { "class": "port", "longitude": 142.7667, "latitude": 46.6167, "Id": 2007, "Code": null, "Name": null }, "geometry": { "type": "Point", "coordinates": [ 142.7667, 46.6167 ] } },
{ "type": "Feature", "properties": { "class": "port", "longitude": 143.2, "latitude": 59.3667, "Id": 2008, "Code": null, "Name": null }, "geometry": { "type": "Point", "coordinates": [ 143.2, 59.3667 ] } },
{ "type": "Feature", "properties": { "class": "port", "longitude": 143.2023, "latitude": -9.06877, "Id": 2009, "Code": null, "Name": null }, "geometry": { "type": "Point", "coordinates": [ 143.2023, -9.06877 ] } },
{ "type": "Feature", "properties": { "class": "port", "longitude": 143.3, "latitude": 42.25, "Id": 2010, "Code": null, "Name": null }, "geometry": { "type": "Point", "coordinates": [ 143.3, 42.25 ] } },
{ "type": "Feature", "properties": { "class": "port", "longitude": 143.6257, "latitude": -3.56017, "Id": 2011, "Code": null, "Name": null }, "geometry": { "type": "Point", "coordinates": [ 143.6257, -3.56017 ] } },
{ "type": "Feature", "properties": { "class": "port", "longitude": 144.2833, "latitude": 44.0167, "Id": 2012, "Code": null, "Name": null }, "geometry": { "type": "Point", "coordinates": [ 144.2833, 44.0167 ] } },
{ "type": "Feature", "properties": { "class": "port", "longitude": 144.3667, "latitude": -38.15, "Id": 2013, "Code": null, "Name": null }, "geometry": { "type": "Point", "coordinates": [ 144.3667, -38.15 ] } },
{ "type": "Feature", "properties": { "class": "port", "longitude": 144.6067, "latitude": -8.1022, "Id": 2014, "Code": null, "Name": null }, "geometry": { "type": "Point", "coordinates": [ 144.6067, -8.1022 ] } },
{ "type": "Feature", "properties": { "class": "port", "longitude": 144.6146249, "latitude": 43.00928656, "Id": 2015, "Code": null, "Name": null }, "geometry": { "type": "Point", "coordinates": [ 144.6146249, 43.00928656 ] } },
{ "type": "Feature", "properties": { "class": "port", "longitude": 144.6599078, "latitude": 13.45738435, "Id": 2016, "Code": null, "Name": null }, "geometry": { "type": "Point", "coordinates": [ 144.659907800000013, 13.45738435 ] } },
{ "type": "Feature", "properties": { "class": "port", "longitude": 145.0811823, "latitude": -38.10090306, "Id": 2017, "Code": null, "Name": null }, "geometry": { "type": "Point", "coordinates": [ 145.0811823, -38.10090306 ] } },
{ "type": "Feature", "properties": { "class": "port", "longitude": 145.1436, "latitude": 14.13943, "Id": 2018, "Code": null, "Name": null }, "geometry": { "type": "Point", "coordinates": [ 145.1436, 14.13943 ] } },
{ "type": "Feature", "properties": { "class": "port", "longitude": 145.3521, "latitude": -14.95467, "Id": 2019, "Code": null, "Name": null }, "geometry": { "type": "Point", "coordinates": [ 145.3521, -14.95467 ] } },
{ "type": "Feature", "properties": { "class": "port", "longitude": 145.3727564, "latitude": -40.81146298, "Id": 2020, "Code": null, "Name": null }, "geometry": { "type": "Point", "coordinates": [ 145.372756399999986, -40.81146298 ] } },
{ "type": "Feature", "properties": { "class": "port", "longitude": 145.5757, "latitude": 43.32713, "Id": 2021, "Code": null, "Name": null }, "geometry": { "type": "Point", "coordinates": [ 145.5757, 43.32713 ] } },
{ "type": "Feature", "properties": { "class": "port", "longitude": 145.6886484, "latitude": 15.08516961, "Id": 2022, "Code": null, "Name": null }, "geometry": { "type": "Point", "coordinates": [ 145.6886484, 15.08516961 ] } },
{ "type": "Feature", "properties": { "class": "port", "longitude": 145.7833, "latitude": -16.9167, "Id": 2023, "Code": null, "Name": null }, "geometry": { "type": "Point", "coordinates": [ 145.7833, -16.9167 ] } },
{ "type": "Feature", "properties": { "class": "port", "longitude": 146.019017, "latitude": -5.40013607, "Id": 2024, "Code": null, "Name": null }, "geometry": { "type": "Point", "coordinates": [ 146.019017, -5.40013607 ] } },
{ "type": "Feature", "properties": { "class": "port", "longitude": 146.2072, "latitude": -17.6047, "Id": 2025, "Code": null, "Name": null }, "geometry": { "type": "Point", "coordinates": [ 146.2072, -17.6047 ] } },
{ "type": "Feature", "properties": { "class": "port", "longitude": 146.3307, "latitude": -18.53027, "Id": 2026, "Code": null, "Name": null }, "geometry": { "type": "Point", "coordinates": [ 146.3307, -18.53027 ] } },
{ "type": "Feature", "properties": { "class": "port", "longitude": 146.6661109, "latitude": -41.15179726, "Id": 2027, "Code": null, "Name": null }, "geometry": { "type": "Point", "coordinates": [ 146.6661109, -41.15179726 ] } },
{ "type": "Feature", "properties": { "class": "port", "longitude": 146.8167, "latitude": -19.2667, "Id": 2028, "Code": null, "Name": null }, "geometry": { "type": "Point", "coordinates": [ 146.8167, -19.2667 ] } },
{ "type": "Feature", "properties": { "class": "port", "longitude": 147.0239, "latitude": -6.735, "Id": 2029, "Code": null, "Name": null }, "geometry": { "type": "Point", "coordinates": [ 147.0239, -6.735 ] } },
{ "type": "Feature", "properties": { "class": "port", "longitude": 147.3333, "latitude": -42.8833, "Id": 2030, "Code": null, "Name": null }, "geometry": { "type": "Point", "coordinates": [ 147.3333, -42.8833 ] } },
{ "type": "Feature", "properties": { "class": "port", "longitude": 147.3709283, "latitude": -1.997959531, "Id": 2031, "Code": null, "Name": null }, "geometry": { "type": "Point", "coordinates": [ 147.3709283, -1.997959531 ] } },
{ "type": "Feature", "properties": { "class": "port", "longitude": 148.4869, "latitude": -8.89757, "Id": 2032, "Code": null, "Name": null }, "geometry": { "type": "Point", "coordinates": [ 148.4869, -8.89757 ] } },
{ "type": "Feature", "properties": { "class": "port", "longitude": 149.2704443, "latitude": -21.20683512, "Id": 2033, "Code": null, "Name": null }, "geometry": { "type": "Point", "coordinates": [ 149.2704443, -21.20683512 ] } },
{ "type": "Feature", "properties": { "class": "port", "longitude": 149.9167, "latitude": -37.0667, "Id": 2034, "Code": null, "Name": null }, "geometry": { "type": "Point", "coordinates": [ 149.9167, -37.0667 ] } },
{ "type": "Feature", "properties": { "class": "port", "longitude": 150.1501, "latitude": -5.54977, "Id": 2035, "Code": null, "Name": null }, "geometry": { "type": "Point", "coordinates": [ 150.1501, -5.54977 ] } },
{ "type": "Feature", "properties": { "class": "port", "longitude": 150.45, "latitude": -10.3167, "Id": 2036, "Code": null, "Name": null }, "geometry": { "type": "Point", "coordinates": [ 150.45, -10.3167 ] } },
{ "type": "Feature", "properties": { "class": "port", "longitude": 150.7885, "latitude": -2.58267, "Id": 2037, "Code": null, "Name": null }, "geometry": { "type": "Point", "coordinates": [ 150.7885, -2.58267 ] } },
{ "type": "Feature", "properties": { "class": "port", "longitude": 150.9734271, "latitude": 59.58111926, "Id": 2038, "Code": null, "Name": null }, "geometry": { "type": "Point", "coordinates": [ 150.9734271, 59.58111926 ] } },
{ "type": "Feature", "properties": { "class": "port", "longitude": 151.00915, "latitude": -5.30783, "Id": 2039, "Code": null, "Name": null }, "geometry": { "type": "Point", "coordinates": [ 151.00915, -5.30783 ] } },
{ "type": "Feature", "properties": { "class": "port", "longitude": 151.25, "latitude": -23.85, "Id": 2040, "Code": null, "Name": null }, "geometry": { "type": "Point", "coordinates": [ 151.25, -23.85 ] } },
{ "type": "Feature", "properties": { "class": "port", "longitude": 151.5157816, "latitude": -33.54287477, "Id": 2041, "Code": null, "Name": null }, "geometry": { "type": "Point", "coordinates": [ 151.5157816, -33.54287477 ] } },
{ "type": "Feature", "properties": { "class": "port", "longitude": 151.83988, "latitude": 7.4455, "Id": 2042, "Code": null, "Name": null }, "geometry": { "type": "Point", "coordinates": [ 151.83988, 7.4455 ] } },
{ "type": "Feature", "properties": { "class": "port", "longitude": 152.1422, "latitude": -11.2531, "Id": 2043, "Code": null, "Name": null }, "geometry": { "type": "Point", "coordinates": [ 152.1422, -11.2531 ] } },
{ "type": "Feature", "properties": { "class": "port", "longitude": 152.3677, "latitude": -24.86077, "Id": 2044, "Code": null, "Name": null }, "geometry": { "type": "Point", "coordinates": [ 152.3677, -24.86077 ] } },
{ "type": "Feature", "properties": { "class": "port", "longitude": 152.5756, "latitude": -4.3344, "Id": 2045, "Code": null, "Name": null }, "geometry": { "type": "Point", "coordinates": [ 152.5756, -4.3344 ] } },
{ "type": "Feature", "properties": { "class": "port", "longitude": 153.0425, "latitude": 48.0133, "Id": 2046, "Code": null, "Name": null }, "geometry": { "type": "Point", "coordinates": [ 153.0425, 48.0133 ] } },
{ "type": "Feature", "properties": { "class": "port", "longitude": 153.1008464, "latitude": -27.45705527, "Id": 2047, "Code": null, "Name": null }, "geometry": { "type": "Point", "coordinates": [ 153.1008464, -27.45705527 ] } },
{ "type": "Feature", "properties": { "class": "port", "longitude": 153.1565, "latitude": -26.80807, "Id": 2048, "Code": null, "Name": null }, "geometry": { "type": "Point", "coordinates": [ 153.1565, -26.80807 ] } },
{ "type": "Feature", "properties": { "class": "port", "longitude": 155.4931, "latitude": 55.2819, "Id": 2049, "Code": null, "Name": null }, "geometry": { "type": "Point", "coordinates": [ 155.4931, 55.2819 ] } },
{ "type": "Feature", "properties": { "class": "port", "longitude": 155.8467, "latitude": -7.08287, "Id": 2050, "Code": null, "Name": null }, "geometry": { "type": "Point", "coordinates": [ 155.8467, -7.08287 ] } },
{ "type": "Feature", "properties": { "class": "port", "longitude": 156.0433, "latitude": 53.6647, "Id": 2051, "Code": null, "Name": null }, "geometry": { "type": "Point", "coordinates": [ 156.0433, 53.6647 ] } },
{ "type": "Feature", "properties": { "class": "port", "longitude": 156.4077, "latitude": -6.68667, "Id": 2052, "Code": null, "Name": null }, "geometry": { "type": "Point", "coordinates": [ 156.4077, -6.68667 ] } },
{ "type": "Feature", "properties": { "class": "port", "longitude": 156.8930918, "latitude": -7.951581623, "Id": 2053, "Code": null, "Name": null }, "geometry": { "type": "Point", "coordinates": [ 156.8930918, -7.951581623 ] } },
{ "type": "Feature", "properties": { "class": "port", "longitude": 158.20214, "latitude": 6.98029, "Id": 2054, "Code": null, "Name": null }, "geometry": { "type": "Point", "coordinates": [ 158.20214, 6.98029 ] } },
{ "type": "Feature", "properties": { "class": "port", "longitude": 158.65, "latitude": 53.05, "Id": 2055, "Code": null, "Name": null }, "geometry": { "type": "Point", "coordinates": [ 158.65, 53.05 ] } },
{ "type": "Feature", "properties": { "class": "port", "longitude": 158.6565, "latitude": -7.78747, "Id": 2056, "Code": null, "Name": null }, "geometry": { "type": "Point", "coordinates": [ 158.6565, -7.78747 ] } },
{ "type": "Feature", "properties": { "class": "port", "longitude": 160.2231803, "latitude": -9.346598121, "Id": 2057, "Code": null, "Name": null }, "geometry": { "type": "Point", "coordinates": [ 160.2231803, -9.346598121 ] } },
{ "type": "Feature", "properties": { "class": "port", "longitude": 161.78604, "latitude": -10.41038, "Id": 2058, "Code": null, "Name": null }, "geometry": { "type": "Point", "coordinates": [ 161.78604, -10.41038 ] } },
{ "type": "Feature", "properties": { "class": "port", "longitude": 162.1667, "latitude": 69.6333, "Id": 2059, "Code": null, "Name": null }, "geometry": { "type": "Point", "coordinates": [ 162.1667, 69.6333 ] } },
{ "type": "Feature", "properties": { "class": "port", "longitude": 162.5117, "latitude": 56.2322, "Id": 2060, "Code": null, "Name": null }, "geometry": { "type": "Point", "coordinates": [ 162.5117, 56.2322 ] } },
{ "type": "Feature", "properties": { "class": "port", "longitude": 162.95701, "latitude": 5.35165, "Id": 2061, "Code": null, "Name": null }, "geometry": { "type": "Point", "coordinates": [ 162.95701, 5.35165 ] } },
{ "type": "Feature", "properties": { "class": "port", "longitude": 165.1126438, "latitude": -21.06879685, "Id": 2062, "Code": null, "Name": null }, "geometry": { "type": "Point", "coordinates": [ 165.1126438, -21.06879685 ] } },
{ "type": "Feature", "properties": { "class": "port", "longitude": 166.3794, "latitude": 60.35, "Id": 2063, "Code": null, "Name": null }, "geometry": { "type": "Point", "coordinates": [ 166.3794, 60.35 ] } },
{ "type": "Feature", "properties": { "class": "port", "longitude": 166.65827, "latitude": -22.30821527, "Id": 2064, "Code": null, "Name": null }, "geometry": { "type": "Point", "coordinates": [ 166.65827, -22.30821527 ] } },
{ "type": "Feature", "properties": { "class": "port", "longitude": 166.9347823, "latitude": -0.528504741, "Id": 2065, "Code": null, "Name": null }, "geometry": { "type": "Point", "coordinates": [ 166.9347823, -0.528504741 ] } },
{ "type": "Feature", "properties": { "class": "port", "longitude": 167.1667, "latitude": -15.5167, "Id": 2066, "Code": null, "Name": null }, "geometry": { "type": "Point", "coordinates": [ 167.1667, -15.5167 ] } },
{ "type": "Feature", "properties": { "class": "port", "longitude": 167.73667, "latitude": 8.73203, "Id": 2067, "Code": null, "Name": null }, "geometry": { "type": "Point", "coordinates": [ 167.73667, 8.73203 ] } },
{ "type": "Feature", "properties": { "class": "port", "longitude": 168.2967, "latitude": -17.7547, "Id": 2068, "Code": null, "Name": null }, "geometry": { "type": "Point", "coordinates": [ 168.2967, -17.7547 ] } },
{ "type": "Feature", "properties": { "class": "port", "longitude": 168.4133, "latitude": -46.6294, "Id": 2069, "Code": null, "Name": null }, "geometry": { "type": "Point", "coordinates": [ 168.4133, -46.6294 ] } },
{ "type": "Feature", "properties": { "class": "port", "longitude": 169.53438, "latitude": -0.86506, "Id": 2070, "Code": null, "Name": null }, "geometry": { "type": "Point", "coordinates": [ 169.53438, -0.86506 ] } },
{ "type": "Feature", "properties": { "class": "port", "longitude": 169.7303, "latitude": 11.2031, "Id": 2071, "Code": null, "Name": null }, "geometry": { "type": "Point", "coordinates": [ 169.7303, 11.2031 ] } },
{ "type": "Feature", "properties": { "class": "port", "longitude": 170.3027871, "latitude": 69.69845987, "Id": 2072, "Code": null, "Name": null }, "geometry": { "type": "Point", "coordinates": [ 170.302787099999989, 69.69845987 ] } },
{ "type": "Feature", "properties": { "class": "port", "longitude": 170.5891493, "latitude": -45.82647996, "Id": 2073, "Code": null, "Name": null }, "geometry": { "type": "Point", "coordinates": [ 170.5891493, -45.82647996 ] } },
{ "type": "Feature", "properties": { "class": "port", "longitude": 171.22527, "latitude": 8.70441, "Id": 2074, "Code": null, "Name": null }, "geometry": { "type": "Point", "coordinates": [ 171.22527, 8.70441 ] } },
{ "type": "Feature", "properties": { "class": "port", "longitude": 171.25, "latitude": -44.4, "Id": 2075, "Code": null, "Name": null }, "geometry": { "type": "Point", "coordinates": [ 171.25, -44.4 ] } },
{ "type": "Feature", "properties": { "class": "port", "longitude": 171.3833, "latitude": 7.0833, "Id": 2076, "Code": null, "Name": null }, "geometry": { "type": "Point", "coordinates": [ 171.3833, 7.0833 ] } },
{ "type": "Feature", "properties": { "class": "port", "longitude": 172.7113064, "latitude": -43.57687336, "Id": 2077, "Code": null, "Name": null }, "geometry": { "type": "Point", "coordinates": [ 172.711306400000012, -43.57687336 ] } },
{ "type": "Feature", "properties": { "class": "port", "longitude": 172.9333823, "latitude": 1.348639597, "Id": 2078, "Code": null, "Name": null }, "geometry": { "type": "Point", "coordinates": [ 172.9333823, 1.348639597 ] } },
{ "type": "Feature", "properties": { "class": "port", "longitude": 173.2667, "latitude": -41.2667, "Id": 2079, "Code": null, "Name": null }, "geometry": { "type": "Point", "coordinates": [ 173.2667, -41.2667 ] } },
{ "type": "Feature", "properties": { "class": "port", "longitude": 173.5481, "latitude": 0.1833, "Id": 2080, "Code": null, "Name": null }, "geometry": { "type": "Point", "coordinates": [ 173.5481, 0.1833 ] } },
{ "type": "Feature", "properties": { "class": "port", "longitude": 174.0483, "latitude": -41.2947, "Id": 2081, "Code": null, "Name": null }, "geometry": { "type": "Point", "coordinates": [ 174.0483, -41.2947 ] } },
{ "type": "Feature", "properties": { "class": "port", "longitude": 174.0983, "latitude": -39.0442, "Id": 2082, "Code": null, "Name": null }, "geometry": { "type": "Point", "coordinates": [ 174.0983, -39.0442 ] } },
{ "type": "Feature", "properties": { "class": "port", "longitude": 174.2944513, "latitude": -35.59503105, "Id": 2083, "Code": null, "Name": null }, "geometry": { "type": "Point", "coordinates": [ 174.2944513, -35.59503105 ] } },
{ "type": "Feature", "properties": { "class": "port", "longitude": 174.732, "latitude": -38.1502, "Id": 2084, "Code": null, "Name": null }, "geometry": { "type": "Point", "coordinates": [ 174.732, -38.1502 ] } },
{ "type": "Feature", "properties": { "class": "port", "longitude": 174.7833, "latitude": -41.2833, "Id": 2085, "Code": null, "Name": null }, "geometry": { "type": "Point", "coordinates": [ 174.7833, -41.2833 ] } },
{ "type": "Feature", "properties": { "class": "port", "longitude": 175.9667, "latitude": -1.3167, "Id": 2086, "Code": null, "Name": null }, "geometry": { "type": "Point", "coordinates": [ 175.9667, -1.3167 ] } },
{ "type": "Feature", "properties": { "class": "port", "longitude": 176.1711325, "latitude": -37.63551229, "Id": 2087, "Code": null, "Name": null }, "geometry": { "type": "Point", "coordinates": [ 176.1711325, -37.63551229 ] } },
{ "type": "Feature", "properties": { "class": "port", "longitude": 176.9167, "latitude": -39.4833, "Id": 2088, "Code": null, "Name": null }, "geometry": { "type": "Point", "coordinates": [ 176.9167, -39.4833 ] } },
{ "type": "Feature", "properties": { "class": "port", "longitude": 177.4195369, "latitude": -17.64109731, "Id": 2089, "Code": null, "Name": null }, "geometry": { "type": "Point", "coordinates": [ 177.4195369, -17.64109731 ] } },
{ "type": "Feature", "properties": { "class": "port", "longitude": 177.5326108, "latitude": 64.74047604, "Id": 2090, "Code": null, "Name": null }, "geometry": { "type": "Point", "coordinates": [ 177.532610799999986, 64.74047604 ] } },
{ "type": "Feature", "properties": { "class": "port", "longitude": 177.9893, "latitude": -38.67587, "Id": 2091, "Code": null, "Name": null }, "geometry": { "type": "Point", "coordinates": [ 177.9893, -38.67587 ] } },
{ "type": "Feature", "properties": { "class": "port", "longitude": 178.4167, "latitude": -18.1333, "Id": 2092, "Code": null, "Name": null }, "geometry": { "type": "Point", "coordinates": [ 178.4167, -18.1333 ] } },
{ "type": "Feature", "properties": { "class": "port", "longitude": 178.68772, "latitude": -16.99455, "Id": 2093, "Code": null, "Name": null }, "geometry": { "type": "Point", "coordinates": [ 178.68772, -16.99455 ] } },
{ "type": "Feature", "properties": { "class": "port", "longitude": 179.1897, "latitude": -8.49767, "Id": 2094, "Code": null, "Name": null }, "geometry": { "type": "Point", "coordinates": [ 179.1897, -8.49767 ] } },
{ "type": "Feature", "properties": { "class": "port", "longitude": 179.3431646, "latitude": -16.57104303, "Id": 2095, "Code": null, "Name": null }, "geometry": { "type": "Point", "coordinates": [ 179.3431646, -16.57104303 ] } },
{ "type": "Feature", "properties": { "class": "port", "longitude": 179.3445, "latitude": 63.05473, "Id": 2096, "Code": null, "Name": null }, "geometry": { "type": "Point", "coordinates": [ 179.3445, 63.05473 ] } },
{ "type": "Feature", "properties": { "class": "country", "longitude": 134.4909973, "latitude": -25.7332993, "Id": 2097, "Code": "aus", "Name": "Australia" }, "geometry": { "type": "Point", "coordinates": [ 134.4909973, -25.7332993 ] } },
{ "type": "Feature", "properties": { "class": "country", "longitude": 171.6040039, "latitude": -41.837101, "Id": 2098, "Code": "nzl", "Name": "New Zealand" }, "geometry": { "type": "Point", "coordinates": [ 171.6040039, -41.837101 ] } },
{ "type": "Feature", "properties": { "class": "country", "longitude": 143.0690002, "latitude": -7.7979898, "Id": 2099, "Code": "xoc", "Name": "Rest of Oceania" }, "geometry": { "type": "Point", "coordinates": [ 143.0690002, -7.7979898 ] } },
{ "type": "Feature", "properties": { "class": "country", "longitude": 103.8349991, "latitude": 36.5633011, "Id": 2100, "Code": "chn", "Name": "China" }, "geometry": { "type": "Point", "coordinates": [ 103.8349991, 36.5633011 ] } },
{ "type": "Feature", "properties": { "class": "country", "longitude": 114.1119995, "latitude": 22.3766003, "Id": 2101, "Code": "hkg", "Name": "Hong Kong" }, "geometry": { "type": "Point", "coordinates": [ 114.1119995, 22.3766003 ] } },
{ "type": "Feature", "properties": { "class": "country", "longitude": 137.973999, "latitude": 37.5397987, "Id": 2102, "Code": "jpn", "Name": "Japan" }, "geometry": { "type": "Point", "coordinates": [ 137.973999, 37.5397987 ] } },
{ "type": "Feature", "properties": { "class": "country", "longitude": 127.8290024, "latitude": 36.3676987, "Id": 2103, "Code": "kor", "Name": "Korea Republic of" }, "geometry": { "type": "Point", "coordinates": [ 127.8290024, 36.3676987 ] } },
{ "type": "Feature", "properties": { "class": "country", "longitude": 103.0830002, "latitude": 46.8352013, "Id": 2104, "Code": "mng", "Name": "Mongolia" }, "geometry": { "type": "Point", "coordinates": [ 103.0830002, 46.8352013 ] } },
{ "type": "Feature", "properties": { "class": "country", "longitude": 120.9459991, "latitude": 23.7537003, "Id": 2105, "Code": "twn", "Name": "Taiwan" }, "geometry": { "type": "Point", "coordinates": [ 120.9459991, 23.7537003 ] } },
{ "type": "Feature", "properties": { "class": "country", "longitude": 127.1800003, "latitude": 40.1419983, "Id": 2106, "Code": "xea", "Name": "Rest of East Asia" }, "geometry": { "type": "Point", "coordinates": [ 127.1800003, 40.1419983 ] } },
{ "type": "Feature", "properties": { "class": "country", "longitude": 114.7610016, "latitude": 4.5214801, "Id": 2107, "Code": "brn", "Name": "Brunei Darussalam" }, "geometry": { "type": "Point", "coordinates": [ 114.7610016, 4.5214801 ] } },
{ "type": "Feature", "properties": { "class": "country", "longitude": 104.9209976, "latitude": 12.7139997, "Id": 2108, "Code": "khm", "Name": "Cambodia" }, "geometry": { "type": "Point", "coordinates": [ 104.9209976, 12.7139997 ] } },
{ "type": "Feature", "properties": { "class": "country", "longitude": 117.3119965, "latitude": -2.2298701, "Id": 2109, "Code": "idn", "Name": "Indonesia" }, "geometry": { "type": "Point", "coordinates": [ 117.3119965, -2.2298701 ] } },
{ "type": "Feature", "properties": { "class": "country", "longitude": 103.7630005, "latitude": 18.5025005, "Id": 2110, "Code": "lao", "Name": "Lao Peoples Democratic Republic" }, "geometry": { "type": "Point", "coordinates": [ 103.7630005, 18.5025005 ] } },
{ "type": "Feature", "properties": { "class": "country", "longitude": 109.711998, "latitude": 3.7938299, "Id": 2111, "Code": "mys", "Name": "Malaysia" }, "geometry": { "type": "Point", "coordinates": [ 109.711998, 3.7938299 ] } },
{ "type": "Feature", "properties": { "class": "country", "longitude": 122.8740005, "latitude": 11.7474003, "Id": 2112, "Code": "phl", "Name": "Philippines" }, "geometry": { "type": "Point", "coordinates": [ 122.8740005, 11.7474003 ] } },
{ "type": "Feature", "properties": { "class": "country", "longitude": 103.8079987, "latitude": 1.35118, "Id": 2113, "Code": "sgp", "Name": "Singapore" }, "geometry": { "type": "Point", "coordinates": [ 103.8079987, 1.35118 ] } },
{ "type": "Feature", "properties": { "class": "country", "longitude": 101.0149994, "latitude": 15.1198997, "Id": 2114, "Code": "tha", "Name": "Thailand" }, "geometry": { "type": "Point", "coordinates": [ 101.0149994, 15.1198997 ] } },
{ "type": "Feature", "properties": { "class": "country", "longitude": 106.3040009, "latitude": 16.6515999, "Id": 2115, "Code": "vnm", "Name": "Viet Nam" }, "geometry": { "type": "Point", "coordinates": [ 106.3040009, 16.6515999 ] } },
{ "type": "Feature", "properties": { "class": "country", "longitude": 97.1044998, "latitude": 20.5323009, "Id": 2116, "Code": "xse", "Name": "Rest of Southeast Asia" }, "geometry": { "type": "Point", "coordinates": [ 97.1044998, 20.5323009 ] } },
{ "type": "Feature", "properties": { "class": "country", "longitude": 90.2708969, "latitude": 23.8330002, "Id": 2117, "Code": "bgd", "Name": "Bangladesh" }, "geometry": { "type": "Point", "coordinates": [ 90.2708969, 23.8330002 ] } },
{ "type": "Feature", "properties": { "class": "country", "longitude": 79.6187973, "latitude": 22.8813, "Id": 2118, "Code": "ind", "Name": "India" }, "geometry": { "type": "Point", "coordinates": [ 79.6187973, 22.8813 ] } },
{ "type": "Feature", "properties": { "class": "country", "longitude": 83.9384995, "latitude": 28.2530003, "Id": 2119, "Code": "npl", "Name": "Nepal" }, "geometry": { "type": "Point", "coordinates": [ 83.9384995, 28.2530003 ] } },
{ "type": "Feature", "properties": { "class": "country", "longitude": 69.3858032, "latitude": 29.9668007, "Id": 2120, "Code": "pak", "Name": "Pakistan" }, "geometry": { "type": "Point", "coordinates": [ 69.3858032, 29.9668007 ] } },
{ "type": "Feature", "properties": { "class": "country", "longitude": 80.7042999, "latitude": 7.61236, "Id": 2121, "Code": "lka", "Name": "Sri Lanka" }, "geometry": { "type": "Point", "coordinates": [ 80.7042999, 7.61236 ] } },
{ "type": "Feature", "properties": { "class": "country", "longitude": 67.368103, "latitude": 33.4808006, "Id": 2122, "Code": "xsa", "Name": "Rest of South Asia" }, "geometry": { "type": "Point", "coordinates": [ 67.368103, 33.4808006 ] } },
{ "type": "Feature", "properties": { "class": "country", "longitude": -98.2609024, "latitude": 61.3931007, "Id": 2123, "Code": "can", "Name": "Canada" }, "geometry": { "type": "Point", "coordinates": [ -98.2609024, 61.3931007 ] } },
{ "type": "Feature", "properties": { "class": "country", "longitude": -112.4940033, "latitude": 45.6954994, "Id": 2124, "Code": "usa", "Name": "United States of America" }, "geometry": { "type": "Point", "coordinates": [ -112.4940033, 45.6954994 ] } },
{ "type": "Feature", "properties": { "class": "country", "longitude": -102.5350037, "latitude": 23.9508991, "Id": 2125, "Code": "mex", "Name": "Mexico" }, "geometry": { "type": "Point", "coordinates": [ -102.5350037, 23.9508991 ] } },
{ "type": "Feature", "properties": { "class": "country", "longitude": -41.3917999, "latitude": 74.7173996, "Id": 2126, "Code": "xna", "Name": "Rest of North America" }, "geometry": { "type": "Point", "coordinates": [ -41.3917999, 74.7173996 ] } },
{ "type": "Feature", "properties": { "class": "country", "longitude": -65.1675034, "latitude": -35.3767014, "Id": 2127, "Code": "arg", "Name": "Argentina" }, "geometry": { "type": "Point", "coordinates": [ -65.1675034, -35.3767014 ] } },
{ "type": "Feature", "properties": { "class": "country", "longitude": -64.6705017, "latitude": -16.7150993, "Id": 2128, "Code": "bol", "Name": "Bolivia" }, "geometry": { "type": "Point", "coordinates": [ -64.6705017, -16.7150993 ] } },
{ "type": "Feature", "properties": { "class": "country", "longitude": -53.0887985, "latitude": -10.7722998, "Id": 2129, "Code": "bra", "Name": "Brazil" }, "geometry": { "type": "Point", "coordinates": [ -53.0887985, -10.7722998 ] } },
{ "type": "Feature", "properties": { "class": "country", "longitude": -71.3800964, "latitude": -37.8680992, "Id": 2130, "Code": "chl", "Name": "Chile" }, "geometry": { "type": "Point", "coordinates": [ -71.3800964, -37.8680992 ] } },
{ "type": "Feature", "properties": { "class": "country", "longitude": -73.075798, "latitude": 3.9003699, "Id": 2131, "Code": "col", "Name": "Colombia" }, "geometry": { "type": "Point", "coordinates": [ -73.075798, 3.9003699 ] } },
{ "type": "Feature", "properties": { "class": "country", "longitude": -78.7809982, "latitude": -1.42528, "Id": 2132, "Code": "ecu", "Name": "Ecuador" }, "geometry": { "type": "Point", "coordinates": [ -78.7809982, -1.42528 ] } },
{ "type": "Feature", "properties": { "class": "country", "longitude": -58.3909988, "latitude": -23.2360992, "Id": 2133, "Code": "pry", "Name": "Paraguay" }, "geometry": { "type": "Point", "coordinates": [ -58.3909988, -23.2360992 ] } },
{ "type": "Feature", "properties": { "class": "country", "longitude": -74.3753967, "latitude": -9.1637697, "Id": 2134, "Code": "per", "Name": "Peru" }, "geometry": { "type": "Point", "coordinates": [ -74.3753967, -9.1637697 ] } },
{ "type": "Feature", "properties": { "class": "country", "longitude": -56.0121994, "latitude": -32.7995987, "Id": 2135, "Code": "ury", "Name": "Uruguay" }, "geometry": { "type": "Point", "coordinates": [ -56.0121994, -32.7995987 ] } },
{ "type": "Feature", "properties": { "class": "country", "longitude": -66.1661987, "latitude": 7.1249399, "Id": 2136, "Code": "ven", "Name": "Venezuela" }, "geometry": { "type": "Point", "coordinates": [ -66.1661987, 7.1249399 ] } },
{ "type": "Feature", "properties": { "class": "country", "longitude": -56.6744995, "latitude": 1.2958, "Id": 2137, "Code": "xsm", "Name": "Rest of South America" }, "geometry": { "type": "Point", "coordinates": [ -56.6744995, 1.2958 ] } },
{ "type": "Feature", "properties": { "class": "country", "longitude": -84.189003, "latitude": 9.97052, "Id": 2138, "Code": "cri", "Name": "Costa Rica" }, "geometry": { "type": "Point", "coordinates": [ -84.189003, 9.97052 ] } },
{ "type": "Feature", "properties": { "class": "country", "longitude": -90.3569031, "latitude": 15.7023001, "Id": 2139, "Code": "gtm", "Name": "Guatemala" }, "geometry": { "type": "Point", "coordinates": [ -90.3569031, 15.7023001 ] } },
{ "type": "Feature", "properties": { "class": "country", "longitude": -86.6196976, "latitude": 14.8192997, "Id": 2140, "Code": "hnd", "Name": "Honduras" }, "geometry": { "type": "Point", "coordinates": [ -86.6196976, 14.8192997 ] } },
{ "type": "Feature", "properties": { "class": "country", "longitude": -85.0337982, "latitude": 12.8401003, "Id": 2141, "Code": "nic", "Name": "Nicaragua" }, "geometry": { "type": "Point", "coordinates": [ -85.0337982, 12.8401003 ] } },
{ "type": "Feature", "properties": { "class": "country", "longitude": -80.1091003, "latitude": 8.5054398, "Id": 2142, "Code": "pan", "Name": "Panama" }, "geometry": { "type": "Point", "coordinates": [ -80.1091003, 8.5054398 ] } },
{ "type": "Feature", "properties": { "class": "country", "longitude": -88.8656006, "latitude": 13.7361002, "Id": 2143, "Code": "slv", "Name": "El Salvador" }, "geometry": { "type": "Point", "coordinates": [ -88.8656006, 13.7361002 ] } },
{ "type": "Feature", "properties": { "class": "country", "longitude": -88.6828003, "latitude": 17.2185001, "Id": 2144, "Code": "xca", "Name": "Rest of Central America" }, "geometry": { "type": "Point", "coordinates": [ -88.6828003, 17.2185001 ] } },
{ "type": "Feature", "properties": { "class": "country", "longitude": -70.4853973, "latitude": 18.8931007, "Id": 2145, "Code": "dom", "Name": "Dominican Republic" }, "geometry": { "type": "Point", "coordinates": [ -70.4853973, 18.8931007 ] } },
{ "type": "Feature", "properties": { "class": "country", "longitude": -77.3197021, "latitude": 18.1513004, "Id": 2146, "Code": "jam", "Name": "Jamaica" }, "geometry": { "type": "Point", "coordinates": [ -77.3197021, 18.1513004 ] } },
{ "type": "Feature", "properties": { "class": "country", "longitude": -66.4661026, "latitude": 18.2208996, "Id": 2147, "Code": "pri", "Name": "Puerto Rico" }, "geometry": { "type": "Point", "coordinates": [ -66.4661026, 18.2208996 ] } },
{ "type": "Feature", "properties": { "class": "country", "longitude": -61.2526016, "latitude": 10.4684, "Id": 2148, "Code": "tto", "Name": "Trinidad and Tobago" }, "geometry": { "type": "Point", "coordinates": [ -61.2526016, 10.4684 ] } },
{ "type": "Feature", "properties": { "class": "country", "longitude": -77.2416, "latitude": 21.1886997, "Id": 2149, "Code": "xcb", "Name": "Caribbean" }, "geometry": { "type": "Point", "coordinates": [ -77.2416, 21.1886997 ] } },
{ "type": "Feature", "properties": { "class": "country", "longitude": 14.1400003, "latitude": 47.5929985, "Id": 2150, "Code": "aut", "Name": "Austria" }, "geometry": { "type": "Point", "coordinates": [ 14.1400003, 47.5929985 ] } },
{ "type": "Feature", "properties": { "class": "country", "longitude": 4.66435, "latitude": 50.6430016, "Id": 2151, "Code": "bel", "Name": "Belgium" }, "geometry": { "type": "Point", "coordinates": [ 4.66435, 50.6430016 ] } },
{ "type": "Feature", "properties": { "class": "country", "longitude": 25.2313995, "latitude": 42.7613983, "Id": 2152, "Code": "bgr", "Name": "Bulgaria" }, "geometry": { "type": "Point", "coordinates": [ 25.2313995, 42.7613983 ] } },
{ "type": "Feature", "properties": { "class": "country", "longitude": 16.4069004, "latitude": 45.0442009, "Id": 2153, "Code": "hrv", "Name": "Croatia" }, "geometry": { "type": "Point", "coordinates": [ 16.4069004, 45.0442009 ] } },
{ "type": "Feature", "properties": { "class": "country", "longitude": 33.2186012, "latitude": 35.0429993, "Id": 2154, "Code": "cyp", "Name": "Cyprus" }, "geometry": { "type": "Point", "coordinates": [ 33.2186012, 35.0429993 ] } },
{ "type": "Feature", "properties": { "class": "country", "longitude": 15.3382998, "latitude": 49.743, "Id": 2155, "Code": "cze", "Name": "Czech Republic" }, "geometry": { "type": "Point", "coordinates": [ 15.3382998, 49.743 ] } },
{ "type": "Feature", "properties": { "class": "country", "longitude": 10.0508003, "latitude": 55.9622993, "Id": 2156, "Code": "dnk", "Name": "Denmark" }, "geometry": { "type": "Point", "coordinates": [ 10.0508003, 55.9622993 ] } },
{ "type": "Feature", "properties": { "class": "country", "longitude": 25.5258007, "latitude": 58.6739998, "Id": 2157, "Code": "est", "Name": "Estonia" }, "geometry": { "type": "Point", "coordinates": [ 25.5258007, 58.6739998 ] } },
{ "type": "Feature", "properties": { "class": "country", "longitude": 26.2591, "latitude": 64.4944992, "Id": 2158, "Code": "fin", "Name": "Finland" }, "geometry": { "type": "Point", "coordinates": [ 26.2591, 64.4944992 ] } },
{ "type": "Feature", "properties": { "class": "country", "longitude": 2.50053, "latitude": 46.2094994, "Id": 2159, "Code": "fra", "Name": "France" }, "geometry": { "type": "Point", "coordinates": [ 2.50053, 46.2094994 ] } },
{ "type": "Feature", "properties": { "class": "country", "longitude": 10.3922997, "latitude": 51.110199, "Id": 2160, "Code": "deu", "Name": "Germany" }, "geometry": { "type": "Point", "coordinates": [ 10.3922997, 51.110199 ] } },
{ "type": "Feature", "properties": { "class": "country", "longitude": 22.9880009, "latitude": 39.0444984, "Id": 2161, "Code": "grc", "Name": "Greece" }, "geometry": { "type": "Point", "coordinates": [ 22.9880009, 39.0444984 ] } },
{ "type": "Feature", "properties": { "class": "country", "longitude": 19.4134998, "latitude": 47.1665001, "Id": 2162, "Code": "hun", "Name": "Hungary" }, "geometry": { "type": "Point", "coordinates": [ 19.4134998, 47.1665001 ] } },
{ "type": "Feature", "properties": { "class": "country", "longitude": -8.1515799, "latitude": 53.1771011, "Id": 2163, "Code": "irl", "Name": "Ireland" }, "geometry": { "type": "Point", "coordinates": [ -8.1515799, 53.1771011 ] } },
{ "type": "Feature", "properties": { "class": "country", "longitude": 12.0717001, "latitude": 42.7911987, "Id": 2164, "Code": "ita", "Name": "Italy" }, "geometry": { "type": "Point", "coordinates": [ 12.0717001, 42.7911987 ] } },
{ "type": "Feature", "properties": { "class": "country", "longitude": 24.9291992, "latitude": 56.8577003, "Id": 2165, "Code": "lva", "Name": "Latvia" }, "geometry": { "type": "Point", "coordinates": [ 24.9291992, 56.8577003 ] } },
{ "type": "Feature", "properties": { "class": "country", "longitude": 23.8967991, "latitude": 55.3358002, "Id": 2166, "Code": "ltu", "Name": "Lithuania" }, "geometry": { "type": "Point", "coordinates": [ 23.8967991, 55.3358002 ] } },
{ "type": "Feature", "properties": { "class": "country", "longitude": 6.0875401, "latitude": 49.7709999, "Id": 2167, "Code": "lux", "Name": "Luxembourg" }, "geometry": { "type": "Point", "coordinates": [ 6.0875401, 49.7709999 ] } },
{ "type": "Feature", "properties": { "class": "country", "longitude": 14.4046001, "latitude": 35.9203987, "Id": 2168, "Code": "mlt", "Name": "Malta" }, "geometry": { "type": "Point", "coordinates": [ 14.4046001, 35.9203987 ] } },
{ "type": "Feature", "properties": { "class": "country", "longitude": 5.6009998, "latitude": 52.2536011, "Id": 2169, "Code": "nld", "Name": "Netherlands" }, "geometry": { "type": "Point", "coordinates": [ 5.6009998, 52.2536011 ] } },
{ "type": "Feature", "properties": { "class": "country", "longitude": 19.4008999, "latitude": 52.1246986, "Id": 2170, "Code": "pol", "Name": "Poland" }, "geometry": { "type": "Point", "coordinates": [ 19.4008999, 52.1246986 ] } },
{ "type": "Feature", "properties": { "class": "country", "longitude": -8.4673595, "latitude": 39.6026993, "Id": 2171, "Code": "prt", "Name": "Portugal" }, "geometry": { "type": "Point", "coordinates": [ -8.4673595, 39.6026993 ] } },
{ "type": "Feature", "properties": { "class": "country", "longitude": 24.9692001, "latitude": 45.8436012, "Id": 2172, "Code": "rou", "Name": "Romania" }, "geometry": { "type": "Point", "coordinates": [ 24.9692001, 45.8436012 ] } },
{ "type": "Feature", "properties": { "class": "country", "longitude": 19.4913998, "latitude": 48.7074013, "Id": 2173, "Code": "svk", "Name": "Slovakia" }, "geometry": { "type": "Point", "coordinates": [ 19.4913998, 48.7074013 ] } },
{ "type": "Feature", "properties": { "class": "country", "longitude": 14.8270998, "latitude": 46.1236, "Id": 2174, "Code": "svn", "Name": "Slovenia" }, "geometry": { "type": "Point", "coordinates": [ 14.8270998, 46.1236 ] } },
{ "type": "Feature", "properties": { "class": "country", "longitude": -3.6493101, "latitude": 40.2275009, "Id": 2175, "Code": "esp", "Name": "Spain" }, "geometry": { "type": "Point", "coordinates": [ -3.6493101, 40.2275009 ] } },
{ "type": "Feature", "properties": { "class": "country", "longitude": 16.7411995, "latitude": 62.7877007, "Id": 2176, "Code": "swe", "Name": "Sweden" }, "geometry": { "type": "Point", "coordinates": [ 16.7411995, 62.7877007 ] } },
{ "type": "Feature", "properties": { "class": "country", "longitude": -2.9005001, "latitude": 54.1601982, "Id": 2177, "Code": "gbr", "Name": "United Kingdom" }, "geometry": { "type": "Point", "coordinates": [ -2.9005001, 54.1601982 ] } },
{ "type": "Feature", "properties": { "class": "country", "longitude": 8.23458, "latitude": 46.8026009, "Id": 2178, "Code": "che", "Name": "Switzerland" }, "geometry": { "type": "Point", "coordinates": [ 8.23458, 46.8026009 ] } },
{ "type": "Feature", "properties": { "class": "country", "longitude": 15.3767996, "latitude": 68.8022995, "Id": 2179, "Code": "nor", "Name": "Norway" }, "geometry": { "type": "Point", "coordinates": [ 15.3767996, 68.8022995 ] } },
{ "type": "Feature", "properties": { "class": "country", "longitude": -18.5757999, "latitude": 64.9786987, "Id": 2180, "Code": "xef", "Name": "Rest of EFTA" }, "geometry": { "type": "Point", "coordinates": [ -18.5757999, 64.9786987 ] } },
{ "type": "Feature", "properties": { "class": "country", "longitude": 20.0683994, "latitude": 41.1425018, "Id": 2181, "Code": "alb", "Name": "Albania" }, "geometry": { "type": "Point", "coordinates": [ 20.0683994, 41.1425018 ] } },
{ "type": "Feature", "properties": { "class": "country", "longitude": 28.0470009, "latitude": 53.5401993, "Id": 2182, "Code": "blr", "Name": "Belarus" }, "geometry": { "type": "Point", "coordinates": [ 28.0470009, 53.5401993 ] } },
{ "type": "Feature", "properties": { "class": "country", "longitude": 96.6893997, "latitude": 61.9882011, "Id": 2183, "Code": "rus", "Name": "Russian Federation" }, "geometry": { "type": "Point", "coordinates": [ 96.6893997, 61.9882011 ] } },
{ "type": "Feature", "properties": { "class": "country", "longitude": 31.3878002, "latitude": 49.0161018, "Id": 2184, "Code": "ukr", "Name": "Ukraine" }, "geometry": { "type": "Point", "coordinates": [ 31.3878002, 49.0161018 ] } },
{ "type": "Feature", "properties": { "class": "country", "longitude": 28.4743004, "latitude": 47.1932983, "Id": 2185, "Code": "xee", "Name": "Rest of Eastern Europe" }, "geometry": { "type": "Point", "coordinates": [ 28.4743004, 47.1932983 ] } },
{ "type": "Feature", "properties": { "class": "country", "longitude": 19.3887005, "latitude": 43.9379005, "Id": 2186, "Code": "xer", "Name": "Rest of Europe" }, "geometry": { "type": "Point", "coordinates": [ 19.3887005, 43.9379005 ] } },
{ "type": "Feature", "properties": { "class": "country", "longitude": 67.3013, "latitude": 48.1599998, "Id": 2187, "Code": "kaz", "Name": "Kazakhstan" }, "geometry": { "type": "Point", "coordinates": [ 67.3013, 48.1599998 ] } },
{ "type": "Feature", "properties": { "class": "country", "longitude": 74.5554962, "latitude": 41.464901, "Id": 2188, "Code": "kgz", "Name": "Kyrgyzstan" }, "geometry": { "type": "Point", "coordinates": [ 74.5554962, 41.464901 ] } },
{ "type": "Feature", "properties": { "class": "country", "longitude": 71.0421982, "latitude": 38.5278015, "Id": 2189, "Code": "tjk", "Name": "Tajikistan" }, "geometry": { "type": "Point", "coordinates": [ 71.0421982, 38.5278015 ] } },
{ "type": "Feature", "properties": { "class": "country", "longitude": 61.2613983, "latitude": 40.4258003, "Id": 2190, "Code": "xsu", "Name": "Rest of Former Soviet Union" }, "geometry": { "type": "Point", "coordinates": [ 61.2613983, 40.4258003 ] } },
{ "type": "Feature", "properties": { "class": "country", "longitude": 44.9478989, "latitude": 40.2863998, "Id": 2191, "Code": "arm", "Name": "Armenia" }, "geometry": { "type": "Point", "coordinates": [ 44.9478989, 40.2863998 ] } },
{ "type": "Feature", "properties": { "class": "country", "longitude": 47.532299, "latitude": 40.2921982, "Id": 2192, "Code": "aze", "Name": "Azerbaijan" }, "geometry": { "type": "Point", "coordinates": [ 47.532299, 40.2921982 ] } },
{ "type": "Feature", "properties": { "class": "country", "longitude": 43.517601, "latitude": 42.1763, "Id": 2193, "Code": "geo", "Name": "Georgia" }, "geometry": { "type": "Point", "coordinates": [ 43.517601, 42.1763 ] } },
{ "type": "Feature", "properties": { "class": "country", "longitude": 50.5625, "latitude": 26.0195007, "Id": 2194, "Code": "bhr", "Name": "Bahrain" }, "geometry": { "type": "Point", "coordinates": [ 50.5625, 26.0195007 ] } },
{ "type": "Feature", "properties": { "class": "country", "longitude": 54.3013992, "latitude": 32.5648003, "Id": 2195, "Code": "irn", "Name": "Iran Islamic Republic of" }, "geometry": { "type": "Point", "coordinates": [ 54.3013992, 32.5648003 ] } },
{ "type": "Feature", "properties": { "class": "country", "longitude": 34.9659996, "latitude": 31.3581009, "Id": 2196, "Code": "isr", "Name": "Israel" }, "geometry": { "type": "Point", "coordinates": [ 34.9659996, 31.3581009 ] } },
{ "type": "Feature", "properties": { "class": "country", "longitude": 36.7868996, "latitude": 31.2534008, "Id": 2197, "Code": "jor", "Name": "Jordan" }, "geometry": { "type": "Point", "coordinates": [ 36.7868996, 31.2534008 ] } },
{ "type": "Feature", "properties": { "class": "country", "longitude": 47.5936012, "latitude": 29.3425007, "Id": 2198, "Code": "kwt", "Name": "Kuwait" }, "geometry": { "type": "Point", "coordinates": [ 47.5936012, 29.3425007 ] } },
{ "type": "Feature", "properties": { "class": "country", "longitude": 56.1100998, "latitude": 20.6023998, "Id": 2199, "Code": "omn", "Name": "Oman" }, "geometry": { "type": "Point", "coordinates": [ 56.1100998, 20.6023998 ] } },
{ "type": "Feature", "properties": { "class": "country", "longitude": 51.1912003, "latitude": 25.3157997, "Id": 2200, "Code": "qat", "Name": "Qatar" }, "geometry": { "type": "Point", "coordinates": [ 51.1912003, 25.3157997 ] } },
{ "type": "Feature", "properties": { "class": "country", "longitude": 44.5850983, "latitude": 24.0233994, "Id": 2201, "Code": "sau", "Name": "Saudi Arabia" }, "geometry": { "type": "Point", "coordinates": [ 44.5850983, 24.0233994 ] } },
{ "type": "Feature", "properties": { "class": "country", "longitude": 35.1791992, "latitude": 39.0606003, "Id": 2202, "Code": "tur", "Name": "Turkey" }, "geometry": { "type": "Point", "coordinates": [ 35.1791992, 39.0606003 ] } },
{ "type": "Feature", "properties": { "class": "country", "longitude": 54.3321991, "latitude": 23.9127007, "Id": 2203, "Code": "are", "Name": "United Arab Emirates" }, "geometry": { "type": "Point", "coordinates": [ 54.3321991, 23.9127007 ] } },
{ "type": "Feature", "properties": { "class": "country", "longitude": 44.0480995, "latitude": 27.1338997, "Id": 2204, "Code": "xws", "Name": "Rest of Western Asia" }, "geometry": { "type": "Point", "coordinates": [ 44.0480995, 27.1338997 ] } },
{ "type": "Feature", "properties": { "class": "country", "longitude": 29.8722992, "latitude": 26.4941006, "Id": 2205, "Code": "egy", "Name": "Egypt" }, "geometry": { "type": "Point", "coordinates": [ 29.8722992, 26.4941006 ] } },
{ "type": "Feature", "properties": { "class": "country", "longitude": -6.3178, "latitude": 31.8836002, "Id": 2206, "Code": "mar", "Name": "Morocco" }, "geometry": { "type": "Point", "coordinates": [ -6.3178, 31.8836002 ] } },
{ "type": "Feature", "properties": { "class": "country", "longitude": 9.5615597, "latitude": 34.1111984, "Id": 2207, "Code": "tun", "Name": "Tunisia" }, "geometry": { "type": "Point", "coordinates": [ 9.5615597, 34.1111984 ] } },
{ "type": "Feature", "properties": { "class": "country", "longitude": 7.5413799, "latitude": 27.5163994, "Id": 2208, "Code": "xnf", "Name": "Rest of North Africa" }, "geometry": { "type": "Point", "coordinates": [ 7.5413799, 27.5163994 ] } },
{ "type": "Feature", "properties": { "class": "country", "longitude": 2.34326, "latitude": 9.6476498, "Id": 2209, "Code": "ben", "Name": "Benin" }, "geometry": { "type": "Point", "coordinates": [ 2.34326, 9.6476498 ] } },
{ "type": "Feature", "properties": { "class": "country", "longitude": -1.73984, "latitude": 12.2778997, "Id": 2210, "Code": "bfa", "Name": "Burkina Faso" }, "geometry": { "type": "Point", "coordinates": [ -1.73984, 12.2778997 ] } },
{ "type": "Feature", "properties": { "class": "country", "longitude": 12.7433004, "latitude": 5.6858001, "Id": 2211, "Code": "cmr", "Name": "Cameroon" }, "geometry": { "type": "Point", "coordinates": [ 12.7433004, 5.6858001 ] } },
{ "type": "Feature", "properties": { "class": "country", "longitude": -5.5555, "latitude": 7.6317301, "Id": 2212, "Code": "civ", "Name": "Cote dIvoire" }, "geometry": { "type": "Point", "coordinates": [ -5.5555, 7.6317301 ] } },
{ "type": "Feature", "properties": { "class": "country", "longitude": -1.20705, "latitude": 7.95964, "Id": 2213, "Code": "gha", "Name": "Ghana" }, "geometry": { "type": "Point", "coordinates": [ -1.20705, 7.95964 ] } },
{ "type": "Feature", "properties": { "class": "country", "longitude": -10.9418001, "latitude": 10.4385004, "Id": 2214, "Code": "gin", "Name": "Guinea" }, "geometry": { "type": "Point", "coordinates": [ -10.9418001, 10.4385004 ] } },
{ "type": "Feature", "properties": { "class": "country", "longitude": 8.10532, "latitude": 9.5936403, "Id": 2215, "Code": "nga", "Name": "Nigeria" }, "geometry": { "type": "Point", "coordinates": [ 8.10532, 9.5936403 ] } },
{ "type": "Feature", "properties": { "class": "country", "longitude": -14.4681997, "latitude": 14.3669996, "Id": 2216, "Code": "sen", "Name": "Senegal" }, "geometry": { "type": "Point", "coordinates": [ -14.4681997, 14.3669996 ] } },
{ "type": "Feature", "properties": { "class": "country", "longitude": 0.975846, "latitude": 8.5349102, "Id": 2217, "Code": "tgo", "Name": "Togo" }, "geometry": { "type": "Point", "coordinates": [ 0.975846, 8.5349102 ] } },
{ "type": "Feature", "properties": { "class": "country", "longitude": -1.79619, "latitude": 17.7019997, "Id": 2218, "Code": "xwf", "Name": "Rest of Western Africa" }, "geometry": { "type": "Point", "coordinates": [ -1.79619, 17.7019997 ] } },
{ "type": "Feature", "properties": { "class": "country", "longitude": 17.8568993, "latitude": 9.3076696, "Id": 2219, "Code": "xcf", "Name": "Central Africa" }, "geometry": { "type": "Point", "coordinates": [ 17.8568993, 9.3076696 ] } },
{ "type": "Feature", "properties": { "class": "country", "longitude": 21.4937992, "latitude": -6.20684, "Id": 2220, "Code": "xac", "Name": "South Central Africa" }, "geometry": { "type": "Point", "coordinates": [ 21.4937992, -6.20684 ] } },
{ "type": "Feature", "properties": { "class": "country", "longitude": 39.6160011, "latitude": 8.6261396, "Id": 2221, "Code": "eth", "Name": "Ethiopia" }, "geometry": { "type": "Point", "coordinates": [ 39.6160011, 8.6261396 ] } },
{ "type": "Feature", "properties": { "class": "country", "longitude": 37.8578987, "latitude": 0.529779, "Id": 2222, "Code": "ken", "Name": "Kenya" }, "geometry": { "type": "Point", "coordinates": [ 37.8578987, 0.529779 ] } },
{ "type": "Feature", "properties": { "class": "country", "longitude": 46.7060013, "latitude": -19.3735008, "Id": 2223, "Code": "mdg", "Name": "Madagascar" }, "geometry": { "type": "Point", "coordinates": [ 46.7060013, -19.3735008 ] } },
{ "type": "Feature", "properties": { "class": "country", "longitude": 34.3069992, "latitude": -13.2151003, "Id": 2224, "Code": "mwi", "Name": "Malawi" }, "geometry": { "type": "Point", "coordinates": [ 34.3069992, -13.2151003 ] } },
{ "type": "Feature", "properties": { "class": "country", "longitude": 57.8684998, "latitude": -20.1700993, "Id": 2225, "Code": "mus", "Name": "Mauritius" }, "geometry": { "type": "Point", "coordinates": [ 57.8684998, -20.1700993 ] } },
{ "type": "Feature", "properties": { "class": "country", "longitude": 35.5522995, "latitude": -17.2602005, "Id": 2226, "Code": "moz", "Name": "Mozambique" }, "geometry": { "type": "Point", "coordinates": [ 35.5522995, -17.2602005 ] } },
{ "type": "Feature", "properties": { "class": "country", "longitude": 29.9172001, "latitude": -1.99797, "Id": 2227, "Code": "rwa", "Name": "Rwanda" }, "geometry": { "type": "Point", "coordinates": [ 29.9172001, -1.99797 ] } },
{ "type": "Feature", "properties": { "class": "country", "longitude": 34.8233986, "latitude": -6.2701998, "Id": 2228, "Code": "tza", "Name": "Tanzania United Republic of" }, "geometry": { "type": "Point", "coordinates": [ 34.8233986, -6.2701998 ] } },
{ "type": "Feature", "properties": { "class": "country", "longitude": 32.3862, "latitude": 1.28009, "Id": 2229, "Code": "uga", "Name": "Uganda" }, "geometry": { "type": "Point", "coordinates": [ 32.3862, 1.28009 ] } },
{ "type": "Feature", "properties": { "class": "country", "longitude": 27.7978992, "latitude": -13.4531002, "Id": 2230, "Code": "zmb", "Name": "Zambia" }, "geometry": { "type": "Point", "coordinates": [ 27.7978992, -13.4531002 ] } },
{ "type": "Feature", "properties": { "class": "country", "longitude": 29.8717995, "latitude": -19.0, "Id": 2231, "Code": "zwe", "Name": "Zimbabwe" }, "geometry": { "type": "Point", "coordinates": [ 29.8717995, -19.0 ] } },
{ "type": "Feature", "properties": { "class": "country", "longitude": 33.4609985, "latitude": 12.2463999, "Id": 2232, "Code": "xec", "Name": "Rest of Eastern Africa" }, "geometry": { "type": "Point", "coordinates": [ 33.4609985, 12.2463999 ] } },
{ "type": "Feature", "properties": { "class": "country", "longitude": 23.8150997, "latitude": -22.1819992, "Id": 2233, "Code": "bwa", "Name": "Botswana" }, "geometry": { "type": "Point", "coordinates": [ 23.8150997, -22.1819992 ] } },
{ "type": "Feature", "properties": { "class": "country", "longitude": 17.2185001, "latitude": -22.1333008, "Id": 2234, "Code": "nam", "Name": "Namibia" }, "geometry": { "type": "Point", "coordinates": [ 17.2185001, -22.1333008 ] } },
{ "type": "Feature", "properties": { "class": "country", "longitude": 25.0932007, "latitude": -28.9995003, "Id": 2235, "Code": "zaf", "Name": "South Africa" }, "geometry": { "type": "Point", "coordinates": [ 25.0932007, -28.9995003 ] } },
{ "type": "Feature", "properties": { "class": "country", "longitude": 29.3913994, "latitude": -28.5154991, "Id": 2236, "Code": "xsc", "Name": "Rest of South African Customs Union" }, "geometry": { "type": "Point", "coordinates": [ 29.3913994, -28.5154991 ] } },
{ "type": "Feature", "properties": { "class": "country", "longitude": 21.3115997, "latitude": -80.4406967, "Id": 2237, "Code": "xtw", "Name": "Rest of the World" }, "geometry": { "type": "Point", "coordinates": [ 21.3115997, -80.4406967 ] } },
{ "type": "Feature", "properties": { "class": "maritime", "longitude": 10.656693654114147, "latitude": 68.888600390951837, "Id": 2238, "Code": null, "Name": null }, "geometry": { "type": "Point", "coordinates": [ 10.656693654114147, 68.888600390951837 ] } },
{ "type": "Feature", "properties": { "class": "maritime", "longitude": 9.7199332690975702, "latitude": 65.448246752982243, "Id": 2239, "Code": null, "Name": null }, "geometry": { "type": "Point", "coordinates": [ 9.71993326909757, 65.448246752982243 ] } },
{ "type": "Feature", "properties": { "class": "maritime", "longitude": 4.1872706352389262, "latitude": 62.163130453560811, "Id": 2240, "Code": null, "Name": null }, "geometry": { "type": "Point", "coordinates": [ 4.187270635238926, 62.163130453560811 ] } },
{ "type": "Feature", "properties": { "class": "maritime", "longitude": -5.1449606016349563, "latitude": 59.002172697018793, "Id": 2241, "Code": null, "Name": null }, "geometry": { "type": "Point", "coordinates": [ -5.144960601634955, 59.002172697018793 ] } },
{ "type": "Feature", "properties": { "class": "maritime", "longitude": -0.60573094399055705, "latitude": 59.002172697018793, "Id": 2242, "Code": null, "Name": null }, "geometry": { "type": "Point", "coordinates": [ -0.605730943990557, 59.002172697018793 ] } },
{ "type": "Feature", "properties": { "class": "maritime", "longitude": 3.9334987136538411, "latitude": 59.002172697018793, "Id": 2243, "Code": null, "Name": null }, "geometry": { "type": "Point", "coordinates": [ 3.933498713653841, 59.002172697018793 ] } },
{ "type": "Feature", "properties": { "class": "maritime", "longitude": 22.090417344231433, "latitude": 59.002172697018793, "Id": 2244, "Code": null, "Name": null }, "geometry": { "type": "Point", "coordinates": [ 22.090417344231433, 59.002172697018793 ] } },
{ "type": "Feature", "properties": { "class": "maritime", "longitude": -151.20373449014835, "latitude": 55.943425022583448, "Id": 2245, "Code": null, "Name": null }, "geometry": { "type": "Point", "coordinates": [ -151.203734490148349, 55.943425022583448 ] } },
{ "type": "Feature", "properties": { "class": "maritime", "longitude": -4.8779988824686242, "latitude": 55.943425022583448, "Id": 2246, "Code": null, "Name": null }, "geometry": { "type": "Point", "coordinates": [ -4.877998882468623, 55.943425022583448 ] } },
{ "type": "Feature", "properties": { "class": "maritime", "longitude": 3.7293973297478331, "latitude": 55.943425022583448, "Id": 2247, "Code": null, "Name": null }, "geometry": { "type": "Point", "coordinates": [ 3.729397329747833, 55.943425022583448 ] } },
{ "type": "Feature", "properties": { "class": "maritime", "longitude": 16.640491648072516, "latitude": 55.943425022583448, "Id": 2248, "Code": null, "Name": null }, "geometry": { "type": "Point", "coordinates": [ 16.640491648072516, 55.943425022583448 ] } },
{ "type": "Feature", "properties": { "class": "maritime", "longitude": 20.944189754180744, "latitude": 55.943425022583448, "Id": 2249, "Code": null, "Name": null }, "geometry": { "type": "Point", "coordinates": [ 20.944189754180744, 55.943425022583448 ] } },
{ "type": "Feature", "properties": { "class": "maritime", "longitude": 167.26992536186049, "latitude": 55.943425022583448, "Id": 2250, "Code": null, "Name": null }, "geometry": { "type": "Point", "coordinates": [ 167.269925361860487, 55.943425022583448 ] } },
{ "type": "Feature", "properties": { "class": "maritime", "longitude": -177.27584455094004, "latitude": 52.970591630113567, "Id": 2251, "Code": null, "Name": null }, "geometry": { "type": "Point", "coordinates": [ -177.275844550940036, 52.970591630113567 ] } },
{ "type": "Feature", "properties": { "class": "maritime", "longitude": -164.94602597360873, "latitude": 52.970591630113567, "Id": 2252, "Code": null, "Name": null }, "geometry": { "type": "Point", "coordinates": [ -164.946025973608727, 52.970591630113567 ] } },
{ "type": "Feature", "properties": { "class": "maritime", "longitude": -160.83608644783166, "latitude": 52.970591630113567, "Id": 2253, "Code": null, "Name": null }, "geometry": { "type": "Point", "coordinates": [ -160.836086447831633, 52.970591630113567 ] } },
{ "type": "Feature", "properties": { "class": "maritime", "longitude": -156.72614692205454, "latitude": 52.970591630113567, "Id": 2254, "Code": null, "Name": null }, "geometry": { "type": "Point", "coordinates": [ -156.726146922054539, 52.970591630113567 ] } },
{ "type": "Feature", "properties": { "class": "maritime", "longitude": -152.61620739627745, "latitude": 52.970591630113567, "Id": 2255, "Code": null, "Name": null }, "geometry": { "type": "Point", "coordinates": [ -152.616207396277446, 52.970591630113567 ] } },
{ "type": "Feature", "properties": { "class": "maritime", "longitude": -148.50626787050032, "latitude": 52.970591630113567, "Id": 2256, "Code": null, "Name": null }, "geometry": { "type": "Point", "coordinates": [ -148.506267870500324, 52.970591630113567 ] } },
{ "type": "Feature", "properties": { "class": "maritime", "longitude": -144.39632834472323, "latitude": 52.970591630113567, "Id": 2257, "Code": null, "Name": null }, "geometry": { "type": "Point", "coordinates": [ -144.39632834472323, 52.970591630113567 ] } },
{ "type": "Feature", "properties": { "class": "maritime", "longitude": -140.28638881894614, "latitude": 52.970591630113567, "Id": 2258, "Code": null, "Name": null }, "geometry": { "type": "Point", "coordinates": [ -140.286388818946136, 52.970591630113567 ] } },
{ "type": "Feature", "properties": { "class": "maritime", "longitude": 3.5614945832524301, "latitude": 52.970591630113567, "Id": 2259, "Code": null, "Name": null }, "geometry": { "type": "Point", "coordinates": [ 3.56149458325243, 52.970591630113567 ] } },
{ "type": "Feature", "properties": { "class": "maritime", "longitude": 167.95907561433648, "latitude": 52.970591630113567, "Id": 2260, "Code": null, "Name": null }, "geometry": { "type": "Point", "coordinates": [ 167.959075614336484, 52.970591630113567 ] } },
{ "type": "Feature", "properties": { "class": "maritime", "longitude": 176.1789546658907, "latitude": 52.970591630113567, "Id": 2261, "Code": null, "Name": null }, "geometry": { "type": "Point", "coordinates": [ 176.1789546658907, 52.970591630113567 ] } },
{ "type": "Feature", "properties": { "class": "maritime", "longitude": -178.17644321731842, "latitude": 50.071105542797362, "Id": 2262, "Code": null, "Name": null }, "geometry": { "type": "Point", "coordinates": [ -178.176443217318422, 50.071105542797362 ] } },
{ "type": "Feature", "properties": { "class": "maritime", "longitude": -174.22867346651543, "latitude": 50.071105542797362, "Id": 2263, "Code": null, "Name": null }, "geometry": { "type": "Point", "coordinates": [ -174.228673466515431, 50.071105542797362 ] } },
{ "type": "Feature", "properties": { "class": "maritime", "longitude": -170.28090371571244, "latitude": 50.071105542797362, "Id": 2264, "Code": null, "Name": null }, "geometry": { "type": "Point", "coordinates": [ -170.280903715712441, 50.071105542797362 ] } },
{ "type": "Feature", "properties": { "class": "maritime", "longitude": -166.33313396490948, "latitude": 50.071105542797362, "Id": 2265, "Code": null, "Name": null }, "geometry": { "type": "Point", "coordinates": [ -166.333133964909479, 50.071105542797362 ] } },
{ "type": "Feature", "properties": { "class": "maritime", "longitude": -162.38536421410652, "latitude": 50.071105542797362, "Id": 2266, "Code": null, "Name": null }, "geometry": { "type": "Point", "coordinates": [ -162.385364214106517, 50.071105542797362 ] } },
{ "type": "Feature", "properties": { "class": "maritime", "longitude": -158.43759446330353, "latitude": 50.071105542797362, "Id": 2267, "Code": null, "Name": null }, "geometry": { "type": "Point", "coordinates": [ -158.437594463303526, 50.071105542797362 ] } },
{ "type": "Feature", "properties": { "class": "maritime", "longitude": -154.48982471250056, "latitude": 50.071105542797362, "Id": 2268, "Code": null, "Name": null }, "geometry": { "type": "Point", "coordinates": [ -154.489824712500564, 50.071105542797362 ] } },
{ "type": "Feature", "properties": { "class": "maritime", "longitude": -150.54205496169757, "latitude": 50.071105542797362, "Id": 2269, "Code": null, "Name": null }, "geometry": { "type": "Point", "coordinates": [ -150.542054961697573, 50.071105542797362 ] } },
{ "type": "Feature", "properties": { "class": "maritime", "longitude": -146.59428521089461, "latitude": 50.071105542797362, "Id": 2270, "Code": null, "Name": null }, "geometry": { "type": "Point", "coordinates": [ -146.594285210894611, 50.071105542797362 ] } },
{ "type": "Feature", "properties": { "class": "maritime", "longitude": -142.64651546009162, "latitude": 50.071105542797362, "Id": 2271, "Code": null, "Name": null }, "geometry": { "type": "Point", "coordinates": [ -142.646515460091621, 50.071105542797362 ] } },
{ "type": "Feature", "properties": { "class": "maritime", "longitude": -138.69874570928866, "latitude": 50.071105542797362, "Id": 2272, "Code": null, "Name": null }, "geometry": { "type": "Point", "coordinates": [ -138.698745709288659, 50.071105542797362 ] } },
{ "type": "Feature", "properties": { "class": "maritime", "longitude": -134.75097595848567, "latitude": 50.071105542797362, "Id": 2273, "Code": null, "Name": null }, "geometry": { "type": "Point", "coordinates": [ -134.750975958485668, 50.071105542797362 ] } },
{ "type": "Feature", "properties": { "class": "maritime", "longitude": -130.80320620768271, "latitude": 50.071105542797362, "Id": 2274, "Code": null, "Name": null }, "geometry": { "type": "Point", "coordinates": [ -130.803206207682706, 50.071105542797362 ] } },
{ "type": "Feature", "properties": { "class": "maritime", "longitude": -63.691120444032123, "latitude": 50.071105542797362, "Id": 2275, "Code": null, "Name": null }, "geometry": { "type": "Point", "coordinates": [ -63.691120444032123, 50.071105542797362 ] } },
{ "type": "Feature", "properties": { "class": "maritime", "longitude": -59.743350693229146, "latitude": 50.071105542797362, "Id": 2276, "Code": null, "Name": null }, "geometry": { "type": "Point", "coordinates": [ -59.743350693229146, 50.071105542797362 ] } },
{ "type": "Feature", "properties": { "class": "maritime", "longitude": -8.4223439327904703, "latitude": 50.071105542797362, "Id": 2277, "Code": null, "Name": null }, "geometry": { "type": "Point", "coordinates": [ -8.422343932790469, 50.071105542797362 ] } },
{ "type": "Feature", "properties": { "class": "maritime", "longitude": -4.4745741819874931, "latitude": 50.071105542797362, "Id": 2278, "Code": null, "Name": null }, "geometry": { "type": "Point", "coordinates": [ -4.474574181987493, 50.071105542797362 ] } },
{ "type": "Feature", "properties": { "class": "maritime", "longitude": -0.52680443118451803, "latitude": 50.071105542797362, "Id": 2279, "Code": null, "Name": null }, "geometry": { "type": "Point", "coordinates": [ -0.526804431184518, 50.071105542797362 ] } },
{ "type": "Feature", "properties": { "class": "maritime", "longitude": 157.38398560093449, "latitude": 50.071105542797362, "Id": 2280, "Code": null, "Name": null }, "geometry": { "type": "Point", "coordinates": [ 157.383985600934494, 50.071105542797362 ] } },
{ "type": "Feature", "properties": { "class": "maritime", "longitude": 161.33175535173748, "latitude": 50.071105542797362, "Id": 2281, "Code": null, "Name": null }, "geometry": { "type": "Point", "coordinates": [ 161.331755351737485, 50.071105542797362 ] } },
{ "type": "Feature", "properties": { "class": "maritime", "longitude": 165.27952510254045, "latitude": 50.071105542797362, "Id": 2282, "Code": null, "Name": null }, "geometry": { "type": "Point", "coordinates": [ 165.279525102540447, 50.071105542797362 ] } },
{ "type": "Feature", "properties": { "class": "maritime", "longitude": 169.22729485334344, "latitude": 50.071105542797362, "Id": 2283, "Code": null, "Name": null }, "geometry": { "type": "Point", "coordinates": [ 169.227294853343437, 50.071105542797362 ] } },
{ "type": "Feature", "properties": { "class": "maritime", "longitude": 173.1750646041464, "latitude": 50.071105542797362, "Id": 2284, "Code": null, "Name": null }, "geometry": { "type": "Point", "coordinates": [ 173.175064604146399, 50.071105542797362 ] } },
{ "type": "Feature", "properties": { "class": "maritime", "longitude": 177.12283435494939, "latitude": 50.071105542797362, "Id": 2285, "Code": null, "Name": null }, "geometry": { "type": "Point", "coordinates": [ 177.122834354949362, 50.071105542797362 ] } },
{ "type": "Feature", "properties": { "class": "maritime", "longitude": -179.58818754998782, "latitude": 47.234980716592936, "Id": 2286, "Code": null, "Name": null }, "geometry": { "type": "Point", "coordinates": [ -179.588187549987794, 47.234980716592936 ] } },
{ "type": "Feature", "properties": { "class": "maritime", "longitude": -175.77798031700348, "latitude": 47.234980716592936, "Id": 2287, "Code": null, "Name": null }, "geometry": { "type": "Point", "coordinates": [ -175.777980317003482, 47.234980716592936 ] } },
{ "type": "Feature", "properties": { "class": "maritime", "longitude": -171.9677730840192, "latitude": 47.234980716592936, "Id": 2288, "Code": null, "Name": null }, "geometry": { "type": "Point", "coordinates": [ -171.9677730840192, 47.234980716592936 ] } },
{ "type": "Feature", "properties": { "class": "maritime", "longitude": -168.15756585103489, "latitude": 47.234980716592936, "Id": 2289, "Code": null, "Name": null }, "geometry": { "type": "Point", "coordinates": [ -168.157565851034889, 47.234980716592936 ] } },
{ "type": "Feature", "properties": { "class": "maritime", "longitude": -164.34735861805061, "latitude": 47.234980716592936, "Id": 2290, "Code": null, "Name": null }, "geometry": { "type": "Point", "coordinates": [ -164.347358618050606, 47.234980716592936 ] } },
{ "type": "Feature", "properties": { "class": "maritime", "longitude": -160.53715138506632, "latitude": 47.234980716592936, "Id": 2291, "Code": null, "Name": null }, "geometry": { "type": "Point", "coordinates": [ -160.537151385066323, 47.234980716592936 ] } },
{ "type": "Feature", "properties": { "class": "maritime", "longitude": -156.72694415208204, "latitude": 47.234980716592936, "Id": 2292, "Code": null, "Name": null }, "geometry": { "type": "Point", "coordinates": [ -156.726944152082041, 47.234980716592936 ] } },
{ "type": "Feature", "properties": { "class": "maritime", "longitude": -152.91673691909773, "latitude": 47.234980716592936, "Id": 2293, "Code": null, "Name": null }, "geometry": { "type": "Point", "coordinates": [ -152.91673691909773, 47.234980716592936 ] } },
{ "type": "Feature", "properties": { "class": "maritime", "longitude": -149.10652968611345, "latitude": 47.234980716592936, "Id": 2294, "Code": null, "Name": null }, "geometry": { "type": "Point", "coordinates": [ -149.106529686113447, 47.234980716592936 ] } },
{ "type": "Feature", "properties": { "class": "maritime", "longitude": -145.29632245312919, "latitude": 47.234980716592936, "Id": 2295, "Code": null, "Name": null }, "geometry": { "type": "Point", "coordinates": [ -145.296322453129193, 47.234980716592936 ] } },
{ "type": "Feature", "properties": { "class": "maritime", "longitude": -141.48611522014488, "latitude": 47.234980716592936, "Id": 2296, "Code": null, "Name": null }, "geometry": { "type": "Point", "coordinates": [ -141.486115220144882, 47.234980716592936 ] } },
{ "type": "Feature", "properties": { "class": "maritime", "longitude": -137.67590798716057, "latitude": 47.234980716592936, "Id": 2297, "Code": null, "Name": null }, "geometry": { "type": "Point", "coordinates": [ -137.675907987160571, 47.234980716592936 ] } },
{ "type": "Feature", "properties": { "class": "maritime", "longitude": -133.86570075417629, "latitude": 47.234980716592936, "Id": 2298, "Code": null, "Name": null }, "geometry": { "type": "Point", "coordinates": [ -133.865700754176288, 47.234980716592936 ] } },
{ "type": "Feature", "properties": { "class": "maritime", "longitude": -130.05549352119201, "latitude": 47.234980716592936, "Id": 2299, "Code": null, "Name": null }, "geometry": { "type": "Point", "coordinates": [ -130.055493521192005, 47.234980716592936 ] } },
{ "type": "Feature", "properties": { "class": "maritime", "longitude": -126.24528628820771, "latitude": 47.234980716592936, "Id": 2300, "Code": null, "Name": null }, "geometry": { "type": "Point", "coordinates": [ -126.245286288207708, 47.234980716592936 ] } },
{ "type": "Feature", "properties": { "class": "maritime", "longitude": -42.420727162553369, "latitude": 47.234980716592936, "Id": 2301, "Code": null, "Name": null }, "geometry": { "type": "Point", "coordinates": [ -42.420727162553369, 47.234980716592936 ] } },
{ "type": "Feature", "properties": { "class": "maritime", "longitude": -38.61051992956908, "latitude": 47.234980716592936, "Id": 2302, "Code": null, "Name": null }, "geometry": { "type": "Point", "coordinates": [ -38.61051992956908, 47.234980716592936 ] } },
{ "type": "Feature", "properties": { "class": "maritime", "longitude": -34.80031269658479, "latitude": 47.234980716592936, "Id": 2303, "Code": null, "Name": null }, "geometry": { "type": "Point", "coordinates": [ -34.80031269658479, 47.234980716592936 ] } },
{ "type": "Feature", "properties": { "class": "maritime", "longitude": -30.990105463600496, "latitude": 47.234980716592936, "Id": 2304, "Code": null, "Name": null }, "geometry": { "type": "Point", "coordinates": [ -30.990105463600496, 47.234980716592936 ] } },
{ "type": "Feature", "properties": { "class": "maritime", "longitude": -27.17989823061621, "latitude": 47.234980716592936, "Id": 2305, "Code": null, "Name": null }, "geometry": { "type": "Point", "coordinates": [ -27.17989823061621, 47.234980716592936 ] } },
{ "type": "Feature", "properties": { "class": "maritime", "longitude": -23.369690997631924, "latitude": 47.234980716592936, "Id": 2306, "Code": null, "Name": null }, "geometry": { "type": "Point", "coordinates": [ -23.369690997631924, 47.234980716592936 ] } },
{ "type": "Feature", "properties": { "class": "maritime", "longitude": -8.1288620656947685, "latitude": 47.234980716592936, "Id": 2307, "Code": null, "Name": null }, "geometry": { "type": "Point", "coordinates": [ -8.128862065694767, 47.234980716592936 ] } },
{ "type": "Feature", "properties": { "class": "maritime", "longitude": -4.318654832710477, "latitude": 47.234980716592936, "Id": 2308, "Code": null, "Name": null }, "geometry": { "type": "Point", "coordinates": [ -4.318654832710477, 47.234980716592936 ] } },
{ "type": "Feature", "properties": { "class": "maritime", "longitude": 140.46922002069249, "latitude": 47.234980716592936, "Id": 2309, "Code": null, "Name": null }, "geometry": { "type": "Point", "coordinates": [ 140.469220020692489, 47.234980716592936 ] } },
{ "type": "Feature", "properties": { "class": "maritime", "longitude": 155.71004895262968, "latitude": 47.234980716592936, "Id": 2310, "Code": null, "Name": null }, "geometry": { "type": "Point", "coordinates": [ 155.710048952629649, 47.234980716592936 ] } },
{ "type": "Feature", "properties": { "class": "maritime", "longitude": 159.52025618561393, "latitude": 47.234980716592936, "Id": 2311, "Code": null, "Name": null }, "geometry": { "type": "Point", "coordinates": [ 159.520256185613931, 47.234980716592936 ] } },
{ "type": "Feature", "properties": { "class": "maritime", "longitude": 163.33046341859824, "latitude": 47.234980716592936, "Id": 2312, "Code": null, "Name": null }, "geometry": { "type": "Point", "coordinates": [ 163.330463418598242, 47.234980716592936 ] } },
{ "type": "Feature", "properties": { "class": "maritime", "longitude": 167.14067065158255, "latitude": 47.234980716592936, "Id": 2313, "Code": null, "Name": null }, "geometry": { "type": "Point", "coordinates": [ 167.140670651582553, 47.234980716592936 ] } },
{ "type": "Feature", "properties": { "class": "maritime", "longitude": 170.95087788456681, "latitude": 47.234980716592936, "Id": 2314, "Code": null, "Name": null }, "geometry": { "type": "Point", "coordinates": [ 170.950877884566808, 47.234980716592936 ] } },
{ "type": "Feature", "properties": { "class": "maritime", "longitude": 174.76108511755109, "latitude": 47.234980716592936, "Id": 2315, "Code": null, "Name": null }, "geometry": { "type": "Point", "coordinates": [ 174.76108511755109, 47.234980716592936 ] } },
{ "type": "Feature", "properties": { "class": "maritime", "longitude": 178.57129235053537, "latitude": 47.234980716592936, "Id": 2316, "Code": null, "Name": null }, "geometry": { "type": "Point", "coordinates": [ 178.571292350535373, 47.234980716592936 ] } },
{ "type": "Feature", "properties": { "class": "maritime", "longitude": -177.72260112049904, "latitude": 44.454086083266183, "Id": 2317, "Code": null, "Name": null }, "geometry": { "type": "Point", "coordinates": [ -177.722601120499036, 44.454086083266183 ] } },
{ "type": "Feature", "properties": { "class": "maritime", "longitude": -174.03031176837339, "latitude": 44.454086083266183, "Id": 2318, "Code": null, "Name": null }, "geometry": { "type": "Point", "coordinates": [ -174.030311768373394, 44.454086083266183 ] } },
{ "type": "Feature", "properties": { "class": "maritime", "longitude": -170.33802241624772, "latitude": 44.454086083266183, "Id": 2319, "Code": null, "Name": null }, "geometry": { "type": "Point", "coordinates": [ -170.338022416247696, 44.454086083266183 ] } },
{ "type": "Feature", "properties": { "class": "maritime", "longitude": -162.95344371199636, "latitude": 44.454086083266183, "Id": 2320, "Code": null, "Name": null }, "geometry": { "type": "Point", "coordinates": [ -162.953443711996357, 44.454086083266183 ] } },
{ "type": "Feature", "properties": { "class": "maritime", "longitude": -155.56886500774505, "latitude": 44.454086083266183, "Id": 2321, "Code": null, "Name": null }, "geometry": { "type": "Point", "coordinates": [ -155.568865007745046, 44.454086083266183 ] } },
{ "type": "Feature", "properties": { "class": "maritime", "longitude": -151.8765756556194, "latitude": 44.454086083266183, "Id": 2322, "Code": null, "Name": null }, "geometry": { "type": "Point", "coordinates": [ -151.876575655619376, 44.454086083266183 ] } },
{ "type": "Feature", "properties": { "class": "maritime", "longitude": -148.18428630349371, "latitude": 44.454086083266183, "Id": 2323, "Code": null, "Name": null }, "geometry": { "type": "Point", "coordinates": [ -148.184286303493707, 44.454086083266183 ] } },
{ "type": "Feature", "properties": { "class": "maritime", "longitude": -133.41512889499103, "latitude": 44.454086083266183, "Id": 2324, "Code": null, "Name": null }, "geometry": { "type": "Point", "coordinates": [ -133.415128894991028, 44.454086083266183 ] } },
{ "type": "Feature", "properties": { "class": "maritime", "longitude": -129.72283954286536, "latitude": 44.454086083266183, "Id": 2325, "Code": null, "Name": null }, "geometry": { "type": "Point", "coordinates": [ -129.722839542865358, 44.454086083266183 ] } },
{ "type": "Feature", "properties": { "class": "maritime", "longitude": -126.0305501907397, "latitude": 44.454086083266183, "Id": 2326, "Code": null, "Name": null }, "geometry": { "type": "Point", "coordinates": [ -126.030550190739703, 44.454086083266183 ] } },
{ "type": "Feature", "properties": { "class": "maritime", "longitude": -63.261631204603376, "latitude": 44.454086083266183, "Id": 2327, "Code": null, "Name": null }, "geometry": { "type": "Point", "coordinates": [ -63.261631204603376, 44.454086083266183 ] } },
{ "type": "Feature", "properties": { "class": "maritime", "longitude": -55.877052500352043, "latitude": 44.454086083266183, "Id": 2328, "Code": null, "Name": null }, "geometry": { "type": "Point", "coordinates": [ -55.877052500352036, 44.454086083266183 ] } },
{ "type": "Feature", "properties": { "class": "maritime", "longitude": -48.492473796100704, "latitude": 44.454086083266183, "Id": 2329, "Code": null, "Name": null }, "geometry": { "type": "Point", "coordinates": [ -48.492473796100704, 44.454086083266183 ] } },
{ "type": "Feature", "properties": { "class": "maritime", "longitude": -44.800184443975041, "latitude": 44.454086083266183, "Id": 2330, "Code": null, "Name": null }, "geometry": { "type": "Point", "coordinates": [ -44.800184443975041, 44.454086083266183 ] } },
{ "type": "Feature", "properties": { "class": "maritime", "longitude": -41.107895091849379, "latitude": 44.454086083266183, "Id": 2331, "Code": null, "Name": null }, "geometry": { "type": "Point", "coordinates": [ -41.107895091849379, 44.454086083266183 ] } },
{ "type": "Feature", "properties": { "class": "maritime", "longitude": -37.415605739723709, "latitude": 44.454086083266183, "Id": 2332, "Code": null, "Name": null }, "geometry": { "type": "Point", "coordinates": [ -37.415605739723709, 44.454086083266183 ] } },
{ "type": "Feature", "properties": { "class": "maritime", "longitude": -33.723316387598047, "latitude": 44.454086083266183, "Id": 2333, "Code": null, "Name": null }, "geometry": { "type": "Point", "coordinates": [ -33.723316387598047, 44.454086083266183 ] } },
{ "type": "Feature", "properties": { "class": "maritime", "longitude": -30.031027035472373, "latitude": 44.454086083266183, "Id": 2334, "Code": null, "Name": null }, "geometry": { "type": "Point", "coordinates": [ -30.031027035472373, 44.454086083266183 ] } },
{ "type": "Feature", "properties": { "class": "maritime", "longitude": -26.338737683346707, "latitude": 44.454086083266183, "Id": 2335, "Code": null, "Name": null }, "geometry": { "type": "Point", "coordinates": [ -26.338737683346707, 44.454086083266183 ] } },
{ "type": "Feature", "properties": { "class": "maritime", "longitude": -22.646448331221045, "latitude": 44.454086083266183, "Id": 2336, "Code": null, "Name": null }, "geometry": { "type": "Point", "coordinates": [ -22.646448331221045, 44.454086083266183 ] } },
{ "type": "Feature", "properties": { "class": "maritime", "longitude": -11.569580274844043, "latitude": 44.454086083266183, "Id": 2337, "Code": null, "Name": null }, "geometry": { "type": "Point", "coordinates": [ -11.569580274844041, 44.454086083266183 ] } },
{ "type": "Feature", "properties": { "class": "maritime", "longitude": -7.8772909227183758, "latitude": 44.454086083266183, "Id": 2338, "Code": null, "Name": null }, "geometry": { "type": "Point", "coordinates": [ -7.877290922718376, 44.454086083266183 ] } },
{ "type": "Feature", "properties": { "class": "maritime", "longitude": -4.1850015705927088, "latitude": 44.454086083266183, "Id": 2339, "Code": null, "Name": null }, "geometry": { "type": "Point", "coordinates": [ -4.185001570592709, 44.454086083266183 ] } },
{ "type": "Feature", "properties": { "class": "maritime", "longitude": 14.276445190035625, "latitude": 44.454086083266183, "Id": 2340, "Code": null, "Name": null }, "geometry": { "type": "Point", "coordinates": [ 14.276445190035625, 44.454086083266183 ] } },
{ "type": "Feature", "properties": { "class": "maritime", "longitude": 150.89115121868531, "latitude": 44.454086083266183, "Id": 2341, "Code": null, "Name": null }, "geometry": { "type": "Point", "coordinates": [ 150.891151218685309, 44.454086083266183 ] } },
{ "type": "Feature", "properties": { "class": "maritime", "longitude": 154.58344057081095, "latitude": 44.454086083266183, "Id": 2342, "Code": null, "Name": null }, "geometry": { "type": "Point", "coordinates": [ 154.58344057081095, 44.454086083266183 ] } },
{ "type": "Feature", "properties": { "class": "maritime", "longitude": 158.27572992293662, "latitude": 44.454086083266183, "Id": 2343, "Code": null, "Name": null }, "geometry": { "type": "Point", "coordinates": [ 158.27572992293662, 44.454086083266183 ] } },
{ "type": "Feature", "properties": { "class": "maritime", "longitude": 161.96801927506232, "latitude": 44.454086083266183, "Id": 2344, "Code": null, "Name": null }, "geometry": { "type": "Point", "coordinates": [ 161.968019275062289, 44.454086083266183 ] } },
{ "type": "Feature", "properties": { "class": "maritime", "longitude": 165.66030862718796, "latitude": 44.454086083266183, "Id": 2345, "Code": null, "Name": null }, "geometry": { "type": "Point", "coordinates": [ 165.660308627187959, 44.454086083266183 ] } },
{ "type": "Feature", "properties": { "class": "maritime", "longitude": 169.35259797931363, "latitude": 44.454086083266183, "Id": 2346, "Code": null, "Name": null }, "geometry": { "type": "Point", "coordinates": [ 169.352597979313629, 44.454086083266183 ] } },
{ "type": "Feature", "properties": { "class": "maritime", "longitude": 173.04488733143927, "latitude": 44.454086083266183, "Id": 2347, "Code": null, "Name": null }, "geometry": { "type": "Point", "coordinates": [ 173.04488733143927, 44.454086083266183 ] } },
{ "type": "Feature", "properties": { "class": "maritime", "longitude": -165.63673532862089, "latitude": 41.721664659400808, "Id": 2348, "Code": null, "Name": null }, "geometry": { "type": "Point", "coordinates": [ -165.636735328620887, 41.721664659400808 ] } },
{ "type": "Feature", "properties": { "class": "maritime", "longitude": -154.86558607786401, "latitude": 41.721664659400808, "Id": 2349, "Code": null, "Name": null }, "geometry": { "type": "Point", "coordinates": [ -154.865586077864009, 41.721664659400808 ] } },
{ "type": "Feature", "properties": { "class": "maritime", "longitude": -151.2752029942784, "latitude": 41.721664659400808, "Id": 2350, "Code": null, "Name": null }, "geometry": { "type": "Point", "coordinates": [ -151.275202994278402, 41.721664659400808 ] } },
{ "type": "Feature", "properties": { "class": "maritime", "longitude": -144.09443682710716, "latitude": 41.721664659400808, "Id": 2351, "Code": null, "Name": null }, "geometry": { "type": "Point", "coordinates": [ -144.09443682710716, 41.721664659400808 ] } },
{ "type": "Feature", "properties": { "class": "maritime", "longitude": -140.50405374352155, "latitude": 41.721664659400808, "Id": 2352, "Code": null, "Name": null }, "geometry": { "type": "Point", "coordinates": [ -140.504053743521553, 41.721664659400808 ] } },
{ "type": "Feature", "properties": { "class": "maritime", "longitude": -129.73290449276467, "latitude": 41.721664659400808, "Id": 2353, "Code": null, "Name": null }, "geometry": { "type": "Point", "coordinates": [ -129.732904492764675, 41.721664659400808 ] } },
{ "type": "Feature", "properties": { "class": "maritime", "longitude": -126.14252140917905, "latitude": 41.721664659400808, "Id": 2354, "Code": null, "Name": null }, "geometry": { "type": "Point", "coordinates": [ -126.142521409179054, 41.721664659400808 ] } },
{ "type": "Feature", "properties": { "class": "maritime", "longitude": -65.106008988223493, "latitude": 41.721664659400808, "Id": 2355, "Code": null, "Name": null }, "geometry": { "type": "Point", "coordinates": [ -65.106008988223493, 41.721664659400808 ] } },
{ "type": "Feature", "properties": { "class": "maritime", "longitude": -54.33485973746663, "latitude": 41.721664659400808, "Id": 2356, "Code": null, "Name": null }, "geometry": { "type": "Point", "coordinates": [ -54.33485973746663, 41.721664659400808 ] } },
{ "type": "Feature", "properties": { "class": "maritime", "longitude": -50.744476653881009, "latitude": 41.721664659400808, "Id": 2357, "Code": null, "Name": null }, "geometry": { "type": "Point", "coordinates": [ -50.744476653881009, 41.721664659400808 ] } },
{ "type": "Feature", "properties": { "class": "maritime", "longitude": -47.154093570295387, "latitude": 41.721664659400808, "Id": 2358, "Code": null, "Name": null }, "geometry": { "type": "Point", "coordinates": [ -47.15409357029538, 41.721664659400808 ] } },
{ "type": "Feature", "properties": { "class": "maritime", "longitude": -43.563710486709759, "latitude": 41.721664659400808, "Id": 2359, "Code": null, "Name": null }, "geometry": { "type": "Point", "coordinates": [ -43.563710486709759, 41.721664659400808 ] } },
{ "type": "Feature", "properties": { "class": "maritime", "longitude": -39.973327403124145, "latitude": 41.721664659400808, "Id": 2360, "Code": null, "Name": null }, "geometry": { "type": "Point", "coordinates": [ -39.973327403124145, 41.721664659400808 ] } },
{ "type": "Feature", "properties": { "class": "maritime", "longitude": -36.382944319538517, "latitude": 41.721664659400808, "Id": 2361, "Code": null, "Name": null }, "geometry": { "type": "Point", "coordinates": [ -36.382944319538517, 41.721664659400808 ] } },
{ "type": "Feature", "properties": { "class": "maritime", "longitude": -32.792561235952896, "latitude": 41.721664659400808, "Id": 2362, "Code": null, "Name": null }, "geometry": { "type": "Point", "coordinates": [ -32.792561235952896, 41.721664659400808 ] } },
{ "type": "Feature", "properties": { "class": "maritime", "longitude": -29.202178152367274, "latitude": 41.721664659400808, "Id": 2363, "Code": null, "Name": null }, "geometry": { "type": "Point", "coordinates": [ -29.202178152367274, 41.721664659400808 ] } },
{ "type": "Feature", "properties": { "class": "maritime", "longitude": -25.611795068781657, "latitude": 41.721664659400808, "Id": 2364, "Code": null, "Name": null }, "geometry": { "type": "Point", "coordinates": [ -25.611795068781657, 41.721664659400808 ] } },
{ "type": "Feature", "properties": { "class": "maritime", "longitude": -11.25026273443917, "latitude": 41.721664659400808, "Id": 2365, "Code": null, "Name": null }, "geometry": { "type": "Point", "coordinates": [ -11.25026273443917, 41.721664659400808 ] } },
{ "type": "Feature", "properties": { "class": "maritime", "longitude": 3.111269599903316, "latitude": 41.721664659400808, "Id": 2366, "Code": null, "Name": null }, "geometry": { "type": "Point", "coordinates": [ 3.111269599903316, 41.721664659400808 ] } },
{ "type": "Feature", "properties": { "class": "maritime", "longitude": 6.7016526834889376, "latitude": 41.721664659400808, "Id": 2367, "Code": null, "Name": null }, "geometry": { "type": "Point", "coordinates": [ 6.701652683488938, 41.721664659400808 ] } },
{ "type": "Feature", "properties": { "class": "maritime", "longitude": 10.292035767074561, "latitude": 41.721664659400808, "Id": 2368, "Code": null, "Name": null }, "geometry": { "type": "Point", "coordinates": [ 10.292035767074561, 41.721664659400808 ] } },
{ "type": "Feature", "properties": { "class": "maritime", "longitude": 17.472801934245801, "latitude": 41.721664659400808, "Id": 2369, "Code": null, "Name": null }, "geometry": { "type": "Point", "coordinates": [ 17.472801934245801, 41.721664659400808 ] } },
{ "type": "Feature", "properties": { "class": "maritime", "longitude": 132.36506060898569, "latitude": 41.721664659400808, "Id": 2370, "Code": null, "Name": null }, "geometry": { "type": "Point", "coordinates": [ 132.365060608985686, 41.721664659400808 ] } },
{ "type": "Feature", "properties": { "class": "maritime", "longitude": 139.54582677615693, "latitude": 41.721664659400808, "Id": 2371, "Code": null, "Name": null }, "geometry": { "type": "Point", "coordinates": [ 139.545826776156929, 41.721664659400808 ] } },
{ "type": "Feature", "properties": { "class": "maritime", "longitude": 143.13620985974256, "latitude": 41.721664659400808, "Id": 2372, "Code": null, "Name": null }, "geometry": { "type": "Point", "coordinates": [ 143.136209859742564, 41.721664659400808 ] } },
{ "type": "Feature", "properties": { "class": "maritime", "longitude": 146.72659294332817, "latitude": 41.721664659400808, "Id": 2373, "Code": null, "Name": null }, "geometry": { "type": "Point", "coordinates": [ 146.726592943328171, 41.721664659400808 ] } },
{ "type": "Feature", "properties": { "class": "maritime", "longitude": 150.31697602691378, "latitude": 41.721664659400808, "Id": 2374, "Code": null, "Name": null }, "geometry": { "type": "Point", "coordinates": [ 150.316976026913807, 41.721664659400808 ] } },
{ "type": "Feature", "properties": { "class": "maritime", "longitude": 153.90735911049941, "latitude": 41.721664659400808, "Id": 2375, "Code": null, "Name": null }, "geometry": { "type": "Point", "coordinates": [ 153.907359110499414, 41.721664659400808 ] } },
{ "type": "Feature", "properties": { "class": "maritime", "longitude": 157.49774219408505, "latitude": 41.721664659400808, "Id": 2376, "Code": null, "Name": null }, "geometry": { "type": "Point", "coordinates": [ 157.497742194085049, 41.721664659400808 ] } },
{ "type": "Feature", "properties": { "class": "maritime", "longitude": 161.08812527767066, "latitude": 41.721664659400808, "Id": 2377, "Code": null, "Name": null }, "geometry": { "type": "Point", "coordinates": [ 161.088125277670656, 41.721664659400808 ] } },
{ "type": "Feature", "properties": { "class": "maritime", "longitude": 164.67850836125629, "latitude": 41.721664659400808, "Id": 2378, "Code": null, "Name": null }, "geometry": { "type": "Point", "coordinates": [ 164.678508361256291, 41.721664659400808 ] } },
{ "type": "Feature", "properties": { "class": "maritime", "longitude": 171.85927452842753, "latitude": 41.721664659400808, "Id": 2379, "Code": null, "Name": null }, "geometry": { "type": "Point", "coordinates": [ 171.859274528427534, 41.721664659400808 ] } },
{ "type": "Feature", "properties": { "class": "maritime", "longitude": -144.03958304458888, "latitude": 39.032002689525108, "Id": 2380, "Code": null, "Name": null }, "geometry": { "type": "Point", "coordinates": [ -144.039583044588881, 39.032002689525108 ] } },
{ "type": "Feature", "properties": { "class": "maritime", "longitude": -140.53781974459127, "latitude": 39.032002689525108, "Id": 2381, "Code": null, "Name": null }, "geometry": { "type": "Point", "coordinates": [ -140.537819744591275, 39.032002689525108 ] } },
{ "type": "Feature", "properties": { "class": "maritime", "longitude": -137.0360564445937, "latitude": 39.032002689525108, "Id": 2382, "Code": null, "Name": null }, "geometry": { "type": "Point", "coordinates": [ -137.036056444593697, 39.032002689525108 ] } },
{ "type": "Feature", "properties": { "class": "maritime", "longitude": -74.004317044636963, "latitude": 39.032002689525108, "Id": 2383, "Code": null, "Name": null }, "geometry": { "type": "Point", "coordinates": [ -74.004317044636963, 39.032002689525108 ] } },
{ "type": "Feature", "properties": { "class": "maritime", "longitude": -63.499027144644174, "latitude": 39.032002689525108, "Id": 2384, "Code": null, "Name": null }, "geometry": { "type": "Point", "coordinates": [ -63.499027144644174, 39.032002689525108 ] } },
{ "type": "Feature", "properties": { "class": "maritime", "longitude": -59.997263844646575, "latitude": 39.032002689525108, "Id": 2385, "Code": null, "Name": null }, "geometry": { "type": "Point", "coordinates": [ -59.997263844646575, 39.032002689525108 ] } },
{ "type": "Feature", "properties": { "class": "maritime", "longitude": -56.495500544648976, "latitude": 39.032002689525108, "Id": 2386, "Code": null, "Name": null }, "geometry": { "type": "Point", "coordinates": [ -56.495500544648976, 39.032002689525108 ] } },
{ "type": "Feature", "properties": { "class": "maritime", "longitude": -52.993737244651385, "latitude": 39.032002689525108, "Id": 2387, "Code": null, "Name": null }, "geometry": { "type": "Point", "coordinates": [ -52.993737244651385, 39.032002689525108 ] } },
{ "type": "Feature", "properties": { "class": "maritime", "longitude": -49.491973944653786, "latitude": 39.032002689525108, "Id": 2388, "Code": null, "Name": null }, "geometry": { "type": "Point", "coordinates": [ -49.491973944653786, 39.032002689525108 ] } },
{ "type": "Feature", "properties": { "class": "maritime", "longitude": -45.990210644656194, "latitude": 39.032002689525108, "Id": 2389, "Code": null, "Name": null }, "geometry": { "type": "Point", "coordinates": [ -45.990210644656194, 39.032002689525108 ] } },
{ "type": "Feature", "properties": { "class": "maritime", "longitude": -42.488447344658603, "latitude": 39.032002689525108, "Id": 2390, "Code": null, "Name": null }, "geometry": { "type": "Point", "coordinates": [ -42.488447344658603, 39.032002689525108 ] } },
{ "type": "Feature", "properties": { "class": "maritime", "longitude": -38.986684044661011, "latitude": 39.032002689525108, "Id": 2391, "Code": null, "Name": null }, "geometry": { "type": "Point", "coordinates": [ -38.986684044661004, 39.032002689525108 ] } },
{ "type": "Feature", "properties": { "class": "maritime", "longitude": -35.484920744663413, "latitude": 39.032002689525108, "Id": 2392, "Code": null, "Name": null }, "geometry": { "type": "Point", "coordinates": [ -35.484920744663413, 39.032002689525108 ] } },
{ "type": "Feature", "properties": { "class": "maritime", "longitude": -31.98315744466581, "latitude": 39.032002689525108, "Id": 2393, "Code": null, "Name": null }, "geometry": { "type": "Point", "coordinates": [ -31.98315744466581, 39.032002689525108 ] } },
{ "type": "Feature", "properties": { "class": "maritime", "longitude": -24.97963084467062, "latitude": 39.032002689525108, "Id": 2394, "Code": null, "Name": null }, "geometry": { "type": "Point", "coordinates": [ -24.97963084467062, 39.032002689525108 ] } },
{ "type": "Feature", "properties": { "class": "maritime", "longitude": -21.477867544673025, "latitude": 39.032002689525108, "Id": 2395, "Code": null, "Name": null }, "geometry": { "type": "Point", "coordinates": [ -21.477867544673025, 39.032002689525108 ] } },
{ "type": "Feature", "properties": { "class": "maritime", "longitude": -17.97610424467543, "latitude": 39.032002689525108, "Id": 2396, "Code": null, "Name": null }, "geometry": { "type": "Point", "coordinates": [ -17.97610424467543, 39.032002689525108 ] } },
{ "type": "Feature", "properties": { "class": "maritime", "longitude": -14.474340944677831, "latitude": 39.032002689525108, "Id": 2397, "Code": null, "Name": null }, "geometry": { "type": "Point", "coordinates": [ -14.474340944677831, 39.032002689525108 ] } },
{ "type": "Feature", "properties": { "class": "maritime", "longitude": -10.972577644680236, "latitude": 39.032002689525108, "Id": 2398, "Code": null, "Name": null }, "geometry": { "type": "Point", "coordinates": [ -10.972577644680236, 39.032002689525108 ] } },
{ "type": "Feature", "properties": { "class": "maritime", "longitude": 3.0344755553101468, "latitude": 39.032002689525108, "Id": 2399, "Code": null, "Name": null }, "geometry": { "type": "Point", "coordinates": [ 3.034475555310147, 39.032002689525108 ] } },
{ "type": "Feature", "properties": { "class": "maritime", "longitude": 6.536238855307742, "latitude": 39.032002689525108, "Id": 2400, "Code": null, "Name": null }, "geometry": { "type": "Point", "coordinates": [ 6.536238855307742, 39.032002689525108 ] } },
{ "type": "Feature", "properties": { "class": "maritime", "longitude": 10.038002155305337, "latitude": 39.032002689525108, "Id": 2401, "Code": null, "Name": null }, "geometry": { "type": "Point", "coordinates": [ 10.038002155305337, 39.032002689525108 ] } },
{ "type": "Feature", "properties": { "class": "maritime", "longitude": 24.045055355295723, "latitude": 39.032002689525108, "Id": 2402, "Code": null, "Name": null }, "geometry": { "type": "Point", "coordinates": [ 24.045055355295723, 39.032002689525108 ] } },
{ "type": "Feature", "properties": { "class": "maritime", "longitude": 118.5926644552308, "latitude": 39.032002689525108, "Id": 2403, "Code": null, "Name": null }, "geometry": { "type": "Point", "coordinates": [ 118.592664455230803, 39.032002689525108 ] } },
{ "type": "Feature", "properties": { "class": "maritime", "longitude": 122.09442775522839, "latitude": 39.032002689525108, "Id": 2404, "Code": null, "Name": null }, "geometry": { "type": "Point", "coordinates": [ 122.094427755228395, 39.032002689525108 ] } },
{ "type": "Feature", "properties": { "class": "maritime", "longitude": 136.10148095521879, "latitude": 39.032002689525108, "Id": 2405, "Code": null, "Name": null }, "geometry": { "type": "Point", "coordinates": [ 136.10148095521879, 39.032002689525108 ] } },
{ "type": "Feature", "properties": { "class": "maritime", "longitude": 143.10500755521397, "latitude": 39.032002689525108, "Id": 2406, "Code": null, "Name": null }, "geometry": { "type": "Point", "coordinates": [ 143.105007555213973, 39.032002689525108 ] } },
{ "type": "Feature", "properties": { "class": "maritime", "longitude": 146.60677085521158, "latitude": 39.032002689525108, "Id": 2407, "Code": null, "Name": null }, "geometry": { "type": "Point", "coordinates": [ 146.606770855211579, 39.032002689525108 ] } },
{ "type": "Feature", "properties": { "class": "maritime", "longitude": 150.10853415520916, "latitude": 39.032002689525108, "Id": 2408, "Code": null, "Name": null }, "geometry": { "type": "Point", "coordinates": [ 150.108534155209156, 39.032002689525108 ] } },
{ "type": "Feature", "properties": { "class": "maritime", "longitude": -137.43071912472365, "latitude": 36.380194685710627, "Id": 2409, "Code": null, "Name": null }, "geometry": { "type": "Point", "coordinates": [ -137.430719124723652, 36.38019468571062 ] } },
{ "type": "Feature", "properties": { "class": "maritime", "longitude": -134.00637506276337, "latitude": 36.380194685710627, "Id": 2410, "Code": null, "Name": null }, "geometry": { "type": "Point", "coordinates": [ -134.006375062763368, 36.38019468571062 ] } },
{ "type": "Feature", "properties": { "class": "maritime", "longitude": -127.15768693884279, "latitude": 36.380194685710627, "Id": 2411, "Code": null, "Name": null }, "geometry": { "type": "Point", "coordinates": [ -127.157686938842787, 36.38019468571062 ] } },
{ "type": "Feature", "properties": { "class": "maritime", "longitude": -123.7333428768825, "latitude": 36.380194685710627, "Id": 2412, "Code": null, "Name": null }, "geometry": { "type": "Point", "coordinates": [ -123.733342876882503, 36.38019468571062 ] } },
{ "type": "Feature", "properties": { "class": "maritime", "longitude": -68.943837885518093, "latitude": 36.380194685710627, "Id": 2413, "Code": null, "Name": null }, "geometry": { "type": "Point", "coordinates": [ -68.943837885518093, 36.38019468571062 ] } },
{ "type": "Feature", "properties": { "class": "maritime", "longitude": -65.519493823557823, "latitude": 36.380194685710627, "Id": 2414, "Code": null, "Name": null }, "geometry": { "type": "Point", "coordinates": [ -65.519493823557823, 36.38019468571062 ] } },
{ "type": "Feature", "properties": { "class": "maritime", "longitude": -62.095149761597533, "latitude": 36.380194685710627, "Id": 2415, "Code": null, "Name": null }, "geometry": { "type": "Point", "coordinates": [ -62.09514976159754, 36.38019468571062 ] } },
{ "type": "Feature", "properties": { "class": "maritime", "longitude": -58.670805699637263, "latitude": 36.380194685710627, "Id": 2416, "Code": null, "Name": null }, "geometry": { "type": "Point", "coordinates": [ -58.670805699637263, 36.38019468571062 ] } },
{ "type": "Feature", "properties": { "class": "maritime", "longitude": -55.246461637676973, "latitude": 36.380194685710627, "Id": 2417, "Code": null, "Name": null }, "geometry": { "type": "Point", "coordinates": [ -55.24646163767698, 36.38019468571062 ] } },
{ "type": "Feature", "properties": { "class": "maritime", "longitude": -51.822117575716703, "latitude": 36.380194685710627, "Id": 2418, "Code": null, "Name": null }, "geometry": { "type": "Point", "coordinates": [ -51.822117575716703, 36.38019468571062 ] } },
{ "type": "Feature", "properties": { "class": "maritime", "longitude": -48.397773513756427, "latitude": 36.380194685710627, "Id": 2419, "Code": null, "Name": null }, "geometry": { "type": "Point", "coordinates": [ -48.397773513756427, 36.38019468571062 ] } },
{ "type": "Feature", "properties": { "class": "maritime", "longitude": -44.97342945179615, "latitude": 36.380194685710627, "Id": 2420, "Code": null, "Name": null }, "geometry": { "type": "Point", "coordinates": [ -44.97342945179615, 36.38019468571062 ] } },
{ "type": "Feature", "properties": { "class": "maritime", "longitude": -41.549085389835874, "latitude": 36.380194685710627, "Id": 2421, "Code": null, "Name": null }, "geometry": { "type": "Point", "coordinates": [ -41.549085389835874, 36.38019468571062 ] } },
{ "type": "Feature", "properties": { "class": "maritime", "longitude": -38.124741327875597, "latitude": 36.380194685710627, "Id": 2422, "Code": null, "Name": null }, "geometry": { "type": "Point", "coordinates": [ -38.124741327875597, 36.38019468571062 ] } },
{ "type": "Feature", "properties": { "class": "maritime", "longitude": -34.700397265915321, "latitude": 36.380194685710627, "Id": 2423, "Code": null, "Name": null }, "geometry": { "type": "Point", "coordinates": [ -34.700397265915321, 36.38019468571062 ] } },
{ "type": "Feature", "properties": { "class": "maritime", "longitude": -31.276053203955044, "latitude": 36.380194685710627, "Id": 2424, "Code": null, "Name": null }, "geometry": { "type": "Point", "coordinates": [ -31.276053203955044, 36.38019468571062 ] } },
{ "type": "Feature", "properties": { "class": "maritime", "longitude": -27.851709141994768, "latitude": 36.380194685710627, "Id": 2425, "Code": null, "Name": null }, "geometry": { "type": "Point", "coordinates": [ -27.851709141994768, 36.38019468571062 ] } },
{ "type": "Feature", "properties": { "class": "maritime", "longitude": -24.427365080034491, "latitude": 36.380194685710627, "Id": 2426, "Code": null, "Name": null }, "geometry": { "type": "Point", "coordinates": [ -24.427365080034491, 36.38019468571062 ] } },
{ "type": "Feature", "properties": { "class": "maritime", "longitude": -21.003021018074215, "latitude": 36.380194685710627, "Id": 2427, "Code": null, "Name": null }, "geometry": { "type": "Point", "coordinates": [ -21.003021018074215, 36.38019468571062 ] } },
{ "type": "Feature", "properties": { "class": "maritime", "longitude": -17.578676956113934, "latitude": 36.380194685710627, "Id": 2428, "Code": null, "Name": null }, "geometry": { "type": "Point", "coordinates": [ -17.578676956113934, 36.38019468571062 ] } },
{ "type": "Feature", "properties": { "class": "maritime", "longitude": -14.15433289415366, "latitude": 36.380194685710627, "Id": 2429, "Code": null, "Name": null }, "geometry": { "type": "Point", "coordinates": [ -14.15433289415366, 36.38019468571062 ] } },
{ "type": "Feature", "properties": { "class": "maritime", "longitude": -10.729988832193381, "latitude": 36.380194685710627, "Id": 2430, "Code": null, "Name": null }, "geometry": { "type": "Point", "coordinates": [ -10.729988832193381, 36.38019468571062 ] } },
{ "type": "Feature", "properties": { "class": "maritime", "longitude": -7.3056447702331058, "latitude": 36.380194685710627, "Id": 2431, "Code": null, "Name": null }, "geometry": { "type": "Point", "coordinates": [ -7.305644770233106, 36.38019468571062 ] } },
{ "type": "Feature", "properties": { "class": "maritime", "longitude": -3.8813007082728288, "latitude": 36.380194685710627, "Id": 2432, "Code": null, "Name": null }, "geometry": { "type": "Point", "coordinates": [ -3.881300708272829, 36.38019468571062 ] } },
{ "type": "Feature", "properties": { "class": "maritime", "longitude": -0.45695664631255201, "latitude": 36.380194685710627, "Id": 2433, "Code": null, "Name": null }, "geometry": { "type": "Point", "coordinates": [ -0.456956646312552, 36.38019468571062 ] } },
{ "type": "Feature", "properties": { "class": "maritime", "longitude": 13.240419601528556, "latitude": 36.380194685710627, "Id": 2434, "Code": null, "Name": null }, "geometry": { "type": "Point", "coordinates": [ 13.240419601528556, 36.38019468571062 ] } },
{ "type": "Feature", "properties": { "class": "maritime", "longitude": 16.664763663488831, "latitude": 36.380194685710627, "Id": 2435, "Code": null, "Name": null }, "geometry": { "type": "Point", "coordinates": [ 16.664763663488831, 36.38019468571062 ] } },
{ "type": "Feature", "properties": { "class": "maritime", "longitude": 20.089107725449107, "latitude": 36.380194685710627, "Id": 2436, "Code": null, "Name": null }, "geometry": { "type": "Point", "coordinates": [ 20.089107725449107, 36.38019468571062 ] } },
{ "type": "Feature", "properties": { "class": "maritime", "longitude": 23.513451787409387, "latitude": 36.380194685710627, "Id": 2437, "Code": null, "Name": null }, "geometry": { "type": "Point", "coordinates": [ 23.513451787409387, 36.38019468571062 ] } },
{ "type": "Feature", "properties": { "class": "maritime", "longitude": 26.937795849369664, "latitude": 36.380194685710627, "Id": 2438, "Code": null, "Name": null }, "geometry": { "type": "Point", "coordinates": [ 26.937795849369664, 36.38019468571062 ] } },
{ "type": "Feature", "properties": { "class": "maritime", "longitude": 122.81942958425741, "latitude": 36.380194685710627, "Id": 2439, "Code": null, "Name": null }, "geometry": { "type": "Point", "coordinates": [ 122.819429584257406, 36.38019468571062 ] } },
{ "type": "Feature", "properties": { "class": "maritime", "longitude": 129.66811770817796, "latitude": 36.380194685710627, "Id": 2440, "Code": null, "Name": null }, "geometry": { "type": "Point", "coordinates": [ 129.668117708177959, 36.38019468571062 ] } },
{ "type": "Feature", "properties": { "class": "maritime", "longitude": 133.09246177013824, "latitude": 36.380194685710627, "Id": 2441, "Code": null, "Name": null }, "geometry": { "type": "Point", "coordinates": [ 133.092461770138243, 36.38019468571062 ] } },
{ "type": "Feature", "properties": { "class": "maritime", "longitude": 143.36549395601907, "latitude": 36.380194685710627, "Id": 2442, "Code": null, "Name": null }, "geometry": { "type": "Point", "coordinates": [ 143.365493956019066, 36.38019468571062 ] } },
{ "type": "Feature", "properties": { "class": "maritime", "longitude": -131.35145884986815, "latitude": 33.761971999546539, "Id": 2443, "Code": null, "Name": null }, "geometry": { "type": "Point", "coordinates": [ -131.351458849868152, 33.761971999546539 ] } },
{ "type": "Feature", "properties": { "class": "maritime", "longitude": -127.99495743020287, "latitude": 33.761971999546539, "Id": 2444, "Code": null, "Name": null }, "geometry": { "type": "Point", "coordinates": [ -127.994957430202874, 33.761971999546539 ] } },
{ "type": "Feature", "properties": { "class": "maritime", "longitude": -124.63845601053754, "latitude": 33.761971999546539, "Id": 2445, "Code": null, "Name": null }, "geometry": { "type": "Point", "coordinates": [ -124.638456010537539, 33.761971999546539 ] } },
{ "type": "Feature", "properties": { "class": "maritime", "longitude": -121.28195459087226, "latitude": 33.761971999546539, "Id": 2446, "Code": null, "Name": null }, "geometry": { "type": "Point", "coordinates": [ -121.28195459087226, 33.761971999546539 ] } },
{ "type": "Feature", "properties": { "class": "maritime", "longitude": -70.934433295892774, "latitude": 33.761971999546539, "Id": 2447, "Code": null, "Name": null }, "geometry": { "type": "Point", "coordinates": [ -70.934433295892774, 33.761971999546539 ] } },
{ "type": "Feature", "properties": { "class": "maritime", "longitude": -67.577931876227481, "latitude": 33.761971999546539, "Id": 2448, "Code": null, "Name": null }, "geometry": { "type": "Point", "coordinates": [ -67.577931876227481, 33.761971999546539 ] } },
{ "type": "Feature", "properties": { "class": "maritime", "longitude": -64.221430456562175, "latitude": 33.761971999546539, "Id": 2449, "Code": null, "Name": null }, "geometry": { "type": "Point", "coordinates": [ -64.221430456562175, 33.761971999546539 ] } },
{ "type": "Feature", "properties": { "class": "maritime", "longitude": -60.864929036896882, "latitude": 33.761971999546539, "Id": 2450, "Code": null, "Name": null }, "geometry": { "type": "Point", "coordinates": [ -60.864929036896882, 33.761971999546539 ] } },
{ "type": "Feature", "properties": { "class": "maritime", "longitude": -57.508427617231582, "latitude": 33.761971999546539, "Id": 2451, "Code": null, "Name": null }, "geometry": { "type": "Point", "coordinates": [ -57.508427617231582, 33.761971999546539 ] } },
{ "type": "Feature", "properties": { "class": "maritime", "longitude": -54.151926197566283, "latitude": 33.761971999546539, "Id": 2452, "Code": null, "Name": null }, "geometry": { "type": "Point", "coordinates": [ -54.151926197566283, 33.761971999546539 ] } },
{ "type": "Feature", "properties": { "class": "maritime", "longitude": -50.795424777900983, "latitude": 33.761971999546539, "Id": 2453, "Code": null, "Name": null }, "geometry": { "type": "Point", "coordinates": [ -50.795424777900983, 33.761971999546539 ] } },
{ "type": "Feature", "properties": { "class": "maritime", "longitude": -47.438923358235677, "latitude": 33.761971999546539, "Id": 2454, "Code": null, "Name": null }, "geometry": { "type": "Point", "coordinates": [ -47.438923358235684, 33.761971999546539 ] } },
{ "type": "Feature", "properties": { "class": "maritime", "longitude": -44.082421938570391, "latitude": 33.761971999546539, "Id": 2455, "Code": null, "Name": null }, "geometry": { "type": "Point", "coordinates": [ -44.082421938570391, 33.761971999546539 ] } },
{ "type": "Feature", "properties": { "class": "maritime", "longitude": -40.725920518905085, "latitude": 33.761971999546539, "Id": 2456, "Code": null, "Name": null }, "geometry": { "type": "Point", "coordinates": [ -40.725920518905092, 33.761971999546539 ] } },
{ "type": "Feature", "properties": { "class": "maritime", "longitude": -37.369419099239792, "latitude": 33.761971999546539, "Id": 2457, "Code": null, "Name": null }, "geometry": { "type": "Point", "coordinates": [ -37.369419099239792, 33.761971999546539 ] } },
{ "type": "Feature", "properties": { "class": "maritime", "longitude": -34.012917679574493, "latitude": 33.761971999546539, "Id": 2458, "Code": null, "Name": null }, "geometry": { "type": "Point", "coordinates": [ -34.012917679574493, 33.761971999546539 ] } },
{ "type": "Feature", "properties": { "class": "maritime", "longitude": -30.656416259909193, "latitude": 33.761971999546539, "Id": 2459, "Code": null, "Name": null }, "geometry": { "type": "Point", "coordinates": [ -30.656416259909193, 33.761971999546539 ] } },
{ "type": "Feature", "properties": { "class": "maritime", "longitude": -27.299914840243893, "latitude": 33.761971999546539, "Id": 2460, "Code": null, "Name": null }, "geometry": { "type": "Point", "coordinates": [ -27.299914840243893, 33.761971999546539 ] } },
{ "type": "Feature", "properties": { "class": "maritime", "longitude": -23.943413420578597, "latitude": 33.761971999546539, "Id": 2461, "Code": null, "Name": null }, "geometry": { "type": "Point", "coordinates": [ -23.943413420578597, 33.761971999546539 ] } },
{ "type": "Feature", "properties": { "class": "maritime", "longitude": -20.586912000913298, "latitude": 33.761971999546539, "Id": 2462, "Code": null, "Name": null }, "geometry": { "type": "Point", "coordinates": [ -20.586912000913298, 33.761971999546539 ] } },
{ "type": "Feature", "properties": { "class": "maritime", "longitude": -17.230410581247995, "latitude": 33.761971999546539, "Id": 2463, "Code": null, "Name": null }, "geometry": { "type": "Point", "coordinates": [ -17.230410581247995, 33.761971999546539 ] } },
{ "type": "Feature", "properties": { "class": "maritime", "longitude": -13.873909161582699, "latitude": 33.761971999546539, "Id": 2464, "Code": null, "Name": null }, "geometry": { "type": "Point", "coordinates": [ -13.873909161582699, 33.761971999546539 ] } },
{ "type": "Feature", "properties": { "class": "maritime", "longitude": -10.517407741917401, "latitude": 33.761971999546539, "Id": 2465, "Code": null, "Name": null }, "geometry": { "type": "Point", "coordinates": [ -10.517407741917401, 33.761971999546539 ] } },
{ "type": "Feature", "properties": { "class": "maritime", "longitude": 12.978102195739694, "latitude": 33.761971999546539, "Id": 2466, "Code": null, "Name": null }, "geometry": { "type": "Point", "coordinates": [ 12.978102195739694, 33.761971999546539 ] } },
{ "type": "Feature", "properties": { "class": "maritime", "longitude": 23.047606454735593, "latitude": 33.761971999546539, "Id": 2467, "Code": null, "Name": null }, "geometry": { "type": "Point", "coordinates": [ 23.047606454735593, 33.761971999546539 ] } },
{ "type": "Feature", "properties": { "class": "maritime", "longitude": 26.404107874400886, "latitude": 33.761971999546539, "Id": 2468, "Code": null, "Name": null }, "geometry": { "type": "Point", "coordinates": [ 26.404107874400886, 33.761971999546539 ] } },
{ "type": "Feature", "properties": { "class": "maritime", "longitude": 29.760609294066182, "latitude": 33.761971999546539, "Id": 2469, "Code": null, "Name": null }, "geometry": { "type": "Point", "coordinates": [ 29.760609294066182, 33.761971999546539 ] } },
{ "type": "Feature", "properties": { "class": "maritime", "longitude": 33.117110713731485, "latitude": 33.761971999546539, "Id": 2470, "Code": null, "Name": null }, "geometry": { "type": "Point", "coordinates": [ 33.117110713731485, 33.761971999546539 ] } },
{ "type": "Feature", "properties": { "class": "maritime", "longitude": 123.74264904469456, "latitude": 33.761971999546539, "Id": 2471, "Code": null, "Name": null }, "geometry": { "type": "Point", "coordinates": [ 123.742649044694559, 33.761971999546539 ] } },
{ "type": "Feature", "properties": { "class": "maritime", "longitude": 127.09915046435987, "latitude": 33.761971999546539, "Id": 2472, "Code": null, "Name": null }, "geometry": { "type": "Point", "coordinates": [ 127.099150464359866, 33.761971999546539 ] } },
{ "type": "Feature", "properties": { "class": "maritime", "longitude": 130.45565188402514, "latitude": 33.761971999546539, "Id": 2473, "Code": null, "Name": null }, "geometry": { "type": "Point", "coordinates": [ 130.455651884025144, 33.761971999546539 ] } },
{ "type": "Feature", "properties": { "class": "maritime", "longitude": 137.16865472335576, "latitude": 33.761971999546539, "Id": 2474, "Code": null, "Name": null }, "geometry": { "type": "Point", "coordinates": [ 137.168654723355758, 33.761971999546539 ] } },
{ "type": "Feature", "properties": { "class": "maritime", "longitude": 140.52515614302104, "latitude": 33.761971999546539, "Id": 2475, "Code": null, "Name": null }, "geometry": { "type": "Point", "coordinates": [ 140.525156143021036, 33.761971999546539 ] } },
{ "type": "Feature", "properties": { "class": "maritime", "longitude": 143.88165756268634, "latitude": 33.761971999546539, "Id": 2476, "Code": null, "Name": null }, "geometry": { "type": "Point", "coordinates": [ 143.881657562686343, 33.761971999546539 ] } },
{ "type": "Feature", "properties": { "class": "maritime", "longitude": -119.13026869118144, "latitude": 31.173574779410764, "Id": 2477, "Code": null, "Name": null }, "geometry": { "type": "Point", "coordinates": [ -119.130268691181442, 31.173574779410764 ] } },
{ "type": "Feature", "properties": { "class": "maritime", "longitude": -72.972925311425755, "latitude": 31.173574779410764, "Id": 2478, "Code": null, "Name": null }, "geometry": { "type": "Point", "coordinates": [ -72.972925311425755, 31.173574779410764 ] } },
{ "type": "Feature", "properties": { "class": "maritime", "longitude": -69.675972212871784, "latitude": 31.173574779410764, "Id": 2479, "Code": null, "Name": null }, "geometry": { "type": "Point", "coordinates": [ -69.675972212871784, 31.173574779410764 ] } },
{ "type": "Feature", "properties": { "class": "maritime", "longitude": -66.379019114317799, "latitude": 31.173574779410764, "Id": 2480, "Code": null, "Name": null }, "geometry": { "type": "Point", "coordinates": [ -66.379019114317799, 31.173574779410764 ] } },
{ "type": "Feature", "properties": { "class": "maritime", "longitude": -63.082066015763829, "latitude": 31.173574779410764, "Id": 2481, "Code": null, "Name": null }, "geometry": { "type": "Point", "coordinates": [ -63.082066015763829, 31.173574779410764 ] } },
{ "type": "Feature", "properties": { "class": "maritime", "longitude": -59.785112917209851, "latitude": 31.173574779410764, "Id": 2482, "Code": null, "Name": null }, "geometry": { "type": "Point", "coordinates": [ -59.785112917209851, 31.173574779410764 ] } },
{ "type": "Feature", "properties": { "class": "maritime", "longitude": -56.488159818655888, "latitude": 31.173574779410764, "Id": 2483, "Code": null, "Name": null }, "geometry": { "type": "Point", "coordinates": [ -56.488159818655888, 31.173574779410764 ] } },
{ "type": "Feature", "properties": { "class": "maritime", "longitude": -53.191206720101903, "latitude": 31.173574779410764, "Id": 2484, "Code": null, "Name": null }, "geometry": { "type": "Point", "coordinates": [ -53.191206720101903, 31.173574779410764 ] } },
{ "type": "Feature", "properties": { "class": "maritime", "longitude": -49.894253621547925, "latitude": 31.173574779410764, "Id": 2485, "Code": null, "Name": null }, "geometry": { "type": "Point", "coordinates": [ -49.894253621547925, 31.173574779410764 ] } },
{ "type": "Feature", "properties": { "class": "maritime", "longitude": -46.597300522993947, "latitude": 31.173574779410764, "Id": 2486, "Code": null, "Name": null }, "geometry": { "type": "Point", "coordinates": [ -46.597300522993947, 31.173574779410764 ] } },
{ "type": "Feature", "properties": { "class": "maritime", "longitude": -43.300347424439977, "latitude": 31.173574779410764, "Id": 2487, "Code": null, "Name": null }, "geometry": { "type": "Point", "coordinates": [ -43.300347424439977, 31.173574779410764 ] } },
{ "type": "Feature", "properties": { "class": "maritime", "longitude": -40.003394325885999, "latitude": 31.173574779410764, "Id": 2488, "Code": null, "Name": null }, "geometry": { "type": "Point", "coordinates": [ -40.003394325885999, 31.173574779410764 ] } },
{ "type": "Feature", "properties": { "class": "maritime", "longitude": -36.706441227332022, "latitude": 31.173574779410764, "Id": 2489, "Code": null, "Name": null }, "geometry": { "type": "Point", "coordinates": [ -36.706441227332022, 31.173574779410764 ] } },
{ "type": "Feature", "properties": { "class": "maritime", "longitude": -33.409488128778044, "latitude": 31.173574779410764, "Id": 2490, "Code": null, "Name": null }, "geometry": { "type": "Point", "coordinates": [ -33.409488128778044, 31.173574779410764 ] } },
{ "type": "Feature", "properties": { "class": "maritime", "longitude": -30.11253503022407, "latitude": 31.173574779410764, "Id": 2491, "Code": null, "Name": null }, "geometry": { "type": "Point", "coordinates": [ -30.11253503022407, 31.173574779410764 ] } },
{ "type": "Feature", "properties": { "class": "maritime", "longitude": -26.815581931670089, "latitude": 31.173574779410764, "Id": 2492, "Code": null, "Name": null }, "geometry": { "type": "Point", "coordinates": [ -26.815581931670089, 31.173574779410764 ] } },
{ "type": "Feature", "properties": { "class": "maritime", "longitude": -23.518628833116114, "latitude": 31.173574779410764, "Id": 2493, "Code": null, "Name": null }, "geometry": { "type": "Point", "coordinates": [ -23.518628833116114, 31.173574779410764 ] } },
{ "type": "Feature", "properties": { "class": "maritime", "longitude": -20.22167573456214, "latitude": 31.173574779410764, "Id": 2494, "Code": null, "Name": null }, "geometry": { "type": "Point", "coordinates": [ -20.22167573456214, 31.173574779410764 ] } },
{ "type": "Feature", "properties": { "class": "maritime", "longitude": -16.924722636008163, "latitude": 31.173574779410764, "Id": 2495, "Code": null, "Name": null }, "geometry": { "type": "Point", "coordinates": [ -16.924722636008163, 31.173574779410764 ] } },
{ "type": "Feature", "properties": { "class": "maritime", "longitude": -13.627769537454183, "latitude": 31.173574779410764, "Id": 2496, "Code": null, "Name": null }, "geometry": { "type": "Point", "coordinates": [ -13.627769537454185, 31.173574779410764 ] } },
{ "type": "Feature", "properties": { "class": "maritime", "longitude": -10.330816438900207, "latitude": 31.173574779410764, "Id": 2497, "Code": null, "Name": null }, "geometry": { "type": "Point", "coordinates": [ -10.330816438900207, 31.173574779410764 ] } },
{ "type": "Feature", "properties": { "class": "maritime", "longitude": 124.84426060181285, "latitude": 31.173574779410764, "Id": 2498, "Code": null, "Name": null }, "geometry": { "type": "Point", "coordinates": [ 124.844260601812849, 31.173574779410764 ] } },
{ "type": "Feature", "properties": { "class": "maritime", "longitude": 131.4381667989208, "latitude": 31.173574779410764, "Id": 2499, "Code": null, "Name": null }, "geometry": { "type": "Point", "coordinates": [ 131.438166798920804, 31.173574779410764 ] } },
{ "type": "Feature", "properties": { "class": "maritime", "longitude": 134.73511989747479, "latitude": 31.173574779410764, "Id": 2500, "Code": null, "Name": null }, "geometry": { "type": "Point", "coordinates": [ 134.735119897474789, 31.173574779410764 ] } },
{ "type": "Feature", "properties": { "class": "maritime", "longitude": 138.03207299602875, "latitude": 31.173574779410764, "Id": 2501, "Code": null, "Name": null }, "geometry": { "type": "Point", "coordinates": [ 138.032072996028745, 31.173574779410764 ] } },
{ "type": "Feature", "properties": { "class": "maritime", "longitude": 141.32902609458273, "latitude": 31.173574779410764, "Id": 2502, "Code": null, "Name": null }, "geometry": { "type": "Point", "coordinates": [ 141.32902609458273, 31.173574779410764 ] } },
{ "type": "Feature", "properties": { "class": "maritime", "longitude": 167.70465088301452, "latitude": 31.173574779410764, "Id": 2503, "Code": null, "Name": null }, "geometry": { "type": "Point", "coordinates": [ 167.704650883014523, 31.173574779410764 ] } },
{ "type": "Feature", "properties": { "class": "maritime", "longitude": 171.00160398156851, "latitude": 31.173574779410764, "Id": 2504, "Code": null, "Name": null }, "geometry": { "type": "Point", "coordinates": [ 171.001603981568508, 31.173574779410764 ] } },
{ "type": "Feature", "properties": { "class": "maritime", "longitude": 174.29855708012249, "latitude": 31.173574779410764, "Id": 2505, "Code": null, "Name": null }, "geometry": { "type": "Point", "coordinates": [ 174.298557080122492, 31.173574779410764 ] } },
{ "type": "Feature", "properties": { "class": "maritime", "longitude": 177.59551017867648, "latitude": 31.173574779410764, "Id": 2506, "Code": null, "Name": null }, "geometry": { "type": "Point", "coordinates": [ 177.595510178676477, 31.173574779410764 ] } },
{ "type": "Feature", "properties": { "class": "maritime", "longitude": -123.73062085944029, "latitude": 28.6116543300115, "Id": 2507, "Code": null, "Name": null }, "geometry": { "type": "Point", "coordinates": [ -123.730620859440293, 28.6116543300115 ] } },
{ "type": "Feature", "properties": { "class": "maritime", "longitude": -120.48594612452155, "latitude": 28.6116543300115, "Id": 2508, "Code": null, "Name": null }, "geometry": { "type": "Point", "coordinates": [ -120.485946124521547, 28.6116543300115 ] } },
{ "type": "Feature", "properties": { "class": "maritime", "longitude": -117.2412713896028, "latitude": 28.6116543300115, "Id": 2509, "Code": null, "Name": null }, "geometry": { "type": "Point", "coordinates": [ -117.241271389602801, 28.6116543300115 ] } },
{ "type": "Feature", "properties": { "class": "maritime", "longitude": -94.52854824517155, "latitude": 28.6116543300115, "Id": 2510, "Code": null, "Name": null }, "geometry": { "type": "Point", "coordinates": [ -94.52854824517155, 28.6116543300115 ] } },
{ "type": "Feature", "properties": { "class": "maritime", "longitude": -75.060499835659044, "latitude": 28.6116543300115, "Id": 2511, "Code": null, "Name": null }, "geometry": { "type": "Point", "coordinates": [ -75.060499835659044, 28.6116543300115 ] } },
{ "type": "Feature", "properties": { "class": "maritime", "longitude": -65.326475630902792, "latitude": 28.6116543300115, "Id": 2512, "Code": null, "Name": null }, "geometry": { "type": "Point", "coordinates": [ -65.326475630902792, 28.6116543300115 ] } },
{ "type": "Feature", "properties": { "class": "maritime", "longitude": -62.081800895984045, "latitude": 28.6116543300115, "Id": 2513, "Code": null, "Name": null }, "geometry": { "type": "Point", "coordinates": [ -62.081800895984045, 28.6116543300115 ] } },
{ "type": "Feature", "properties": { "class": "maritime", "longitude": -58.837126161065299, "latitude": 28.6116543300115, "Id": 2514, "Code": null, "Name": null }, "geometry": { "type": "Point", "coordinates": [ -58.837126161065299, 28.6116543300115 ] } },
{ "type": "Feature", "properties": { "class": "maritime", "longitude": -55.592451426146546, "latitude": 28.6116543300115, "Id": 2515, "Code": null, "Name": null }, "geometry": { "type": "Point", "coordinates": [ -55.592451426146546, 28.6116543300115 ] } },
{ "type": "Feature", "properties": { "class": "maritime", "longitude": -52.347776691227793, "latitude": 28.6116543300115, "Id": 2516, "Code": null, "Name": null }, "geometry": { "type": "Point", "coordinates": [ -52.347776691227793, 28.6116543300115 ] } },
{ "type": "Feature", "properties": { "class": "maritime", "longitude": -49.10310195630904, "latitude": 28.6116543300115, "Id": 2517, "Code": null, "Name": null }, "geometry": { "type": "Point", "coordinates": [ -49.10310195630904, 28.6116543300115 ] } },
{ "type": "Feature", "properties": { "class": "maritime", "longitude": -45.858427221390286, "latitude": 28.6116543300115, "Id": 2518, "Code": null, "Name": null }, "geometry": { "type": "Point", "coordinates": [ -45.858427221390286, 28.6116543300115 ] } },
{ "type": "Feature", "properties": { "class": "maritime", "longitude": -42.613752486471547, "latitude": 28.6116543300115, "Id": 2519, "Code": null, "Name": null }, "geometry": { "type": "Point", "coordinates": [ -42.61375248647154, 28.6116543300115 ] } },
{ "type": "Feature", "properties": { "class": "maritime", "longitude": -39.369077751552787, "latitude": 28.6116543300115, "Id": 2520, "Code": null, "Name": null }, "geometry": { "type": "Point", "coordinates": [ -39.369077751552787, 28.6116543300115 ] } },
{ "type": "Feature", "properties": { "class": "maritime", "longitude": -36.124403016634041, "latitude": 28.6116543300115, "Id": 2521, "Code": null, "Name": null }, "geometry": { "type": "Point", "coordinates": [ -36.124403016634041, 28.6116543300115 ] } },
{ "type": "Feature", "properties": { "class": "maritime", "longitude": -32.879728281715288, "latitude": 28.6116543300115, "Id": 2522, "Code": null, "Name": null }, "geometry": { "type": "Point", "coordinates": [ -32.879728281715288, 28.6116543300115 ] } },
{ "type": "Feature", "properties": { "class": "maritime", "longitude": -19.901029342040289, "latitude": 28.6116543300115, "Id": 2523, "Code": null, "Name": null }, "geometry": { "type": "Point", "coordinates": [ -19.901029342040289, 28.6116543300115 ] } },
{ "type": "Feature", "properties": { "class": "maritime", "longitude": -13.411679872202788, "latitude": 28.6116543300115, "Id": 2524, "Code": null, "Name": null }, "geometry": { "type": "Point", "coordinates": [ -13.411679872202788, 28.6116543300115 ] } },
{ "type": "Feature", "properties": { "class": "maritime", "longitude": 122.86465899438474, "latitude": 28.6116543300115, "Id": 2525, "Code": null, "Name": null }, "geometry": { "type": "Point", "coordinates": [ 122.86465899438474, 28.6116543300115 ] } },
{ "type": "Feature", "properties": { "class": "maritime", "longitude": 126.10933372930349, "latitude": 28.6116543300115, "Id": 2526, "Code": null, "Name": null }, "geometry": { "type": "Point", "coordinates": [ 126.109333729303486, 28.6116543300115 ] } },
{ "type": "Feature", "properties": { "class": "maritime", "longitude": 142.33270740389725, "latitude": 28.6116543300115, "Id": 2527, "Code": null, "Name": null }, "geometry": { "type": "Point", "coordinates": [ 142.332707403897246, 28.6116543300115 ] } },
{ "type": "Feature", "properties": { "class": "maritime", "longitude": 145.57738213881598, "latitude": 28.6116543300115, "Id": 2528, "Code": null, "Name": null }, "geometry": { "type": "Point", "coordinates": [ 145.577382138815977, 28.6116543300115 ] } },
{ "type": "Feature", "properties": { "class": "maritime", "longitude": 161.80075581340975, "latitude": 28.6116543300115, "Id": 2529, "Code": null, "Name": null }, "geometry": { "type": "Point", "coordinates": [ 161.800755813409751, 28.6116543300115 ] } },
{ "type": "Feature", "properties": { "class": "maritime", "longitude": -121.98279542960941, "latitude": 26.073197253333667, "Id": 2530, "Code": null, "Name": null }, "geometry": { "type": "Point", "coordinates": [ -121.982795429609411, 26.073197253333667 ] } },
{ "type": "Feature", "properties": { "class": "maritime", "longitude": -118.78395514515917, "latitude": 26.073197253333667, "Id": 2531, "Code": null, "Name": null }, "geometry": { "type": "Point", "coordinates": [ -118.783955145159169, 26.073197253333667 ] } },
{ "type": "Feature", "properties": { "class": "maritime", "longitude": -115.58511486070894, "latitude": 26.073197253333667, "Id": 2532, "Code": null, "Name": null }, "geometry": { "type": "Point", "coordinates": [ -115.585114860708941, 26.073197253333667 ] } },
{ "type": "Feature", "properties": { "class": "maritime", "longitude": -96.392073154007534, "latitude": 26.073197253333667, "Id": 2533, "Code": null, "Name": null }, "geometry": { "type": "Point", "coordinates": [ -96.392073154007534, 26.073197253333667 ] } },
{ "type": "Feature", "properties": { "class": "maritime", "longitude": -93.193232869557306, "latitude": 26.073197253333667, "Id": 2534, "Code": null, "Name": null }, "geometry": { "type": "Point", "coordinates": [ -93.193232869557306, 26.073197253333667 ] } },
{ "type": "Feature", "properties": { "class": "maritime", "longitude": -89.994392585107079, "latitude": 26.073197253333667, "Id": 2535, "Code": null, "Name": null }, "geometry": { "type": "Point", "coordinates": [ -89.994392585107065, 26.073197253333667 ] } },
{ "type": "Feature", "properties": { "class": "maritime", "longitude": -74.000191162855899, "latitude": 26.073197253333667, "Id": 2536, "Code": null, "Name": null }, "geometry": { "type": "Point", "coordinates": [ -74.000191162855899, 26.073197253333667 ] } },
{ "type": "Feature", "properties": { "class": "maritime", "longitude": -54.807149456154498, "latitude": 26.073197253333667, "Id": 2537, "Code": null, "Name": null }, "geometry": { "type": "Point", "coordinates": [ -54.807149456154498, 26.073197253333667 ] } },
{ "type": "Feature", "properties": { "class": "maritime", "longitude": -51.608309171704256, "latitude": 26.073197253333667, "Id": 2538, "Code": null, "Name": null }, "geometry": { "type": "Point", "coordinates": [ -51.608309171704256, 26.073197253333667 ] } },
{ "type": "Feature", "properties": { "class": "maritime", "longitude": -22.818746611652156, "latitude": 26.073197253333667, "Id": 2539, "Code": null, "Name": null }, "geometry": { "type": "Point", "coordinates": [ -22.818746611652156, 26.073197253333667 ] } },
{ "type": "Feature", "properties": { "class": "maritime", "longitude": -16.421066042751683, "latitude": 26.073197253333667, "Id": 2540, "Code": null, "Name": null }, "geometry": { "type": "Point", "coordinates": [ -16.421066042751683, 26.073197253333667 ] } },
{ "type": "Feature", "properties": { "class": "maritime", "longitude": 53.953420215153457, "latitude": 26.073197253333667, "Id": 2541, "Code": null, "Name": null }, "geometry": { "type": "Point", "coordinates": [ 53.953420215153457, 26.073197253333667 ] } },
{ "type": "Feature", "properties": { "class": "maritime", "longitude": 57.152260499603685, "latitude": 26.073197253333667, "Id": 2542, "Code": null, "Name": null }, "geometry": { "type": "Point", "coordinates": [ 57.152260499603692, 26.073197253333667 ] } },
{ "type": "Feature", "properties": { "class": "maritime", "longitude": 121.12906618860839, "latitude": 26.073197253333667, "Id": 2543, "Code": null, "Name": null }, "geometry": { "type": "Point", "coordinates": [ 121.129066188608391, 26.073197253333667 ] } },
{ "type": "Feature", "properties": { "class": "maritime", "longitude": 137.12326761085953, "latitude": 26.073197253333667, "Id": 2544, "Code": null, "Name": null }, "geometry": { "type": "Point", "coordinates": [ 137.123267610859529, 26.073197253333667 ] } },
{ "type": "Feature", "properties": { "class": "maritime", "longitude": -114.13755662005387, "latitude": 23.555465493916248, "Id": 2545, "Code": null, "Name": null }, "geometry": { "type": "Point", "coordinates": [ -114.137556620053871, 23.555465493916248 ] } },
{ "type": "Feature", "properties": { "class": "maritime", "longitude": -95.184883629681167, "latitude": 23.555465493916248, "Id": 2546, "Code": null, "Name": null }, "geometry": { "type": "Point", "coordinates": [ -95.184883629681167, 23.555465493916248 ] } },
{ "type": "Feature", "properties": { "class": "maritime", "longitude": -82.549768302766026, "latitude": 23.555465493916248, "Id": 2547, "Code": null, "Name": null }, "geometry": { "type": "Point", "coordinates": [ -82.549768302766026, 23.555465493916248 ] } },
{ "type": "Feature", "properties": { "class": "maritime", "longitude": -73.073431807579638, "latitude": 23.555465493916248, "Id": 2548, "Code": null, "Name": null }, "geometry": { "type": "Point", "coordinates": [ -73.073431807579638, 23.555465493916248 ] } },
{ "type": "Feature", "properties": { "class": "maritime", "longitude": -50.961979985478138, "latitude": 23.555465493916248, "Id": 2549, "Code": null, "Name": null }, "geometry": { "type": "Point", "coordinates": [ -50.961979985478138, 23.555465493916248 ] } },
{ "type": "Feature", "properties": { "class": "maritime", "longitude": -22.53297049991906, "latitude": 23.555465493916248, "Id": 2550, "Code": null, "Name": null }, "geometry": { "type": "Point", "coordinates": [ -22.53297049991906, 23.555465493916248 ] } },
{ "type": "Feature", "properties": { "class": "maritime", "longitude": -19.374191668190274, "latitude": 23.555465493916248, "Id": 2551, "Code": null, "Name": null }, "geometry": { "type": "Point", "coordinates": [ -19.374191668190274, 23.555465493916248 ] } },
{ "type": "Feature", "properties": { "class": "maritime", "longitude": 37.483827302927899, "latitude": 23.555465493916248, "Id": 2552, "Code": null, "Name": null }, "geometry": { "type": "Point", "coordinates": [ 37.483827302927892, 23.555465493916248 ] } },
{ "type": "Feature", "properties": { "class": "maritime", "longitude": 59.5952791250294, "latitude": 23.555465493916248, "Id": 2553, "Code": null, "Name": null }, "geometry": { "type": "Point", "coordinates": [ 59.5952791250294, 23.555465493916248 ] } },
{ "type": "Feature", "properties": { "class": "maritime", "longitude": 62.754057956758203, "latitude": 23.555465493916248, "Id": 2554, "Code": null, "Name": null }, "geometry": { "type": "Point", "coordinates": [ 62.754057956758203, 23.555465493916248 ] } },
{ "type": "Feature", "properties": { "class": "maritime", "longitude": 65.912836788486985, "latitude": 23.555465493916248, "Id": 2555, "Code": null, "Name": null }, "geometry": { "type": "Point", "coordinates": [ 65.912836788486985, 23.555465493916248 ] } },
{ "type": "Feature", "properties": { "class": "maritime", "longitude": 122.77085575960515, "latitude": 23.555465493916248, "Id": 2556, "Code": null, "Name": null }, "geometry": { "type": "Point", "coordinates": [ 122.770855759605155, 23.555465493916248 ] } },
{ "type": "Feature", "properties": { "class": "maritime", "longitude": 135.40597108652028, "latitude": 23.555465493916248, "Id": 2557, "Code": null, "Name": null }, "geometry": { "type": "Point", "coordinates": [ 135.405971086520282, 23.555465493916248 ] } },
{ "type": "Feature", "properties": { "class": "maritime", "longitude": 144.88230758170667, "latitude": 23.555465493916248, "Id": 2558, "Code": null, "Name": null }, "geometry": { "type": "Point", "coordinates": [ 144.882307581706669, 23.555465493916248 ] } },
{ "type": "Feature", "properties": { "class": "maritime", "longitude": 166.99375940380818, "latitude": 23.555465493916248, "Id": 2559, "Code": null, "Name": null }, "geometry": { "type": "Point", "coordinates": [ 166.993759403808184, 23.555465493916248 ] } },
{ "type": "Feature", "properties": { "class": "maritime", "longitude": -172.23372324231181, "latitude": 21.055948186680951, "Id": 2560, "Code": null, "Name": null }, "geometry": { "type": "Point", "coordinates": [ -172.233723242311811, 21.055948186680951 ] } },
{ "type": "Feature", "properties": { "class": "maritime", "longitude": -112.8788103151042, "latitude": 21.055948186680951, "Id": 2561, "Code": null, "Name": null }, "geometry": { "type": "Point", "coordinates": [ -112.878810315104204, 21.055948186680951 ] } },
{ "type": "Feature", "properties": { "class": "maritime", "longitude": -109.75486752946171, "latitude": 21.055948186680951, "Id": 2562, "Code": null, "Name": null }, "geometry": { "type": "Point", "coordinates": [ -109.754867529461706, 21.055948186680951 ] } },
{ "type": "Feature", "properties": { "class": "maritime", "longitude": -106.63092474381919, "latitude": 21.055948186680951, "Id": 2563, "Code": null, "Name": null }, "geometry": { "type": "Point", "coordinates": [ -106.630924743819207, 21.055948186680951 ] } },
{ "type": "Feature", "properties": { "class": "maritime", "longitude": -97.259096386891699, "latitude": 21.055948186680951, "Id": 2564, "Code": null, "Name": null }, "geometry": { "type": "Point", "coordinates": [ -97.259096386891699, 21.055948186680951 ] } },
{ "type": "Feature", "properties": { "class": "maritime", "longitude": -84.763325244321692, "latitude": 21.055948186680951, "Id": 2565, "Code": null, "Name": null }, "geometry": { "type": "Point", "coordinates": [ -84.763325244321692, 21.055948186680951 ] } },
{ "type": "Feature", "properties": { "class": "maritime", "longitude": -66.019668530466632, "latitude": 21.055948186680951, "Id": 2566, "Code": null, "Name": null }, "geometry": { "type": "Point", "coordinates": [ -66.019668530466632, 21.055948186680951 ] } },
{ "type": "Feature", "properties": { "class": "maritime", "longitude": -62.895725744824141, "latitude": 21.055948186680951, "Id": 2567, "Code": null, "Name": null }, "geometry": { "type": "Point", "coordinates": [ -62.895725744824141, 21.055948186680951 ] } },
{ "type": "Feature", "properties": { "class": "maritime", "longitude": -50.399954602254113, "latitude": 21.055948186680951, "Id": 2568, "Code": null, "Name": null }, "geometry": { "type": "Point", "coordinates": [ -50.399954602254113, 21.055948186680951 ] } },
{ "type": "Feature", "properties": { "class": "maritime", "longitude": -25.408412317114077, "latitude": 21.055948186680951, "Id": 2569, "Code": null, "Name": null }, "geometry": { "type": "Point", "coordinates": [ -25.408412317114077, 21.055948186680951 ] } },
{ "type": "Feature", "properties": { "class": "maritime", "longitude": -22.284469531471576, "latitude": 21.055948186680951, "Id": 2570, "Code": null, "Name": null }, "geometry": { "type": "Point", "coordinates": [ -22.284469531471576, 21.055948186680951 ] } },
{ "type": "Feature", "properties": { "class": "maritime", "longitude": -19.16052674582907, "latitude": 21.055948186680951, "Id": 2571, "Code": null, "Name": null }, "geometry": { "type": "Point", "coordinates": [ -19.16052674582907, 21.055948186680951 ] } },
{ "type": "Feature", "properties": { "class": "maritime", "longitude": 62.06198568087607, "latitude": 21.055948186680951, "Id": 2572, "Code": null, "Name": null }, "geometry": { "type": "Point", "coordinates": [ 62.06198568087607, 21.055948186680951 ] } },
{ "type": "Feature", "properties": { "class": "maritime", "longitude": 65.185928466518561, "latitude": 21.055948186680951, "Id": 2573, "Code": null, "Name": null }, "geometry": { "type": "Point", "coordinates": [ 65.185928466518561, 21.055948186680951 ] } },
{ "type": "Feature", "properties": { "class": "maritime", "longitude": 68.309871252161059, "latitude": 21.055948186680951, "Id": 2574, "Code": null, "Name": null }, "geometry": { "type": "Point", "coordinates": [ 68.309871252161059, 21.055948186680951 ] } },
{ "type": "Feature", "properties": { "class": "maritime", "longitude": 108.92112746551365, "latitude": 21.055948186680951, "Id": 2575, "Code": null, "Name": null }, "geometry": { "type": "Point", "coordinates": [ 108.921127465513649, 21.055948186680951 ] } },
{ "type": "Feature", "properties": { "class": "maritime", "longitude": 112.04507025115615, "latitude": 21.055948186680951, "Id": 2576, "Code": null, "Name": null }, "geometry": { "type": "Point", "coordinates": [ 112.045070251156147, 21.055948186680951 ] } },
{ "type": "Feature", "properties": { "class": "maritime", "longitude": 115.16901303679866, "latitude": 21.055948186680951, "Id": 2577, "Code": null, "Name": null }, "geometry": { "type": "Point", "coordinates": [ 115.16901303679866, 21.055948186680951 ] } },
{ "type": "Feature", "properties": { "class": "maritime", "longitude": 121.41689860808367, "latitude": 21.055948186680951, "Id": 2578, "Code": null, "Name": null }, "geometry": { "type": "Point", "coordinates": [ 121.416898608083656, 21.055948186680951 ] } },
{ "type": "Feature", "properties": { "class": "maritime", "longitude": 133.91266975065369, "latitude": 21.055948186680951, "Id": 2579, "Code": null, "Name": null }, "geometry": { "type": "Point", "coordinates": [ 133.912669750653691, 21.055948186680951 ] } },
{ "type": "Feature", "properties": { "class": "maritime", "longitude": 137.03661253629619, "latitude": 21.055948186680951, "Id": 2580, "Code": null, "Name": null }, "geometry": { "type": "Point", "coordinates": [ 137.03661253629619, 21.055948186680951 ] } },
{ "type": "Feature", "properties": { "class": "maritime", "longitude": 146.40844089322368, "latitude": 21.055948186680951, "Id": 2581, "Code": null, "Name": null }, "geometry": { "type": "Point", "coordinates": [ 146.408440893223684, 21.055948186680951 ] } },
{ "type": "Feature", "properties": { "class": "maritime", "longitude": 177.64786874964872, "latitude": 21.055948186680951, "Id": 2582, "Code": null, "Name": null }, "geometry": { "type": "Point", "coordinates": [ 177.647868749648751, 21.055948186680951 ] } },
{ "type": "Feature", "properties": { "class": "maritime", "longitude": -170.57648696174573, "latitude": 18.572322382883915, "Id": 2583, "Code": null, "Name": null }, "geometry": { "type": "Point", "coordinates": [ -170.576486961745729, 18.572322382883915 ] } },
{ "type": "Feature", "properties": { "class": "maritime", "longitude": -164.38871866860254, "latitude": 18.572322382883915, "Id": 2584, "Code": null, "Name": null }, "geometry": { "type": "Point", "coordinates": [ -164.388718668602536, 18.572322382883915 ] } },
{ "type": "Feature", "properties": { "class": "maritime", "longitude": -108.6988040303138, "latitude": 18.572322382883915, "Id": 2585, "Code": null, "Name": null }, "geometry": { "type": "Point", "coordinates": [ -108.698804030313795, 18.572322382883915 ] } },
{ "type": "Feature", "properties": { "class": "maritime", "longitude": -105.6049198837422, "latitude": 18.572322382883915, "Id": 2586, "Code": null, "Name": null }, "geometry": { "type": "Point", "coordinates": [ -105.604919883742198, 18.572322382883915 ] } },
{ "type": "Feature", "properties": { "class": "maritime", "longitude": -93.229383297455826, "latitude": 18.572322382883915, "Id": 2587, "Code": null, "Name": null }, "geometry": { "type": "Point", "coordinates": [ -93.229383297455826, 18.572322382883915 ] } },
{ "type": "Feature", "properties": { "class": "maritime", "longitude": -74.666078418026217, "latitude": 18.572322382883915, "Id": 2588, "Code": null, "Name": null }, "geometry": { "type": "Point", "coordinates": [ -74.666078418026231, 18.572322382883915 ] } },
{ "type": "Feature", "properties": { "class": "maritime", "longitude": -65.384425978311455, "latitude": 18.572322382883915, "Id": 2589, "Code": null, "Name": null }, "geometry": { "type": "Point", "coordinates": [ -65.384425978311455, 18.572322382883915 ] } },
{ "type": "Feature", "properties": { "class": "maritime", "longitude": -62.290541831739851, "latitude": 18.572322382883915, "Id": 2590, "Code": null, "Name": null }, "geometry": { "type": "Point", "coordinates": [ -62.290541831739851, 18.572322382883915 ] } },
{ "type": "Feature", "properties": { "class": "maritime", "longitude": -59.196657685168262, "latitude": 18.572322382883915, "Id": 2591, "Code": null, "Name": null }, "geometry": { "type": "Point", "coordinates": [ -59.196657685168262, 18.572322382883915 ] } },
{ "type": "Feature", "properties": { "class": "maritime", "longitude": -56.102773538596665, "latitude": 18.572322382883915, "Id": 2592, "Code": null, "Name": null }, "geometry": { "type": "Point", "coordinates": [ -56.102773538596665, 18.572322382883915 ] } },
{ "type": "Feature", "properties": { "class": "maritime", "longitude": -28.257816219452302, "latitude": 18.572322382883915, "Id": 2593, "Code": null, "Name": null }, "geometry": { "type": "Point", "coordinates": [ -28.257816219452302, 18.572322382883915 ] } },
{ "type": "Feature", "properties": { "class": "maritime", "longitude": -25.163932072880701, "latitude": 18.572322382883915, "Id": 2594, "Code": null, "Name": null }, "geometry": { "type": "Point", "coordinates": [ -25.163932072880701, 18.572322382883915 ] } },
{ "type": "Feature", "properties": { "class": "maritime", "longitude": -18.976163779737515, "latitude": 18.572322382883915, "Id": 2595, "Code": null, "Name": null }, "geometry": { "type": "Point", "coordinates": [ -18.976163779737515, 18.572322382883915 ] } },
{ "type": "Feature", "properties": { "class": "maritime", "longitude": 39.807635005122805, "latitude": 18.572322382883915, "Id": 2596, "Code": null, "Name": null }, "geometry": { "type": "Point", "coordinates": [ 39.807635005122812, 18.572322382883915 ] } },
{ "type": "Feature", "properties": { "class": "maritime", "longitude": 58.370939884552385, "latitude": 18.572322382883915, "Id": 2597, "Code": null, "Name": null }, "geometry": { "type": "Point", "coordinates": [ 58.370939884552385, 18.572322382883915 ] } },
{ "type": "Feature", "properties": { "class": "maritime", "longitude": 61.464824031123989, "latitude": 18.572322382883915, "Id": 2598, "Code": null, "Name": null }, "geometry": { "type": "Point", "coordinates": [ 61.464824031123989, 18.572322382883915 ] } },
{ "type": "Feature", "properties": { "class": "maritime", "longitude": 64.558708177695578, "latitude": 18.572322382883915, "Id": 2599, "Code": null, "Name": null }, "geometry": { "type": "Point", "coordinates": [ 64.558708177695578, 18.572322382883915 ] } },
{ "type": "Feature", "properties": { "class": "maritime", "longitude": 67.652592324267161, "latitude": 18.572322382883915, "Id": 2600, "Code": null, "Name": null }, "geometry": { "type": "Point", "coordinates": [ 67.652592324267161, 18.572322382883915 ] } },
{ "type": "Feature", "properties": { "class": "maritime", "longitude": 70.746476470838786, "latitude": 18.572322382883915, "Id": 2601, "Code": null, "Name": null }, "geometry": { "type": "Point", "coordinates": [ 70.746476470838786, 18.572322382883915 ] } },
{ "type": "Feature", "properties": { "class": "maritime", "longitude": 86.215897203696755, "latitude": 18.572322382883915, "Id": 2602, "Code": null, "Name": null }, "geometry": { "type": "Point", "coordinates": [ 86.215897203696755, 18.572322382883915 ] } },
{ "type": "Feature", "properties": { "class": "maritime", "longitude": 120.24862281598431, "latitude": 18.572322382883915, "Id": 2603, "Code": null, "Name": null }, "geometry": { "type": "Point", "coordinates": [ 120.248622815984305, 18.572322382883915 ] } },
{ "type": "Feature", "properties": { "class": "maritime", "longitude": 135.7180435488423, "latitude": 18.572322382883915, "Id": 2604, "Code": null, "Name": null }, "geometry": { "type": "Point", "coordinates": [ 135.718043548842303, 18.572322382883915 ] } },
{ "type": "Feature", "properties": { "class": "maritime", "longitude": 138.81192769541389, "latitude": 18.572322382883915, "Id": 2605, "Code": null, "Name": null }, "geometry": { "type": "Point", "coordinates": [ 138.811927695413885, 18.572322382883915 ] } },
{ "type": "Feature", "properties": { "class": "maritime", "longitude": 148.09358013512866, "latitude": 18.572322382883915, "Id": 2606, "Code": null, "Name": null }, "geometry": { "type": "Point", "coordinates": [ 148.093580135128661, 18.572322382883915 ] } },
{ "type": "Feature", "properties": { "class": "maritime", "longitude": -159.95774007243776, "latitude": 16.102420527566085, "Id": 2607, "Code": null, "Name": null }, "geometry": { "type": "Point", "coordinates": [ -159.957740072437758, 16.102420527566085 ] } },
{ "type": "Feature", "properties": { "class": "maritime", "longitude": -104.72948110949557, "latitude": 16.102420527566085, "Id": 2608, "Code": null, "Name": null }, "geometry": { "type": "Point", "coordinates": [ -104.729481109495566, 16.102420527566085 ] } },
{ "type": "Feature", "properties": { "class": "maritime", "longitude": -101.66124450044322, "latitude": 16.102420527566085, "Id": 2609, "Code": null, "Name": null }, "geometry": { "type": "Point", "coordinates": [ -101.661244500443217, 16.102420527566085 ] } },
{ "type": "Feature", "properties": { "class": "maritime", "longitude": -98.593007891390869, "latitude": 16.102420527566085, "Id": 2610, "Code": null, "Name": null }, "geometry": { "type": "Point", "coordinates": [ -98.593007891390869, 16.102420527566085 ] } },
{ "type": "Feature", "properties": { "class": "maritime", "longitude": -80.183588237076805, "latitude": 16.102420527566085, "Id": 2611, "Code": null, "Name": null }, "geometry": { "type": "Point", "coordinates": [ -80.183588237076805, 16.102420527566085 ] } },
{ "type": "Feature", "properties": { "class": "maritime", "longitude": -77.115351628024442, "latitude": 16.102420527566085, "Id": 2612, "Code": null, "Name": null }, "geometry": { "type": "Point", "coordinates": [ -77.115351628024456, 16.102420527566085 ] } },
{ "type": "Feature", "properties": { "class": "maritime", "longitude": -74.047115018972107, "latitude": 16.102420527566085, "Id": 2613, "Code": null, "Name": null }, "geometry": { "type": "Point", "coordinates": [ -74.047115018972107, 16.102420527566085 ] } },
{ "type": "Feature", "properties": { "class": "maritime", "longitude": -70.978878409919758, "latitude": 16.102420527566085, "Id": 2614, "Code": null, "Name": null }, "geometry": { "type": "Point", "coordinates": [ -70.978878409919758, 16.102420527566085 ] } },
{ "type": "Feature", "properties": { "class": "maritime", "longitude": -64.842405191815075, "latitude": 16.102420527566085, "Id": 2615, "Code": null, "Name": null }, "geometry": { "type": "Point", "coordinates": [ -64.842405191815075, 16.102420527566085 ] } },
{ "type": "Feature", "properties": { "class": "maritime", "longitude": -58.705931973710385, "latitude": 16.102420527566085, "Id": 2616, "Code": null, "Name": null }, "geometry": { "type": "Point", "coordinates": [ -58.705931973710385, 16.102420527566085 ] } },
{ "type": "Feature", "properties": { "class": "maritime", "longitude": -34.160039101291623, "latitude": 16.102420527566085, "Id": 2617, "Code": null, "Name": null }, "geometry": { "type": "Point", "coordinates": [ -34.160039101291623, 16.102420527566085 ] } },
{ "type": "Feature", "properties": { "class": "maritime", "longitude": -21.887092665082239, "latitude": 16.102420527566085, "Id": 2618, "Code": null, "Name": null }, "geometry": { "type": "Point", "coordinates": [ -21.887092665082239, 16.102420527566085 ] } },
{ "type": "Feature", "properties": { "class": "maritime", "longitude": -18.818856056029897, "latitude": 16.102420527566085, "Id": 2619, "Code": null, "Name": null }, "geometry": { "type": "Point", "coordinates": [ -18.818856056029897, 16.102420527566085 ] } },
{ "type": "Feature", "properties": { "class": "maritime", "longitude": 54.818822561226398, "latitude": 16.102420527566085, "Id": 2620, "Code": null, "Name": null }, "geometry": { "type": "Point", "coordinates": [ 54.818822561226398, 16.102420527566085 ] } },
{ "type": "Feature", "properties": { "class": "maritime", "longitude": 57.887059170278739, "latitude": 16.102420527566085, "Id": 2621, "Code": null, "Name": null }, "geometry": { "type": "Point", "coordinates": [ 57.887059170278739, 16.102420527566085 ] } },
{ "type": "Feature", "properties": { "class": "maritime", "longitude": 60.955295779331095, "latitude": 16.102420527566085, "Id": 2622, "Code": null, "Name": null }, "geometry": { "type": "Point", "coordinates": [ 60.955295779331095, 16.102420527566085 ] } },
{ "type": "Feature", "properties": { "class": "maritime", "longitude": 67.091768997435764, "latitude": 16.102420527566085, "Id": 2623, "Code": null, "Name": null }, "geometry": { "type": "Point", "coordinates": [ 67.091768997435764, 16.102420527566085 ] } },
{ "type": "Feature", "properties": { "class": "maritime", "longitude": 70.160005606488141, "latitude": 16.102420527566085, "Id": 2624, "Code": null, "Name": null }, "geometry": { "type": "Point", "coordinates": [ 70.160005606488141, 16.102420527566085 ] } },
{ "type": "Feature", "properties": { "class": "maritime", "longitude": 73.228242215540476, "latitude": 16.102420527566085, "Id": 2625, "Code": null, "Name": null }, "geometry": { "type": "Point", "coordinates": [ 73.228242215540476, 16.102420527566085 ] } },
{ "type": "Feature", "properties": { "class": "maritime", "longitude": 82.432952042697508, "latitude": 16.102420527566085, "Id": 2626, "Code": null, "Name": null }, "geometry": { "type": "Point", "coordinates": [ 82.432952042697508, 16.102420527566085 ] } },
{ "type": "Feature", "properties": { "class": "maritime", "longitude": 85.501188651749857, "latitude": 16.102420527566085, "Id": 2627, "Code": null, "Name": null }, "geometry": { "type": "Point", "coordinates": [ 85.501188651749857, 16.102420527566085 ] } },
{ "type": "Feature", "properties": { "class": "maritime", "longitude": 116.1835547422733, "latitude": 16.102420527566085, "Id": 2628, "Code": null, "Name": null }, "geometry": { "type": "Point", "coordinates": [ 116.183554742273301, 16.102420527566085 ] } },
{ "type": "Feature", "properties": { "class": "maritime", "longitude": 119.25179135132564, "latitude": 16.102420527566085, "Id": 2629, "Code": null, "Name": null }, "geometry": { "type": "Point", "coordinates": [ 119.251791351325636, 16.102420527566085 ] } },
{ "type": "Feature", "properties": { "class": "maritime", "longitude": 134.59297439658738, "latitude": 16.102420527566085, "Id": 2630, "Code": null, "Name": null }, "geometry": { "type": "Point", "coordinates": [ 134.59297439658738, 16.102420527566085 ] } },
{ "type": "Feature", "properties": { "class": "maritime", "longitude": 137.66121100563973, "latitude": 16.102420527566085, "Id": 2631, "Code": null, "Name": null }, "geometry": { "type": "Point", "coordinates": [ 137.661211005639728, 16.102420527566085 ] } },
{ "type": "Feature", "properties": { "class": "maritime", "longitude": 140.72944761469208, "latitude": 16.102420527566085, "Id": 2632, "Code": null, "Name": null }, "geometry": { "type": "Point", "coordinates": [ 140.729447614692077, 16.102420527566085 ] } },
{ "type": "Feature", "properties": { "class": "maritime", "longitude": -116.18123735832908, "latitude": 13.644203112651439, "Id": 2633, "Code": null, "Name": null }, "geometry": { "type": "Point", "coordinates": [ -116.181237358329085, 13.644203112651439 ] } },
{ "type": "Feature", "properties": { "class": "maritime", "longitude": -100.94772754039919, "latitude": 13.644203112651439, "Id": 2634, "Code": null, "Name": null }, "geometry": { "type": "Point", "coordinates": [ -100.947727540399185, 13.644203112651439 ] } },
{ "type": "Feature", "properties": { "class": "maritime", "longitude": -97.901025576813211, "latitude": 13.644203112651439, "Id": 2635, "Code": null, "Name": null }, "geometry": { "type": "Point", "coordinates": [ -97.901025576813211, 13.644203112651439 ] } },
{ "type": "Feature", "properties": { "class": "maritime", "longitude": -94.854323613227237, "latitude": 13.644203112651439, "Id": 2636, "Code": null, "Name": null }, "geometry": { "type": "Point", "coordinates": [ -94.854323613227237, 13.644203112651439 ] } },
{ "type": "Feature", "properties": { "class": "maritime", "longitude": -91.807621649641263, "latitude": 13.644203112651439, "Id": 2637, "Code": null, "Name": null }, "geometry": { "type": "Point", "coordinates": [ -91.807621649641263, 13.644203112651439 ] } },
{ "type": "Feature", "properties": { "class": "maritime", "longitude": -79.620813795297366, "latitude": 13.644203112651439, "Id": 2638, "Code": null, "Name": null }, "geometry": { "type": "Point", "coordinates": [ -79.620813795297366, 13.644203112651439 ] } },
{ "type": "Feature", "properties": { "class": "maritime", "longitude": -76.574111831711363, "latitude": 13.644203112651439, "Id": 2639, "Code": null, "Name": null }, "geometry": { "type": "Point", "coordinates": [ -76.574111831711363, 13.644203112651439 ] } },
{ "type": "Feature", "properties": { "class": "maritime", "longitude": -70.480707904539415, "latitude": 13.644203112651439, "Id": 2640, "Code": null, "Name": null }, "geometry": { "type": "Point", "coordinates": [ -70.480707904539415, 13.644203112651439 ] } },
{ "type": "Feature", "properties": { "class": "maritime", "longitude": -67.43400594095344, "latitude": 13.644203112651439, "Id": 2641, "Code": null, "Name": null }, "geometry": { "type": "Point", "coordinates": [ -67.43400594095344, 13.644203112651439 ] } },
{ "type": "Feature", "properties": { "class": "maritime", "longitude": -64.387303977367466, "latitude": 13.644203112651439, "Id": 2642, "Code": null, "Name": null }, "geometry": { "type": "Point", "coordinates": [ -64.387303977367466, 13.644203112651439 ] } },
{ "type": "Feature", "properties": { "class": "maritime", "longitude": -61.340602013781485, "latitude": 13.644203112651439, "Id": 2643, "Code": null, "Name": null }, "geometry": { "type": "Point", "coordinates": [ -61.340602013781485, 13.644203112651439 ] } },
{ "type": "Feature", "properties": { "class": "maritime", "longitude": -55.247198086609536, "latitude": 13.644203112651439, "Id": 2644, "Code": null, "Name": null }, "geometry": { "type": "Point", "coordinates": [ -55.247198086609536, 13.644203112651439 ] } },
{ "type": "Feature", "properties": { "class": "maritime", "longitude": -33.920284341507703, "latitude": 13.644203112651439, "Id": 2645, "Code": null, "Name": null }, "geometry": { "type": "Point", "coordinates": [ -33.920284341507703, 13.644203112651439 ] } },
{ "type": "Feature", "properties": { "class": "maritime", "longitude": -21.733476487163788, "latitude": 13.644203112651439, "Id": 2646, "Code": null, "Name": null }, "geometry": { "type": "Point", "coordinates": [ -21.733476487163788, 13.644203112651439 ] } },
{ "type": "Feature", "properties": { "class": "maritime", "longitude": -18.686774523577814, "latitude": 13.644203112651439, "Id": 2647, "Code": null, "Name": null }, "geometry": { "type": "Point", "coordinates": [ -18.68677452357781, 13.644203112651439 ] } },
{ "type": "Feature", "properties": { "class": "maritime", "longitude": 54.434072602485642, "latitude": 13.644203112651439, "Id": 2648, "Code": null, "Name": null }, "geometry": { "type": "Point", "coordinates": [ 54.434072602485642, 13.644203112651439 ] } },
{ "type": "Feature", "properties": { "class": "maritime", "longitude": 57.480774566071617, "latitude": 13.644203112651439, "Id": 2649, "Code": null, "Name": null }, "geometry": { "type": "Point", "coordinates": [ 57.480774566071617, 13.644203112651439 ] } },
{ "type": "Feature", "properties": { "class": "maritime", "longitude": 60.527476529657598, "latitude": 13.644203112651439, "Id": 2650, "Code": null, "Name": null }, "geometry": { "type": "Point", "coordinates": [ 60.527476529657598, 13.644203112651439 ] } },
{ "type": "Feature", "properties": { "class": "maritime", "longitude": 69.667582420415542, "latitude": 13.644203112651439, "Id": 2651, "Code": null, "Name": null }, "geometry": { "type": "Point", "coordinates": [ 69.667582420415542, 13.644203112651439 ] } },
{ "type": "Feature", "properties": { "class": "maritime", "longitude": 72.714284384001502, "latitude": 13.644203112651439, "Id": 2652, "Code": null, "Name": null }, "geometry": { "type": "Point", "coordinates": [ 72.714284384001502, 13.644203112651439 ] } },
{ "type": "Feature", "properties": { "class": "maritime", "longitude": 84.901092238345413, "latitude": 13.644203112651439, "Id": 2653, "Code": null, "Name": null }, "geometry": { "type": "Point", "coordinates": [ 84.901092238345413, 13.644203112651439 ] } },
{ "type": "Feature", "properties": { "class": "maritime", "longitude": 127.55491972854909, "latitude": 13.644203112651439, "Id": 2654, "Code": null, "Name": null }, "geometry": { "type": "Point", "coordinates": [ 127.554919728549095, 13.644203112651439 ] } },
{ "type": "Feature", "properties": { "class": "maritime", "longitude": 130.60162169213507, "latitude": 13.644203112651439, "Id": 2655, "Code": null, "Name": null }, "geometry": { "type": "Point", "coordinates": [ 130.601621692135069, 13.644203112651439 ] } },
{ "type": "Feature", "properties": { "class": "maritime", "longitude": 133.64832365572107, "latitude": 13.644203112651439, "Id": 2656, "Code": null, "Name": null }, "geometry": { "type": "Point", "coordinates": [ 133.648323655721072, 13.644203112651439 ] } },
{ "type": "Feature", "properties": { "class": "maritime", "longitude": 136.69502561930702, "latitude": 13.644203112651439, "Id": 2657, "Code": null, "Name": null }, "geometry": { "type": "Point", "coordinates": [ 136.695025619307017, 13.644203112651439 ] } },
{ "type": "Feature", "properties": { "class": "maritime", "longitude": 139.74172758289299, "latitude": 13.644203112651439, "Id": 2658, "Code": null, "Name": null }, "geometry": { "type": "Point", "coordinates": [ 139.741727582892992, 13.644203112651439 ] } },
{ "type": "Feature", "properties": { "class": "maritime", "longitude": 142.78842954647899, "latitude": 13.644203112651439, "Id": 2659, "Code": null, "Name": null }, "geometry": { "type": "Point", "coordinates": [ 142.788429546478994, 13.644203112651439 ] } },
{ "type": "Feature", "properties": { "class": "maritime", "longitude": 148.88183347365091, "latitude": 13.644203112651439, "Id": 2660, "Code": null, "Name": null }, "geometry": { "type": "Point", "coordinates": [ 148.881833473650914, 13.644203112651439 ] } },
{ "type": "Feature", "properties": { "class": "maritime", "longitude": -100.36251679516981, "latitude": 11.195735316089518, "Id": 2661, "Code": null, "Name": null }, "geometry": { "type": "Point", "coordinates": [ -100.36251679516981, 11.195735316089518 ] } },
{ "type": "Feature", "properties": { "class": "maritime", "longitude": -97.333477068961969, "latitude": 11.195735316089518, "Id": 2662, "Code": null, "Name": null }, "geometry": { "type": "Point", "coordinates": [ -97.333477068961969, 11.195735316089518 ] } },
{ "type": "Feature", "properties": { "class": "maritime", "longitude": -94.304437342754127, "latitude": 11.195735316089518, "Id": 2663, "Code": null, "Name": null }, "geometry": { "type": "Point", "coordinates": [ -94.304437342754127, 11.195735316089518 ] } },
{ "type": "Feature", "properties": { "class": "maritime", "longitude": -91.275397616546286, "latitude": 11.195735316089518, "Id": 2664, "Code": null, "Name": null }, "geometry": { "type": "Point", "coordinates": [ -91.275397616546286, 11.195735316089518 ] } },
{ "type": "Feature", "properties": { "class": "maritime", "longitude": -88.246357890338459, "latitude": 11.195735316089518, "Id": 2665, "Code": null, "Name": null }, "geometry": { "type": "Point", "coordinates": [ -88.246357890338459, 11.195735316089518 ] } },
{ "type": "Feature", "properties": { "class": "maritime", "longitude": -79.159238711714934, "latitude": 11.195735316089518, "Id": 2666, "Code": null, "Name": null }, "geometry": { "type": "Point", "coordinates": [ -79.159238711714934, 11.195735316089518 ] } },
{ "type": "Feature", "properties": { "class": "maritime", "longitude": -76.130198985507079, "latitude": 11.195735316089518, "Id": 2667, "Code": null, "Name": null }, "geometry": { "type": "Point", "coordinates": [ -76.130198985507079, 11.195735316089518 ] } },
{ "type": "Feature", "properties": { "class": "maritime", "longitude": -67.043079806883554, "latitude": 11.195735316089518, "Id": 2668, "Code": null, "Name": null }, "geometry": { "type": "Point", "coordinates": [ -67.043079806883554, 11.195735316089518 ] } },
{ "type": "Feature", "properties": { "class": "maritime", "longitude": -60.985000354467878, "latitude": 11.195735316089518, "Id": 2669, "Code": null, "Name": null }, "geometry": { "type": "Point", "coordinates": [ -60.985000354467878, 11.195735316089518 ] } },
{ "type": "Feature", "properties": { "class": "maritime", "longitude": -57.955960628260051, "latitude": 11.195735316089518, "Id": 2670, "Code": null, "Name": null }, "geometry": { "type": "Point", "coordinates": [ -57.955960628260044, 11.195735316089518 ] } },
{ "type": "Feature", "properties": { "class": "maritime", "longitude": -36.752682544805154, "latitude": 11.195735316089518, "Id": 2671, "Code": null, "Name": null }, "geometry": { "type": "Point", "coordinates": [ -36.752682544805154, 11.195735316089518 ] } },
{ "type": "Feature", "properties": { "class": "maritime", "longitude": -27.665563366181633, "latitude": 11.195735316089518, "Id": 2672, "Code": null, "Name": null }, "geometry": { "type": "Point", "coordinates": [ -27.665563366181633, 11.195735316089518 ] } },
{ "type": "Feature", "properties": { "class": "maritime", "longitude": -24.636523639973792, "latitude": 11.195735316089518, "Id": 2673, "Code": null, "Name": null }, "geometry": { "type": "Point", "coordinates": [ -24.636523639973792, 11.195735316089518 ] } },
{ "type": "Feature", "properties": { "class": "maritime", "longitude": -18.578444187558112, "latitude": 11.195735316089518, "Id": 2674, "Code": null, "Name": null }, "geometry": { "type": "Point", "coordinates": [ -18.578444187558112, 11.195735316089518 ] } },
{ "type": "Feature", "properties": { "class": "maritime", "longitude": 60.176588693845758, "latitude": 11.195735316089518, "Id": 2675, "Code": null, "Name": null }, "geometry": { "type": "Point", "coordinates": [ 60.176588693845758, 11.195735316089518 ] } },
{ "type": "Feature", "properties": { "class": "maritime", "longitude": 63.205628420053593, "latitude": 11.195735316089518, "Id": 2676, "Code": null, "Name": null }, "geometry": { "type": "Point", "coordinates": [ 63.205628420053593, 11.195735316089518 ] } },
{ "type": "Feature", "properties": { "class": "maritime", "longitude": 66.234668146261413, "latitude": 11.195735316089518, "Id": 2677, "Code": null, "Name": null }, "geometry": { "type": "Point", "coordinates": [ 66.234668146261413, 11.195735316089518 ] } },
{ "type": "Feature", "properties": { "class": "maritime", "longitude": 75.321787324884966, "latitude": 11.195735316089518, "Id": 2678, "Code": null, "Name": null }, "geometry": { "type": "Point", "coordinates": [ 75.321787324884966, 11.195735316089518 ] } },
{ "type": "Feature", "properties": { "class": "maritime", "longitude": 81.379866777300634, "latitude": 11.195735316089518, "Id": 2679, "Code": null, "Name": null }, "geometry": { "type": "Point", "coordinates": [ 81.379866777300634, 11.195735316089518 ] } },
{ "type": "Feature", "properties": { "class": "maritime", "longitude": 111.67026403937906, "latitude": 11.195735316089518, "Id": 2680, "Code": null, "Name": null }, "geometry": { "type": "Point", "coordinates": [ 111.670264039379049, 11.195735316089518 ] } },
{ "type": "Feature", "properties": { "class": "maritime", "longitude": 126.81546267041826, "latitude": 11.195735316089518, "Id": 2681, "Code": null, "Name": null }, "geometry": { "type": "Point", "coordinates": [ 126.815462670418256, 11.195735316089518 ] } },
{ "type": "Feature", "properties": { "class": "maritime", "longitude": 129.8445023966261, "latitude": 11.195735316089518, "Id": 2682, "Code": null, "Name": null }, "geometry": { "type": "Point", "coordinates": [ 129.844502396626098, 11.195735316089518 ] } },
{ "type": "Feature", "properties": { "class": "maritime", "longitude": 132.87354212283392, "latitude": 11.195735316089518, "Id": 2683, "Code": null, "Name": null }, "geometry": { "type": "Point", "coordinates": [ 132.873542122833925, 11.195735316089518 ] } },
{ "type": "Feature", "properties": { "class": "maritime", "longitude": 141.96066130145744, "latitude": 11.195735316089518, "Id": 2684, "Code": null, "Name": null }, "geometry": { "type": "Point", "coordinates": [ 141.960661301457435, 11.195735316089518 ] } },
{ "type": "Feature", "properties": { "class": "maritime", "longitude": 144.98970102766529, "latitude": 11.195735316089518, "Id": 2685, "Code": null, "Name": null }, "geometry": { "type": "Point", "coordinates": [ 144.989701027665291, 11.195735316089518 ] } },
{ "type": "Feature", "properties": { "class": "maritime", "longitude": -96.884235906283834, "latitude": 8.7551667116990135, "Id": 2686, "Code": null, "Name": null }, "geometry": { "type": "Point", "coordinates": [ -96.884235906283834, 8.755166711699014 ] } },
{ "type": "Feature", "properties": { "class": "maritime", "longitude": -90.854117426174454, "latitude": 8.7551667116990135, "Id": 2687, "Code": null, "Name": null }, "geometry": { "type": "Point", "coordinates": [ -90.85411742617444, 8.755166711699014 ] } },
{ "type": "Feature", "properties": { "class": "maritime", "longitude": -87.839058186119743, "latitude": 8.7551667116990135, "Id": 2688, "Code": null, "Name": null }, "geometry": { "type": "Point", "coordinates": [ -87.839058186119743, 8.755166711699014 ] } },
{ "type": "Feature", "properties": { "class": "maritime", "longitude": -84.823998946065046, "latitude": 8.7551667116990135, "Id": 2689, "Code": null, "Name": null }, "geometry": { "type": "Point", "coordinates": [ -84.823998946065046, 8.755166711699014 ] } },
{ "type": "Feature", "properties": { "class": "maritime", "longitude": -54.67340654551807, "latitude": 8.7551667116990135, "Id": 2690, "Code": null, "Name": null }, "geometry": { "type": "Point", "coordinates": [ -54.67340654551807, 8.755166711699014 ] } },
{ "type": "Feature", "properties": { "class": "maritime", "longitude": -51.658347305463373, "latitude": 8.7551667116990135, "Id": 2691, "Code": null, "Name": null }, "geometry": { "type": "Point", "coordinates": [ -51.658347305463373, 8.755166711699014 ] } },
{ "type": "Feature", "properties": { "class": "maritime", "longitude": -48.643288065408669, "latitude": 8.7551667116990135, "Id": 2692, "Code": null, "Name": null }, "geometry": { "type": "Point", "coordinates": [ -48.643288065408669, 8.755166711699014 ] } },
{ "type": "Feature", "properties": { "class": "maritime", "longitude": -24.52281414497109, "latitude": 8.7551667116990135, "Id": 2693, "Code": null, "Name": null }, "geometry": { "type": "Point", "coordinates": [ -24.522814144971086, 8.755166711699014 ] } },
{ "type": "Feature", "properties": { "class": "maritime", "longitude": -18.492695664861692, "latitude": 8.7551667116990135, "Id": 2694, "Code": null, "Name": null }, "geometry": { "type": "Point", "coordinates": [ -18.492695664861692, 8.755166711699014 ] } },
{ "type": "Feature", "properties": { "class": "maritime", "longitude": -15.477636424806994, "latitude": 8.7551667116990135, "Id": 2695, "Code": null, "Name": null }, "geometry": { "type": "Point", "coordinates": [ -15.477636424806994, 8.755166711699014 ] } },
{ "type": "Feature", "properties": { "class": "maritime", "longitude": 56.883785336505753, "latitude": 8.7551667116990135, "Id": 2696, "Code": null, "Name": null }, "geometry": { "type": "Point", "coordinates": [ 56.883785336505753, 8.755166711699014 ] } },
{ "type": "Feature", "properties": { "class": "maritime", "longitude": 59.898844576560457, "latitude": 8.7551667116990135, "Id": 2697, "Code": null, "Name": null }, "geometry": { "type": "Point", "coordinates": [ 59.898844576560457, 8.755166711699014 ] } },
{ "type": "Feature", "properties": { "class": "maritime", "longitude": 74.974140776833963, "latitude": 8.7551667116990135, "Id": 2698, "Code": null, "Name": null }, "geometry": { "type": "Point", "coordinates": [ 74.974140776833963, 8.755166711699014 ] } },
{ "type": "Feature", "properties": { "class": "maritime", "longitude": 120.20002937765442, "latitude": 8.7551667116990135, "Id": 2699, "Code": null, "Name": null }, "geometry": { "type": "Point", "coordinates": [ 120.200029377654417, 8.755166711699014 ] } },
{ "type": "Feature", "properties": { "class": "maritime", "longitude": 123.21508861770914, "latitude": 8.7551667116990135, "Id": 2700, "Code": null, "Name": null }, "geometry": { "type": "Point", "coordinates": [ 123.215088617709128, 8.755166711699014 ] } },
{ "type": "Feature", "properties": { "class": "maritime", "longitude": 129.24520709781851, "latitude": 8.7551667116990135, "Id": 2701, "Code": null, "Name": null }, "geometry": { "type": "Point", "coordinates": [ 129.245207097818508, 8.755166711699014 ] } },
{ "type": "Feature", "properties": { "class": "maritime", "longitude": 132.26026633787322, "latitude": 8.7551667116990135, "Id": 2702, "Code": null, "Name": null }, "geometry": { "type": "Point", "coordinates": [ 132.260266337873219, 8.755166711699014 ] } },
{ "type": "Feature", "properties": { "class": "maritime", "longitude": 135.2753255779279, "latitude": 8.7551667116990135, "Id": 2703, "Code": null, "Name": null }, "geometry": { "type": "Point", "coordinates": [ 135.275325577927902, 8.755166711699014 ] } },
{ "type": "Feature", "properties": { "class": "maritime", "longitude": 138.29038481798261, "latitude": 8.7551667116990135, "Id": 2704, "Code": null, "Name": null }, "geometry": { "type": "Point", "coordinates": [ 138.290384817982613, 8.755166711699014 ] } },
{ "type": "Feature", "properties": { "class": "maritime", "longitude": 141.3054440580373, "latitude": 8.7551667116990135, "Id": 2705, "Code": null, "Name": null }, "geometry": { "type": "Point", "coordinates": [ 141.305444058037295, 8.755166711699014 ] } },
{ "type": "Feature", "properties": { "class": "maritime", "longitude": 144.32050329809201, "latitude": 8.7551667116990135, "Id": 2706, "Code": null, "Name": null }, "geometry": { "type": "Point", "coordinates": [ 144.320503298092007, 8.755166711699014 ] } },
{ "type": "Feature", "properties": { "class": "maritime", "longitude": -93.543971412697175, "latitude": 6.3207133307523664, "Id": 2707, "Code": null, "Name": null }, "geometry": { "type": "Point", "coordinates": [ -93.543971412697175, 6.320713330752366 ] } },
{ "type": "Feature", "properties": { "class": "maritime", "longitude": -87.534743988403946, "latitude": 6.3207133307523664, "Id": 2708, "Code": null, "Name": null }, "geometry": { "type": "Point", "coordinates": [ -87.534743988403946, 6.320713330752366 ] } },
{ "type": "Feature", "properties": { "class": "maritime", "longitude": -81.525516564110717, "latitude": 6.3207133307523664, "Id": 2709, "Code": null, "Name": null }, "geometry": { "type": "Point", "coordinates": [ -81.525516564110717, 6.320713330752366 ] } },
{ "type": "Feature", "properties": { "class": "maritime", "longitude": -51.479379442644571, "latitude": 6.3207133307523664, "Id": 2710, "Code": null, "Name": null }, "geometry": { "type": "Point", "coordinates": [ -51.479379442644564, 6.320713330752366 ] } },
{ "type": "Feature", "properties": { "class": "maritime", "longitude": -48.47476573049795, "latitude": 6.3207133307523664, "Id": 2711, "Code": null, "Name": null }, "geometry": { "type": "Point", "coordinates": [ -48.47476573049795, 6.320713330752366 ] } },
{ "type": "Feature", "properties": { "class": "maritime", "longitude": -45.470152018351335, "latitude": 6.3207133307523664, "Id": 2712, "Code": null, "Name": null }, "geometry": { "type": "Point", "coordinates": [ -45.470152018351335, 6.320713330752366 ] } },
{ "type": "Feature", "properties": { "class": "maritime", "longitude": -39.460924594058106, "latitude": 6.3207133307523664, "Id": 2713, "Code": null, "Name": null }, "geometry": { "type": "Point", "coordinates": [ -39.460924594058106, 6.320713330752366 ] } },
{ "type": "Feature", "properties": { "class": "maritime", "longitude": -36.456310881911485, "latitude": 6.3207133307523664, "Id": 2714, "Code": null, "Name": null }, "geometry": { "type": "Point", "coordinates": [ -36.456310881911492, 6.320713330752366 ] } },
{ "type": "Feature", "properties": { "class": "maritime", "longitude": -27.442469745471648, "latitude": 6.3207133307523664, "Id": 2715, "Code": null, "Name": null }, "geometry": { "type": "Point", "coordinates": [ -27.442469745471648, 6.320713330752366 ] } },
{ "type": "Feature", "properties": { "class": "maritime", "longitude": -15.424014896885186, "latitude": 6.3207133307523664, "Id": 2716, "Code": null, "Name": null }, "geometry": { "type": "Point", "coordinates": [ -15.424014896885186, 6.320713330752366 ] } },
{ "type": "Feature", "properties": { "class": "maritime", "longitude": -12.419401184738575, "latitude": 6.3207133307523664, "Id": 2717, "Code": null, "Name": null }, "geometry": { "type": "Point", "coordinates": [ -12.419401184738575, 6.320713330752366 ] } },
{ "type": "Feature", "properties": { "class": "maritime", "longitude": 2.6036673759944988, "latitude": 6.3207133307523664, "Id": 2718, "Code": null, "Name": null }, "geometry": { "type": "Point", "coordinates": [ 2.603667375994499, 6.320713330752366 ] } },
{ "type": "Feature", "properties": { "class": "maritime", "longitude": 53.682100482486945, "latitude": 6.3207133307523664, "Id": 2719, "Code": null, "Name": null }, "geometry": { "type": "Point", "coordinates": [ 53.682100482486945, 6.320713330752366 ] } },
{ "type": "Feature", "properties": { "class": "maritime", "longitude": 56.686714194633559, "latitude": 6.3207133307523664, "Id": 2720, "Code": null, "Name": null }, "geometry": { "type": "Point", "coordinates": [ 56.686714194633559, 6.320713330752366 ] } },
{ "type": "Feature", "properties": { "class": "maritime", "longitude": 77.719010179659875, "latitude": 6.3207133307523664, "Id": 2721, "Code": null, "Name": null }, "geometry": { "type": "Point", "coordinates": [ 77.719010179659875, 6.320713330752366 ] } },
{ "type": "Feature", "properties": { "class": "maritime", "longitude": 89.737465028246319, "latitude": 6.3207133307523664, "Id": 2722, "Code": null, "Name": null }, "geometry": { "type": "Point", "coordinates": [ 89.737465028246319, 6.320713330752366 ] } },
{ "type": "Feature", "properties": { "class": "maritime", "longitude": 92.742078740392927, "latitude": 6.3207133307523664, "Id": 2723, "Code": null, "Name": null }, "geometry": { "type": "Point", "coordinates": [ 92.742078740392927, 6.320713330752366 ] } },
{ "type": "Feature", "properties": { "class": "maritime", "longitude": 95.746692452539548, "latitude": 6.3207133307523664, "Id": 2724, "Code": null, "Name": null }, "geometry": { "type": "Point", "coordinates": [ 95.746692452539548, 6.320713330752366 ] } },
{ "type": "Feature", "properties": { "class": "maritime", "longitude": 107.76514730112602, "latitude": 6.3207133307523664, "Id": 2725, "Code": null, "Name": null }, "geometry": { "type": "Point", "coordinates": [ 107.765147301126021, 6.320713330752366 ] } },
{ "type": "Feature", "properties": { "class": "maritime", "longitude": 119.78360214971248, "latitude": 6.3207133307523664, "Id": 2726, "Code": null, "Name": null }, "geometry": { "type": "Point", "coordinates": [ 119.783602149712479, 6.320713330752366 ] } },
{ "type": "Feature", "properties": { "class": "maritime", "longitude": 125.79282957400569, "latitude": 6.3207133307523664, "Id": 2727, "Code": null, "Name": null }, "geometry": { "type": "Point", "coordinates": [ 125.792829574005694, 6.320713330752366 ] } },
{ "type": "Feature", "properties": { "class": "maritime", "longitude": 128.79744328615232, "latitude": 6.3207133307523664, "Id": 2728, "Code": null, "Name": null }, "geometry": { "type": "Point", "coordinates": [ 128.797443286152316, 6.320713330752366 ] } },
{ "type": "Feature", "properties": { "class": "maritime", "longitude": 134.80667071044553, "latitude": 6.3207133307523664, "Id": 2729, "Code": null, "Name": null }, "geometry": { "type": "Point", "coordinates": [ 134.80667071044553, 6.320713330752366 ] } },
{ "type": "Feature", "properties": { "class": "maritime", "longitude": 137.81128442259217, "latitude": 6.3207133307523664, "Id": 2730, "Code": null, "Name": null }, "geometry": { "type": "Point", "coordinates": [ 137.811284422592166, 6.320713330752366 ] } },
{ "type": "Feature", "properties": { "class": "maritime", "longitude": 140.81589813473877, "latitude": 6.3207133307523664, "Id": 2731, "Code": null, "Name": null }, "geometry": { "type": "Point", "coordinates": [ 140.815898134738774, 6.320713330752366 ] } },
{ "type": "Feature", "properties": { "class": "maritime", "longitude": 143.82051184688541, "latitude": 6.3207133307523664, "Id": 2732, "Code": null, "Name": null }, "geometry": { "type": "Point", "coordinates": [ 143.82051184688541, 6.320713330752366 ] } },
{ "type": "Feature", "properties": { "class": "maritime", "longitude": -48.36154270771209, "latitude": 3.8906414973455559, "Id": 2733, "Code": null, "Name": null }, "geometry": { "type": "Point", "coordinates": [ -48.36154270771209, 3.890641497345556 ] } },
{ "type": "Feature", "properties": { "class": "maritime", "longitude": -45.363946903577336, "latitude": 3.8906414973455559, "Id": 2734, "Code": null, "Name": null }, "geometry": { "type": "Point", "coordinates": [ -45.363946903577336, 3.890641497345556 ] } },
{ "type": "Feature", "properties": { "class": "maritime", "longitude": -42.366351099442582, "latitude": 3.8906414973455559, "Id": 2735, "Code": null, "Name": null }, "geometry": { "type": "Point", "coordinates": [ -42.366351099442582, 3.890641497345556 ] } },
{ "type": "Feature", "properties": { "class": "maritime", "longitude": -39.368755295307835, "latitude": 3.8906414973455559, "Id": 2736, "Code": null, "Name": null }, "geometry": { "type": "Point", "coordinates": [ -39.368755295307828, 3.890641497345556 ] } },
{ "type": "Feature", "properties": { "class": "maritime", "longitude": -30.375967882903563, "latitude": 3.8906414973455559, "Id": 2737, "Code": null, "Name": null }, "geometry": { "type": "Point", "coordinates": [ -30.375967882903563, 3.890641497345556 ] } },
{ "type": "Feature", "properties": { "class": "maritime", "longitude": -27.378372078768809, "latitude": 3.8906414973455559, "Id": 2738, "Code": null, "Name": null }, "geometry": { "type": "Point", "coordinates": [ -27.378372078768809, 3.890641497345556 ] } },
{ "type": "Feature", "properties": { "class": "maritime", "longitude": -12.390393058095031, "latitude": 3.8906414973455559, "Id": 2739, "Code": null, "Name": null }, "geometry": { "type": "Point", "coordinates": [ -12.390393058095031, 3.890641497345556 ] } },
{ "type": "Feature", "properties": { "class": "maritime", "longitude": -9.3927972539602749, "latitude": 3.8906414973455559, "Id": 2740, "Code": null, "Name": null }, "geometry": { "type": "Point", "coordinates": [ -9.392797253960275, 3.890641497345556 ] } },
{ "type": "Feature", "properties": { "class": "maritime", "longitude": -6.3952014498255201, "latitude": 3.8906414973455559, "Id": 2741, "Code": null, "Name": null }, "geometry": { "type": "Point", "coordinates": [ -6.39520144982552, 3.890641497345556 ] } },
{ "type": "Feature", "properties": { "class": "maritime", "longitude": -3.3976056456907648, "latitude": 3.8906414973455559, "Id": 2742, "Code": null, "Name": null }, "geometry": { "type": "Point", "coordinates": [ -3.397605645690765, 3.890641497345556 ] } },
{ "type": "Feature", "properties": { "class": "maritime", "longitude": -0.40000984155600999, "latitude": 3.8906414973455559, "Id": 2743, "Code": null, "Name": null }, "geometry": { "type": "Point", "coordinates": [ -0.40000984155601, 3.890641497345556 ] } },
{ "type": "Feature", "properties": { "class": "maritime", "longitude": 2.5975859625787452, "latitude": 3.8906414973455559, "Id": 2744, "Code": null, "Name": null }, "geometry": { "type": "Point", "coordinates": [ 2.597585962578745, 3.890641497345556 ] } },
{ "type": "Feature", "properties": { "class": "maritime", "longitude": 5.5951817667135, "latitude": 3.8906414973455559, "Id": 2745, "Code": null, "Name": null }, "geometry": { "type": "Point", "coordinates": [ 5.5951817667135, 3.890641497345556 ] } },
{ "type": "Feature", "properties": { "class": "maritime", "longitude": 8.5927775708482557, "latitude": 3.8906414973455559, "Id": 2746, "Code": null, "Name": null }, "geometry": { "type": "Point", "coordinates": [ 8.592777570848256, 3.890641497345556 ] } },
{ "type": "Feature", "properties": { "class": "maritime", "longitude": 53.556714632869578, "latitude": 3.8906414973455559, "Id": 2747, "Code": null, "Name": null }, "geometry": { "type": "Point", "coordinates": [ 53.556714632869578, 3.890641497345556 ] } },
{ "type": "Feature", "properties": { "class": "maritime", "longitude": 56.554310437004339, "latitude": 3.8906414973455559, "Id": 2748, "Code": null, "Name": null }, "geometry": { "type": "Point", "coordinates": [ 56.554310437004332, 3.890641497345556 ] } },
{ "type": "Feature", "properties": { "class": "maritime", "longitude": 77.537481065947631, "latitude": 3.8906414973455559, "Id": 2749, "Code": null, "Name": null }, "geometry": { "type": "Point", "coordinates": [ 77.537481065947631, 3.890641497345556 ] } },
{ "type": "Feature", "properties": { "class": "maritime", "longitude": 80.535076870082378, "latitude": 3.8906414973455559, "Id": 2750, "Code": null, "Name": null }, "geometry": { "type": "Point", "coordinates": [ 80.535076870082378, 3.890641497345556 ] } },
{ "type": "Feature", "properties": { "class": "maritime", "longitude": 92.525460086621393, "latitude": 3.8906414973455559, "Id": 2751, "Code": null, "Name": null }, "geometry": { "type": "Point", "coordinates": [ 92.525460086621393, 3.890641497345556 ] } },
{ "type": "Feature", "properties": { "class": "maritime", "longitude": 119.50382232383419, "latitude": 3.8906414973455559, "Id": 2752, "Code": null, "Name": null }, "geometry": { "type": "Point", "coordinates": [ 119.5038223238342, 3.890641497345556 ] } },
{ "type": "Feature", "properties": { "class": "maritime", "longitude": 128.49660973623847, "latitude": 3.8906414973455559, "Id": 2753, "Code": null, "Name": null }, "geometry": { "type": "Point", "coordinates": [ 128.496609736238469, 3.890641497345556 ] } },
{ "type": "Feature", "properties": { "class": "maritime", "longitude": 137.48939714864275, "latitude": 3.8906414973455559, "Id": 2754, "Code": null, "Name": null }, "geometry": { "type": "Point", "coordinates": [ 137.489397148642752, 3.890641497345556 ] } },
{ "type": "Feature", "properties": { "class": "maritime", "longitude": 140.48699295277748, "latitude": 3.8906414973455559, "Id": 2755, "Code": null, "Name": null }, "geometry": { "type": "Point", "coordinates": [ 140.486992952777484, 3.890641497345556 ] } },
{ "type": "Feature", "properties": { "class": "maritime", "longitude": 143.48458875691225, "latitude": 3.8906414973455559, "Id": 2756, "Code": null, "Name": null }, "geometry": { "type": "Point", "coordinates": [ 143.484588756912245, 3.890641497345556 ] } },
{ "type": "Feature", "properties": { "class": "maritime", "longitude": 146.48218456104698, "latitude": 3.8906414973455559, "Id": 2757, "Code": null, "Name": null }, "geometry": { "type": "Point", "coordinates": [ 146.482184561046978, 3.890641497345556 ] } },
{ "type": "Feature", "properties": { "class": "maritime", "longitude": -81.235753016641425, "latitude": 1.463252960218705, "Id": 2758, "Code": null, "Name": null }, "geometry": { "type": "Point", "coordinates": [ -81.235753016641425, 1.463252960218705 ] } },
{ "type": "Feature", "properties": { "class": "maritime", "longitude": -48.302473414266302, "latitude": 1.463252960218705, "Id": 2759, "Code": null, "Name": null }, "geometry": { "type": "Point", "coordinates": [ -48.302473414266302, 1.463252960218705 ] } },
{ "type": "Feature", "properties": { "class": "maritime", "longitude": -45.30853890495947, "latitude": 1.463252960218705, "Id": 2760, "Code": null, "Name": null }, "geometry": { "type": "Point", "coordinates": [ -45.30853890495947, 1.463252960218705 ] } },
{ "type": "Feature", "properties": { "class": "maritime", "longitude": -42.314604395652651, "latitude": 1.463252960218705, "Id": 2761, "Code": null, "Name": null }, "geometry": { "type": "Point", "coordinates": [ -42.314604395652644, 1.463252960218705 ] } },
{ "type": "Feature", "properties": { "class": "maritime", "longitude": -39.320669886345819, "latitude": 1.463252960218705, "Id": 2762, "Code": null, "Name": null }, "geometry": { "type": "Point", "coordinates": [ -39.320669886345819, 1.463252960218705 ] } },
{ "type": "Feature", "properties": { "class": "maritime", "longitude": -30.338866358425335, "latitude": 1.463252960218705, "Id": 2763, "Code": null, "Name": null }, "geometry": { "type": "Point", "coordinates": [ -30.338866358425335, 1.463252960218705 ] } },
{ "type": "Feature", "properties": { "class": "maritime", "longitude": -27.34493184911851, "latitude": 1.463252960218705, "Id": 2764, "Code": null, "Name": null }, "geometry": { "type": "Point", "coordinates": [ -27.344931849118506, 1.463252960218705 ] } },
{ "type": "Feature", "properties": { "class": "maritime", "longitude": -12.375259302584363, "latitude": 1.463252960218705, "Id": 2765, "Code": null, "Name": null }, "geometry": { "type": "Point", "coordinates": [ -12.375259302584363, 1.463252960218705 ] } },
{ "type": "Feature", "properties": { "class": "maritime", "longitude": -9.3813247932775337, "latitude": 1.463252960218705, "Id": 2766, "Code": null, "Name": null }, "geometry": { "type": "Point", "coordinates": [ -9.381324793277534, 1.463252960218705 ] } },
{ "type": "Feature", "properties": { "class": "maritime", "longitude": -6.3873902839707064, "latitude": 1.463252960218705, "Id": 2767, "Code": null, "Name": null }, "geometry": { "type": "Point", "coordinates": [ -6.387390283970706, 1.463252960218705 ] } },
{ "type": "Feature", "properties": { "class": "maritime", "longitude": -3.393455774663876, "latitude": 1.463252960218705, "Id": 2768, "Code": null, "Name": null }, "geometry": { "type": "Point", "coordinates": [ -3.393455774663876, 1.463252960218705 ] } },
{ "type": "Feature", "properties": { "class": "maritime", "longitude": -0.39952126535704802, "latitude": 1.463252960218705, "Id": 2769, "Code": null, "Name": null }, "geometry": { "type": "Point", "coordinates": [ -0.399521265357048, 1.463252960218705 ] } },
{ "type": "Feature", "properties": { "class": "maritime", "longitude": 2.5944132439497798, "latitude": 1.463252960218705, "Id": 2770, "Code": null, "Name": null }, "geometry": { "type": "Point", "coordinates": [ 2.59441324394978, 1.463252960218705 ] } },
{ "type": "Feature", "properties": { "class": "maritime", "longitude": 5.5883477532566097, "latitude": 1.463252960218705, "Id": 2771, "Code": null, "Name": null }, "geometry": { "type": "Point", "coordinates": [ 5.588347753256609, 1.463252960218705 ] } },
{ "type": "Feature", "properties": { "class": "maritime", "longitude": 8.5822822625634387, "latitude": 1.463252960218705, "Id": 2772, "Code": null, "Name": null }, "geometry": { "type": "Point", "coordinates": [ 8.582282262563437, 1.463252960218705 ] } },
{ "type": "Feature", "properties": { "class": "maritime", "longitude": 50.497365392859038, "latitude": 1.463252960218705, "Id": 2773, "Code": null, "Name": null }, "geometry": { "type": "Point", "coordinates": [ 50.497365392859038, 1.463252960218705 ] } },
{ "type": "Feature", "properties": { "class": "maritime", "longitude": 53.491299902165864, "latitude": 1.463252960218705, "Id": 2774, "Code": null, "Name": null }, "geometry": { "type": "Point", "coordinates": [ 53.491299902165864, 1.463252960218705 ] } },
{ "type": "Feature", "properties": { "class": "maritime", "longitude": 56.485234411472689, "latitude": 1.463252960218705, "Id": 2775, "Code": null, "Name": null }, "geometry": { "type": "Point", "coordinates": [ 56.485234411472689, 1.463252960218705 ] } },
{ "type": "Feature", "properties": { "class": "maritime", "longitude": 77.442775976620496, "latitude": 1.463252960218705, "Id": 2776, "Code": null, "Name": null }, "geometry": { "type": "Point", "coordinates": [ 77.442775976620496, 1.463252960218705 ] } },
{ "type": "Feature", "properties": { "class": "maritime", "longitude": 89.418514013847798, "latitude": 1.463252960218705, "Id": 2777, "Code": null, "Name": null }, "geometry": { "type": "Point", "coordinates": [ 89.418514013847798, 1.463252960218705 ] } },
{ "type": "Feature", "properties": { "class": "maritime", "longitude": 104.38818656038195, "latitude": 1.463252960218705, "Id": 2778, "Code": null, "Name": null }, "geometry": { "type": "Point", "coordinates": [ 104.388186560381953, 1.463252960218705 ] } },
{ "type": "Feature", "properties": { "class": "maritime", "longitude": 119.3578591069161, "latitude": 1.463252960218705, "Id": 2779, "Code": null, "Name": null }, "geometry": { "type": "Point", "coordinates": [ 119.357859106916095, 1.463252960218705 ] } },
{ "type": "Feature", "properties": { "class": "maritime", "longitude": 125.34572812552975, "latitude": 1.463252960218705, "Id": 2780, "Code": null, "Name": null }, "geometry": { "type": "Point", "coordinates": [ 125.345728125529746, 1.463252960218705 ] } },
{ "type": "Feature", "properties": { "class": "maritime", "longitude": 134.32753165345022, "latitude": 1.463252960218705, "Id": 2781, "Code": null, "Name": null }, "geometry": { "type": "Point", "coordinates": [ 134.327531653450222, 1.463252960218705 ] } },
{ "type": "Feature", "properties": { "class": "maritime", "longitude": 140.31540067206387, "latitude": 1.463252960218705, "Id": 2782, "Code": null, "Name": null }, "geometry": { "type": "Point", "coordinates": [ 140.315400672063873, 1.463252960218705 ] } },
{ "type": "Feature", "properties": { "class": "maritime", "longitude": 143.30933518137073, "latitude": 1.463252960218705, "Id": 2783, "Code": null, "Name": null }, "geometry": { "type": "Point", "coordinates": [ 143.309335181370727, 1.463252960218705 ] } },
{ "type": "Feature", "properties": { "class": "maritime", "longitude": 152.29113870929118, "latitude": 1.463252960218705, "Id": 2784, "Code": null, "Name": null }, "geometry": { "type": "Point", "coordinates": [ 152.291138709291175, 1.463252960218705 ] } },
{ "type": "Feature", "properties": { "class": "maritime", "longitude": -87.213676595286884, "latitude": -0.96312908604115199, "Id": 2785, "Code": null, "Name": null }, "geometry": { "type": "Point", "coordinates": [ -87.213676595286884, -0.963129086041152 ] } },
{ "type": "Feature", "properties": { "class": "maritime", "longitude": -81.226490327406026, "latitude": -0.96312908604115199, "Id": 2786, "Code": null, "Name": null }, "geometry": { "type": "Point", "coordinates": [ -81.226490327406026, -0.963129086041152 ] } },
{ "type": "Feature", "properties": { "class": "maritime", "longitude": -48.296965854061312, "latitude": -0.96312908604115199, "Id": 2787, "Code": null, "Name": null }, "geometry": { "type": "Point", "coordinates": [ -48.296965854061312, -0.963129086041152 ] } },
{ "type": "Feature", "properties": { "class": "maritime", "longitude": -42.309779586180454, "latitude": -0.96312908604115199, "Id": 2788, "Code": null, "Name": null }, "geometry": { "type": "Point", "coordinates": [ -42.309779586180454, -0.963129086041152 ] } },
{ "type": "Feature", "properties": { "class": "maritime", "longitude": -39.316186452240025, "latitude": -0.96312908604115199, "Id": 2789, "Code": null, "Name": null }, "geometry": { "type": "Point", "coordinates": [ -39.316186452240025, -0.963129086041152 ] } },
{ "type": "Feature", "properties": { "class": "maritime", "longitude": -36.322593318299589, "latitude": -0.96312908604115199, "Id": 2790, "Code": null, "Name": null }, "geometry": { "type": "Point", "coordinates": [ -36.322593318299596, -0.963129086041152 ] } },
{ "type": "Feature", "properties": { "class": "maritime", "longitude": -9.3802551128357372, "latitude": -0.96312908604115199, "Id": 2791, "Code": null, "Name": null }, "geometry": { "type": "Point", "coordinates": [ -9.380255112835739, -0.963129086041152 ] } },
{ "type": "Feature", "properties": { "class": "maritime", "longitude": 2.5941174229259758, "latitude": -0.96312908604115199, "Id": 2792, "Code": null, "Name": null }, "geometry": { "type": "Point", "coordinates": [ 2.594117422925976, -0.963129086041152 ] } },
{ "type": "Feature", "properties": { "class": "maritime", "longitude": 8.5813036908068341, "latitude": -0.96312908604115199, "Id": 2793, "Code": null, "Name": null }, "geometry": { "type": "Point", "coordinates": [ 8.581303690806834, -0.963129086041152 ] } },
{ "type": "Feature", "properties": { "class": "maritime", "longitude": 50.491607565972835, "latitude": -0.96312908604115199, "Id": 2794, "Code": null, "Name": null }, "geometry": { "type": "Point", "coordinates": [ 50.491607565972835, -0.963129086041152 ] } },
{ "type": "Feature", "properties": { "class": "maritime", "longitude": 56.478793833853686, "latitude": -0.96312908604115199, "Id": 2795, "Code": null, "Name": null }, "geometry": { "type": "Point", "coordinates": [ 56.478793833853686, -0.963129086041152 ] } },
{ "type": "Feature", "properties": { "class": "maritime", "longitude": 65.459573235674966, "latitude": -0.96312908604115199, "Id": 2796, "Code": null, "Name": null }, "geometry": { "type": "Point", "coordinates": [ 65.459573235674966, -0.963129086041152 ] } },
{ "type": "Feature", "properties": { "class": "maritime", "longitude": 74.440352637496261, "latitude": -0.96312908604115199, "Id": 2797, "Code": null, "Name": null }, "geometry": { "type": "Point", "coordinates": [ 74.440352637496261, -0.963129086041152 ] } },
{ "type": "Feature", "properties": { "class": "maritime", "longitude": 77.433945771436697, "latitude": -0.96312908604115199, "Id": 2798, "Code": null, "Name": null }, "geometry": { "type": "Point", "coordinates": [ 77.433945771436697, -0.963129086041152 ] } },
{ "type": "Feature", "properties": { "class": "maritime", "longitude": 86.414725173257978, "latitude": -0.96312908604115199, "Id": 2799, "Code": null, "Name": null }, "geometry": { "type": "Point", "coordinates": [ 86.414725173257978, -0.963129086041152 ] } },
{ "type": "Feature", "properties": { "class": "maritime", "longitude": 92.401911441138836, "latitude": -0.96312908604115199, "Id": 2800, "Code": null, "Name": null }, "geometry": { "type": "Point", "coordinates": [ 92.401911441138836, -0.963129086041152 ] } },
{ "type": "Feature", "properties": { "class": "maritime", "longitude": 107.36987711084099, "latitude": -0.96312908604115199, "Id": 2801, "Code": null, "Name": null }, "geometry": { "type": "Point", "coordinates": [ 107.369877110840989, -0.963129086041152 ] } },
{ "type": "Feature", "properties": { "class": "maritime", "longitude": 140.29940158418569, "latitude": -0.96312908604115199, "Id": 2802, "Code": null, "Name": null }, "geometry": { "type": "Point", "coordinates": [ 140.299401584185688, -0.963129086041152 ] } },
{ "type": "Feature", "properties": { "class": "maritime", "longitude": 143.29299471812615, "latitude": -0.96312908604115199, "Id": 2803, "Code": null, "Name": null }, "geometry": { "type": "Point", "coordinates": [ 143.292994718126153, -0.963129086041152 ] } },
{ "type": "Feature", "properties": { "class": "maritime", "longitude": 152.2737741199474, "latitude": -0.96312908604115199, "Id": 2804, "Code": null, "Name": null }, "geometry": { "type": "Point", "coordinates": [ 152.273774119947404, -0.963129086041152 ] } },
{ "type": "Feature", "properties": { "class": "maritime", "longitude": -84.303784254606356, "latitude": -3.390173450947668, "Id": 2805, "Code": null, "Name": null }, "geometry": { "type": "Point", "coordinates": [ -84.303784254606356, -3.390173450947668 ] } },
{ "type": "Feature", "properties": { "class": "maritime", "longitude": -81.307215985642173, "latitude": -3.390173450947668, "Id": 2806, "Code": null, "Name": null }, "geometry": { "type": "Point", "coordinates": [ -81.307215985642173, -3.390173450947668 ] } },
{ "type": "Feature", "properties": { "class": "maritime", "longitude": -36.358691951179637, "latitude": -3.390173450947668, "Id": 2807, "Code": null, "Name": null }, "geometry": { "type": "Point", "coordinates": [ -36.358691951179644, -3.390173450947668 ] } },
{ "type": "Feature", "properties": { "class": "maritime", "longitude": -33.362123682215476, "latitude": -3.390173450947668, "Id": 2808, "Code": null, "Name": null }, "geometry": { "type": "Point", "coordinates": [ -33.362123682215476, -3.390173450947668 ] } },
{ "type": "Feature", "properties": { "class": "maritime", "longitude": -30.365555413251307, "latitude": -3.390173450947668, "Id": 2809, "Code": null, "Name": null }, "geometry": { "type": "Point", "coordinates": [ -30.365555413251307, -3.390173450947668 ] } },
{ "type": "Feature", "properties": { "class": "maritime", "longitude": -6.3930092615379541, "latitude": -3.390173450947668, "Id": 2810, "Code": null, "Name": null }, "geometry": { "type": "Point", "coordinates": [ -6.393009261537954, -3.390173450947668 ] } },
{ "type": "Feature", "properties": { "class": "maritime", "longitude": 5.5932638143187203, "latitude": -3.390173450947668, "Id": 2811, "Code": null, "Name": null }, "geometry": { "type": "Point", "coordinates": [ 5.593263814318719, -3.390173450947668 ] } },
{ "type": "Feature", "properties": { "class": "maritime", "longitude": 8.5898320832828894, "latitude": -3.390173450947668, "Id": 2812, "Code": null, "Name": null }, "geometry": { "type": "Point", "coordinates": [ 8.589832083282889, -3.390173450947668 ] } },
{ "type": "Feature", "properties": { "class": "maritime", "longitude": 47.545219579817086, "latitude": -3.390173450947668, "Id": 2813, "Code": null, "Name": null }, "geometry": { "type": "Point", "coordinates": [ 47.545219579817086, -3.390173450947668 ] } },
{ "type": "Feature", "properties": { "class": "maritime", "longitude": 50.541787848781254, "latitude": -3.390173450947668, "Id": 2814, "Code": null, "Name": null }, "geometry": { "type": "Point", "coordinates": [ 50.541787848781254, -3.390173450947668 ] } },
{ "type": "Feature", "properties": { "class": "maritime", "longitude": 53.538356117745415, "latitude": -3.390173450947668, "Id": 2815, "Code": null, "Name": null }, "geometry": { "type": "Point", "coordinates": [ 53.538356117745415, -3.390173450947668 ] } },
{ "type": "Feature", "properties": { "class": "maritime", "longitude": 65.524629193602081, "latitude": -3.390173450947668, "Id": 2816, "Code": null, "Name": null }, "geometry": { "type": "Point", "coordinates": [ 65.524629193602081, -3.390173450947668 ] } },
{ "type": "Feature", "properties": { "class": "maritime", "longitude": 71.517765731530432, "latitude": -3.390173450947668, "Id": 2817, "Code": null, "Name": null }, "geometry": { "type": "Point", "coordinates": [ 71.517765731530432, -3.390173450947668 ] } },
{ "type": "Feature", "properties": { "class": "maritime", "longitude": 80.50747053842295, "latitude": -3.390173450947668, "Id": 2818, "Code": null, "Name": null }, "geometry": { "type": "Point", "coordinates": [ 80.50747053842295, -3.390173450947668 ] } },
{ "type": "Feature", "properties": { "class": "maritime", "longitude": 83.504038807387104, "latitude": -3.390173450947668, "Id": 2819, "Code": null, "Name": null }, "geometry": { "type": "Point", "coordinates": [ 83.504038807387104, -3.390173450947668 ] } },
{ "type": "Feature", "properties": { "class": "maritime", "longitude": 107.47658495910046, "latitude": -3.390173450947668, "Id": 2820, "Code": null, "Name": null }, "geometry": { "type": "Point", "coordinates": [ 107.476584959100464, -3.390173450947668 ] } },
{ "type": "Feature", "properties": { "class": "maritime", "longitude": 116.46628976599298, "latitude": -3.390173450947668, "Id": 2821, "Code": null, "Name": null }, "geometry": { "type": "Point", "coordinates": [ 116.466289765992968, -3.390173450947668 ] } },
{ "type": "Feature", "properties": { "class": "maritime", "longitude": 122.45942630392132, "latitude": -3.390173450947668, "Id": 2822, "Code": null, "Name": null }, "geometry": { "type": "Point", "coordinates": [ 122.459426303921305, -3.390173450947668 ] } },
{ "type": "Feature", "properties": { "class": "maritime", "longitude": 125.45599457288547, "latitude": -3.390173450947668, "Id": 2823, "Code": null, "Name": null }, "geometry": { "type": "Point", "coordinates": [ 125.455994572885473, -3.390173450947668 ] } },
{ "type": "Feature", "properties": { "class": "maritime", "longitude": 131.44913111081382, "latitude": -3.390173450947668, "Id": 2824, "Code": null, "Name": null }, "geometry": { "type": "Point", "coordinates": [ 131.449131110813823, -3.390173450947668 ] } },
{ "type": "Feature", "properties": { "class": "maritime", "longitude": 146.43197245563465, "latitude": -3.390173450947668, "Id": 2825, "Code": null, "Name": null }, "geometry": { "type": "Point", "coordinates": [ 146.43197245563465, -3.390173450947668 ] } },
{ "type": "Feature", "properties": { "class": "maritime", "longitude": 152.42510899356299, "latitude": -3.390173450947668, "Id": 2826, "Code": null, "Name": null }, "geometry": { "type": "Point", "coordinates": [ 152.425108993562986, -3.390173450947668 ] } },
{ "type": "Feature", "properties": { "class": "maritime", "longitude": -81.47873804035234, "latitude": -5.819554202736426, "Id": 2827, "Code": null, "Name": null }, "geometry": { "type": "Point", "coordinates": [ -81.47873804035234, -5.819554202736426 ] } },
{ "type": "Feature", "properties": { "class": "maritime", "longitude": -33.432502921426895, "latitude": -5.819554202736426, "Id": 2828, "Code": null, "Name": null }, "geometry": { "type": "Point", "coordinates": [ -33.432502921426895, -5.819554202736426 ] } },
{ "type": "Feature", "properties": { "class": "maritime", "longitude": -30.429613226494055, "latitude": -5.819554202736426, "Id": 2829, "Code": null, "Name": null }, "geometry": { "type": "Point", "coordinates": [ -30.429613226494055, -5.819554202736426 ] } },
{ "type": "Feature", "properties": { "class": "maritime", "longitude": -6.4064956670313338, "latitude": -5.819554202736426, "Id": 2830, "Code": null, "Name": null }, "geometry": { "type": "Point", "coordinates": [ -6.406495667031333, -5.819554202736426 ] } },
{ "type": "Feature", "properties": { "class": "maritime", "longitude": 5.6050631127000283, "latitude": -5.819554202736426, "Id": 2831, "Code": null, "Name": null }, "geometry": { "type": "Point", "coordinates": [ 5.605063112700027, -5.819554202736426 ] } },
{ "type": "Feature", "properties": { "class": "maritime", "longitude": 8.6079528076328682, "latitude": -5.819554202736426, "Id": 2832, "Code": null, "Name": null }, "geometry": { "type": "Point", "coordinates": [ 8.607952807632868, -5.819554202736426 ] } },
{ "type": "Feature", "properties": { "class": "maritime", "longitude": 11.610842502565708, "latitude": -5.819554202736426, "Id": 2833, "Code": null, "Name": null }, "geometry": { "type": "Point", "coordinates": [ 11.610842502565708, -5.819554202736426 ] } },
{ "type": "Feature", "properties": { "class": "maritime", "longitude": 47.645518841759795, "latitude": -5.819554202736426, "Id": 2834, "Code": null, "Name": null }, "geometry": { "type": "Point", "coordinates": [ 47.645518841759788, -5.819554202736426 ] } },
{ "type": "Feature", "properties": { "class": "maritime", "longitude": 50.648408536692621, "latitude": -5.819554202736426, "Id": 2835, "Code": null, "Name": null }, "geometry": { "type": "Point", "coordinates": [ 50.648408536692628, -5.819554202736426 ] } },
{ "type": "Feature", "properties": { "class": "maritime", "longitude": 65.66285701135682, "latitude": -5.819554202736426, "Id": 2836, "Code": null, "Name": null }, "geometry": { "type": "Point", "coordinates": [ 65.66285701135682, -5.819554202736426 ] } },
{ "type": "Feature", "properties": { "class": "maritime", "longitude": 68.665746706289667, "latitude": -5.819554202736426, "Id": 2837, "Code": null, "Name": null }, "geometry": { "type": "Point", "coordinates": [ 68.665746706289667, -5.819554202736426 ] } },
{ "type": "Feature", "properties": { "class": "maritime", "longitude": 74.671526096155347, "latitude": -5.819554202736426, "Id": 2838, "Code": null, "Name": null }, "geometry": { "type": "Point", "coordinates": [ 74.671526096155347, -5.819554202736426 ] } },
{ "type": "Feature", "properties": { "class": "maritime", "longitude": 77.674415791088194, "latitude": -5.819554202736426, "Id": 2839, "Code": null, "Name": null }, "geometry": { "type": "Point", "coordinates": [ 77.674415791088194, -5.819554202736426 ] } },
{ "type": "Feature", "properties": { "class": "maritime", "longitude": 80.677305486021027, "latitude": -5.819554202736426, "Id": 2840, "Code": null, "Name": null }, "geometry": { "type": "Point", "coordinates": [ 80.677305486021027, -5.819554202736426 ] } },
{ "type": "Feature", "properties": { "class": "maritime", "longitude": 83.680195180953874, "latitude": -5.819554202736426, "Id": 2841, "Code": null, "Name": null }, "geometry": { "type": "Point", "coordinates": [ 83.680195180953874, -5.819554202736426 ] } },
{ "type": "Feature", "properties": { "class": "maritime", "longitude": 101.6975333505509, "latitude": -5.819554202736426, "Id": 2842, "Code": null, "Name": null }, "geometry": { "type": "Point", "coordinates": [ 101.697533350550898, -5.819554202736426 ] } },
{ "type": "Feature", "properties": { "class": "maritime", "longitude": 104.70042304548376, "latitude": -5.819554202736426, "Id": 2843, "Code": null, "Name": null }, "geometry": { "type": "Point", "coordinates": [ 104.70042304548376, -5.819554202736426 ] } },
{ "type": "Feature", "properties": { "class": "maritime", "longitude": 113.70909213028227, "latitude": -5.819554202736426, "Id": 2844, "Code": null, "Name": null }, "geometry": { "type": "Point", "coordinates": [ 113.709092130282272, -5.819554202736426 ] } },
{ "type": "Feature", "properties": { "class": "maritime", "longitude": 116.7119818252151, "latitude": -5.819554202736426, "Id": 2845, "Code": null, "Name": null }, "geometry": { "type": "Point", "coordinates": [ 116.711981825215105, -5.819554202736426 ] } },
{ "type": "Feature", "properties": { "class": "maritime", "longitude": 119.71487152014795, "latitude": -5.819554202736426, "Id": 2846, "Code": null, "Name": null }, "geometry": { "type": "Point", "coordinates": [ 119.714871520147952, -5.819554202736426 ] } },
{ "type": "Feature", "properties": { "class": "maritime", "longitude": 122.71776121508078, "latitude": -5.819554202736426, "Id": 2847, "Code": null, "Name": null }, "geometry": { "type": "Point", "coordinates": [ 122.717761215080785, -5.819554202736426 ] } },
{ "type": "Feature", "properties": { "class": "maritime", "longitude": -81.74278769319281, "latitude": -8.2529640513347005, "Id": 2848, "Code": null, "Name": null }, "geometry": { "type": "Point", "coordinates": [ -81.74278769319281, -8.252964051334699 ] } },
{ "type": "Feature", "properties": { "class": "maritime", "longitude": -33.540848251783132, "latitude": -8.2529640513347005, "Id": 2849, "Code": null, "Name": null }, "geometry": { "type": "Point", "coordinates": [ -33.540848251783132, -8.252964051334699 ] } },
{ "type": "Feature", "properties": { "class": "maritime", "longitude": -30.528227036695021, "latitude": -8.2529640513347005, "Id": 2850, "Code": null, "Name": null }, "geometry": { "type": "Point", "coordinates": [ -30.528227036695021, -8.252964051334699 ] } },
{ "type": "Feature", "properties": { "class": "maritime", "longitude": -27.515605821606915, "latitude": -8.2529640513347005, "Id": 2851, "Code": null, "Name": null }, "geometry": { "type": "Point", "coordinates": [ -27.515605821606915, -8.252964051334699 ] } },
{ "type": "Feature", "properties": { "class": "maritime", "longitude": -3.414636100902074, "latitude": -8.2529640513347005, "Id": 2852, "Code": null, "Name": null }, "geometry": { "type": "Point", "coordinates": [ -3.414636100902074, -8.252964051334699 ] } },
{ "type": "Feature", "properties": { "class": "maritime", "longitude": 5.6232275443622424, "latitude": -8.2529640513347005, "Id": 2853, "Code": null, "Name": null }, "geometry": { "type": "Point", "coordinates": [ 5.623227544362241, -8.252964051334699 ] } },
{ "type": "Feature", "properties": { "class": "maritime", "longitude": 8.6358487594503472, "latitude": -8.2529640513347005, "Id": 2854, "Code": null, "Name": null }, "geometry": { "type": "Point", "coordinates": [ 8.635848759450347, -8.252964051334699 ] } },
{ "type": "Feature", "properties": { "class": "maritime", "longitude": 11.648469974538452, "latitude": -8.2529640513347005, "Id": 2855, "Code": null, "Name": null }, "geometry": { "type": "Point", "coordinates": [ 11.648469974538452, -8.252964051334699 ] } },
{ "type": "Feature", "properties": { "class": "maritime", "longitude": 41.774682125419503, "latitude": -8.2529640513347005, "Id": 2856, "Code": null, "Name": null }, "geometry": { "type": "Point", "coordinates": [ 41.774682125419503, -8.252964051334699 ] } },
{ "type": "Feature", "properties": { "class": "maritime", "longitude": 44.787303340507613, "latitude": -8.2529640513347005, "Id": 2857, "Code": null, "Name": null }, "geometry": { "type": "Point", "coordinates": [ 44.787303340507613, -8.252964051334699 ] } },
{ "type": "Feature", "properties": { "class": "maritime", "longitude": 56.837788200860025, "latitude": -8.2529640513347005, "Id": 2858, "Code": null, "Name": null }, "geometry": { "type": "Point", "coordinates": [ 56.837788200860025, -8.252964051334699 ] } },
{ "type": "Feature", "properties": { "class": "maritime", "longitude": 59.850409415948135, "latitude": -8.2529640513347005, "Id": 2859, "Code": null, "Name": null }, "geometry": { "type": "Point", "coordinates": [ 59.850409415948135, -8.252964051334699 ] } },
{ "type": "Feature", "properties": { "class": "maritime", "longitude": 65.875651846124342, "latitude": -8.2529640513347005, "Id": 2860, "Code": null, "Name": null }, "geometry": { "type": "Point", "coordinates": [ 65.875651846124342, -8.252964051334699 ] } },
{ "type": "Feature", "properties": { "class": "maritime", "longitude": 68.888273061212459, "latitude": -8.2529640513347005, "Id": 2861, "Code": null, "Name": null }, "geometry": { "type": "Point", "coordinates": [ 68.888273061212459, -8.252964051334699 ] } },
{ "type": "Feature", "properties": { "class": "maritime", "longitude": 71.900894276300548, "latitude": -8.2529640513347005, "Id": 2862, "Code": null, "Name": null }, "geometry": { "type": "Point", "coordinates": [ 71.900894276300548, -8.252964051334699 ] } },
{ "type": "Feature", "properties": { "class": "maritime", "longitude": 74.913515491388665, "latitude": -8.2529640513347005, "Id": 2863, "Code": null, "Name": null }, "geometry": { "type": "Point", "coordinates": [ 74.913515491388665, -8.252964051334699 ] } },
{ "type": "Feature", "properties": { "class": "maritime", "longitude": 77.926136706476768, "latitude": -8.2529640513347005, "Id": 2864, "Code": null, "Name": null }, "geometry": { "type": "Point", "coordinates": [ 77.926136706476768, -8.252964051334699 ] } },
{ "type": "Feature", "properties": { "class": "maritime", "longitude": 102.02710642718159, "latitude": -8.2529640513347005, "Id": 2865, "Code": null, "Name": null }, "geometry": { "type": "Point", "coordinates": [ 102.027106427181593, -8.252964051334699 ] } },
{ "type": "Feature", "properties": { "class": "maritime", "longitude": 111.06497007244592, "latitude": -8.2529640513347005, "Id": 2866, "Code": null, "Name": null }, "geometry": { "type": "Point", "coordinates": [ 111.064970072445917, -8.252964051334699 ] } },
{ "type": "Feature", "properties": { "class": "maritime", "longitude": 135.16593979315076, "latitude": -8.2529640513347005, "Id": 2867, "Code": null, "Name": null }, "geometry": { "type": "Point", "coordinates": [ 135.165939793150756, -8.252964051334699 ] } },
{ "type": "Feature", "properties": { "class": "maritime", "longitude": 153.24166708367937, "latitude": -8.2529640513347005, "Id": 2868, "Code": null, "Name": null }, "geometry": { "type": "Point", "coordinates": [ 153.241667083679374, -8.252964051334699 ] } },
{ "type": "Feature", "properties": { "class": "maritime", "longitude": -79.076205871549803, "latitude": -10.69212818981817, "Id": 2869, "Code": null, "Name": null }, "geometry": { "type": "Point", "coordinates": [ -79.076205871549803, -10.69212818981817 ] } },
{ "type": "Feature", "properties": { "class": "maritime", "longitude": -33.688268933129066, "latitude": -10.69212818981817, "Id": 2870, "Code": null, "Name": null }, "geometry": { "type": "Point", "coordinates": [ -33.688268933129066, -10.69212818981817 ] } },
{ "type": "Feature", "properties": { "class": "maritime", "longitude": -27.636544008006297, "latitude": -10.69212818981817, "Id": 2871, "Code": null, "Name": null }, "geometry": { "type": "Point", "coordinates": [ -27.636544008006297, -10.69212818981817 ] } },
{ "type": "Feature", "properties": { "class": "maritime", "longitude": -24.610681545444908, "latitude": -10.69212818981817, "Id": 2872, "Code": null, "Name": null }, "geometry": { "type": "Point", "coordinates": [ -24.610681545444908, -10.69212818981817 ] } },
{ "type": "Feature", "properties": { "class": "maritime", "longitude": -0.403781844953852, "latitude": -10.69212818981817, "Id": 2873, "Code": null, "Name": null }, "geometry": { "type": "Point", "coordinates": [ -0.403781844953852, -10.69212818981817 ] } },
{ "type": "Feature", "properties": { "class": "maritime", "longitude": 51.035880018589651, "latitude": -10.69212818981817, "Id": 2874, "Code": null, "Name": null }, "geometry": { "type": "Point", "coordinates": [ 51.035880018589651, -10.69212818981817 ] } },
{ "type": "Feature", "properties": { "class": "maritime", "longitude": 57.087604943712407, "latitude": -10.69212818981817, "Id": 2875, "Code": null, "Name": null }, "geometry": { "type": "Point", "coordinates": [ 57.087604943712407, -10.69212818981817 ] } },
{ "type": "Feature", "properties": { "class": "maritime", "longitude": 63.139329868835183, "latitude": -10.69212818981817, "Id": 2876, "Code": null, "Name": null }, "geometry": { "type": "Point", "coordinates": [ 63.139329868835183, -10.69212818981817 ] } },
{ "type": "Feature", "properties": { "class": "maritime", "longitude": 66.165192331396554, "latitude": -10.69212818981817, "Id": 2877, "Code": null, "Name": null }, "geometry": { "type": "Point", "coordinates": [ 66.165192331396554, -10.69212818981817 ] } },
{ "type": "Feature", "properties": { "class": "maritime", "longitude": 69.191054793957946, "latitude": -10.69212818981817, "Id": 2878, "Code": null, "Name": null }, "geometry": { "type": "Point", "coordinates": [ 69.191054793957946, -10.69212818981817 ] } },
{ "type": "Feature", "properties": { "class": "maritime", "longitude": 72.216917256519324, "latitude": -10.69212818981817, "Id": 2879, "Code": null, "Name": null }, "geometry": { "type": "Point", "coordinates": [ 72.216917256519324, -10.69212818981817 ] } },
{ "type": "Feature", "properties": { "class": "maritime", "longitude": 75.242779719080715, "latitude": -10.69212818981817, "Id": 2880, "Code": null, "Name": null }, "geometry": { "type": "Point", "coordinates": [ 75.242779719080715, -10.69212818981817 ] } },
{ "type": "Feature", "properties": { "class": "maritime", "longitude": 78.268642181642093, "latitude": -10.69212818981817, "Id": 2881, "Code": null, "Name": null }, "geometry": { "type": "Point", "coordinates": [ 78.268642181642093, -10.69212818981817 ] } },
{ "type": "Feature", "properties": { "class": "maritime", "longitude": 93.397954494448996, "latitude": -10.69212818981817, "Id": 2882, "Code": null, "Name": null }, "geometry": { "type": "Point", "coordinates": [ 93.397954494448996, -10.69212818981817 ] } },
{ "type": "Feature", "properties": { "class": "maritime", "longitude": 96.423816957010374, "latitude": -10.69212818981817, "Id": 2883, "Code": null, "Name": null }, "geometry": { "type": "Point", "coordinates": [ 96.423816957010374, -10.69212818981817 ] } },
{ "type": "Feature", "properties": { "class": "maritime", "longitude": 99.449679419571765, "latitude": -10.69212818981817, "Id": 2884, "Code": null, "Name": null }, "geometry": { "type": "Point", "coordinates": [ 99.449679419571765, -10.69212818981817 ] } },
{ "type": "Feature", "properties": { "class": "maritime", "longitude": 132.73416650774698, "latitude": -10.69212818981817, "Id": 2885, "Code": null, "Name": null }, "geometry": { "type": "Point", "coordinates": [ 132.734166507746977, -10.69212818981817 ] } },
{ "type": "Feature", "properties": { "class": "maritime", "longitude": 135.76002897030835, "latitude": -10.69212818981817, "Id": 2886, "Code": null, "Name": null }, "geometry": { "type": "Point", "coordinates": [ 135.760028970308355, -10.69212818981817 ] } },
{ "type": "Feature", "properties": { "class": "maritime", "longitude": 138.78589143286976, "latitude": -10.69212818981817, "Id": 2887, "Code": null, "Name": null }, "geometry": { "type": "Point", "coordinates": [ 138.785891432869761, -10.69212818981817 ] } },
{ "type": "Feature", "properties": { "class": "maritime", "longitude": 141.81175389543111, "latitude": -10.69212818981817, "Id": 2888, "Code": null, "Name": null }, "geometry": { "type": "Point", "coordinates": [ 141.81175389543111, -10.69212818981817 ] } },
{ "type": "Feature", "properties": { "class": "maritime", "longitude": 153.91520374567662, "latitude": -10.69212818981817, "Id": 2889, "Code": null, "Name": null }, "geometry": { "type": "Point", "coordinates": [ 153.915203745676621, -10.69212818981817 ] } },
{ "type": "Feature", "properties": { "class": "maritime", "longitude": 156.94106620823803, "latitude": -10.69212818981817, "Id": 2890, "Code": null, "Name": null }, "geometry": { "type": "Point", "coordinates": [ 156.941066208238027, -10.69212818981817 ] } },
{ "type": "Feature", "properties": { "class": "maritime", "longitude": -79.517581982156386, "latitude": -13.138818947824873, "Id": 2891, "Code": null, "Name": null }, "geometry": { "type": "Point", "coordinates": [ -79.517581982156386, -13.138818947824873 ] } },
{ "type": "Feature", "properties": { "class": "maritime", "longitude": -33.876305232429083, "latitude": -13.138818947824873, "Id": 2892, "Code": null, "Name": null }, "geometry": { "type": "Point", "coordinates": [ -33.876305232429083, -13.138818947824873 ] } },
{ "type": "Feature", "properties": { "class": "maritime", "longitude": -21.705298099168466, "latitude": -13.138818947824873, "Id": 2893, "Code": null, "Name": null }, "geometry": { "type": "Point", "coordinates": [ -21.70529809916847, -13.138818947824873 ] } },
{ "type": "Feature", "properties": { "class": "maritime", "longitude": -18.662546315853319, "latitude": -13.138818947824873, "Id": 2894, "Code": null, "Name": null }, "geometry": { "type": "Point", "coordinates": [ -18.662546315853319, -13.138818947824873 ] } },
{ "type": "Feature", "properties": { "class": "maritime", "longitude": -0.40603561596240001, "latitude": -13.138818947824873, "Id": 2895, "Code": null, "Name": null }, "geometry": { "type": "Point", "coordinates": [ -0.4060356159624, -13.138818947824873 ] } },
{ "type": "Feature", "properties": { "class": "maritime", "longitude": 8.7222197339830583, "latitude": -13.138818947824873, "Id": 2896, "Code": null, "Name": null }, "geometry": { "type": "Point", "coordinates": [ 8.722219733983058, -13.138818947824873 ] } },
{ "type": "Feature", "properties": { "class": "maritime", "longitude": 42.19248935044974, "latitude": -13.138818947824873, "Id": 2897, "Code": null, "Name": null }, "geometry": { "type": "Point", "coordinates": [ 42.19248935044974, -13.138818947824873 ] } },
{ "type": "Feature", "properties": { "class": "maritime", "longitude": 60.449000050340658, "latitude": -13.138818947824873, "Id": 2898, "Code": null, "Name": null }, "geometry": { "type": "Point", "coordinates": [ 60.449000050340658, -13.138818947824873 ] } },
{ "type": "Feature", "properties": { "class": "maritime", "longitude": 63.491751833655805, "latitude": -13.138818947824873, "Id": 2899, "Code": null, "Name": null }, "geometry": { "type": "Point", "coordinates": [ 63.491751833655812, -13.138818947824873 ] } },
{ "type": "Feature", "properties": { "class": "maritime", "longitude": 66.534503616970966, "latitude": -13.138818947824873, "Id": 2900, "Code": null, "Name": null }, "geometry": { "type": "Point", "coordinates": [ 66.534503616970966, -13.138818947824873 ] } },
{ "type": "Feature", "properties": { "class": "maritime", "longitude": 69.57725540028612, "latitude": -13.138818947824873, "Id": 2901, "Code": null, "Name": null }, "geometry": { "type": "Point", "coordinates": [ 69.57725540028612, -13.138818947824873 ] } },
{ "type": "Feature", "properties": { "class": "maritime", "longitude": 72.620007183601274, "latitude": -13.138818947824873, "Id": 2902, "Code": null, "Name": null }, "geometry": { "type": "Point", "coordinates": [ 72.620007183601274, -13.138818947824873 ] } },
{ "type": "Feature", "properties": { "class": "maritime", "longitude": 75.662758966916428, "latitude": -13.138818947824873, "Id": 2903, "Code": null, "Name": null }, "geometry": { "type": "Point", "coordinates": [ 75.662758966916428, -13.138818947824873 ] } },
{ "type": "Feature", "properties": { "class": "maritime", "longitude": 93.919269666807324, "latitude": -13.138818947824873, "Id": 2904, "Code": null, "Name": null }, "geometry": { "type": "Point", "coordinates": [ 93.919269666807324, -13.138818947824873 ] } },
{ "type": "Feature", "properties": { "class": "maritime", "longitude": 96.962021450122478, "latitude": -13.138818947824873, "Id": 2905, "Code": null, "Name": null }, "geometry": { "type": "Point", "coordinates": [ 96.962021450122478, -13.138818947824873 ] } },
{ "type": "Feature", "properties": { "class": "maritime", "longitude": 121.30403571664371, "latitude": -13.138818947824873, "Id": 2906, "Code": null, "Name": null }, "geometry": { "type": "Point", "coordinates": [ 121.30403571664371, -13.138818947824873 ] } },
{ "type": "Feature", "properties": { "class": "maritime", "longitude": 154.77430533311036, "latitude": -13.138818947824873, "Id": 2907, "Code": null, "Name": null }, "geometry": { "type": "Point", "coordinates": [ 154.774305333110362, -13.138818947824873 ] } },
{ "type": "Feature", "properties": { "class": "maritime", "longitude": -80.059029776795398, "latitude": -15.594871652631417, "Id": 2908, "Code": null, "Name": null }, "geometry": { "type": "Point", "coordinates": [ -80.059029776795398, -15.594871652631417 ] } },
{ "type": "Feature", "properties": { "class": "maritime", "longitude": -76.995559415253354, "latitude": -15.594871652631417, "Id": 2909, "Code": null, "Name": null }, "geometry": { "type": "Point", "coordinates": [ -76.995559415253368, -15.594871652631417 ] } },
{ "type": "Feature", "properties": { "class": "maritime", "longitude": -37.170444715206891, "latitude": -15.594871652631417, "Id": 2910, "Code": null, "Name": null }, "geometry": { "type": "Point", "coordinates": [ -37.170444715206891, -15.594871652631417 ] } },
{ "type": "Feature", "properties": { "class": "maritime", "longitude": -34.106974353664853, "latitude": -15.594871652631417, "Id": 2911, "Code": null, "Name": null }, "geometry": { "type": "Point", "coordinates": [ -34.106974353664853, -15.594871652631417 ] } },
{ "type": "Feature", "properties": { "class": "maritime", "longitude": -18.789622545954668, "latitude": -15.594871652631417, "Id": 2912, "Code": null, "Name": null }, "geometry": { "type": "Point", "coordinates": [ -18.789622545954668, -15.594871652631417 ] } },
{ "type": "Feature", "properties": { "class": "maritime", "longitude": -15.72615218441263, "latitude": -15.594871652631417, "Id": 2913, "Code": null, "Name": null }, "geometry": { "type": "Point", "coordinates": [ -15.72615218441263, -15.594871652631417 ] } },
{ "type": "Feature", "properties": { "class": "maritime", "longitude": 2.6546699848395892, "latitude": -15.594871652631417, "Id": 2914, "Code": null, "Name": null }, "geometry": { "type": "Point", "coordinates": [ 2.654669984839589, -15.594871652631417 ] } },
{ "type": "Feature", "properties": { "class": "maritime", "longitude": 8.7816107079236634, "latitude": -15.594871652631417, "Id": 2915, "Code": null, "Name": null }, "geometry": { "type": "Point", "coordinates": [ 8.781610707923663, -15.594871652631417 ] } },
{ "type": "Feature", "properties": { "class": "maritime", "longitude": 42.47978468488607, "latitude": -15.594871652631417, "Id": 2916, "Code": null, "Name": null }, "geometry": { "type": "Point", "coordinates": [ 42.47978468488607, -15.594871652631417 ] } },
{ "type": "Feature", "properties": { "class": "maritime", "longitude": 57.797136492596245, "latitude": -15.594871652631417, "Id": 2917, "Code": null, "Name": null }, "geometry": { "type": "Point", "coordinates": [ 57.797136492596245, -15.594871652631417 ] } },
{ "type": "Feature", "properties": { "class": "maritime", "longitude": 60.86060685413829, "latitude": -15.594871652631417, "Id": 2918, "Code": null, "Name": null }, "geometry": { "type": "Point", "coordinates": [ 60.86060685413829, -15.594871652631417 ] } },
{ "type": "Feature", "properties": { "class": "maritime", "longitude": 63.924077215680327, "latitude": -15.594871652631417, "Id": 2919, "Code": null, "Name": null }, "geometry": { "type": "Point", "coordinates": [ 63.924077215680327, -15.594871652631417 ] } },
{ "type": "Feature", "properties": { "class": "maritime", "longitude": 66.987547577222358, "latitude": -15.594871652631417, "Id": 2920, "Code": null, "Name": null }, "geometry": { "type": "Point", "coordinates": [ 66.987547577222358, -15.594871652631417 ] } },
{ "type": "Feature", "properties": { "class": "maritime", "longitude": 70.051017938764403, "latitude": -15.594871652631417, "Id": 2921, "Code": null, "Name": null }, "geometry": { "type": "Point", "coordinates": [ 70.051017938764403, -15.594871652631417 ] } },
{ "type": "Feature", "properties": { "class": "maritime", "longitude": 94.558780831100691, "latitude": -15.594871652631417, "Id": 2922, "Code": null, "Name": null }, "geometry": { "type": "Point", "coordinates": [ 94.558780831100691, -15.594871652631417 ] } },
{ "type": "Feature", "properties": { "class": "maritime", "longitude": 152.76471770039939, "latitude": -15.594871652631417, "Id": 2923, "Code": null, "Name": null }, "geometry": { "type": "Point", "coordinates": [ 152.764717700399387, -15.594871652631417 ] } },
{ "type": "Feature", "properties": { "class": "maritime", "longitude": 158.89165842348345, "latitude": -15.594871652631417, "Id": 2924, "Code": null, "Name": null }, "geometry": { "type": "Point", "coordinates": [ 158.891658423483449, -15.594871652631417 ] } },
{ "type": "Feature", "properties": { "class": "maritime", "longitude": -77.618302662216948, "latitude": -18.062202158520233, "Id": 2925, "Code": null, "Name": null }, "geometry": { "type": "Point", "coordinates": [ -77.618302662216948, -18.062202158520233 ] } },
{ "type": "Feature", "properties": { "class": "maritime", "longitude": -74.530054826565859, "latitude": -18.062202158520233, "Id": 2926, "Code": null, "Name": null }, "geometry": { "type": "Point", "coordinates": [ -74.530054826565859, -18.062202158520233 ] } },
{ "type": "Feature", "properties": { "class": "maritime", "longitude": -71.44180699091477, "latitude": -18.062202158520233, "Id": 2927, "Code": null, "Name": null }, "geometry": { "type": "Point", "coordinates": [ -71.44180699091477, -18.062202158520233 ] } },
{ "type": "Feature", "properties": { "class": "maritime", "longitude": -37.471080798752801, "latitude": -18.062202158520233, "Id": 2928, "Code": null, "Name": null }, "geometry": { "type": "Point", "coordinates": [ -37.471080798752801, -18.062202158520233 ] } },
{ "type": "Feature", "properties": { "class": "maritime", "longitude": -22.029841620497361, "latitude": -18.062202158520233, "Id": 2929, "Code": null, "Name": null }, "geometry": { "type": "Point", "coordinates": [ -22.029841620497361, -18.062202158520233 ] } },
{ "type": "Feature", "properties": { "class": "maritime", "longitude": -15.85334594919518, "latitude": -18.062202158520233, "Id": 2930, "Code": null, "Name": null }, "geometry": { "type": "Point", "coordinates": [ -15.85334594919518, -18.062202158520233 ] } },
{ "type": "Feature", "properties": { "class": "maritime", "longitude": -12.765098113544093, "latitude": -18.062202158520233, "Id": 2931, "Code": null, "Name": null }, "geometry": { "type": "Point", "coordinates": [ -12.765098113544093, -18.062202158520233 ] } },
{ "type": "Feature", "properties": { "class": "maritime", "longitude": 2.6761410647113499, "latitude": -18.062202158520233, "Id": 2932, "Code": null, "Name": null }, "geometry": { "type": "Point", "coordinates": [ 2.67614106471135, -18.062202158520233 ] } },
{ "type": "Feature", "properties": { "class": "maritime", "longitude": 8.8526367360135279, "latitude": -18.062202158520233, "Id": 2933, "Code": null, "Name": null }, "geometry": { "type": "Point", "coordinates": [ 8.852636736013528, -18.062202158520233 ] } },
{ "type": "Feature", "properties": { "class": "maritime", "longitude": 39.73511509252441, "latitude": -18.062202158520233, "Id": 2934, "Code": null, "Name": null }, "geometry": { "type": "Point", "coordinates": [ 39.73511509252441, -18.062202158520233 ] } },
{ "type": "Feature", "properties": { "class": "maritime", "longitude": 55.176354270779854, "latitude": -18.062202158520233, "Id": 2935, "Code": null, "Name": null }, "geometry": { "type": "Point", "coordinates": [ 55.176354270779854, -18.062202158520233 ] } },
{ "type": "Feature", "properties": { "class": "maritime", "longitude": 58.264602106430942, "latitude": -18.062202158520233, "Id": 2936, "Code": null, "Name": null }, "geometry": { "type": "Point", "coordinates": [ 58.264602106430942, -18.062202158520233 ] } },
{ "type": "Feature", "properties": { "class": "maritime", "longitude": 61.352849942082031, "latitude": -18.062202158520233, "Id": 2937, "Code": null, "Name": null }, "geometry": { "type": "Point", "coordinates": [ 61.352849942082031, -18.062202158520233 ] } },
{ "type": "Feature", "properties": { "class": "maritime", "longitude": 64.44109777773312, "latitude": -18.062202158520233, "Id": 2938, "Code": null, "Name": null }, "geometry": { "type": "Point", "coordinates": [ 64.44109777773312, -18.062202158520233 ] } },
{ "type": "Feature", "properties": { "class": "maritime", "longitude": 67.529345613384208, "latitude": -18.062202158520233, "Id": 2939, "Code": null, "Name": null }, "geometry": { "type": "Point", "coordinates": [ 67.529345613384208, -18.062202158520233 ] } },
{ "type": "Feature", "properties": { "class": "maritime", "longitude": 73.7058412846864, "latitude": -18.062202158520233, "Id": 2940, "Code": null, "Name": null }, "geometry": { "type": "Point", "coordinates": [ 73.7058412846864, -18.062202158520233 ] } },
{ "type": "Feature", "properties": { "class": "maritime", "longitude": 86.058832627290741, "latitude": -18.062202158520233, "Id": 2941, "Code": null, "Name": null }, "geometry": { "type": "Point", "coordinates": [ 86.058832627290741, -18.062202158520233 ] } },
{ "type": "Feature", "properties": { "class": "maritime", "longitude": 113.85306314815054, "latitude": -18.062202158520233, "Id": 2942, "Code": null, "Name": null }, "geometry": { "type": "Point", "coordinates": [ 113.85306314815054, -18.062202158520233 ] } },
{ "type": "Feature", "properties": { "class": "maritime", "longitude": 116.94131098380163, "latitude": -18.062202158520233, "Id": 2943, "Code": null, "Name": null }, "geometry": { "type": "Point", "coordinates": [ 116.941310983801628, -18.062202158520233 ] } },
{ "type": "Feature", "properties": { "class": "maritime", "longitude": 154.00028501161469, "latitude": -18.062202158520233, "Id": 2944, "Code": null, "Name": null }, "geometry": { "type": "Point", "coordinates": [ 154.000285011614693, -18.062202158520233 ] } },
{ "type": "Feature", "properties": { "class": "maritime", "longitude": -78.350236899178981, "latitude": -20.542826598741691, "Id": 2945, "Code": null, "Name": null }, "geometry": { "type": "Point", "coordinates": [ -78.350236899178981, -20.542826598741691 ] } },
{ "type": "Feature", "properties": { "class": "maritime", "longitude": -75.232867139373312, "latitude": -20.542826598741691, "Id": 2946, "Code": null, "Name": null }, "geometry": { "type": "Point", "coordinates": [ -75.232867139373312, -20.542826598741691 ] } },
{ "type": "Feature", "properties": { "class": "maritime", "longitude": -72.115497379567628, "latitude": -20.542826598741691, "Id": 2947, "Code": null, "Name": null }, "geometry": { "type": "Point", "coordinates": [ -72.115497379567628, -20.542826598741691 ] } },
{ "type": "Feature", "properties": { "class": "maritime", "longitude": -37.82443002170519, "latitude": -20.542826598741691, "Id": 2948, "Code": null, "Name": null }, "geometry": { "type": "Point", "coordinates": [ -37.82443002170519, -20.542826598741691 ] } },
{ "type": "Feature", "properties": { "class": "maritime", "longitude": -12.88547194325978, "latitude": -20.542826598741691, "Id": 2949, "Code": null, "Name": null }, "geometry": { "type": "Point", "coordinates": [ -12.88547194325978, -20.542826598741691 ] } },
{ "type": "Feature", "properties": { "class": "maritime", "longitude": -9.7681021834541042, "latitude": -20.542826598741691, "Id": 2950, "Code": null, "Name": null }, "geometry": { "type": "Point", "coordinates": [ -9.768102183454104, -20.542826598741691 ] } },
{ "type": "Feature", "properties": { "class": "maritime", "longitude": 5.8187466155742804, "latitude": -20.542826598741691, "Id": 2951, "Code": null, "Name": null }, "geometry": { "type": "Point", "coordinates": [ 5.818746615574279, -20.542826598741691 ] } },
{ "type": "Feature", "properties": { "class": "maritime", "longitude": 12.053486135185633, "latitude": -20.542826598741691, "Id": 2952, "Code": null, "Name": null }, "geometry": { "type": "Point", "coordinates": [ 12.053486135185631, -20.542826598741691 ] } },
{ "type": "Feature", "properties": { "class": "maritime", "longitude": 52.579293012659427, "latitude": -20.542826598741691, "Id": 2953, "Code": null, "Name": null }, "geometry": { "type": "Point", "coordinates": [ 52.579293012659427, -20.542826598741691 ] } },
{ "type": "Feature", "properties": { "class": "maritime", "longitude": 55.696662772465096, "latitude": -20.542826598741691, "Id": 2954, "Code": null, "Name": null }, "geometry": { "type": "Point", "coordinates": [ 55.696662772465096, -20.542826598741691 ] } },
{ "type": "Feature", "properties": { "class": "maritime", "longitude": 58.81403253227078, "latitude": -20.542826598741691, "Id": 2955, "Code": null, "Name": null }, "geometry": { "type": "Point", "coordinates": [ 58.814032532270772, -20.542826598741691 ] } },
{ "type": "Feature", "properties": { "class": "maritime", "longitude": 65.048772051882125, "latitude": -20.542826598741691, "Id": 2956, "Code": null, "Name": null }, "geometry": { "type": "Point", "coordinates": [ 65.048772051882125, -20.542826598741691 ] } },
{ "type": "Feature", "properties": { "class": "maritime", "longitude": 80.635620850910513, "latitude": -20.542826598741691, "Id": 2957, "Code": null, "Name": null }, "geometry": { "type": "Point", "coordinates": [ 80.635620850910513, -20.542826598741691 ] } },
{ "type": "Feature", "properties": { "class": "maritime", "longitude": -41.385941999779767, "latitude": -23.03888404602186, "Id": 2958, "Code": null, "Name": null }, "geometry": { "type": "Point", "coordinates": [ -41.385941999779767, -23.03888404602186 ] } },
{ "type": "Feature", "properties": { "class": "maritime", "longitude": -38.234754588388832, "latitude": -23.03888404602186, "Id": 2959, "Code": null, "Name": null }, "geometry": { "type": "Point", "coordinates": [ -38.234754588388832, -23.03888404602186 ] } },
{ "type": "Feature", "properties": { "class": "maritime", "longitude": -35.083567176997903, "latitude": -23.03888404602186, "Id": 2960, "Code": null, "Name": null }, "geometry": { "type": "Point", "coordinates": [ -35.083567176997903, -23.03888404602186 ] } },
{ "type": "Feature", "properties": { "class": "maritime", "longitude": -28.781192354216032, "latitude": -23.03888404602186, "Id": 2961, "Code": null, "Name": null }, "geometry": { "type": "Point", "coordinates": [ -28.781192354216032, -23.03888404602186 ] } },
{ "type": "Feature", "properties": { "class": "maritime", "longitude": -9.8740678858704332, "latitude": -23.03888404602186, "Id": 2962, "Code": null, "Name": null }, "geometry": { "type": "Point", "coordinates": [ -9.874067885870433, -23.03888404602186 ] } },
{ "type": "Feature", "properties": { "class": "maritime", "longitude": -6.7228804744795019, "latitude": -23.03888404602186, "Id": 2963, "Code": null, "Name": null }, "geometry": { "type": "Point", "coordinates": [ -6.722880474479501, -23.03888404602186 ] } },
{ "type": "Feature", "properties": { "class": "maritime", "longitude": -3.5716930630885679, "latitude": -23.03888404602186, "Id": 2964, "Code": null, "Name": null }, "geometry": { "type": "Point", "coordinates": [ -3.571693063088568, -23.03888404602186 ] } },
{ "type": "Feature", "properties": { "class": "maritime", "longitude": 9.0330565824751652, "latitude": -23.03888404602186, "Id": 2965, "Code": null, "Name": null }, "geometry": { "type": "Point", "coordinates": [ 9.033056582475165, -23.03888404602186 ] } },
{ "type": "Feature", "properties": { "class": "maritime", "longitude": 12.184243993866097, "latitude": -23.03888404602186, "Id": 2966, "Code": null, "Name": null }, "geometry": { "type": "Point", "coordinates": [ 12.184243993866097, -23.03888404602186 ] } },
{ "type": "Feature", "properties": { "class": "maritime", "longitude": 37.393743284993555, "latitude": -23.03888404602186, "Id": 2967, "Code": null, "Name": null }, "geometry": { "type": "Point", "coordinates": [ 37.393743284993555, -23.03888404602186 ] } },
{ "type": "Feature", "properties": { "class": "maritime", "longitude": 49.99849293055729, "latitude": -23.03888404602186, "Id": 2968, "Code": null, "Name": null }, "geometry": { "type": "Point", "coordinates": [ 49.99849293055729, -23.03888404602186 ] } },
{ "type": "Feature", "properties": { "class": "maritime", "longitude": 53.149680341948226, "latitude": -23.03888404602186, "Id": 2969, "Code": null, "Name": null }, "geometry": { "type": "Point", "coordinates": [ 53.149680341948226, -23.03888404602186 ] } },
{ "type": "Feature", "properties": { "class": "maritime", "longitude": 56.300867753339155, "latitude": -23.03888404602186, "Id": 2970, "Code": null, "Name": null }, "geometry": { "type": "Point", "coordinates": [ 56.300867753339155, -23.03888404602186 ] } },
{ "type": "Feature", "properties": { "class": "maritime", "longitude": 59.452055164730091, "latitude": -23.03888404602186, "Id": 2971, "Code": null, "Name": null }, "geometry": { "type": "Point", "coordinates": [ 59.452055164730091, -23.03888404602186 ] } },
{ "type": "Feature", "properties": { "class": "maritime", "longitude": 62.603242576121026, "latitude": -23.03888404602186, "Id": 2972, "Code": null, "Name": null }, "geometry": { "type": "Point", "coordinates": [ 62.603242576121026, -23.03888404602186 ] } },
{ "type": "Feature", "properties": { "class": "maritime", "longitude": 75.207992221684762, "latitude": -23.03888404602186, "Id": 2973, "Code": null, "Name": null }, "geometry": { "type": "Point", "coordinates": [ 75.207992221684762, -23.03888404602186 ] } },
{ "type": "Feature", "properties": { "class": "maritime", "longitude": 113.02224115837596, "latitude": -23.03888404602186, "Id": 2974, "Code": null, "Name": null }, "geometry": { "type": "Point", "coordinates": [ 113.022241158375962, -23.03888404602186 ] } },
{ "type": "Feature", "properties": { "class": "maritime", "longitude": 153.98767750645806, "latitude": -23.03888404602186, "Id": 2975, "Code": null, "Name": null }, "geometry": { "type": "Point", "coordinates": [ 153.987677506458056, -23.03888404602186 ] } },
{ "type": "Feature", "properties": { "class": "maritime", "longitude": -76.988837938489638, "latitude": -25.552662950990161, "Id": 2976, "Code": null, "Name": null }, "geometry": { "type": "Point", "coordinates": [ -76.988837938489638, -25.552662950990161 ] } },
{ "type": "Feature", "properties": { "class": "maritime", "longitude": -73.798707290040355, "latitude": -25.552662950990161, "Id": 2977, "Code": null, "Name": null }, "geometry": { "type": "Point", "coordinates": [ -73.798707290040355, -25.552662950990161 ] } },
{ "type": "Feature", "properties": { "class": "maritime", "longitude": -48.277662102446101, "latitude": -25.552662950990161, "Id": 2978, "Code": null, "Name": null }, "geometry": { "type": "Point", "coordinates": [ -48.277662102446108, -25.552662950990161 ] } },
{ "type": "Feature", "properties": { "class": "maritime", "longitude": -45.087531453996831, "latitude": -25.552662950990161, "Id": 2979, "Code": null, "Name": null }, "geometry": { "type": "Point", "coordinates": [ -45.087531453996831, -25.552662950990161 ] } },
{ "type": "Feature", "properties": { "class": "maritime", "longitude": -41.897400805547555, "latitude": -25.552662950990161, "Id": 2980, "Code": null, "Name": null }, "geometry": { "type": "Point", "coordinates": [ -41.897400805547555, -25.552662950990161 ] } },
{ "type": "Feature", "properties": { "class": "maritime", "longitude": -38.707270157098264, "latitude": -25.552662950990161, "Id": 2981, "Code": null, "Name": null }, "geometry": { "type": "Point", "coordinates": [ -38.707270157098264, -25.552662950990161 ] } },
{ "type": "Feature", "properties": { "class": "maritime", "longitude": -35.517139508648988, "latitude": -25.552662950990161, "Id": 2982, "Code": null, "Name": null }, "geometry": { "type": "Point", "coordinates": [ -35.517139508648988, -25.552662950990161 ] } },
{ "type": "Feature", "properties": { "class": "maritime", "longitude": -32.327008860199705, "latitude": -25.552662950990161, "Id": 2983, "Code": null, "Name": null }, "geometry": { "type": "Point", "coordinates": [ -32.327008860199705, -25.552662950990161 ] } },
{ "type": "Feature", "properties": { "class": "maritime", "longitude": -29.136878211750425, "latitude": -25.552662950990161, "Id": 2984, "Code": null, "Name": null }, "geometry": { "type": "Point", "coordinates": [ -29.136878211750425, -25.552662950990161 ] } },
{ "type": "Feature", "properties": { "class": "maritime", "longitude": -22.756616914851861, "latitude": -25.552662950990161, "Id": 2985, "Code": null, "Name": null }, "geometry": { "type": "Point", "coordinates": [ -22.756616914851861, -25.552662950990161 ] } },
{ "type": "Feature", "properties": { "class": "maritime", "longitude": -19.566486266402578, "latitude": -25.552662950990161, "Id": 2986, "Code": null, "Name": null }, "geometry": { "type": "Point", "coordinates": [ -19.566486266402578, -25.552662950990161 ] } },
{ "type": "Feature", "properties": { "class": "maritime", "longitude": -6.8059636726054524, "latitude": -25.552662950990161, "Id": 2987, "Code": null, "Name": null }, "geometry": { "type": "Point", "coordinates": [ -6.805963672605452, -25.552662950990161 ] } },
{ "type": "Feature", "properties": { "class": "maritime", "longitude": -3.6158330241561711, "latitude": -25.552662950990161, "Id": 2988, "Code": null, "Name": null }, "geometry": { "type": "Point", "coordinates": [ -3.615833024156171, -25.552662950990161 ] } },
{ "type": "Feature", "properties": { "class": "maritime", "longitude": -0.42570237570689001, "latitude": -25.552662950990161, "Id": 2989, "Code": null, "Name": null }, "geometry": { "type": "Point", "coordinates": [ -0.42570237570689, -25.552662950990161 ] } },
{ "type": "Feature", "properties": { "class": "maritime", "longitude": 2.7644282727423919, "latitude": -25.552662950990161, "Id": 2990, "Code": null, "Name": null }, "geometry": { "type": "Point", "coordinates": [ 2.764428272742392, -25.552662950990161 ] } },
{ "type": "Feature", "properties": { "class": "maritime", "longitude": 9.1446895696409545, "latitude": -25.552662950990161, "Id": 2991, "Code": null, "Name": null }, "geometry": { "type": "Point", "coordinates": [ 9.144689569640954, -25.552662950990161 ] } },
{ "type": "Feature", "properties": { "class": "maritime", "longitude": 12.334820218090236, "latitude": -25.552662950990161, "Id": 2992, "Code": null, "Name": null }, "geometry": { "type": "Point", "coordinates": [ 12.334820218090236, -25.552662950990161 ] } },
{ "type": "Feature", "properties": { "class": "maritime", "longitude": 34.665734757235207, "latitude": -25.552662950990161, "Id": 2993, "Code": null, "Name": null }, "geometry": { "type": "Point", "coordinates": [ 34.665734757235207, -25.552662950990161 ] } },
{ "type": "Feature", "properties": { "class": "maritime", "longitude": 47.426257351032334, "latitude": -25.552662950990161, "Id": 2994, "Code": null, "Name": null }, "geometry": { "type": "Point", "coordinates": [ 47.426257351032334, -25.552662950990161 ] } },
{ "type": "Feature", "properties": { "class": "maritime", "longitude": 50.61638799948161, "latitude": -25.552662950990161, "Id": 2995, "Code": null, "Name": null }, "geometry": { "type": "Point", "coordinates": [ 50.61638799948161, -25.552662950990161 ] } },
{ "type": "Feature", "properties": { "class": "maritime", "longitude": 53.806518647930893, "latitude": -25.552662950990161, "Id": 2996, "Code": null, "Name": null }, "geometry": { "type": "Point", "coordinates": [ 53.806518647930893, -25.552662950990161 ] } },
{ "type": "Feature", "properties": { "class": "maritime", "longitude": 56.996649296380177, "latitude": -25.552662950990161, "Id": 2997, "Code": null, "Name": null }, "geometry": { "type": "Point", "coordinates": [ 56.996649296380177, -25.552662950990161 ] } },
{ "type": "Feature", "properties": { "class": "maritime", "longitude": 69.75717189017729, "latitude": -25.552662950990161, "Id": 2998, "Code": null, "Name": null }, "geometry": { "type": "Point", "coordinates": [ 69.75717189017729, -25.552662950990161 ] } },
{ "type": "Feature", "properties": { "class": "maritime", "longitude": 72.947302538626587, "latitude": -25.552662950990161, "Id": 2999, "Code": null, "Name": null }, "geometry": { "type": "Point", "coordinates": [ 72.947302538626587, -25.552662950990161 ] } },
{ "type": "Feature", "properties": { "class": "maritime", "longitude": 111.22887032001796, "latitude": -25.552662950990161, "Id": 3000, "Code": null, "Name": null }, "geometry": { "type": "Point", "coordinates": [ 111.228870320017975, -25.552662950990161 ] } },
{ "type": "Feature", "properties": { "class": "maritime", "longitude": 155.8906993983079, "latitude": -25.552662950990161, "Id": 3001, "Code": null, "Name": null }, "geometry": { "type": "Point", "coordinates": [ 155.890699398307902, -25.552662950990161 ] } },
{ "type": "Feature", "properties": { "class": "maritime", "longitude": -71.595599072376018, "latitude": -28.086632483779752, "Id": 3002, "Code": null, "Name": null }, "geometry": { "type": "Point", "coordinates": [ -71.595599072376018, -28.086632483779752 ] } },
{ "type": "Feature", "properties": { "class": "maritime", "longitude": -45.717800565916626, "latitude": -28.086632483779752, "Id": 3003, "Code": null, "Name": null }, "geometry": { "type": "Point", "coordinates": [ -45.717800565916626, -28.086632483779752 ] } },
{ "type": "Feature", "properties": { "class": "maritime", "longitude": -42.483075752609203, "latitude": -28.086632483779752, "Id": 3004, "Code": null, "Name": null }, "geometry": { "type": "Point", "coordinates": [ -42.483075752609203, -28.086632483779752 ] } },
{ "type": "Feature", "properties": { "class": "maritime", "longitude": -39.248350939301773, "latitude": -28.086632483779752, "Id": 3005, "Code": null, "Name": null }, "geometry": { "type": "Point", "coordinates": [ -39.248350939301773, -28.086632483779752 ] } },
{ "type": "Feature", "properties": { "class": "maritime", "longitude": -36.01362612599435, "latitude": -28.086632483779752, "Id": 3006, "Code": null, "Name": null }, "geometry": { "type": "Point", "coordinates": [ -36.01362612599435, -28.086632483779752 ] } },
{ "type": "Feature", "properties": { "class": "maritime", "longitude": -32.778901312686926, "latitude": -28.086632483779752, "Id": 3007, "Code": null, "Name": null }, "geometry": { "type": "Point", "coordinates": [ -32.778901312686926, -28.086632483779752 ] } },
{ "type": "Feature", "properties": { "class": "maritime", "longitude": -29.5441764993795, "latitude": -28.086632483779752, "Id": 3008, "Code": null, "Name": null }, "geometry": { "type": "Point", "coordinates": [ -29.5441764993795, -28.086632483779752 ] } },
{ "type": "Feature", "properties": { "class": "maritime", "longitude": -26.309451686072077, "latitude": -28.086632483779752, "Id": 3009, "Code": null, "Name": null }, "geometry": { "type": "Point", "coordinates": [ -26.309451686072077, -28.086632483779752 ] } },
{ "type": "Feature", "properties": { "class": "maritime", "longitude": -23.074726872764654, "latitude": -28.086632483779752, "Id": 3010, "Code": null, "Name": null }, "geometry": { "type": "Point", "coordinates": [ -23.074726872764654, -28.086632483779752 ] } },
{ "type": "Feature", "properties": { "class": "maritime", "longitude": -19.84000205945723, "latitude": -28.086632483779752, "Id": 3011, "Code": null, "Name": null }, "geometry": { "type": "Point", "coordinates": [ -19.84000205945723, -28.086632483779752 ] } },
{ "type": "Feature", "properties": { "class": "maritime", "longitude": -16.6052772461498, "latitude": -28.086632483779752, "Id": 3012, "Code": null, "Name": null }, "geometry": { "type": "Point", "coordinates": [ -16.6052772461498, -28.086632483779752 ] } },
{ "type": "Feature", "properties": { "class": "maritime", "longitude": -13.370552432842379, "latitude": -28.086632483779752, "Id": 3013, "Code": null, "Name": null }, "geometry": { "type": "Point", "coordinates": [ -13.370552432842379, -28.086632483779752 ] } },
{ "type": "Feature", "properties": { "class": "maritime", "longitude": -10.135827619534954, "latitude": -28.086632483779752, "Id": 3014, "Code": null, "Name": null }, "geometry": { "type": "Point", "coordinates": [ -10.135827619534954, -28.086632483779752 ] } },
{ "type": "Feature", "properties": { "class": "maritime", "longitude": -6.9011028062275299, "latitude": -28.086632483779752, "Id": 3015, "Code": null, "Name": null }, "geometry": { "type": "Point", "coordinates": [ -6.90110280622753, -28.086632483779752 ] } },
{ "type": "Feature", "properties": { "class": "maritime", "longitude": -3.666377992920105, "latitude": -28.086632483779752, "Id": 3016, "Code": null, "Name": null }, "geometry": { "type": "Point", "coordinates": [ -3.666377992920105, -28.086632483779752 ] } },
{ "type": "Feature", "properties": { "class": "maritime", "longitude": -0.43165317961268101, "latitude": -28.086632483779752, "Id": 3017, "Code": null, "Name": null }, "geometry": { "type": "Point", "coordinates": [ -0.431653179612681, -28.086632483779752 ] } },
{ "type": "Feature", "properties": { "class": "maritime", "longitude": 2.8030716336947439, "latitude": -28.086632483779752, "Id": 3018, "Code": null, "Name": null }, "geometry": { "type": "Point", "coordinates": [ 2.803071633694744, -28.086632483779752 ] } },
{ "type": "Feature", "properties": { "class": "maritime", "longitude": 6.0377964470021679, "latitude": -28.086632483779752, "Id": 3019, "Code": null, "Name": null }, "geometry": { "type": "Point", "coordinates": [ 6.037796447002168, -28.086632483779752 ] } },
{ "type": "Feature", "properties": { "class": "maritime", "longitude": 12.507246073617019, "latitude": -28.086632483779752, "Id": 3020, "Code": null, "Name": null }, "geometry": { "type": "Point", "coordinates": [ 12.507246073617019, -28.086632483779752 ] } },
{ "type": "Feature", "properties": { "class": "maritime", "longitude": 35.150319766768995, "latitude": -28.086632483779752, "Id": 3021, "Code": null, "Name": null }, "geometry": { "type": "Point", "coordinates": [ 35.150319766768995, -28.086632483779752 ] } },
{ "type": "Feature", "properties": { "class": "maritime", "longitude": 38.385044580076411, "latitude": -28.086632483779752, "Id": 3022, "Code": null, "Name": null }, "geometry": { "type": "Point", "coordinates": [ 38.385044580076411, -28.086632483779752 ] } },
{ "type": "Feature", "properties": { "class": "maritime", "longitude": 41.619769393383834, "latitude": -28.086632483779752, "Id": 3023, "Code": null, "Name": null }, "geometry": { "type": "Point", "coordinates": [ 41.619769393383834, -28.086632483779752 ] } },
{ "type": "Feature", "properties": { "class": "maritime", "longitude": 44.854494206691264, "latitude": -28.086632483779752, "Id": 3024, "Code": null, "Name": null }, "geometry": { "type": "Point", "coordinates": [ 44.854494206691264, -28.086632483779752 ] } },
{ "type": "Feature", "properties": { "class": "maritime", "longitude": 48.089219019998687, "latitude": -28.086632483779752, "Id": 3025, "Code": null, "Name": null }, "geometry": { "type": "Point", "coordinates": [ 48.089219019998687, -28.086632483779752 ] } },
{ "type": "Feature", "properties": { "class": "maritime", "longitude": 51.32394383330611, "latitude": -28.086632483779752, "Id": 3026, "Code": null, "Name": null }, "geometry": { "type": "Point", "coordinates": [ 51.32394383330611, -28.086632483779752 ] } },
{ "type": "Feature", "properties": { "class": "maritime", "longitude": 64.26284308653581, "latitude": -28.086632483779752, "Id": 3027, "Code": null, "Name": null }, "geometry": { "type": "Point", "coordinates": [ 64.26284308653581, -28.086632483779752 ] } },
{ "type": "Feature", "properties": { "class": "maritime", "longitude": 112.78371528614718, "latitude": -28.086632483779752, "Id": 3028, "Code": null, "Name": null }, "geometry": { "type": "Point", "coordinates": [ 112.783715286147185, -28.086632483779752 ] } },
{ "type": "Feature", "properties": { "class": "maritime", "longitude": 154.83513785914371, "latitude": -28.086632483779752, "Id": 3029, "Code": null, "Name": null }, "geometry": { "type": "Point", "coordinates": [ 154.835137859143714, -28.086632483779752 ] } },
{ "type": "Feature", "properties": { "class": "maritime", "longitude": -72.721932251402791, "latitude": -30.643480263658457, "Id": 3030, "Code": null, "Name": null }, "geometry": { "type": "Point", "coordinates": [ -72.721932251402777, -30.643480263658457 ] } },
{ "type": "Feature", "properties": { "class": "maritime", "longitude": -49.722640501468248, "latitude": -30.643480263658457, "Id": 3031, "Code": null, "Name": null }, "geometry": { "type": "Point", "coordinates": [ -49.722640501468248, -30.643480263658457 ] } },
{ "type": "Feature", "properties": { "class": "maritime", "longitude": -46.437027394334741, "latitude": -30.643480263658457, "Id": 3032, "Code": null, "Name": null }, "geometry": { "type": "Point", "coordinates": [ -46.437027394334741, -30.643480263658457 ] } },
{ "type": "Feature", "properties": { "class": "maritime", "longitude": -30.00896185866722, "latitude": -30.643480263658457, "Id": 3033, "Code": null, "Name": null }, "geometry": { "type": "Point", "coordinates": [ -30.00896185866722, -30.643480263658457 ] } },
{ "type": "Feature", "properties": { "class": "maritime", "longitude": -26.723348751533713, "latitude": -30.643480263658457, "Id": 3034, "Code": null, "Name": null }, "geometry": { "type": "Point", "coordinates": [ -26.723348751533713, -30.643480263658457 ] } },
{ "type": "Feature", "properties": { "class": "maritime", "longitude": -23.437735644400213, "latitude": -30.643480263658457, "Id": 3035, "Code": null, "Name": null }, "geometry": { "type": "Point", "coordinates": [ -23.437735644400213, -30.643480263658457 ] } },
{ "type": "Feature", "properties": { "class": "maritime", "longitude": -20.15212253726671, "latitude": -30.643480263658457, "Id": 3036, "Code": null, "Name": null }, "geometry": { "type": "Point", "coordinates": [ -20.152122537266706, -30.643480263658457 ] } },
{ "type": "Feature", "properties": { "class": "maritime", "longitude": -16.866509430133199, "latitude": -30.643480263658457, "Id": 3037, "Code": null, "Name": null }, "geometry": { "type": "Point", "coordinates": [ -16.866509430133199, -30.643480263658457 ] } },
{ "type": "Feature", "properties": { "class": "maritime", "longitude": -13.580896322999701, "latitude": -30.643480263658457, "Id": 3038, "Code": null, "Name": null }, "geometry": { "type": "Point", "coordinates": [ -13.580896322999699, -30.643480263658457 ] } },
{ "type": "Feature", "properties": { "class": "maritime", "longitude": -10.295283215866192, "latitude": -30.643480263658457, "Id": 3039, "Code": null, "Name": null }, "geometry": { "type": "Point", "coordinates": [ -10.295283215866192, -30.643480263658457 ] } },
{ "type": "Feature", "properties": { "class": "maritime", "longitude": -7.0096701087326903, "latitude": -30.643480263658457, "Id": 3040, "Code": null, "Name": null }, "geometry": { "type": "Point", "coordinates": [ -7.009670108732689, -30.643480263658457 ] } },
{ "type": "Feature", "properties": { "class": "maritime", "longitude": -3.7240570015991841, "latitude": -30.643480263658457, "Id": 3041, "Code": null, "Name": null }, "geometry": { "type": "Point", "coordinates": [ -3.724057001599184, -30.643480263658457 ] } },
{ "type": "Feature", "properties": { "class": "maritime", "longitude": -0.43844389446568, "latitude": -30.643480263658457, "Id": 3042, "Code": null, "Name": null }, "geometry": { "type": "Point", "coordinates": [ -0.43844389446568, -30.643480263658457 ] } },
{ "type": "Feature", "properties": { "class": "maritime", "longitude": 2.8471692126678239, "latitude": -30.643480263658457, "Id": 3043, "Code": null, "Name": null }, "geometry": { "type": "Point", "coordinates": [ 2.847169212667824, -30.643480263658457 ] } },
{ "type": "Feature", "properties": { "class": "maritime", "longitude": 6.1327823198013283, "latitude": -30.643480263658457, "Id": 3044, "Code": null, "Name": null }, "geometry": { "type": "Point", "coordinates": [ 6.132782319801328, -30.643480263658457 ] } },
{ "type": "Feature", "properties": { "class": "maritime", "longitude": 9.4183954269348327, "latitude": -30.643480263658457, "Id": 3045, "Code": null, "Name": null }, "geometry": { "type": "Point", "coordinates": [ 9.418395426934833, -30.643480263658457 ] } },
{ "type": "Feature", "properties": { "class": "maritime", "longitude": 12.704008534068338, "latitude": -30.643480263658457, "Id": 3046, "Code": null, "Name": null }, "geometry": { "type": "Point", "coordinates": [ 12.704008534068338, -30.643480263658457 ] } },
{ "type": "Feature", "properties": { "class": "maritime", "longitude": 15.989621641201841, "latitude": -30.643480263658457, "Id": 3047, "Code": null, "Name": null }, "geometry": { "type": "Point", "coordinates": [ 15.989621641201841, -30.643480263658457 ] } },
{ "type": "Feature", "properties": { "class": "maritime", "longitude": 32.417687176869364, "latitude": -30.643480263658457, "Id": 3048, "Code": null, "Name": null }, "geometry": { "type": "Point", "coordinates": [ 32.417687176869364, -30.643480263658457 ] } },
{ "type": "Feature", "properties": { "class": "maritime", "longitude": 35.703300284002864, "latitude": -30.643480263658457, "Id": 3049, "Code": null, "Name": null }, "geometry": { "type": "Point", "coordinates": [ 35.703300284002864, -30.643480263658457 ] } },
{ "type": "Feature", "properties": { "class": "maritime", "longitude": 38.988913391136371, "latitude": -30.643480263658457, "Id": 3050, "Code": null, "Name": null }, "geometry": { "type": "Point", "coordinates": [ 38.988913391136371, -30.643480263658457 ] } },
{ "type": "Feature", "properties": { "class": "maritime", "longitude": 42.274526498269879, "latitude": -30.643480263658457, "Id": 3051, "Code": null, "Name": null }, "geometry": { "type": "Point", "coordinates": [ 42.274526498269879, -30.643480263658457 ] } },
{ "type": "Feature", "properties": { "class": "maritime", "longitude": 45.560139605403386, "latitude": -30.643480263658457, "Id": 3052, "Code": null, "Name": null }, "geometry": { "type": "Point", "coordinates": [ 45.560139605403386, -30.643480263658457 ] } },
{ "type": "Feature", "properties": { "class": "maritime", "longitude": 52.131365819670386, "latitude": -30.643480263658457, "Id": 3053, "Code": null, "Name": null }, "geometry": { "type": "Point", "coordinates": [ 52.131365819670386, -30.643480263658457 ] } },
{ "type": "Feature", "properties": { "class": "maritime", "longitude": 58.702592033937407, "latitude": -30.643480263658457, "Id": 3054, "Code": null, "Name": null }, "geometry": { "type": "Point", "coordinates": [ 58.702592033937407, -30.643480263658457 ] } },
{ "type": "Feature", "properties": { "class": "maritime", "longitude": 114.55801485520698, "latitude": -30.643480263658457, "Id": 3055, "Code": null, "Name": null }, "geometry": { "type": "Point", "coordinates": [ 114.558014855206977, -30.643480263658457 ] } },
{ "type": "Feature", "properties": { "class": "maritime", "longitude": 153.98537214080901, "latitude": -30.643480263658457, "Id": 3056, "Code": null, "Name": null }, "geometry": { "type": "Point", "coordinates": [ 153.985372140809005, -30.643480263658457 ] } },
{ "type": "Feature", "properties": { "class": "maritime", "longitude": 170.41343767647655, "latitude": -30.643480263658457, "Id": 3057, "Code": null, "Name": null }, "geometry": { "type": "Point", "coordinates": [ 170.413437676476548, -30.643480263658457 ] } },
{ "type": "Feature", "properties": { "class": "maritime", "longitude": -74.005083122263542, "latitude": -33.226158472872044, "Id": 3058, "Code": null, "Name": null }, "geometry": { "type": "Point", "coordinates": [ -74.005083122263542, -33.226158472872044 ] } },
{ "type": "Feature", "properties": { "class": "maritime", "longitude": -50.59997760577388, "latitude": -33.226158472872044, "Id": 3059, "Code": null, "Name": null }, "geometry": { "type": "Point", "coordinates": [ -50.59997760577388, -33.226158472872044 ] } },
{ "type": "Feature", "properties": { "class": "maritime", "longitude": -47.256391103418217, "latitude": -33.226158472872044, "Id": 3060, "Code": null, "Name": null }, "geometry": { "type": "Point", "coordinates": [ -47.256391103418217, -33.226158472872044 ] } },
{ "type": "Feature", "properties": { "class": "maritime", "longitude": -43.912804601062547, "latitude": -33.226158472872044, "Id": 3061, "Code": null, "Name": null }, "geometry": { "type": "Point", "coordinates": [ -43.912804601062547, -33.226158472872044 ] } },
{ "type": "Feature", "properties": { "class": "maritime", "longitude": -40.569218098706877, "latitude": -33.226158472872044, "Id": 3062, "Code": null, "Name": null }, "geometry": { "type": "Point", "coordinates": [ -40.569218098706884, -33.226158472872044 ] } },
{ "type": "Feature", "properties": { "class": "maritime", "longitude": -33.882045093995544, "latitude": -33.226158472872044, "Id": 3063, "Code": null, "Name": null }, "geometry": { "type": "Point", "coordinates": [ -33.882045093995544, -33.226158472872044 ] } },
{ "type": "Feature", "properties": { "class": "maritime", "longitude": -30.538458591639881, "latitude": -33.226158472872044, "Id": 3064, "Code": null, "Name": null }, "geometry": { "type": "Point", "coordinates": [ -30.538458591639881, -33.226158472872044 ] } },
{ "type": "Feature", "properties": { "class": "maritime", "longitude": -27.194872089284207, "latitude": -33.226158472872044, "Id": 3065, "Code": null, "Name": null }, "geometry": { "type": "Point", "coordinates": [ -27.194872089284207, -33.226158472872044 ] } },
{ "type": "Feature", "properties": { "class": "maritime", "longitude": -23.85128558692854, "latitude": -33.226158472872044, "Id": 3066, "Code": null, "Name": null }, "geometry": { "type": "Point", "coordinates": [ -23.85128558692854, -33.226158472872044 ] } },
{ "type": "Feature", "properties": { "class": "maritime", "longitude": -20.507699084572874, "latitude": -33.226158472872044, "Id": 3067, "Code": null, "Name": null }, "geometry": { "type": "Point", "coordinates": [ -20.507699084572874, -33.226158472872044 ] } },
{ "type": "Feature", "properties": { "class": "maritime", "longitude": -17.164112582217204, "latitude": -33.226158472872044, "Id": 3068, "Code": null, "Name": null }, "geometry": { "type": "Point", "coordinates": [ -17.164112582217204, -33.226158472872044 ] } },
{ "type": "Feature", "properties": { "class": "maritime", "longitude": -13.820526079861541, "latitude": -33.226158472872044, "Id": 3069, "Code": null, "Name": null }, "geometry": { "type": "Point", "coordinates": [ -13.820526079861541, -33.226158472872044 ] } },
{ "type": "Feature", "properties": { "class": "maritime", "longitude": -10.47693957750587, "latitude": -33.226158472872044, "Id": 3070, "Code": null, "Name": null }, "geometry": { "type": "Point", "coordinates": [ -10.47693957750587, -33.226158472872044 ] } },
{ "type": "Feature", "properties": { "class": "maritime", "longitude": -7.1333530751502057, "latitude": -33.226158472872044, "Id": 3071, "Code": null, "Name": null }, "geometry": { "type": "Point", "coordinates": [ -7.133353075150205, -33.226158472872044 ] } },
{ "type": "Feature", "properties": { "class": "maritime", "longitude": -3.7897665727945369, "latitude": -33.226158472872044, "Id": 3072, "Code": null, "Name": null }, "geometry": { "type": "Point", "coordinates": [ -3.789766572794537, -33.226158472872044 ] } },
{ "type": "Feature", "properties": { "class": "maritime", "longitude": -0.44618007043886998, "latitude": -33.226158472872044, "Id": 3073, "Code": null, "Name": null }, "geometry": { "type": "Point", "coordinates": [ -0.44618007043887, -33.226158472872044 ] } },
{ "type": "Feature", "properties": { "class": "maritime", "longitude": 2.897406431916798, "latitude": -33.226158472872044, "Id": 3074, "Code": null, "Name": null }, "geometry": { "type": "Point", "coordinates": [ 2.897406431916798, -33.226158472872044 ] } },
{ "type": "Feature", "properties": { "class": "maritime", "longitude": 6.2409929342724659, "latitude": -33.226158472872044, "Id": 3075, "Code": null, "Name": null }, "geometry": { "type": "Point", "coordinates": [ 6.240992934272465, -33.226158472872044 ] } },
{ "type": "Feature", "properties": { "class": "maritime", "longitude": 9.5845794366281325, "latitude": -33.226158472872044, "Id": 3076, "Code": null, "Name": null }, "geometry": { "type": "Point", "coordinates": [ 9.584579436628132, -33.226158472872044 ] } },
{ "type": "Feature", "properties": { "class": "maritime", "longitude": 12.928165938983801, "latitude": -33.226158472872044, "Id": 3077, "Code": null, "Name": null }, "geometry": { "type": "Point", "coordinates": [ 12.928165938983801, -33.226158472872044 ] } },
{ "type": "Feature", "properties": { "class": "maritime", "longitude": 16.271752441339466, "latitude": -33.226158472872044, "Id": 3078, "Code": null, "Name": null }, "geometry": { "type": "Point", "coordinates": [ 16.271752441339466, -33.226158472872044 ] } },
{ "type": "Feature", "properties": { "class": "maritime", "longitude": 29.646098450762139, "latitude": -33.226158472872044, "Id": 3079, "Code": null, "Name": null }, "geometry": { "type": "Point", "coordinates": [ 29.646098450762139, -33.226158472872044 ] } },
{ "type": "Feature", "properties": { "class": "maritime", "longitude": 32.989684953117809, "latitude": -33.226158472872044, "Id": 3080, "Code": null, "Name": null }, "geometry": { "type": "Point", "coordinates": [ 32.989684953117809, -33.226158472872044 ] } },
{ "type": "Feature", "properties": { "class": "maritime", "longitude": 36.333271455473472, "latitude": -33.226158472872044, "Id": 3081, "Code": null, "Name": null }, "geometry": { "type": "Point", "coordinates": [ 36.333271455473472, -33.226158472872044 ] } },
{ "type": "Feature", "properties": { "class": "maritime", "longitude": 39.676857957829142, "latitude": -33.226158472872044, "Id": 3082, "Code": null, "Name": null }, "geometry": { "type": "Point", "coordinates": [ 39.676857957829142, -33.226158472872044 ] } },
{ "type": "Feature", "properties": { "class": "maritime", "longitude": 46.364030962540475, "latitude": -33.226158472872044, "Id": 3083, "Code": null, "Name": null }, "geometry": { "type": "Point", "coordinates": [ 46.364030962540475, -33.226158472872044 ] } },
{ "type": "Feature", "properties": { "class": "maritime", "longitude": 113.23576100965381, "latitude": -33.226158472872044, "Id": 3084, "Code": null, "Name": null }, "geometry": { "type": "Point", "coordinates": [ 113.235761009653814, -33.226158472872044 ] } },
{ "type": "Feature", "properties": { "class": "maritime", "longitude": 153.35879903792187, "latitude": -33.226158472872044, "Id": 3085, "Code": null, "Name": null }, "geometry": { "type": "Point", "coordinates": [ 153.358799037921841, -33.226158472872044 ] } },
{ "type": "Feature", "properties": { "class": "maritime", "longitude": 173.42031805205585, "latitude": -33.226158472872044, "Id": 3086, "Code": null, "Name": null }, "geometry": { "type": "Point", "coordinates": [ 173.420318052055848, -33.226158472872044 ] } },
{ "type": "Feature", "properties": { "class": "maritime", "longitude": -55.008980286711584, "latitude": -35.83794108896884, "Id": 3087, "Code": null, "Name": null }, "geometry": { "type": "Point", "coordinates": [ -55.008980286711584, -35.83794108896884 ] } },
{ "type": "Feature", "properties": { "class": "maritime", "longitude": -51.599356042634639, "latitude": -35.83794108896884, "Id": 3088, "Code": null, "Name": null }, "geometry": { "type": "Point", "coordinates": [ -51.599356042634639, -35.83794108896884 ] } },
{ "type": "Feature", "properties": { "class": "maritime", "longitude": -48.189731798557688, "latitude": -35.83794108896884, "Id": 3089, "Code": null, "Name": null }, "geometry": { "type": "Point", "coordinates": [ -48.189731798557688, -35.83794108896884 ] } },
{ "type": "Feature", "properties": { "class": "maritime", "longitude": -44.780107554480729, "latitude": -35.83794108896884, "Id": 3090, "Code": null, "Name": null }, "geometry": { "type": "Point", "coordinates": [ -44.780107554480729, -35.83794108896884 ] } },
{ "type": "Feature", "properties": { "class": "maritime", "longitude": -41.370483310403785, "latitude": -35.83794108896884, "Id": 3091, "Code": null, "Name": null }, "geometry": { "type": "Point", "coordinates": [ -41.370483310403785, -35.83794108896884 ] } },
{ "type": "Feature", "properties": { "class": "maritime", "longitude": -37.960859066326826, "latitude": -35.83794108896884, "Id": 3092, "Code": null, "Name": null }, "geometry": { "type": "Point", "coordinates": [ -37.960859066326826, -35.83794108896884 ] } },
{ "type": "Feature", "properties": { "class": "maritime", "longitude": -27.731986334095964, "latitude": -35.83794108896884, "Id": 3093, "Code": null, "Name": null }, "geometry": { "type": "Point", "coordinates": [ -27.731986334095964, -35.83794108896884 ] } },
{ "type": "Feature", "properties": { "class": "maritime", "longitude": -24.322362090019016, "latitude": -35.83794108896884, "Id": 3094, "Code": null, "Name": null }, "geometry": { "type": "Point", "coordinates": [ -24.322362090019016, -35.83794108896884 ] } },
{ "type": "Feature", "properties": { "class": "maritime", "longitude": -20.912737845942065, "latitude": -35.83794108896884, "Id": 3095, "Code": null, "Name": null }, "geometry": { "type": "Point", "coordinates": [ -20.912737845942065, -35.83794108896884 ] } },
{ "type": "Feature", "properties": { "class": "maritime", "longitude": -17.50311360186511, "latitude": -35.83794108896884, "Id": 3096, "Code": null, "Name": null }, "geometry": { "type": "Point", "coordinates": [ -17.50311360186511, -35.83794108896884 ] } },
{ "type": "Feature", "properties": { "class": "maritime", "longitude": -14.093489357788155, "latitude": -35.83794108896884, "Id": 3097, "Code": null, "Name": null }, "geometry": { "type": "Point", "coordinates": [ -14.093489357788155, -35.83794108896884 ] } },
{ "type": "Feature", "properties": { "class": "maritime", "longitude": -10.683865113711201, "latitude": -35.83794108896884, "Id": 3098, "Code": null, "Name": null }, "geometry": { "type": "Point", "coordinates": [ -10.683865113711201, -35.83794108896884 ] } },
{ "type": "Feature", "properties": { "class": "maritime", "longitude": -7.274240869634248, "latitude": -35.83794108896884, "Id": 3099, "Code": null, "Name": null }, "geometry": { "type": "Point", "coordinates": [ -7.274240869634248, -35.83794108896884 ] } },
{ "type": "Feature", "properties": { "class": "maritime", "longitude": -3.864616625557296, "latitude": -35.83794108896884, "Id": 3100, "Code": null, "Name": null }, "geometry": { "type": "Point", "coordinates": [ -3.864616625557296, -35.83794108896884 ] } },
{ "type": "Feature", "properties": { "class": "maritime", "longitude": -0.45499238148034199, "latitude": -35.83794108896884, "Id": 3101, "Code": null, "Name": null }, "geometry": { "type": "Point", "coordinates": [ -0.454992381480342, -35.83794108896884 ] } },
{ "type": "Feature", "properties": { "class": "maritime", "longitude": 2.954631862596611, "latitude": -35.83794108896884, "Id": 3102, "Code": null, "Name": null }, "geometry": { "type": "Point", "coordinates": [ 2.954631862596611, -35.83794108896884 ] } },
{ "type": "Feature", "properties": { "class": "maritime", "longitude": 6.3642561066735643, "latitude": -35.83794108896884, "Id": 3103, "Code": null, "Name": null }, "geometry": { "type": "Point", "coordinates": [ 6.364256106673563, -35.83794108896884 ] } },
{ "type": "Feature", "properties": { "class": "maritime", "longitude": 9.7738803507505168, "latitude": -35.83794108896884, "Id": 3104, "Code": null, "Name": null }, "geometry": { "type": "Point", "coordinates": [ 9.773880350750517, -35.83794108896884 ] } },
{ "type": "Feature", "properties": { "class": "maritime", "longitude": 13.183504594827472, "latitude": -35.83794108896884, "Id": 3105, "Code": null, "Name": null }, "geometry": { "type": "Point", "coordinates": [ 13.183504594827472, -35.83794108896884 ] } },
{ "type": "Feature", "properties": { "class": "maritime", "longitude": 16.593128838904423, "latitude": -35.83794108896884, "Id": 3106, "Code": null, "Name": null }, "geometry": { "type": "Point", "coordinates": [ 16.593128838904423, -35.83794108896884 ] } },
{ "type": "Feature", "properties": { "class": "maritime", "longitude": 20.002753082981375, "latitude": -35.83794108896884, "Id": 3107, "Code": null, "Name": null }, "geometry": { "type": "Point", "coordinates": [ 20.002753082981375, -35.83794108896884 ] } },
{ "type": "Feature", "properties": { "class": "maritime", "longitude": 23.412377327058326, "latitude": -35.83794108896884, "Id": 3108, "Code": null, "Name": null }, "geometry": { "type": "Point", "coordinates": [ 23.41237732705833, -35.83794108896884 ] } },
{ "type": "Feature", "properties": { "class": "maritime", "longitude": 26.822001571135281, "latitude": -35.83794108896884, "Id": 3109, "Code": null, "Name": null }, "geometry": { "type": "Point", "coordinates": [ 26.822001571135281, -35.83794108896884 ] } },
{ "type": "Feature", "properties": { "class": "maritime", "longitude": 30.231625815212237, "latitude": -35.83794108896884, "Id": 3110, "Code": null, "Name": null }, "geometry": { "type": "Point", "coordinates": [ 30.231625815212237, -35.83794108896884 ] } },
{ "type": "Feature", "properties": { "class": "maritime", "longitude": 33.641250059289192, "latitude": -35.83794108896884, "Id": 3111, "Code": null, "Name": null }, "geometry": { "type": "Point", "coordinates": [ 33.641250059289192, -35.83794108896884 ] } },
{ "type": "Feature", "properties": { "class": "maritime", "longitude": 43.870122791520046, "latitude": -35.83794108896884, "Id": 3112, "Code": null, "Name": null }, "geometry": { "type": "Point", "coordinates": [ 43.870122791520046, -35.83794108896884 ] } },
{ "type": "Feature", "properties": { "class": "maritime", "longitude": 118.88185616121302, "latitude": -35.83794108896884, "Id": 3113, "Code": null, "Name": null }, "geometry": { "type": "Point", "coordinates": [ 118.881856161213022, -35.83794108896884 ] } },
{ "type": "Feature", "properties": { "class": "maritime", "longitude": 122.29148040528997, "latitude": -35.83794108896884, "Id": 3114, "Code": null, "Name": null }, "geometry": { "type": "Point", "coordinates": [ 122.291480405289974, -35.83794108896884 ] } },
{ "type": "Feature", "properties": { "class": "maritime", "longitude": 135.92997738159778, "latitude": -35.83794108896884, "Id": 3115, "Code": null, "Name": null }, "geometry": { "type": "Point", "coordinates": [ 135.92997738159778, -35.83794108896884 ] } },
{ "type": "Feature", "properties": { "class": "maritime", "longitude": 176.84546831052123, "latitude": -35.83794108896884, "Id": 3116, "Code": null, "Name": null }, "geometry": { "type": "Point", "coordinates": [ 176.845468310521227, -35.83794108896884 ] } },
{ "type": "Feature", "properties": { "class": "maritime", "longitude": -77.133933861559214, "latitude": -38.482496054673746, "Id": 3117, "Code": null, "Name": null }, "geometry": { "type": "Point", "coordinates": [ -77.133933861559214, -38.482496054673746 ] } },
{ "type": "Feature", "properties": { "class": "maritime", "longitude": -56.224236641948885, "latitude": -38.482496054673746, "Id": 3118, "Code": null, "Name": null }, "geometry": { "type": "Point", "coordinates": [ -56.224236641948892, -38.482496054673746 ] } },
{ "type": "Feature", "properties": { "class": "maritime", "longitude": -52.739287105347174, "latitude": -38.482496054673746, "Id": 3119, "Code": null, "Name": null }, "geometry": { "type": "Point", "coordinates": [ -52.739287105347174, -38.482496054673746 ] } },
{ "type": "Feature", "properties": { "class": "maritime", "longitude": -49.254337568745456, "latitude": -38.482496054673746, "Id": 3120, "Code": null, "Name": null }, "geometry": { "type": "Point", "coordinates": [ -49.254337568745456, -38.482496054673746 ] } },
{ "type": "Feature", "properties": { "class": "maritime", "longitude": -45.769388032143738, "latitude": -38.482496054673746, "Id": 3121, "Code": null, "Name": null }, "geometry": { "type": "Point", "coordinates": [ -45.769388032143738, -38.482496054673746 ] } },
{ "type": "Feature", "properties": { "class": "maritime", "longitude": -42.284438495542013, "latitude": -38.482496054673746, "Id": 3122, "Code": null, "Name": null }, "geometry": { "type": "Point", "coordinates": [ -42.28443849554202, -38.482496054673746 ] } },
{ "type": "Feature", "properties": { "class": "maritime", "longitude": -35.314539422338576, "latitude": -38.482496054673746, "Id": 3123, "Code": null, "Name": null }, "geometry": { "type": "Point", "coordinates": [ -35.314539422338576, -38.482496054673746 ] } },
{ "type": "Feature", "properties": { "class": "maritime", "longitude": -31.829589885736855, "latitude": -38.482496054673746, "Id": 3124, "Code": null, "Name": null }, "geometry": { "type": "Point", "coordinates": [ -31.829589885736855, -38.482496054673746 ] } },
{ "type": "Feature", "properties": { "class": "maritime", "longitude": -28.344640349135133, "latitude": -38.482496054673746, "Id": 3125, "Code": null, "Name": null }, "geometry": { "type": "Point", "coordinates": [ -28.344640349135133, -38.482496054673746 ] } },
{ "type": "Feature", "properties": { "class": "maritime", "longitude": -24.859690812533415, "latitude": -38.482496054673746, "Id": 3126, "Code": null, "Name": null }, "geometry": { "type": "Point", "coordinates": [ -24.859690812533415, -38.482496054673746 ] } },
{ "type": "Feature", "properties": { "class": "maritime", "longitude": -21.374741275931694, "latitude": -38.482496054673746, "Id": 3127, "Code": null, "Name": null }, "geometry": { "type": "Point", "coordinates": [ -21.374741275931694, -38.482496054673746 ] } },
{ "type": "Feature", "properties": { "class": "maritime", "longitude": -7.4349431295248118, "latitude": -38.482496054673746, "Id": 3128, "Code": null, "Name": null }, "geometry": { "type": "Point", "coordinates": [ -7.434943129524811, -38.482496054673746 ] } },
{ "type": "Feature", "properties": { "class": "maritime", "longitude": -3.9499935929230898, "latitude": -38.482496054673746, "Id": 3129, "Code": null, "Name": null }, "geometry": { "type": "Point", "coordinates": [ -3.94999359292309, -38.482496054673746 ] } },
{ "type": "Feature", "properties": { "class": "maritime", "longitude": 3.0199054802803502, "latitude": -38.482496054673746, "Id": 3130, "Code": null, "Name": null }, "geometry": { "type": "Point", "coordinates": [ 3.01990548028035, -38.482496054673746 ] } },
{ "type": "Feature", "properties": { "class": "maritime", "longitude": 6.50485501688207, "latitude": -38.482496054673746, "Id": 3131, "Code": null, "Name": null }, "geometry": { "type": "Point", "coordinates": [ 6.50485501688207, -38.482496054673746 ] } },
{ "type": "Feature", "properties": { "class": "maritime", "longitude": 9.9898045534837916, "latitude": -38.482496054673746, "Id": 3132, "Code": null, "Name": null }, "geometry": { "type": "Point", "coordinates": [ 9.989804553483792, -38.482496054673746 ] } },
{ "type": "Feature", "properties": { "class": "maritime", "longitude": 138.93293740774743, "latitude": -38.482496054673746, "Id": 3133, "Code": null, "Name": null }, "geometry": { "type": "Point", "coordinates": [ 138.932937407747431, -38.482496054673746 ] } },
{ "type": "Feature", "properties": { "class": "maritime", "longitude": 149.3877860175526, "latitude": -38.482496054673746, "Id": 3134, "Code": null, "Name": null }, "geometry": { "type": "Point", "coordinates": [ 149.3877860175526, -38.482496054673746 ] } },
{ "type": "Feature", "properties": { "class": "maritime", "longitude": 173.78243277376467, "latitude": -38.482496054673746, "Id": 3135, "Code": null, "Name": null }, "geometry": { "type": "Point", "coordinates": [ 173.782432773764668, -38.482496054673746 ] } },
{ "type": "Feature", "properties": { "class": "maritime", "longitude": -75.469798804437417, "latitude": -41.163977832468731, "Id": 3136, "Code": null, "Name": null }, "geometry": { "type": "Point", "coordinates": [ -75.469798804437431, -41.163977832468724 ] } },
{ "type": "Feature", "properties": { "class": "maritime", "longitude": -57.614261298957992, "latitude": -41.163977832468731, "Id": 3137, "Code": null, "Name": null }, "geometry": { "type": "Point", "coordinates": [ -57.614261298957992, -41.163977832468724 ] } },
{ "type": "Feature", "properties": { "class": "maritime", "longitude": 149.50997376460361, "latitude": -41.163977832468731, "Id": 3138, "Code": null, "Name": null }, "geometry": { "type": "Point", "coordinates": [ 149.509973764603615, -41.163977832468724 ] } },
{ "type": "Feature", "properties": { "class": "maritime", "longitude": 174.50772627227485, "latitude": -41.163977832468731, "Id": 3139, "Code": null, "Name": null }, "geometry": { "type": "Point", "coordinates": [ 174.507726272274851, -41.163977832468724 ] } },
{ "type": "Feature", "properties": { "class": "maritime", "longitude": -59.210974032146019, "latitude": -43.887148293864747, "Id": 3140, "Code": null, "Name": null }, "geometry": { "type": "Point", "coordinates": [ -59.210974032146019, -43.887148293864747 ] } },
{ "type": "Feature", "properties": { "class": "maritime", "longitude": -79.978079871362894, "latitude": -46.657537848045742, "Id": 3141, "Code": null, "Name": null }, "geometry": { "type": "Point", "coordinates": [ -79.978079871362894, -46.657537848045742 ] } },
{ "type": "Feature", "properties": { "class": "maritime", "longitude": -76.193647880336087, "latitude": -46.657537848045742, "Id": 3142, "Code": null, "Name": null }, "geometry": { "type": "Point", "coordinates": [ -76.193647880336073, -46.657537848045742 ] } },
{ "type": "Feature", "properties": { "class": "maritime", "longitude": -61.055919916228817, "latitude": -46.657537848045742, "Id": 3143, "Code": null, "Name": null }, "geometry": { "type": "Point", "coordinates": [ -61.055919916228817, -46.657537848045742 ] } },
{ "type": "Feature", "properties": { "class": "maritime", "longitude": 169.79443153640679, "latitude": -46.657537848045742, "Id": 3144, "Code": null, "Name": null }, "geometry": { "type": "Point", "coordinates": [ 169.79443153640679, -46.657537848045742 ] } },
{ "type": "Feature", "properties": { "class": "maritime", "longitude": -63.204237606580229, "latitude": -49.481665163599935, "Id": 3145, "Code": null, "Name": null }, "geometry": { "type": "Point", "coordinates": [ -63.204237606580236, -49.481665163599935 ] } },
{ "type": "Feature", "properties": { "class": "maritime", "longitude": -73.001168846072247, "latitude": -55.324130873400811, "Id": 3146, "Code": null, "Name": null }, "geometry": { "type": "Point", "coordinates": [ -73.001168846072247, -55.324130873400804 ] } },
{ "type": "Feature", "properties": { "class": "maritime", "longitude": -64.479686447007367, "latitude": -55.324130873400811, "Id": 3147, "Code": null, "Name": null }, "geometry": { "type": "Point", "coordinates": [ -64.479686447007367, -55.324130873400804 ] } }
]
}
