{
"type": "FeatureCollection",
"name": "maritime_edges",
"crs": { "type": "name", "properties": { "name": "urn:ogc:def:crs:OGC:1.3:CRS84" } },
"features": [
{ "type": "Feature", "properties": { "start_id": 2238, "end_id": 1379, "km": 151.04724827669884, "from": "maritime", "to": "port", "type": "maritime" }, "geometry": { "type": "LineString", "coordinates": [ [ 9.71993326909757, 65.448246752982243 ], [ 7.699259, 64.393719 ] ] } },
{ "type": "Feature", "properties": { "start_id": 2239, "end_id": 1352, "km": 145.35626096869865, "from": "maritime", "to": "port", "type": "maritime" }, "geometry": { "type": "LineString", "coordinates": [ [ 4.187270635238926, 62.163130453560811 ], [ 2.480253557, 61.13745005 ] ] } },
{ "type": "Feature", "properties": { "start_id": 2241, "end_id": 1328, "km": 92.71675019813901, "from": "maritime", "to": "port", "type": "maritime" }, "geometry": { "type": "LineString", "coordinates": [ [ -0.605730943990557, 59.002172697018793 ], [ -2.0006, 59.4331 ] ] } },
{ "type": "Feature", "properties": { "start_id": 1353, "end_id": 71, "km": 77.018903388321093, "from": "port", "to": "road", "type": "maritime" }, "geometry": { "type": "LineString", "coordinates": [ [ 2.77666054, 51.59927291 ], [ 2.005796650925177, 51.101298772248654 ] ] } },
{ "type": "Feature", "properties": { "start_id": 1308, "end_id": 2277, "km": 27.86120224931792, "from": "port", "to": "maritime", "type": "maritime" }, "geometry": { "type": "LineString", "coordinates": [ [ -4.528992111, 50.31923377 ], [ -4.474574181987493, 50.071105542797362 ] ] } },
{ "type": "Feature", "properties": { "start_id": 2277, "end_id": 1312, "km": 153.69922318079568, "from": "maritime", "to": "port", "type": "maritime" }, "geometry": { "type": "LineString", "coordinates": [ [ -4.474574181987493, 50.071105542797362 ], [ -3.9833, 48.72633 ] ] } },
{ "type": "Feature", "properties": { "start_id": 2339, "end_id": 1431, "km": 112.94357500111535, "from": "maritime", "to": "port", "type": "maritime" }, "geometry": { "type": "LineString", "coordinates": [ [ 14.276445190035625, 44.454086083266183 ], [ 13.46322346, 43.62344347 ] ] } },
{ "type": "Feature", "properties": { "start_id": 97, "end_id": 2306, "km": 260.25703750913192, "from": "road", "to": "maritime", "type": "maritime" }, "geometry": { "type": "LineString", "coordinates": [ [ -5.168768695731423, 48.473553704137302 ], [ -8.128862065694767, 47.234980716592936 ] ] } },
{ "type": "Feature", "properties": { "start_id": 1477, "end_id": 2368, "km": 128.91178952004807, "from": "port", "to": "maritime", "type": "maritime" }, "geometry": { "type": "LineString", "coordinates": [ [ 18.9495562, 42.09066719 ], [ 17.472801934245801, 41.721664659400808 ] ] } },
{ "type": "Feature", "properties": { "start_id": 2338, "end_id": 1325, "km": 173.02101463744532, "from": "maritime", "to": "port", "type": "maritime" }, "geometry": { "type": "LineString", "coordinates": [ [ -4.185001570592709, 44.454086083266183 ], [ -2.576885401, 43.4147294 ] ] } },
{ "type": "Feature", "properties": { "start_id": 1620, "end_id": 1608, "km": 181.10557583604719, "from": "port", "to": "port", "type": "maritime" }, "geometry": { "type": "LineString", "coordinates": [ [ 41.59791209, 41.79618862 ], [ 39.68051793, 41.03120175 ] ] } },
{ "type": "Feature", "properties": { "start_id": 2337, "end_id": 2336, "km": 293.04047762689316, "from": "maritime", "to": "maritime", "type": "maritime" }, "geometry": { "type": "LineString", "coordinates": [ [ -7.877290922718376, 44.454086083266183 ], [ -11.569580274844041, 44.454086083266183 ] ] } },
{ "type": "Feature", "properties": { "start_id": 1344, "end_id": 1340, "km": 143.68977382681487, "from": "port", "to": "port", "type": "maritime" }, "geometry": { "type": "LineString", "coordinates": [ [ 0.55, 40.5708 ], [ -0.101720978, 39.37896758 ] ] } },
{ "type": "Feature", "properties": { "start_id": 1510, "end_id": 2436, "km": 157.56265791417786, "from": "port", "to": "maritime", "type": "maritime" }, "geometry": { "type": "LineString", "coordinates": [ [ 23.85696367, 37.77043613 ], [ 23.513451787409387, 36.38019468571062 ] ] } },
{ "type": "Feature", "properties": { "start_id": 2305, "end_id": 2304, "km": 287.64436032712877, "from": "maritime", "to": "maritime", "type": "maritime" }, "geometry": { "type": "LineString", "coordinates": [ [ -23.369690997631924, 47.234980716592936 ], [ -27.17989823061621, 47.234980716592936 ] ] } },
{ "type": "Feature", "properties": { "start_id": 2305, "end_id": 2335, "km": 314.25102240627456, "from": "maritime", "to": "maritime", "type": "maritime" }, "geometry": { "type": "LineString", "coordinates": [ [ -23.369690997631924, 47.234980716592936 ], [ -22.646448331221045, 44.454086083266183 ] ] } },
{ "type": "Feature", "properties": { "start_id": 1287, "end_id": 2364, "km": 203.69108834514907, "from": "port", "to": "maritime", "type": "maritime" }, "geometry": { "type": "LineString", "coordinates": [ [ -8.901409424, 41.21366946 ], [ -11.25026273443917, 41.721664659400808 ] ] } },
{ "type": "Feature", "properties": { "start_id": 2433, "end_id": 249, "km": 101.53734078943967, "from": "maritime", "to": "road", "type": "maritime" }, "geometry": { "type": "LineString", "coordinates": [ [ 13.240419601528556, 36.38019468571062 ], [ 14.253712412750589, 35.974178125305095 ] ] } },
{ "type": "Feature", "properties": { "start_id": 2304, "end_id": 2303, "km": 287.64436032712854, "from": "maritime", "to": "maritime", "type": "maritime" }, "geometry": { "type": "LineString", "coordinates": [ [ -27.17989823061621, 47.234980716592936 ], [ -30.990105463600496, 47.234980716592936 ] ] } },
{ "type": "Feature", "properties": { "start_id": 2335, "end_id": 2334, "km": 293.04047762689299, "from": "maritime", "to": "maritime", "type": "maritime" }, "geometry": { "type": "LineString", "coordinates": [ [ -22.646448331221045, 44.454086083266183 ], [ -26.338737683346707, 44.454086083266183 ] ] } },
{ "type": "Feature", "properties": { "start_id": 2303, "end_id": 2302, "km": 287.6443603271295, "from": "maritime", "to": "maritime", "type": "maritime" }, "geometry": { "type": "LineString", "coordinates": [ [ -30.990105463600496, 47.234980716592936 ], [ -34.80031269658479, 47.234980716592936 ] ] } },
{ "type": "Feature", "properties": { "start_id": 1412, "end_id": 1416, "km": 75.696566994743705, "from": "port", "to": "port", "type": "maritime" }, "geometry": { "type": "LineString", "coordinates": [ [ 11.4031, 34.2928 ], [ 12.0367, 33.8592 ] ] } },
{ "type": "Feature", "properties": { "start_id": 1285, "end_id": 2429, "km": 271.14472517876567, "from": "port", "to": "maritime", "type": "maritime" }, "geometry": { "type": "LineString", "coordinates": [ [ -9.062106589, 38.4274472 ], [ -10.729988832193381, 36.38019468571062 ] ] } },
{ "type": "Feature", "properties": { "start_id": 2334, "end_id": 2333, "km": 293.04047762689322, "from": "maritime", "to": "maritime", "type": "maritime" }, "geometry": { "type": "LineString", "coordinates": [ [ -26.338737683346707, 44.454086083266183 ], [ -30.031027035472373, 44.454086083266183 ] ] } },
{ "type": "Feature", "properties": { "start_id": 2334, "end_id": 2363, "km": 309.50917284614656, "from": "maritime", "to": "maritime", "type": "maritime" }, "geometry": { "type": "LineString", "coordinates": [ [ -26.338737683346707, 44.454086083266183 ], [ -25.611795068781657, 41.721664659400808 ] ] } },
{ "type": "Feature", "properties": { "start_id": 1424, "end_id": 2465, "km": 33.970838566967053, "from": "port", "to": "maritime", "type": "maritime" }, "geometry": { "type": "LineString", "coordinates": [ [ 12.65, 33.9 ], [ 12.978102195739694, 33.761971999546539 ] ] } },
{ "type": "Feature", "properties": { "start_id": 1424, "end_id": 1416, "km": 56.79832021254164, "from": "port", "to": "port", "type": "maritime" }, "geometry": { "type": "LineString", "coordinates": [ [ 12.65, 33.9 ], [ 12.0367, 33.8592 ] ] } },
{ "type": "Feature", "properties": { "start_id": 2465, "end_id": 1427, "km": 101.95026265955204, "from": "maritime", "to": "port", "type": "maritime" }, "geometry": { "type": "LineString", "coordinates": [ [ 12.978102195739694, 33.761971999546539 ], [ 12.73275577, 32.86832798 ] ] } },
{ "type": "Feature", "properties": { "start_id": 2431, "end_id": 1304, "km": 112.74751528078673, "from": "maritime", "to": "port", "type": "maritime" }, "geometry": { "type": "LineString", "coordinates": [ [ -3.881300708272829, 36.38019468571062 ], [ -5.129909657, 36.25386289 ] ] } },
{ "type": "Feature", "properties": { "start_id": 2302, "end_id": 2301, "km": 287.64436032712899, "from": "maritime", "to": "maritime", "type": "maritime" }, "geometry": { "type": "LineString", "coordinates": [ [ -34.80031269658479, 47.234980716592936 ], [ -38.61051992956908, 47.234980716592936 ] ] } },
{ "type": "Feature", "properties": { "start_id": 2396, "end_id": 2428, "km": 296.20776310513401, "from": "maritime", "to": "maritime", "type": "maritime" }, "geometry": { "type": "LineString", "coordinates": [ [ -14.474340944677831, 39.032002689525108 ], [ -14.15433289415366, 36.38019468571062 ] ] } },
{ "type": "Feature", "properties": { "start_id": 2333, "end_id": 2332, "km": 293.04047762689351, "from": "maritime", "to": "maritime", "type": "maritime" }, "geometry": { "type": "LineString", "coordinates": [ [ -30.031027035472373, 44.454086083266183 ], [ -33.723316387598047, 44.454086083266183 ] ] } },
{ "type": "Feature", "properties": { "start_id": 2395, "end_id": 2427, "km": 296.93212188605355, "from": "maritime", "to": "maritime", "type": "maritime" }, "geometry": { "type": "LineString", "coordinates": [ [ -17.97610424467543, 39.032002689525108 ], [ -17.578676956113934, 36.38019468571062 ] ] } },
{ "type": "Feature", "properties": { "start_id": 2301, "end_id": 2300, "km": 287.64436032712899, "from": "maritime", "to": "maritime", "type": "maritime" }, "geometry": { "type": "LineString", "coordinates": [ [ -38.61051992956908, 47.234980716592936 ], [ -42.420727162553369, 47.234980716592936 ] ] } },
{ "type": "Feature", "properties": { "start_id": 2363, "end_id": 2362, "km": 297.96010035243057, "from": "maritime", "to": "maritime", "type": "maritime" }, "geometry": { "type": "LineString", "coordinates": [ [ -25.611795068781657, 41.721664659400808 ], [ -29.202178152367274, 41.721664659400808 ] ] } },
{ "type": "Feature", "properties": { "start_id": 1574, "end_id": 1561, "km": 219.46145322694133, "from": "port", "to": "port", "type": "maritime" }, "geometry": { "type": "LineString", "coordinates": [ [ 34.57536243, 31.7420549 ], [ 32.33361354, 31.25036423 ] ] } },
{ "type": "Feature", "properties": { "start_id": 2332, "end_id": 2331, "km": 293.04047762689299, "from": "maritime", "to": "maritime", "type": "maritime" }, "geometry": { "type": "LineString", "coordinates": [ [ -33.723316387598047, 44.454086083266183 ], [ -37.415605739723709, 44.454086083266183 ] ] } },
{ "type": "Feature", "properties": { "start_id": 2394, "end_id": 2426, "km": 297.81043911468356, "from": "maritime", "to": "maritime", "type": "maritime" }, "geometry": { "type": "LineString", "coordinates": [ [ -21.477867544673025, 39.032002689525108 ], [ -21.003021018074215, 36.38019468571062 ] ] } },
{ "type": "Feature", "properties": { "start_id": 2394, "end_id": 2393, "km": 302.44819315170236, "from": "maritime", "to": "maritime", "type": "maritime" }, "geometry": { "type": "LineString", "coordinates": [ [ -21.477867544673025, 39.032002689525108 ], [ -24.97963084467062, 39.032002689525108 ] ] } },
{ "type": "Feature", "properties": { "start_id": 2428, "end_id": 2463, "km": 292.24899736354769, "from": "maritime", "to": "maritime", "type": "maritime" }, "geometry": { "type": "LineString", "coordinates": [ [ -14.15433289415366, 36.38019468571062 ], [ -13.873909161582699, 33.761971999546539 ] ] } },
{ "type": "Feature", "properties": { "start_id": 2362, "end_id": 2361, "km": 297.96010035243137, "from": "maritime", "to": "maritime", "type": "maritime" }, "geometry": { "type": "LineString", "coordinates": [ [ -29.202178152367274, 41.721664659400808 ], [ -32.792561235952896, 41.721664659400808 ] ] } },
{ "type": "Feature", "properties": { "start_id": 2331, "end_id": 2330, "km": 293.04047762689351, "from": "maritime", "to": "maritime", "type": "maritime" }, "geometry": { "type": "LineString", "coordinates": [ [ -37.415605739723709, 44.454086083266183 ], [ -41.107895091849379, 44.454086083266183 ] ] } },
{ "type": "Feature", "properties": { "start_id": 2427, "end_id": 2462, "km": 292.85247824492257, "from": "maritime", "to": "maritime", "type": "maritime" }, "geometry": { "type": "LineString", "coordinates": [ [ -17.578676956113934, 36.38019468571062 ], [ -17.230410581247995, 33.761971999546539 ] ] } },
{ "type": "Feature", "properties": { "start_id": 2361, "end_id": 2360, "km": 297.96010035243086, "from": "maritime", "to": "maritime", "type": "maritime" }, "geometry": { "type": "LineString", "coordinates": [ [ -32.792561235952896, 41.721664659400808 ], [ -36.382944319538517, 41.721664659400808 ] ] } },
{ "type": "Feature", "properties": { "start_id": 1240, "end_id": 1241, "km": 167.67236877523752, "from": "port", "to": "port", "type": "maritime" }, "geometry": { "type": "LineString", "coordinates": [ [ -27.05, 38.7167 ], [ -25.6628022, 37.67488446 ] ] } },
{ "type": "Feature", "properties": { "start_id": 2330, "end_id": 2329, "km": 293.04047762689299, "from": "maritime", "to": "maritime", "type": "maritime" }, "geometry": { "type": "LineString", "coordinates": [ [ -41.107895091849379, 44.454086083266183 ], [ -44.800184443975041, 44.454086083266183 ] ] } },
{ "type": "Feature", "properties": { "start_id": 2426, "end_id": 2461, "km": 293.58453215470513, "from": "maritime", "to": "maritime", "type": "maritime" }, "geometry": { "type": "LineString", "coordinates": [ [ -21.003021018074215, 36.38019468571062 ], [ -20.586912000913298, 33.761971999546539 ] ] } },
{ "type": "Feature", "properties": { "start_id": 2463, "end_id": 1258, "km": 276.44806074667156, "from": "maritime", "to": "port", "type": "maritime" }, "geometry": { "type": "LineString", "coordinates": [ [ -13.873909161582699, 33.761971999546539 ], [ -16.63518579, 32.83724254 ] ] } },
{ "type": "Feature", "properties": { "start_id": 1241, "end_id": 2424, "km": 241.82047218633755, "from": "port", "to": "maritime", "type": "maritime" }, "geometry": { "type": "LineString", "coordinates": [ [ -25.6628022, 37.67488446 ], [ -27.851709141994768, 36.38019468571062 ] ] } },
{ "type": "Feature", "properties": { "start_id": 2360, "end_id": 2359, "km": 297.96010035243137, "from": "maritime", "to": "maritime", "type": "maritime" }, "geometry": { "type": "LineString", "coordinates": [ [ -36.382944319538517, 41.721664659400808 ], [ -39.973327403124145, 41.721664659400808 ] ] } },
{ "type": "Feature", "properties": { "start_id": 1238, "end_id": 2392, "km": 79.047484762319428, "from": "port", "to": "maritime", "type": "maritime" }, "geometry": { "type": "LineString", "coordinates": [ [ -31.1814, 39.37753 ], [ -31.98315744466581, 39.032002689525108 ] ] } },
{ "type": "Feature", "properties": { "start_id": 2425, "end_id": 2460, "km": 294.44419977318211, "from": "maritime", "to": "maritime", "type": "maritime" }, "geometry": { "type": "LineString", "coordinates": [ [ -24.427365080034491, 36.38019468571062 ], [ -23.943413420578597, 33.761971999546539 ] ] } },
{ "type": "Feature", "properties": { "start_id": 2462, "end_id": 1258, "km": 116.76067469845908, "from": "maritime", "to": "port", "type": "maritime" }, "geometry": { "type": "LineString", "coordinates": [ [ -17.230410581247995, 33.761971999546539 ], [ -16.63518579, 32.83724254 ] ] } },
{ "type": "Feature", "properties": { "start_id": 2329, "end_id": 2328, "km": 293.04047762689299, "from": "maritime", "to": "maritime", "type": "maritime" }, "geometry": { "type": "LineString", "coordinates": [ [ -44.800184443975041, 44.454086083266183 ], [ -48.492473796100704, 44.454086083266183 ] ] } },
{ "type": "Feature", "properties": { "start_id": 2392, "end_id": 2423, "km": 301.35449390421599, "from": "maritime", "to": "maritime", "type": "maritime" }, "geometry": { "type": "LineString", "coordinates": [ [ -31.98315744466581, 39.032002689525108 ], [ -31.276053203955044, 36.38019468571062 ] ] } },
{ "type": "Feature", "properties": { "start_id": 2392, "end_id": 2391, "km": 302.44819315170321, "from": "maritime", "to": "maritime", "type": "maritime" }, "geometry": { "type": "LineString", "coordinates": [ [ -31.98315744466581, 39.032002689525108 ], [ -35.484920744663413, 39.032002689525108 ] ] } },
{ "type": "Feature", "properties": { "start_id": 2359, "end_id": 2358, "km": 297.96010035243086, "from": "maritime", "to": "maritime", "type": "maritime" }, "geometry": { "type": "LineString", "coordinates": [ [ -39.973327403124145, 41.721664659400808 ], [ -43.563710486709759, 41.721664659400808 ] ] } },
{ "type": "Feature", "properties": { "start_id": 1258, "end_id": 2494, "km": 186.99484340830423, "from": "port", "to": "maritime", "type": "maritime" }, "geometry": { "type": "LineString", "coordinates": [ [ -16.63518579, 32.83724254 ], [ -16.924722636008163, 31.173574779410764 ] ] } },
{ "type": "Feature", "properties": { "start_id": 1644, "end_id": 1658, "km": 205.39887043781496, "from": "port", "to": "port", "type": "maritime" }, "geometry": { "type": "LineString", "coordinates": [ [ 48.54047771, 28.6512028 ], [ 50.59021929, 29.0873144 ] ] } },
{ "type": "Feature", "properties": { "start_id": 2424, "end_id": 2459, "km": 295.43036668353921, "from": "maritime", "to": "maritime", "type": "maritime" }, "geometry": { "type": "LineString", "coordinates": [ [ -27.851709141994768, 36.38019468571062 ], [ -27.299914840243893, 33.761971999546539 ] ] } },
{ "type": "Feature", "properties": { "start_id": 2461, "end_id": 2493, "km": 289.84828075317665, "from": "maritime", "to": "maritime", "type": "maritime" }, "geometry": { "type": "LineString", "coordinates": [ [ -20.586912000913298, 33.761971999546539 ], [ -20.22167573456214, 31.173574779410764 ] ] } },
{ "type": "Feature", "properties": { "start_id": 2391, "end_id": 2390, "km": 302.44819315170156, "from": "maritime", "to": "maritime", "type": "maritime" }, "geometry": { "type": "LineString", "coordinates": [ [ -35.484920744663413, 39.032002689525108 ], [ -38.986684044661004, 39.032002689525108 ] ] } },
{ "type": "Feature", "properties": { "start_id": 2391, "end_id": 2422, "km": 302.83296657777919, "from": "maritime", "to": "maritime", "type": "maritime" }, "geometry": { "type": "LineString", "coordinates": [ [ -35.484920744663413, 39.032002689525108 ], [ -34.700397265915321, 36.38019468571062 ] ] } },
{ "type": "Feature", "properties": { "start_id": 2358, "end_id": 2357, "km": 297.96010035243086, "from": "maritime", "to": "maritime", "type": "maritime" }, "geometry": { "type": "LineString", "coordinates": [ [ -43.563710486709759, 41.721664659400808 ], [ -47.15409357029538, 41.721664659400808 ] ] } },
{ "type": "Feature", "properties": { "start_id": 1188, "end_id": 2327, "km": 277.06094358325032, "from": "port", "to": "maritime", "type": "maritime" }, "geometry": { "type": "LineString", "coordinates": [ [ -56.01381493, 46.94392467 ], [ -55.877052500352036, 44.454086083266183 ] ] } },
{ "type": "Feature", "properties": { "start_id": 2460, "end_id": 2492, "km": 290.56137708742432, "from": "maritime", "to": "maritime", "type": "maritime" }, "geometry": { "type": "LineString", "coordinates": [ [ -23.943413420578597, 33.761971999546539 ], [ -23.518628833116114, 31.173574779410764 ] ] } },
{ "type": "Feature", "properties": { "start_id": 2423, "end_id": 2458, "km": 296.54177039189835, "from": "maritime", "to": "maritime", "type": "maritime" }, "geometry": { "type": "LineString", "coordinates": [ [ -31.276053203955044, 36.38019468571062 ], [ -30.656416259909193, 33.761971999546539 ] ] } },
{ "type": "Feature", "properties": { "start_id": 2390, "end_id": 2389, "km": 302.4481931517027, "from": "maritime", "to": "maritime", "type": "maritime" }, "geometry": { "type": "LineString", "coordinates": [ [ -38.986684044661004, 39.032002689525108 ], [ -42.488447344658603, 39.032002689525108 ] ] } },
{ "type": "Feature", "properties": { "start_id": 2390, "end_id": 2421, "km": 304.45657232452299, "from": "maritime", "to": "maritime", "type": "maritime" }, "geometry": { "type": "LineString", "coordinates": [ [ -38.986684044661004, 39.032002689525108 ], [ -38.124741327875597, 36.38019468571062 ] ] } },
{ "type": "Feature", "properties": { "start_id": 1666, "end_id": 1661, "km": 117.54836267978206, "from": "port", "to": "port", "type": "maritime" }, "geometry": { "type": "LineString", "coordinates": [ [ 52.48575098, 27.56580819 ], [ 51.8478, 26.6741 ] ] } },
{ "type": "Feature", "properties": { "start_id": 2459, "end_id": 2491, "km": 291.37981337178985, "from": "maritime", "to": "maritime", "type": "maritime" }, "geometry": { "type": "LineString", "coordinates": [ [ -27.299914840243893, 33.761971999546539 ], [ -26.815581931670089, 31.173574779410764 ] ] } },
{ "type": "Feature", "properties": { "start_id": 2357, "end_id": 2356, "km": 297.96010035243137, "from": "maritime", "to": "maritime", "type": "maritime" }, "geometry": { "type": "LineString", "coordinates": [ [ -47.15409357029538, 41.721664659400808 ], [ -50.744476653881009, 41.721664659400808 ] ] } },
{ "type": "Feature", "properties": { "start_id": 2493, "end_id": 2522, "km": 286.54412599845745, "from": "maritime", "to": "maritime", "type": "maritime" }, "geometry": { "type": "LineString", "coordinates": [ [ -20.22167573456214, 31.173574779410764 ], [ -19.901029342040289, 28.6116543300115 ] ] } },
{ "type": "Feature", "properties": { "start_id": 1278, "end_id": 2523, "km": 201.83913327808941, "from": "port", "to": "maritime", "type": "maritime" }, "geometry": { "type": "LineString", "coordinates": [ [ -11.3509, 28.478 ], [ -13.411679872202788, 28.6116543300115 ] ] } },
{ "type": "Feature", "properties": { "start_id": 2422, "end_id": 2457, "km": 297.77700811262287, "from": "maritime", "to": "maritime", "type": "maritime" }, "geometry": { "type": "LineString", "coordinates": [ [ -34.700397265915321, 36.38019468571062 ], [ -34.012917679574493, 33.761971999546539 ] ] } },
{ "type": "Feature", "properties": { "start_id": 1274, "end_id": 2523, "km": 30.838888394999941, "from": "port", "to": "maritime", "type": "maritime" }, "geometry": { "type": "LineString", "coordinates": [ [ -13.70039562, 28.7245499 ], [ -13.411679872202788, 28.6116543300115 ] ] } },
{ "type": "Feature", "properties": { "start_id": 2523, "end_id": 1275, "km": 169.12945993460016, "from": "maritime", "to": "port", "type": "maritime" }, "geometry": { "type": "LineString", "coordinates": [ [ -13.411679872202788, 28.6116543300115 ], [ -13.4369, 27.0908 ] ] } },
{ "type": "Feature", "properties": { "start_id": 2389, "end_id": 2388, "km": 302.44819315170213, "from": "maritime", "to": "maritime", "type": "maritime" }, "geometry": { "type": "LineString", "coordinates": [ [ -42.488447344658603, 39.032002689525108 ], [ -45.990210644656194, 39.032002689525108 ] ] } },
{ "type": "Feature", "properties": { "start_id": 2389, "end_id": 2420, "km": 306.22300155002858, "from": "maritime", "to": "maritime", "type": "maritime" }, "geometry": { "type": "LineString", "coordinates": [ [ -42.488447344658603, 39.032002689525108 ], [ -41.549085389835874, 36.38019468571062 ] ] } },
{ "type": "Feature", "properties": { "start_id": 2458, "end_id": 2490, "km": 292.3027045104734, "from": "maritime", "to": "maritime", "type": "maritime" }, "geometry": { "type": "LineString", "coordinates": [ [ -30.656416259909193, 33.761971999546539 ], [ -30.11253503022407, 31.173574779410764 ] ] } },
{ "type": "Feature", "properties": { "start_id": 2540, "end_id": 1676, "km": 84.302339339440877, "from": "maritime", "to": "port", "type": "maritime" }, "geometry": { "type": "LineString", "coordinates": [ [ 53.953420215153457, 26.073197253333667 ], [ 54.73850843, 25.79692584 ] ] } },
{ "type": "Feature", "properties": { "start_id": 2356, "end_id": 2355, "km": 297.96010035243137, "from": "maritime", "to": "maritime", "type": "maritime" }, "geometry": { "type": "LineString", "coordinates": [ [ -50.744476653881009, 41.721664659400808 ], [ -54.33485973746663, 41.721664659400808 ] ] } },
{ "type": "Feature", "properties": { "start_id": 1681, "end_id": 2541, "km": 113.14621886521445, "from": "port", "to": "maritime", "type": "maritime" }, "geometry": { "type": "LineString", "coordinates": [ [ 56.16312268, 26.5726017 ], [ 57.152260499603692, 26.073197253333667 ] ] } },
{ "type": "Feature", "properties": { "start_id": 2421, "end_id": 2456, "km": 299.13454521128864, "from": "maritime", "to": "maritime", "type": "maritime" }, "geometry": { "type": "LineString", "coordinates": [ [ -38.124741327875597, 36.38019468571062 ], [ -37.369419099239792, 33.761971999546539 ] ] } },
{ "type": "Feature", "properties": { "start_id": 2388, "end_id": 2387, "km": 302.44819315170213, "from": "maritime", "to": "maritime", "type": "maritime" }, "geometry": { "type": "LineString", "coordinates": [ [ -45.990210644656194, 39.032002689525108 ], [ -49.491973944653786, 39.032002689525108 ] ] } },
{ "type": "Feature", "properties": { "start_id": 2457, "end_id": 2489, "km": 293.32906429099052, "from": "maritime", "to": "maritime", "type": "maritime" }, "geometry": { "type": "LineString", "coordinates": [ [ -34.012917679574493, 33.761971999546539 ], [ -33.409488128778044, 31.173574779410764 ] ] } },
{ "type": "Feature", "properties": { "start_id": 2420, "end_id": 2455, "km": 300.61272419277611, "from": "maritime", "to": "maritime", "type": "maritime" }, "geometry": { "type": "LineString", "coordinates": [ [ -41.549085389835874, 36.38019468571062 ], [ -40.725920518905092, 33.761971999546539 ] ] } },
{ "type": "Feature", "properties": { "start_id": 2420, "end_id": 2419, "km": 306.54119119534658, "from": "maritime", "to": "maritime", "type": "maritime" }, "geometry": { "type": "LineString", "coordinates": [ [ -41.549085389835874, 36.38019468571062 ], [ -44.97342945179615, 36.38019468571062 ] ] } },
{ "type": "Feature", "properties": { "start_id": 2387, "end_id": 2386, "km": 302.4481931517027, "from": "maritime", "to": "maritime", "type": "maritime" }, "geometry": { "type": "LineString", "coordinates": [ [ -49.491973944653786, 39.032002689525108 ], [ -52.993737244651385, 39.032002689525108 ] ] } },
{ "type": "Feature", "properties": { "start_id": 2456, "end_id": 2488, "km": 294.45781044901742, "from": "maritime", "to": "maritime", "type": "maritime" }, "geometry": { "type": "LineString", "coordinates": [ [ -37.369419099239792, 33.761971999546539 ], [ -36.706441227332022, 31.173574779410764 ] ] } },
{ "type": "Feature", "properties": { "start_id": 1692, "end_id": 2552, "km": 220.5835752756312, "from": "port", "to": "maritime", "type": "maritime" }, "geometry": { "type": "LineString", "coordinates": [ [ 60.59897605, 25.31625609 ], [ 59.5952791250294, 23.555465493916248 ] ] } },
{ "type": "Feature", "properties": { "start_id": 2419, "end_id": 2454, "km": 302.2097741195322, "from": "maritime", "to": "maritime", "type": "maritime" }, "geometry": { "type": "LineString", "coordinates": [ [ -44.97342945179615, 36.38019468571062 ], [ -44.082421938570391, 33.761971999546539 ] ] } },
{ "type": "Feature", "properties": { "start_id": 2419, "end_id": 2418, "km": 306.54119119534658, "from": "maritime", "to": "maritime", "type": "maritime" }, "geometry": { "type": "LineString", "coordinates": [ [ -44.97342945179615, 36.38019468571062 ], [ -48.397773513756427, 36.38019468571062 ] ] } },
{ "type": "Feature", "properties": { "start_id": 2489, "end_id": 2521, "km": 289.4125443066651, "from": "maritime", "to": "maritime", "type": "maritime" }, "geometry": { "type": "LineString", "coordinates": [ [ -33.409488128778044, 31.173574779410764 ], [ -32.879728281715288, 28.6116543300115 ] ] } },
{ "type": "Feature", "properties": { "start_id": 2386, "end_id": 2385, "km": 302.44819315170156, "from": "maritime", "to": "maritime", "type": "maritime" }, "geometry": { "type": "LineString", "coordinates": [ [ -52.993737244651385, 39.032002689525108 ], [ -56.495500544648976, 39.032002689525108 ] ] } },
{ "type": "Feature", "properties": { "start_id": 2455, "end_id": 2487, "km": 295.68777010096863, "from": "maritime", "to": "maritime", "type": "maritime" }, "geometry": { "type": "LineString", "coordinates": [ [ -40.725920518905092, 33.761971999546539 ], [ -40.003394325885999, 31.173574779410764 ] ] } },
{ "type": "Feature", "properties": { "start_id": 2552, "end_id": 1691, "km": 104.92853271254822, "from": "maritime", "to": "port", "type": "maritime" }, "geometry": { "type": "LineString", "coordinates": [ [ 59.5952791250294, 23.555465493916248 ], [ 59.46720681, 22.61920379 ] ] } },
{ "type": "Feature", "properties": { "start_id": 2418, "end_id": 2453, "km": 303.92382034508785, "from": "maritime", "to": "maritime", "type": "maritime" }, "geometry": { "type": "LineString", "coordinates": [ [ -48.397773513756427, 36.38019468571062 ], [ -47.438923358235684, 33.761971999546539 ] ] } },
{ "type": "Feature", "properties": { "start_id": 2418, "end_id": 2417, "km": 306.54119119534658, "from": "maritime", "to": "maritime", "type": "maritime" }, "geometry": { "type": "LineString", "coordinates": [ [ -48.397773513756427, 36.38019468571062 ], [ -51.822117575716703, 36.38019468571062 ] ] } },
{ "type": "Feature", "properties": { "start_id": 2488, "end_id": 2520, "km": 290.34392135715615, "from": "maritime", "to": "maritime", "type": "maritime" }, "geometry": { "type": "LineString", "coordinates": [ [ -36.706441227332022, 31.173574779410764 ], [ -36.124403016634041, 28.6116543300115 ] ] } },
{ "type": "Feature", "properties": { "start_id": 2538, "end_id": 2549, "km": 281.44046977403019, "from": "maritime", "to": "maritime", "type": "maritime" }, "geometry": { "type": "LineString", "coordinates": [ [ -22.818746611652156, 26.073197253333667 ], [ -22.53297049991906, 23.555465493916248 ] ] } },
{ "type": "Feature", "properties": { "start_id": 2385, "end_id": 2384, "km": 302.4481931517027, "from": "maritime", "to": "maritime", "type": "maritime" }, "geometry": { "type": "LineString", "coordinates": [ [ -56.495500544648976, 39.032002689525108 ], [ -59.997263844646575, 39.032002689525108 ] ] } },
{ "type": "Feature", "properties": { "start_id": 2454, "end_id": 2486, "km": 297.01768548403766, "from": "maritime", "to": "maritime", "type": "maritime" }, "geometry": { "type": "LineString", "coordinates": [ [ -44.082421938570391, 33.761971999546539 ], [ -43.300347424439977, 31.173574779410764 ] ] } },
{ "type": "Feature", "properties": { "start_id": 2553, "end_id": 2571, "km": 286.90562611765813, "from": "maritime", "to": "maritime", "type": "maritime" }, "geometry": { "type": "LineString", "coordinates": [ [ 62.754057956758203, 23.555465493916248 ], [ 62.06198568087607, 21.055948186680951 ] ] } },
{ "type": "Feature", "properties": { "start_id": 2417, "end_id": 2452, "km": 305.75289445020888, "from": "maritime", "to": "maritime", "type": "maritime" }, "geometry": { "type": "LineString", "coordinates": [ [ -51.822117575716703, 36.38019468571062 ], [ -50.795424777900983, 33.761971999546539 ] ] } },
{ "type": "Feature", "properties": { "start_id": 2417, "end_id": 2416, "km": 306.54119119534721, "from": "maritime", "to": "maritime", "type": "maritime" }, "geometry": { "type": "LineString", "coordinates": [ [ -51.822117575716703, 36.38019468571062 ], [ -55.24646163767698, 36.38019468571062 ] ] } },
{ "type": "Feature", "properties": { "start_id": 2487, "end_id": 2519, "km": 291.35947660813036, "from": "maritime", "to": "maritime", "type": "maritime" }, "geometry": { "type": "LineString", "coordinates": [ [ -40.003394325885999, 31.173574779410764 ], [ -39.369077751552787, 28.6116543300115 ] ] } },
{ "type": "Feature", "properties": { "start_id": 2554, "end_id": 2572, "km": 287.81566005359753, "from": "maritime", "to": "maritime", "type": "maritime" }, "geometry": { "type": "LineString", "coordinates": [ [ 65.912836788486985, 23.555465493916248 ], [ 65.185928466518561, 21.055948186680951 ] ] } },
{ "type": "Feature", "properties": { "start_id": 2550, "end_id": 2570, "km": 278.80126270081695, "from": "maritime", "to": "maritime", "type": "maritime" }, "geometry": { "type": "LineString", "coordinates": [ [ -19.374191668190274, 23.555465493916248 ], [ -19.16052674582907, 21.055948186680951 ] ] } },
{ "type": "Feature", "properties": { "start_id": 2550, "end_id": 2549, "km": 321.96609859799742, "from": "maritime", "to": "maritime", "type": "maritime" }, "geometry": { "type": "LineString", "coordinates": [ [ -19.374191668190274, 23.555465493916248 ], [ -22.53297049991906, 23.555465493916248 ] ] } },
{ "type": "Feature", "properties": { "start_id": 2384, "end_id": 2383, "km": 302.4481931517027, "from": "maritime", "to": "maritime", "type": "maritime" }, "geometry": { "type": "LineString", "coordinates": [ [ -59.997263844646575, 39.032002689525108 ], [ -63.499027144644174, 39.032002689525108 ] ] } },
{ "type": "Feature", "properties": { "start_id": 2453, "end_id": 2485, "km": 298.44621994244187, "from": "maritime", "to": "maritime", "type": "maritime" }, "geometry": { "type": "LineString", "coordinates": [ [ -47.438923358235684, 33.761971999546539 ], [ -46.597300522993947, 31.173574779410764 ] ] } },
{ "type": "Feature", "properties": { "start_id": 2416, "end_id": 2415, "km": 306.54119119534721, "from": "maritime", "to": "maritime", "type": "maritime" }, "geometry": { "type": "LineString", "coordinates": [ [ -55.24646163767698, 36.38019468571062 ], [ -58.670805699637263, 36.38019468571062 ] ] } },
{ "type": "Feature", "properties": { "start_id": 2416, "end_id": 2451, "km": 307.69494427340106, "from": "maritime", "to": "maritime", "type": "maritime" }, "geometry": { "type": "LineString", "coordinates": [ [ -55.24646163767698, 36.38019468571062 ], [ -54.151926197566283, 33.761971999546539 ] ] } },
{ "type": "Feature", "properties": { "start_id": 2549, "end_id": 2569, "km": 279.10659676183735, "from": "maritime", "to": "maritime", "type": "maritime" }, "geometry": { "type": "LineString", "coordinates": [ [ -22.53297049991906, 23.555465493916248 ], [ -22.284469531471576, 21.055948186680951 ] ] } },
{ "type": "Feature", "properties": { "start_id": 2486, "end_id": 2518, "km": 292.45833293096854, "from": "maritime", "to": "maritime", "type": "maritime" }, "geometry": { "type": "LineString", "coordinates": [ [ -43.300347424439977, 31.173574779410764 ], [ -42.61375248647154, 28.6116543300115 ] ] } },
{ "type": "Feature", "properties": { "start_id": 2571, "end_id": 2597, "km": 283.14246842471226, "from": "maritime", "to": "maritime", "type": "maritime" }, "geometry": { "type": "LineString", "coordinates": [ [ 62.06198568087607, 21.055948186680951 ], [ 61.464824031123989, 18.572322382883915 ] ] } },
{ "type": "Feature", "properties": { "start_id": 2452, "end_id": 2484, "km": 299.97196409869258, "from": "maritime", "to": "maritime", "type": "maritime" }, "geometry": { "type": "LineString", "coordinates": [ [ -50.795424777900983, 33.761971999546539 ], [ -49.894253621547925, 31.173574779410764 ] ] } },
{ "type": "Feature", "properties": { "start_id": 2415, "end_id": 2414, "km": 306.54119119534658, "from": "maritime", "to": "maritime", "type": "maritime" }, "geometry": { "type": "LineString", "coordinates": [ [ -58.670805699637263, 36.38019468571062 ], [ -62.09514976159754, 36.38019468571062 ] ] } },
{ "type": "Feature", "properties": { "start_id": 2415, "end_id": 2450, "km": 309.74784393356248, "from": "maritime", "to": "maritime", "type": "maritime" }, "geometry": { "type": "LineString", "coordinates": [ [ -58.670805699637263, 36.38019468571062 ], [ -57.508427617231582, 33.761971999546539 ] ] } },
{ "type": "Feature", "properties": { "start_id": 2572, "end_id": 2598, "km": 283.85265653944754, "from": "maritime", "to": "maritime", "type": "maritime" }, "geometry": { "type": "LineString", "coordinates": [ [ 65.185928466518561, 21.055948186680951 ], [ 64.558708177695578, 18.572322382883915 ] ] } },
{ "type": "Feature", "properties": { "start_id": 2485, "end_id": 2517, "km": 293.6395549146938, "from": "maritime", "to": "maritime", "type": "maritime" }, "geometry": { "type": "LineString", "coordinates": [ [ -46.597300522993947, 31.173574779410764 ], [ -45.858427221390286, 28.6116543300115 ] ] } },
{ "type": "Feature", "properties": { "start_id": 2570, "end_id": 2594, "km": 276.83907808213945, "from": "maritime", "to": "maritime", "type": "maritime" }, "geometry": { "type": "LineString", "coordinates": [ [ -19.16052674582907, 21.055948186680951 ], [ -18.976163779737515, 18.572322382883915 ] ] } },
{ "type": "Feature", "properties": { "start_id": 2596, "end_id": 2620, "km": 279.40080518847293, "from": "maritime", "to": "maritime", "type": "maritime" }, "geometry": { "type": "LineString", "coordinates": [ [ 58.370939884552385, 18.572322382883915 ], [ 57.887059170278739, 16.102420527566085 ] ] } },
{ "type": "Feature", "properties": { "start_id": 2451, "end_id": 2483, "km": 301.59344214981331, "from": "maritime", "to": "maritime", "type": "maritime" }, "geometry": { "type": "LineString", "coordinates": [ [ -54.151926197566283, 33.761971999546539 ], [ -53.191206720101903, 31.173574779410764 ] ] } },
{ "type": "Feature", "properties": { "start_id": 2573, "end_id": 2599, "km": 284.59580992265796, "from": "maritime", "to": "maritime", "type": "maritime" }, "geometry": { "type": "LineString", "coordinates": [ [ 68.309871252161059, 21.055948186680951 ], [ 67.652592324267161, 18.572322382883915 ] ] } },
{ "type": "Feature", "properties": { "start_id": 1625, "end_id": 1621, "km": 166.4113577183474, "from": "port", "to": "port", "type": "maritime" }, "geometry": { "type": "LineString", "coordinates": [ [ 42.81715708, 15.04816894 ], [ 41.7447, 13.9703 ] ] } },
{ "type": "Feature", "properties": { "start_id": 2414, "end_id": 2413, "km": 306.54119119534778, "from": "maritime", "to": "maritime", "type": "maritime" }, "geometry": { "type": "LineString", "coordinates": [ [ -62.09514976159754, 36.38019468571062 ], [ -65.519493823557823, 36.38019468571062 ] ] } },
{ "type": "Feature", "properties": { "start_id": 2569, "end_id": 2568, "km": 324.16775201091298, "from": "maritime", "to": "maritime", "type": "maritime" }, "geometry": { "type": "LineString", "coordinates": [ [ -22.284469531471576, 21.055948186680951 ], [ -25.408412317114077, 21.055948186680951 ] ] } },
{ "type": "Feature", "properties": { "start_id": 2484, "end_id": 2516, "km": 294.90215257831937, "from": "maritime", "to": "maritime", "type": "maritime" }, "geometry": { "type": "LineString", "coordinates": [ [ -49.894253621547925, 31.173574779410764 ], [ -49.10310195630904, 28.6116543300115 ] ] } },
{ "type": "Feature", "properties": { "start_id": 2597, "end_id": 2621, "km": 279.91391760836621, "from": "maritime", "to": "maritime", "type": "maritime" }, "geometry": { "type": "LineString", "coordinates": [ [ 61.464824031123989, 18.572322382883915 ], [ 60.955295779331095, 16.102420527566085 ] ] } },
{ "type": "Feature", "properties": { "start_id": 1885, "end_id": 1899, "km": 91.692082745157563, "from": "port", "to": "port", "type": "maritime" }, "geometry": { "type": "LineString", "coordinates": [ [ 121.0417962, 40.72535 ], [ 122.0836763, 40.49219904 ] ] } },
{ "type": "Feature", "properties": { "start_id": 2244, "end_id": 2254, "km": 342.92168857953794, "from": "maritime", "to": "maritime", "type": "maritime" }, "geometry": { "type": "LineString", "coordinates": [ [ -151.203734490148349, 55.943425022583448 ], [ -152.616207396277446, 52.970591630113567 ] ] } },
{ "type": "Feature", "properties": { "start_id": 2450, "end_id": 2482, "km": 303.30911823043414, "from": "maritime", "to": "maritime", "type": "maritime" }, "geometry": { "type": "LineString", "coordinates": [ [ -57.508427617231582, 33.761971999546539 ], [ -56.488159818655888, 31.173574779410764 ] ] } },
{ "type": "Feature", "properties": { "start_id": 2450, "end_id": 2449, "km": 310.26897886932403, "from": "maritime", "to": "maritime", "type": "maritime" }, "geometry": { "type": "LineString", "coordinates": [ [ -57.508427617231582, 33.761971999546539 ], [ -60.864929036896882, 33.761971999546539 ] ] } },
{ "type": "Feature", "properties": { "start_id": 2259, "end_id": 2282, "km": 334.12098189224696, "from": "maritime", "to": "maritime", "type": "maritime" }, "geometry": { "type": "LineString", "coordinates": [ [ 167.959075614336484, 52.970591630113567 ], [ 169.227294853343437, 50.071105542797362 ] ] } },
{ "type": "Feature", "properties": { "start_id": 1846, "end_id": 2402, "km": 78.908530247968073, "from": "port", "to": "maritime", "type": "maritime" }, "geometry": { "type": "LineString", "coordinates": [ [ 117.7500388, 38.76085335 ], [ 118.592664455230803, 39.032002689525108 ] ] } },
{ "type": "Feature", "properties": { "start_id": 2402, "end_id": 1857, "km": 16.928075437615334, "from": "maritime", "to": "port", "type": "maritime" }, "geometry": { "type": "LineString", "coordinates": [ [ 118.592664455230803, 39.032002689525108 ], [ 118.7827141, 39.06933119 ] ] } },
{ "type": "Feature", "properties": { "start_id": 2402, "end_id": 1860, "km": 109.68858364371482, "from": "maritime", "to": "port", "type": "maritime" }, "geometry": { "type": "LineString", "coordinates": [ [ 118.592664455230803, 39.032002689525108 ], [ 118.9828, 38.0939 ] ] } },
{ "type": "Feature", "properties": { "start_id": 2619, "end_id": 2647, "km": 276.45049973676566, "from": "maritime", "to": "maritime", "type": "maritime" }, "geometry": { "type": "LineString", "coordinates": [ [ 54.818822561226398, 16.102420527566085 ], [ 54.434072602485642, 13.644203112651439 ] ] } },
{ "type": "Feature", "properties": { "start_id": 2619, "end_id": 2620, "km": 327.7842657455314, "from": "maritime", "to": "maritime", "type": "maritime" }, "geometry": { "type": "LineString", "coordinates": [ [ 54.818822561226398, 16.102420527566085 ], [ 57.887059170278739, 16.102420527566085 ] ] } },
{ "type": "Feature", "properties": { "start_id": 2568, "end_id": 2593, "km": 277.34806747075351, "from": "maritime", "to": "maritime", "type": "maritime" }, "geometry": { "type": "LineString", "coordinates": [ [ -25.408412317114077, 21.055948186680951 ], [ -25.163932072880701, 18.572322382883915 ] ] } },
{ "type": "Feature", "properties": { "start_id": 2413, "end_id": 2412, "km": 306.54119119534556, "from": "maritime", "to": "maritime", "type": "maritime" }, "geometry": { "type": "LineString", "coordinates": [ [ -65.519493823557823, 36.38019468571062 ], [ -68.943837885518093, 36.38019468571062 ] ] } },
{ "type": "Feature", "properties": { "start_id": 2483, "end_id": 2515, "km": 296.24508519379901, "from": "maritime", "to": "maritime", "type": "maritime" }, "geometry": { "type": "LineString", "coordinates": [ [ -53.191206720101903, 31.173574779410764 ], [ -52.347776691227793, 28.6116543300115 ] ] } },
{ "type": "Feature", "properties": { "start_id": 2594, "end_id": 2618, "km": 275.14754661538797, "from": "maritime", "to": "maritime", "type": "maritime" }, "geometry": { "type": "LineString", "coordinates": [ [ -18.976163779737515, 18.572322382883915 ], [ -18.818856056029897, 16.102420527566085 ] ] } },
{ "type": "Feature", "properties": { "start_id": 2006, "end_id": 2000, "km": 132.17118843173174, "from": "port", "to": "port", "type": "maritime" }, "geometry": { "type": "LineString", "coordinates": [ [ 142.7667, 46.6167 ], [ 141.8889287, 45.59564647 ] ] } },
{ "type": "Feature", "properties": { "start_id": 2279, "end_id": 2280, "km": 281.71542394610429, "from": "maritime", "to": "maritime", "type": "maritime" }, "geometry": { "type": "LineString", "coordinates": [ [ 157.383985600934494, 50.071105542797362 ], [ 161.331755351737485, 50.071105542797362 ] ] } },
{ "type": "Feature", "properties": { "start_id": 2620, "end_id": 2648, "km": 276.80604550137463, "from": "maritime", "to": "maritime", "type": "maritime" }, "geometry": { "type": "LineString", "coordinates": [ [ 57.887059170278739, 16.102420527566085 ], [ 57.480774566071617, 13.644203112651439 ] ] } },
{ "type": "Feature", "properties": { "start_id": 2382, "end_id": 1046, "km": 102.95066352653599, "from": "maritime", "to": "port", "type": "maritime" }, "geometry": { "type": "LineString", "coordinates": [ [ -74.004317044636963, 39.032002689525108 ], [ -75.1542, 38.7939 ] ] } },
{ "type": "Feature", "properties": { "start_id": 2449, "end_id": 2481, "km": 305.11740278750995, "from": "maritime", "to": "maritime", "type": "maritime" }, "geometry": { "type": "LineString", "coordinates": [ [ -60.864929036896882, 33.761971999546539 ], [ -59.785112917209851, 31.173574779410764 ] ] } },
{ "type": "Feature", "properties": { "start_id": 2449, "end_id": 2448, "km": 310.26897886932403, "from": "maritime", "to": "maritime", "type": "maritime" }, "geometry": { "type": "LineString", "coordinates": [ [ -60.864929036896882, 33.761971999546539 ], [ -64.221430456562175, 33.761971999546539 ] ] } },
{ "type": "Feature", "properties": { "start_id": 2599, "end_id": 2622, "km": 281.01644180004234, "from": "maritime", "to": "maritime", "type": "maritime" }, "geometry": { "type": "LineString", "coordinates": [ [ 67.652592324267161, 18.572322382883915 ], [ 67.091768997435764, 16.102420527566085 ] ] } },
{ "type": "Feature", "properties": { "start_id": 1903, "end_id": 2403, "km": 45.804044317898523, "from": "port", "to": "maritime", "type": "maritime" }, "geometry": { "type": "LineString", "coordinates": [ [ 122.3839, 39.3775 ], [ 122.094427755228395, 39.032002689525108 ] ] } },
{ "type": "Feature", "properties": { "start_id": 2260, "end_id": 2284, "km": 328.94768472617511, "from": "maritime", "to": "maritime", "type": "maritime" }, "geometry": { "type": "LineString", "coordinates": [ [ 176.1789546658907, 52.970591630113567 ], [ 177.122834354949362, 50.071105542797362 ] ] } },
{ "type": "Feature", "properties": { "start_id": 1957, "end_id": 2369, "km": 127.61276384992195, "from": "port", "to": "maritime", "type": "maritime" }, "geometry": { "type": "LineString", "coordinates": [ [ 132.983398099999988, 42.77409631 ], [ 132.365060608985686, 41.721664659400808 ] ] } },
{ "type": "Feature", "properties": { "start_id": 2621, "end_id": 2649, "km": 277.18045557947306, "from": "maritime", "to": "maritime", "type": "maritime" }, "geometry": { "type": "LineString", "coordinates": [ [ 60.955295779331095, 16.102420527566085 ], [ 60.527476529657598, 13.644203112651439 ] ] } },
{ "type": "Feature", "properties": { "start_id": 2280, "end_id": 2281, "km": 281.71542394610066, "from": "maritime", "to": "maritime", "type": "maritime" }, "geometry": { "type": "LineString", "coordinates": [ [ 161.331755351737485, 50.071105542797362 ], [ 165.279525102540447, 50.071105542797362 ] ] } },
{ "type": "Feature", "properties": { "start_id": 2482, "end_id": 2514, "km": 297.66726518832212, "from": "maritime", "to": "maritime", "type": "maritime" }, "geometry": { "type": "LineString", "coordinates": [ [ -56.488159818655888, 31.173574779410764 ], [ -55.592451426146546, 28.6116543300115 ] ] } },
{ "type": "Feature", "properties": { "start_id": 1859, "end_id": 1870, "km": 109.87916619777447, "from": "port", "to": "port", "type": "maritime" }, "geometry": { "type": "LineString", "coordinates": [ [ 118.9161, 37.2769 ], [ 120.1016397, 37.57710755 ] ] } },
{ "type": "Feature", "properties": { "start_id": 2045, "end_id": 2309, "km": 217.8312302674417, "from": "port", "to": "maritime", "type": "maritime" }, "geometry": { "type": "LineString", "coordinates": [ [ 153.0425, 48.0133 ], [ 155.710048952629649, 47.234980716592936 ] ] } },
{ "type": "Feature", "properties": { "start_id": 2600, "end_id": 2623, "km": 281.60555483004987, "from": "maritime", "to": "maritime", "type": "maritime" }, "geometry": { "type": "LineString", "coordinates": [ [ 70.746476470838786, 18.572322382883915 ], [ 70.160005606488141, 16.102420527566085 ] ] } },
{ "type": "Feature", "properties": { "start_id": 2257, "end_id": 2256, "km": 275.18181488860978, "from": "maritime", "to": "maritime", "type": "maritime" }, "geometry": { "type": "LineString", "coordinates": [ [ -140.286388818946136, 52.970591630113567 ], [ -144.39632834472323, 52.970591630113567 ] ] } },
{ "type": "Feature", "properties": { "start_id": 2448, "end_id": 1131, "km": 164.56503615058111, "from": "maritime", "to": "port", "type": "maritime" }, "geometry": { "type": "LineString", "coordinates": [ [ -64.221430456562175, 33.761971999546539 ], [ -64.75349847, 32.3507793 ] ] } },
{ "type": "Feature", "properties": { "start_id": 2281, "end_id": 2282, "km": 281.71542394610429, "from": "maritime", "to": "maritime", "type": "maritime" }, "geometry": { "type": "LineString", "coordinates": [ [ 165.279525102540447, 50.071105542797362 ], [ 169.227294853343437, 50.071105542797362 ] ] } },
{ "type": "Feature", "properties": { "start_id": 2593, "end_id": 2592, "km": 326.10423708065952, "from": "maritime", "to": "maritime", "type": "maritime" }, "geometry": { "type": "LineString", "coordinates": [ [ -25.163932072880701, 18.572322382883915 ], [ -28.257816219452302, 18.572322382883915 ] ] } },
{ "type": "Feature", "properties": { "start_id": 2256, "end_id": 2255, "km": 275.18181488860978, "from": "maritime", "to": "maritime", "type": "maritime" }, "geometry": { "type": "LineString", "coordinates": [ [ -144.39632834472323, 52.970591630113567 ], [ -148.506267870500324, 52.970591630113567 ] ] } },
{ "type": "Feature", "properties": { "start_id": 2515, "end_id": 2537, "km": 291.5574820408815, "from": "maritime", "to": "maritime", "type": "maritime" }, "geometry": { "type": "LineString", "coordinates": [ [ -52.347776691227793, 28.6116543300115 ], [ -51.608309171704256, 26.073197253333667 ] ] } },
{ "type": "Feature", "properties": { "start_id": 2251, "end_id": 2252, "km": 275.18181488860978, "from": "maritime", "to": "maritime", "type": "maritime" }, "geometry": { "type": "LineString", "coordinates": [ [ -164.946025973608727, 52.970591630113567 ], [ -160.836086447831633, 52.970591630113567 ] ] } },
{ "type": "Feature", "properties": { "start_id": 2251, "end_id": 2264, "km": 336.37200043820962, "from": "maritime", "to": "maritime", "type": "maritime" }, "geometry": { "type": "LineString", "coordinates": [ [ -164.946025973608727, 52.970591630113567 ], [ -166.333133964909479, 50.071105542797362 ] ] } },
{ "type": "Feature", "properties": { "start_id": 2255, "end_id": 2254, "km": 275.18181488861148, "from": "maritime", "to": "maritime", "type": "maritime" }, "geometry": { "type": "LineString", "coordinates": [ [ -148.506267870500324, 52.970591630113567 ], [ -152.616207396277446, 52.970591630113567 ] ] } },
{ "type": "Feature", "properties": { "start_id": 2252, "end_id": 2253, "km": 275.18181488860978, "from": "maritime", "to": "maritime", "type": "maritime" }, "geometry": { "type": "LineString", "coordinates": [ [ -160.836086447831633, 52.970591630113567 ], [ -156.726146922054539, 52.970591630113567 ] ] } },
{ "type": "Feature", "properties": { "start_id": 2254, "end_id": 2253, "km": 275.18181488860807, "from": "maritime", "to": "maritime", "type": "maritime" }, "geometry": { "type": "LineString", "coordinates": [ [ -152.616207396277446, 52.970591630113567 ], [ -156.726146922054539, 52.970591630113567 ] ] } },
{ "type": "Feature", "properties": { "start_id": 2282, "end_id": 2283, "km": 281.71542394610066, "from": "maritime", "to": "maritime", "type": "maritime" }, "geometry": { "type": "LineString", "coordinates": [ [ 169.227294853343437, 50.071105542797362 ], [ 173.175064604146399, 50.071105542797362 ] ] } },
{ "type": "Feature", "properties": { "start_id": 2481, "end_id": 2513, "km": 299.1675620955387, "from": "maritime", "to": "maritime", "type": "maritime" }, "geometry": { "type": "LineString", "coordinates": [ [ -59.785112917209851, 31.173574779410764 ], [ -58.837126161065299, 28.6116543300115 ] ] } },
{ "type": "Feature", "properties": { "start_id": 2309, "end_id": 2310, "km": 287.64436032712808, "from": "maritime", "to": "maritime", "type": "maritime" }, "geometry": { "type": "LineString", "coordinates": [ [ 155.710048952629649, 47.234980716592936 ], [ 159.520256185613931, 47.234980716592936 ] ] } },
{ "type": "Feature", "properties": { "start_id": 2309, "end_id": 2341, "km": 321.28939213602632, "from": "maritime", "to": "maritime", "type": "maritime" }, "geometry": { "type": "LineString", "coordinates": [ [ 155.710048952629649, 47.234980716592936 ], [ 154.58344057081095, 44.454086083266183 ] ] } },
{ "type": "Feature", "properties": { "start_id": 2447, "end_id": 1131, "km": 306.42984374541567, "from": "maritime", "to": "port", "type": "maritime" }, "geometry": { "type": "LineString", "coordinates": [ [ -67.577931876227481, 33.761971999546539 ], [ -64.75349847, 32.3507793 ] ] } },
{ "type": "Feature", "properties": { "start_id": 2447, "end_id": 2446, "km": 310.26897886932403, "from": "maritime", "to": "maritime", "type": "maritime" }, "geometry": { "type": "LineString", "coordinates": [ [ -67.577931876227481, 33.761971999546539 ], [ -70.934433295892774, 33.761971999546539 ] ] } },
{ "type": "Feature", "properties": { "start_id": 2283, "end_id": 2284, "km": 281.71542394610066, "from": "maritime", "to": "maritime", "type": "maritime" }, "geometry": { "type": "LineString", "coordinates": [ [ 173.175064604146399, 50.071105542797362 ], [ 177.122834354949362, 50.071105542797362 ] ] } },
{ "type": "Feature", "properties": { "start_id": 1249, "end_id": 2617, "km": 120.84418341221381, "from": "port", "to": "maritime", "type": "maritime" }, "geometry": { "type": "LineString", "coordinates": [ [ -22.95333678, 16.46795331 ], [ -21.887092665082239, 16.102420527566085 ] ] } },
{ "type": "Feature", "properties": { "start_id": 2514, "end_id": 2536, "km": 292.72405108511572, "from": "maritime", "to": "maritime", "type": "maritime" }, "geometry": { "type": "LineString", "coordinates": [ [ -55.592451426146546, 28.6116543300115 ], [ -54.807149456154498, 26.073197253333667 ] ] } },
{ "type": "Feature", "properties": { "start_id": 2649, "end_id": 2674, "km": 274.91022400885578, "from": "maritime", "to": "maritime", "type": "maritime" }, "geometry": { "type": "LineString", "coordinates": [ [ 60.527476529657598, 13.644203112651439 ], [ 60.176588693845758, 11.195735316089518 ] ] } },
{ "type": "Feature", "properties": { "start_id": 1255, "end_id": 2646, "km": 176.72205479116451, "from": "port", "to": "maritime", "type": "maritime" }, "geometry": { "type": "LineString", "coordinates": [ [ -17.39310751, 14.61996706 ], [ -18.68677452357781, 13.644203112651439 ] ] } },
{ "type": "Feature", "properties": { "start_id": 2310, "end_id": 2311, "km": 287.64436032712996, "from": "maritime", "to": "maritime", "type": "maritime" }, "geometry": { "type": "LineString", "coordinates": [ [ 159.520256185613931, 47.234980716592936 ], [ 163.330463418598242, 47.234980716592936 ] ] } },
{ "type": "Feature", "properties": { "start_id": 2284, "end_id": 2315, "km": 332.81065420000448, "from": "maritime", "to": "maritime", "type": "maritime" }, "geometry": { "type": "LineString", "coordinates": [ [ 177.122834354949362, 50.071105542797362 ], [ 178.571292350535373, 47.234980716592936 ] ] } },
{ "type": "Feature", "properties": { "start_id": 2273, "end_id": 2272, "km": 281.71542394610248, "from": "maritime", "to": "maritime", "type": "maritime" }, "geometry": { "type": "LineString", "coordinates": [ [ -130.803206207682706, 50.071105542797362 ], [ -134.750975958485668, 50.071105542797362 ] ] } },
{ "type": "Feature", "properties": { "start_id": 2623, "end_id": 2650, "km": 278.41609143372023, "from": "maritime", "to": "maritime", "type": "maritime" }, "geometry": { "type": "LineString", "coordinates": [ [ 70.160005606488141, 16.102420527566085 ], [ 69.667582420415542, 13.644203112651439 ] ] } },
{ "type": "Feature", "properties": { "start_id": 2480, "end_id": 2512, "km": 300.74480652651886, "from": "maritime", "to": "maritime", "type": "maritime" }, "geometry": { "type": "LineString", "coordinates": [ [ -63.082066015763829, 31.173574779410764 ], [ -62.081800895984045, 28.6116543300115 ] ] } },
{ "type": "Feature", "properties": { "start_id": 2370, "end_id": 1984, "km": 188.92422947370417, "from": "maritime", "to": "port", "type": "maritime" }, "geometry": { "type": "LineString", "coordinates": [ [ 139.545826776156929, 41.721664659400808 ], [ 139.928088699999989, 40.04738205 ] ] } },
{ "type": "Feature", "properties": { "start_id": 2272, "end_id": 2271, "km": 281.71542394610248, "from": "maritime", "to": "maritime", "type": "maritime" }, "geometry": { "type": "LineString", "coordinates": [ [ -134.750975958485668, 50.071105542797362 ], [ -138.698745709288659, 50.071105542797362 ] ] } },
{ "type": "Feature", "properties": { "start_id": 2537, "end_id": 2548, "km": 287.45654362544104, "from": "maritime", "to": "maritime", "type": "maritime" }, "geometry": { "type": "LineString", "coordinates": [ [ -51.608309171704256, 26.073197253333667 ], [ -50.961979985478138, 23.555465493916248 ] ] } },
{ "type": "Feature", "properties": { "start_id": 2446, "end_id": 2478, "km": 311.08133883969225, "from": "maritime", "to": "maritime", "type": "maritime" }, "geometry": { "type": "LineString", "coordinates": [ [ -70.934433295892774, 33.761971999546539 ], [ -69.675972212871784, 31.173574779410764 ] ] } },
{ "type": "Feature", "properties": { "start_id": 2311, "end_id": 2312, "km": 287.64436032713189, "from": "maritime", "to": "maritime", "type": "maritime" }, "geometry": { "type": "LineString", "coordinates": [ [ 163.330463418598242, 47.234980716592936 ], [ 167.140670651582553, 47.234980716592936 ] ] } },
{ "type": "Feature", "properties": { "start_id": 2340, "end_id": 2341, "km": 293.040477626891, "from": "maritime", "to": "maritime", "type": "maritime" }, "geometry": { "type": "LineString", "coordinates": [ [ 150.891151218685309, 44.454086083266183 ], [ 154.58344057081095, 44.454086083266183 ] ] } },
{ "type": "Feature", "properties": { "start_id": 2340, "end_id": 2373, "km": 307.38586058196159, "from": "maritime", "to": "maritime", "type": "maritime" }, "geometry": { "type": "LineString", "coordinates": [ [ 150.891151218685309, 44.454086083266183 ], [ 150.316976026913807, 41.721664659400808 ] ] } },
{ "type": "Feature", "properties": { "start_id": 2271, "end_id": 2270, "km": 281.71542394610248, "from": "maritime", "to": "maritime", "type": "maritime" }, "geometry": { "type": "LineString", "coordinates": [ [ -138.698745709288659, 50.071105542797362 ], [ -142.646515460091621, 50.071105542797362 ] ] } },
{ "type": "Feature", "properties": { "start_id": 2262, "end_id": 2263, "km": 281.71542394610429, "from": "maritime", "to": "maritime", "type": "maritime" }, "geometry": { "type": "LineString", "coordinates": [ [ -174.228673466515431, 50.071105542797362 ], [ -170.280903715712441, 50.071105542797362 ] ] } },
{ "type": "Feature", "properties": { "start_id": 2624, "end_id": 1711, "km": 78.268393641596262, "from": "maritime", "to": "port", "type": "maritime" }, "geometry": { "type": "LineString", "coordinates": [ [ 73.228242215540476, 16.102420527566085 ], [ 73.72567372, 15.58622091 ] ] } },
{ "type": "Feature", "properties": { "start_id": 2270, "end_id": 2269, "km": 281.71542394610248, "from": "maritime", "to": "maritime", "type": "maritime" }, "geometry": { "type": "LineString", "coordinates": [ [ -142.646515460091621, 50.071105542797362 ], [ -146.594285210894611, 50.071105542797362 ] ] } },
{ "type": "Feature", "properties": { "start_id": 2263, "end_id": 2264, "km": 281.71542394610066, "from": "maritime", "to": "maritime", "type": "maritime" }, "geometry": { "type": "LineString", "coordinates": [ [ -170.280903715712441, 50.071105542797362 ], [ -166.333133964909479, 50.071105542797362 ] ] } },
{ "type": "Feature", "properties": { "start_id": 2646, "end_id": 2673, "km": 272.51118527421147, "from": "maritime", "to": "maritime", "type": "maritime" }, "geometry": { "type": "LineString", "coordinates": [ [ -18.68677452357781, 13.644203112651439 ], [ -18.578444187558112, 11.195735316089518 ] ] } },
{ "type": "Feature", "properties": { "start_id": 2479, "end_id": 2511, "km": 302.39779413274908, "from": "maritime", "to": "maritime", "type": "maritime" }, "geometry": { "type": "LineString", "coordinates": [ [ -66.379019114317799, 31.173574779410764 ], [ -65.326475630902792, 28.6116543300115 ] ] } },
{ "type": "Feature", "properties": { "start_id": 2312, "end_id": 2313, "km": 287.64436032712621, "from": "maritime", "to": "maritime", "type": "maritime" }, "geometry": { "type": "LineString", "coordinates": [ [ 167.140670651582553, 47.234980716592936 ], [ 170.950877884566808, 47.234980716592936 ] ] } },
{ "type": "Feature", "properties": { "start_id": 2269, "end_id": 2268, "km": 281.71542394610248, "from": "maritime", "to": "maritime", "type": "maritime" }, "geometry": { "type": "LineString", "coordinates": [ [ -146.594285210894611, 50.071105542797362 ], [ -150.542054961697573, 50.071105542797362 ] ] } },
{ "type": "Feature", "properties": { "start_id": 2264, "end_id": 2265, "km": 281.71542394610248, "from": "maritime", "to": "maritime", "type": "maritime" }, "geometry": { "type": "LineString", "coordinates": [ [ -166.333133964909479, 50.071105542797362 ], [ -162.385364214106517, 50.071105542797362 ] ] } },
{ "type": "Feature", "properties": { "start_id": 2341, "end_id": 2342, "km": 293.04047762689299, "from": "maritime", "to": "maritime", "type": "maritime" }, "geometry": { "type": "LineString", "coordinates": [ [ 154.58344057081095, 44.454086083266183 ], [ 158.27572992293662, 44.454086083266183 ] ] } },
{ "type": "Feature", "properties": { "start_id": 2268, "end_id": 2267, "km": 281.71542394610248, "from": "maritime", "to": "maritime", "type": "maritime" }, "geometry": { "type": "LineString", "coordinates": [ [ -150.542054961697573, 50.071105542797362 ], [ -154.489824712500564, 50.071105542797362 ] ] } },
{ "type": "Feature", "properties": { "start_id": 2265, "end_id": 2266, "km": 281.71542394610248, "from": "maritime", "to": "maritime", "type": "maritime" }, "geometry": { "type": "LineString", "coordinates": [ [ -162.385364214106517, 50.071105542797362 ], [ -158.437594463303526, 50.071105542797362 ] ] } },
{ "type": "Feature", "properties": { "start_id": 1732, "end_id": 2601, "km": 192.97777408679661, "from": "port", "to": "maritime", "type": "maritime" }, "geometry": { "type": "LineString", "coordinates": [ [ 86.7103, 20.244 ], [ 86.215897203696755, 18.572322382883915 ] ] } },
{ "type": "Feature", "properties": { "start_id": 2267, "end_id": 2266, "km": 281.71542394610248, "from": "maritime", "to": "maritime", "type": "maritime" }, "geometry": { "type": "LineString", "coordinates": [ [ -154.489824712500564, 50.071105542797362 ], [ -158.437594463303526, 50.071105542797362 ] ] } },
{ "type": "Feature", "properties": { "start_id": 2313, "end_id": 2314, "km": 287.64436032712808, "from": "maritime", "to": "maritime", "type": "maritime" }, "geometry": { "type": "LineString", "coordinates": [ [ 170.950877884566808, 47.234980716592936 ], [ 174.76108511755109, 47.234980716592936 ] ] } },
{ "type": "Feature", "properties": { "start_id": 2674, "end_id": 2696, "km": 273.07784547618041, "from": "maritime", "to": "maritime", "type": "maritime" }, "geometry": { "type": "LineString", "coordinates": [ [ 60.176588693845758, 11.195735316089518 ], [ 59.898844576560457, 8.755166711699014 ] ] } },
{ "type": "Feature", "properties": { "start_id": 2674, "end_id": 2675, "km": 330.40270033389095, "from": "maritime", "to": "maritime", "type": "maritime" }, "geometry": { "type": "LineString", "coordinates": [ [ 60.176588693845758, 11.195735316089518 ], [ 63.205628420053593, 11.195735316089518 ] ] } },
{ "type": "Feature", "properties": { "start_id": 2372, "end_id": 2373, "km": 297.96010035243199, "from": "maritime", "to": "maritime", "type": "maritime" }, "geometry": { "type": "LineString", "coordinates": [ [ 146.726592943328171, 41.721664659400808 ], [ 150.316976026913807, 41.721664659400808 ] ] } },
{ "type": "Feature", "properties": { "start_id": 2372, "end_id": 2406, "km": 299.24884744067674, "from": "maritime", "to": "maritime", "type": "maritime" }, "geometry": { "type": "LineString", "coordinates": [ [ 146.726592943328171, 41.721664659400808 ], [ 146.606770855211579, 39.032002689525108 ] ] } },
{ "type": "Feature", "properties": { "start_id": 2299, "end_id": 2298, "km": 287.64436032712996, "from": "maritime", "to": "maritime", "type": "maritime" }, "geometry": { "type": "LineString", "coordinates": [ [ -126.245286288207708, 47.234980716592936 ], [ -130.055493521192005, 47.234980716592936 ] ] } },
{ "type": "Feature", "properties": { "start_id": 2342, "end_id": 2343, "km": 293.04047762689299, "from": "maritime", "to": "maritime", "type": "maritime" }, "geometry": { "type": "LineString", "coordinates": [ [ 158.27572992293662, 44.454086083266183 ], [ 161.968019275062289, 44.454086083266183 ] ] } },
{ "type": "Feature", "properties": { "start_id": 2314, "end_id": 2315, "km": 287.64436032712808, "from": "maritime", "to": "maritime", "type": "maritime" }, "geometry": { "type": "LineString", "coordinates": [ [ 174.76108511755109, 47.234980716592936 ], [ 178.571292350535373, 47.234980716592936 ] ] } },
{ "type": "Feature", "properties": { "start_id": 2478, "end_id": 2477, "km": 313.65630790848661, "from": "maritime", "to": "maritime", "type": "maritime" }, "geometry": { "type": "LineString", "coordinates": [ [ -69.675972212871784, 31.173574779410764 ], [ -72.972925311425755, 31.173574779410764 ] ] } },
{ "type": "Feature", "properties": { "start_id": 2470, "end_id": 1930, "km": 251.70767667952927, "from": "maritime", "to": "port", "type": "maritime" }, "geometry": { "type": "LineString", "coordinates": [ [ 123.742649044694559, 33.761971999546539 ], [ 126.4654592, 33.75458846 ] ] } },
{ "type": "Feature", "properties": { "start_id": 2470, "end_id": 2497, "km": 305.80208747952986, "from": "maritime", "to": "maritime", "type": "maritime" }, "geometry": { "type": "LineString", "coordinates": [ [ 123.742649044694559, 33.761971999546539 ], [ 124.844260601812849, 31.173574779410764 ] ] } },
{ "type": "Feature", "properties": { "start_id": 2548, "end_id": 2567, "km": 283.88242976719954, "from": "maritime", "to": "maritime", "type": "maritime" }, "geometry": { "type": "LineString", "coordinates": [ [ -50.961979985478138, 23.555465493916248 ], [ -50.399954602254113, 21.055948186680951 ] ] } },
{ "type": "Feature", "properties": { "start_id": 2298, "end_id": 2297, "km": 287.64436032712808, "from": "maritime", "to": "maritime", "type": "maritime" }, "geometry": { "type": "LineString", "coordinates": [ [ -130.055493521192005, 47.234980716592936 ], [ -133.865700754176288, 47.234980716592936 ] ] } },
{ "type": "Feature", "properties": { "start_id": 2675, "end_id": 2676, "km": 330.40270033388958, "from": "maritime", "to": "maritime", "type": "maritime" }, "geometry": { "type": "LineString", "coordinates": [ [ 63.205628420053593, 11.195735316089518 ], [ 66.234668146261413, 11.195735316089518 ] ] } },
{ "type": "Feature", "properties": { "start_id": 2601, "end_id": 2626, "km": 284.92316692295253, "from": "maritime", "to": "maritime", "type": "maritime" }, "geometry": { "type": "LineString", "coordinates": [ [ 86.215897203696755, 18.572322382883915 ], [ 85.501188651749857, 16.102420527566085 ] ] } },
{ "type": "Feature", "properties": { "start_id": 2343, "end_id": 2344, "km": 293.04047762689299, "from": "maritime", "to": "maritime", "type": "maritime" }, "geometry": { "type": "LineString", "coordinates": [ [ 161.968019275062289, 44.454086083266183 ], [ 165.660308627187959, 44.454086083266183 ] ] } },
{ "type": "Feature", "properties": { "start_id": 2373, "end_id": 2374, "km": 297.96010035242983, "from": "maritime", "to": "maritime", "type": "maritime" }, "geometry": { "type": "LineString", "coordinates": [ [ 150.316976026913807, 41.721664659400808 ], [ 153.907359110499414, 41.721664659400808 ] ] } },
{ "type": "Feature", "properties": { "start_id": 2373, "end_id": 2407, "km": 299.59721504814581, "from": "maritime", "to": "maritime", "type": "maritime" }, "geometry": { "type": "LineString", "coordinates": [ [ 150.316976026913807, 41.721664659400808 ], [ 150.108534155209156, 39.032002689525108 ] ] } },
{ "type": "Feature", "properties": { "start_id": 2285, "end_id": 2286, "km": 287.64436032713189, "from": "maritime", "to": "maritime", "type": "maritime" }, "geometry": { "type": "LineString", "coordinates": [ [ -179.588187549987794, 47.234980716592936 ], [ -175.777980317003482, 47.234980716592936 ] ] } },
{ "type": "Feature", "properties": { "start_id": 2297, "end_id": 2296, "km": 287.64436032712808, "from": "maritime", "to": "maritime", "type": "maritime" }, "geometry": { "type": "LineString", "coordinates": [ [ -133.865700754176288, 47.234980716592936 ], [ -137.675907987160571, 47.234980716592936 ] ] } },
{ "type": "Feature", "properties": { "start_id": 1930, "end_id": 2471, "km": 58.588056660146407, "from": "port", "to": "maritime", "type": "maritime" }, "geometry": { "type": "LineString", "coordinates": [ [ 126.4654592, 33.75458846 ], [ 127.099150464359866, 33.761971999546539 ] ] } },
{ "type": "Feature", "properties": { "start_id": 2673, "end_id": 2693, "km": 271.54124618245208, "from": "maritime", "to": "maritime", "type": "maritime" }, "geometry": { "type": "LineString", "coordinates": [ [ -18.578444187558112, 11.195735316089518 ], [ -18.492695664861692, 8.755166711699014 ] ] } },
{ "type": "Feature", "properties": { "start_id": 2286, "end_id": 2287, "km": 287.64436032712808, "from": "maritime", "to": "maritime", "type": "maritime" }, "geometry": { "type": "LineString", "coordinates": [ [ -175.777980317003482, 47.234980716592936 ], [ -171.9677730840192, 47.234980716592936 ] ] } },
{ "type": "Feature", "properties": { "start_id": 2616, "end_id": 2644, "km": 274.55281485686544, "from": "maritime", "to": "maritime", "type": "maritime" }, "geometry": { "type": "LineString", "coordinates": [ [ -34.160039101291623, 16.102420527566085 ], [ -33.920284341507703, 13.644203112651439 ] ] } },
{ "type": "Feature", "properties": { "start_id": 2296, "end_id": 2295, "km": 287.64436032712996, "from": "maritime", "to": "maritime", "type": "maritime" }, "geometry": { "type": "LineString", "coordinates": [ [ -137.675907987160571, 47.234980716592936 ], [ -141.486115220144882, 47.234980716592936 ] ] } },
{ "type": "Feature", "properties": { "start_id": 2695, "end_id": 2719, "km": 271.56901599088724, "from": "maritime", "to": "maritime", "type": "maritime" }, "geometry": { "type": "LineString", "coordinates": [ [ 56.883785336505753, 8.755166711699014 ], [ 56.686714194633559, 6.320713330752366 ] ] } },
{ "type": "Feature", "properties": { "start_id": 2695, "end_id": 2696, "km": 331.35189285727807, "from": "maritime", "to": "maritime", "type": "maritime" }, "geometry": { "type": "LineString", "coordinates": [ [ 56.883785336505753, 8.755166711699014 ], [ 59.898844576560457, 8.755166711699014 ] ] } },
{ "type": "Feature", "properties": { "start_id": 2344, "end_id": 2345, "km": 293.04047762689498, "from": "maritime", "to": "maritime", "type": "maritime" }, "geometry": { "type": "LineString", "coordinates": [ [ 165.660308627187959, 44.454086083266183 ], [ 169.352597979313629, 44.454086083266183 ] ] } },
{ "type": "Feature", "properties": { "start_id": 2287, "end_id": 2288, "km": 287.64436032712996, "from": "maritime", "to": "maritime", "type": "maritime" }, "geometry": { "type": "LineString", "coordinates": [ [ -171.9677730840192, 47.234980716592936 ], [ -168.157565851034889, 47.234980716592936 ] ] } },
{ "type": "Feature", "properties": { "start_id": 2287, "end_id": 2318, "km": 333.97689571412047, "from": "maritime", "to": "maritime", "type": "maritime" }, "geometry": { "type": "LineString", "coordinates": [ [ -171.9677730840192, 47.234980716592936 ], [ -170.338022416247696, 44.454086083266183 ] ] } },
{ "type": "Feature", "properties": { "start_id": 2295, "end_id": 2294, "km": 287.64436032713189, "from": "maritime", "to": "maritime", "type": "maritime" }, "geometry": { "type": "LineString", "coordinates": [ [ -141.486115220144882, 47.234980716592936 ], [ -145.296322453129193, 47.234980716592936 ] ] } },
{ "type": "Feature", "properties": { "start_id": 2374, "end_id": 2375, "km": 297.96010035243199, "from": "maritime", "to": "maritime", "type": "maritime" }, "geometry": { "type": "LineString", "coordinates": [ [ 153.907359110499414, 41.721664659400808 ], [ 157.497742194085049, 41.721664659400808 ] ] } },
{ "type": "Feature", "properties": { "start_id": 1347, "end_id": 1345, "km": 104.83579505993977, "from": "port", "to": "port", "type": "maritime" }, "geometry": { "type": "LineString", "coordinates": [ [ 1.399842039, 6.167031738 ], [ 0.9523, 5.336 ] ] } },
{ "type": "Feature", "properties": { "start_id": 2288, "end_id": 2289, "km": 287.64436032712808, "from": "maritime", "to": "maritime", "type": "maritime" }, "geometry": { "type": "LineString", "coordinates": [ [ -168.157565851034889, 47.234980716592936 ], [ -164.347358618050606, 47.234980716592936 ] ] } },
{ "type": "Feature", "properties": { "start_id": 2294, "end_id": 2293, "km": 287.64436032712621, "from": "maritime", "to": "maritime", "type": "maritime" }, "geometry": { "type": "LineString", "coordinates": [ [ -145.296322453129193, 47.234980716592936 ], [ -149.106529686113447, 47.234980716592936 ] ] } },
{ "type": "Feature", "properties": { "start_id": 2289, "end_id": 2290, "km": 287.64436032712996, "from": "maritime", "to": "maritime", "type": "maritime" }, "geometry": { "type": "LineString", "coordinates": [ [ -164.347358618050606, 47.234980716592936 ], [ -160.537151385066323, 47.234980716592936 ] ] } },
{ "type": "Feature", "properties": { "start_id": 2289, "end_id": 2319, "km": 327.51466171647473, "from": "maritime", "to": "maritime", "type": "maritime" }, "geometry": { "type": "LineString", "coordinates": [ [ -164.347358618050606, 47.234980716592936 ], [ -162.953443711996357, 44.454086083266183 ] ] } },
{ "type": "Feature", "properties": { "start_id": 2293, "end_id": 2292, "km": 287.64436032712808, "from": "maritime", "to": "maritime", "type": "maritime" }, "geometry": { "type": "LineString", "coordinates": [ [ -149.106529686113447, 47.234980716592936 ], [ -152.91673691909773, 47.234980716592936 ] ] } },
{ "type": "Feature", "properties": { "start_id": 2293, "end_id": 2322, "km": 317.35902732780329, "from": "maritime", "to": "maritime", "type": "maritime" }, "geometry": { "type": "LineString", "coordinates": [ [ -149.106529686113447, 47.234980716592936 ], [ -148.184286303493707, 44.454086083266183 ] ] } },
{ "type": "Feature", "properties": { "start_id": 2345, "end_id": 2346, "km": 293.040477626891, "from": "maritime", "to": "maritime", "type": "maritime" }, "geometry": { "type": "LineString", "coordinates": [ [ 169.352597979313629, 44.454086083266183 ], [ 173.04488733143927, 44.454086083266183 ] ] } },
{ "type": "Feature", "properties": { "start_id": 2290, "end_id": 2291, "km": 287.64436032712808, "from": "maritime", "to": "maritime", "type": "maritime" }, "geometry": { "type": "LineString", "coordinates": [ [ -160.537151385066323, 47.234980716592936 ], [ -156.726944152082041, 47.234980716592936 ] ] } },
{ "type": "Feature", "properties": { "start_id": 2292, "end_id": 2291, "km": 287.64436032712996, "from": "maritime", "to": "maritime", "type": "maritime" }, "geometry": { "type": "LineString", "coordinates": [ [ -152.91673691909773, 47.234980716592936 ], [ -156.726944152082041, 47.234980716592936 ] ] } },
{ "type": "Feature", "properties": { "start_id": 1714, "end_id": 2677, "km": 191.06443514174666, "from": "port", "to": "maritime", "type": "maritime" }, "geometry": { "type": "LineString", "coordinates": [ [ 74.81661258, 12.84145158 ], [ 75.321787324884966, 11.195735316089518 ] ] } },
{ "type": "Feature", "properties": { "start_id": 2375, "end_id": 2376, "km": 297.96010035242983, "from": "maritime", "to": "maritime", "type": "maritime" }, "geometry": { "type": "LineString", "coordinates": [ [ 157.497742194085049, 41.721664659400808 ], [ 161.088125277670656, 41.721664659400808 ] ] } },
{ "type": "Feature", "properties": { "start_id": 1341, "end_id": 1345, "km": 108.16045399856819, "from": "port", "to": "port", "type": "maritime" }, "geometry": { "type": "LineString", "coordinates": [ [ 0.0167, 5.6167 ], [ 0.9523, 5.336 ] ] } },
{ "type": "Feature", "properties": { "start_id": 1341, "end_id": 2742, "km": 197.40526361774755, "from": "port", "to": "maritime", "type": "maritime" }, "geometry": { "type": "LineString", "coordinates": [ [ 0.0167, 5.6167 ], [ -0.40000984155601, 3.890641497345556 ] ] } },
{ "type": "Feature", "properties": { "start_id": 2346, "end_id": 2378, "km": 318.71101718358381, "from": "maritime", "to": "maritime", "type": "maritime" }, "geometry": { "type": "LineString", "coordinates": [ [ 173.04488733143927, 44.454086083266183 ], [ 171.859274528427534, 41.721664659400808 ] ] } },
{ "type": "Feature", "properties": { "start_id": 2325, "end_id": 2324, "km": 293.04047762689299, "from": "maritime", "to": "maritime", "type": "maritime" }, "geometry": { "type": "LineString", "coordinates": [ [ -126.030550190739703, 44.454086083266183 ], [ -129.722839542865358, 44.454086083266183 ] ] } },
{ "type": "Feature", "properties": { "start_id": 1345, "end_id": 2743, "km": 243.06633316377804, "from": "port", "to": "maritime", "type": "maritime" }, "geometry": { "type": "LineString", "coordinates": [ [ 0.9523, 5.336 ], [ 2.597585962578745, 3.890641497345556 ] ] } },
{ "type": "Feature", "properties": { "start_id": 2626, "end_id": 2652, "km": 280.84499926811458, "from": "maritime", "to": "maritime", "type": "maritime" }, "geometry": { "type": "LineString", "coordinates": [ [ 85.501188651749857, 16.102420527566085 ], [ 84.901092238345413, 13.644203112651439 ] ] } },
{ "type": "Feature", "properties": { "start_id": 2694, "end_id": 2715, "km": 270.76338187752617, "from": "maritime", "to": "maritime", "type": "maritime" }, "geometry": { "type": "LineString", "coordinates": [ [ -15.477636424806994, 8.755166711699014 ], [ -15.424014896885186, 6.320713330752366 ] ] } },
{ "type": "Feature", "properties": { "start_id": 1377, "end_id": 1370, "km": 91.503483578036338, "from": "port", "to": "port", "type": "maritime" }, "geometry": { "type": "LineString", "coordinates": [ [ 7.076609437, 4.319990153 ], [ 6.261200017, 4.193684823 ] ] } },
{ "type": "Feature", "properties": { "start_id": 1377, "end_id": 2745, "km": 174.80298922227661, "from": "port", "to": "maritime", "type": "maritime" }, "geometry": { "type": "LineString", "coordinates": [ [ 7.076609437, 4.319990153 ], [ 8.592777570848256, 3.890641497345556 ] ] } },
{ "type": "Feature", "properties": { "start_id": 1390, "end_id": 2745, "km": 29.811042733947296, "from": "port", "to": "maritime", "type": "maritime" }, "geometry": { "type": "LineString", "coordinates": [ [ 8.720975047, 4.126272182 ], [ 8.592777570848256, 3.890641497345556 ] ] } },
{ "type": "Feature", "properties": { "start_id": 2672, "end_id": 2692, "km": 271.66435981655792, "from": "maritime", "to": "maritime", "type": "maritime" }, "geometry": { "type": "LineString", "coordinates": [ [ -24.636523639973792, 11.195735316089518 ], [ -24.522814144971086, 8.755166711699014 ] ] } },
{ "type": "Feature", "properties": { "start_id": 2672, "end_id": 2671, "km": 330.40270033389129, "from": "maritime", "to": "maritime", "type": "maritime" }, "geometry": { "type": "LineString", "coordinates": [ [ -24.636523639973792, 11.195735316089518 ], [ -27.665563366181633, 11.195735316089518 ] ] } },
{ "type": "Feature", "properties": { "start_id": 2497, "end_id": 2525, "km": 309.87150240803822, "from": "maritime", "to": "maritime", "type": "maritime" }, "geometry": { "type": "LineString", "coordinates": [ [ 124.844260601812849, 31.173574779410764 ], [ 126.109333729303486, 28.6116543300115 ] ] } },
{ "type": "Feature", "properties": { "start_id": 2718, "end_id": 2746, "km": 270.56821432334783, "from": "maritime", "to": "maritime", "type": "maritime" }, "geometry": { "type": "LineString", "coordinates": [ [ 53.682100482486945, 6.320713330752366 ], [ 53.556714632869578, 3.890641497345556 ] ] } },
{ "type": "Feature", "properties": { "start_id": 2718, "end_id": 2719, "km": 332.06643291716148, "from": "maritime", "to": "maritime", "type": "maritime" }, "geometry": { "type": "LineString", "coordinates": [ [ 53.682100482486945, 6.320713330752366 ], [ 56.686714194633559, 6.320713330752366 ] ] } },
{ "type": "Feature", "properties": { "start_id": 1370, "end_id": 1364, "km": 73.589487978728798, "from": "port", "to": "port", "type": "maritime" }, "geometry": { "type": "LineString", "coordinates": [ [ 6.261200017, 4.193684823 ], [ 5.6, 4.25 ] ] } },
{ "type": "Feature", "properties": { "start_id": 1364, "end_id": 2744, "km": 39.962415795895019, "from": "port", "to": "maritime", "type": "maritime" }, "geometry": { "type": "LineString", "coordinates": [ [ 5.6, 4.25 ], [ 5.5951817667135, 3.890641497345556 ] ] } },
{ "type": "Feature", "properties": { "start_id": 2324, "end_id": 2323, "km": 293.04047762689299, "from": "maritime", "to": "maritime", "type": "maritime" }, "geometry": { "type": "LineString", "coordinates": [ [ -129.722839542865358, 44.454086083266183 ], [ -133.415128894991028, 44.454086083266183 ] ] } },
{ "type": "Feature", "properties": { "start_id": 2376, "end_id": 2377, "km": 297.96010035243199, "from": "maritime", "to": "maritime", "type": "maritime" }, "geometry": { "type": "LineString", "coordinates": [ [ 161.088125277670656, 41.721664659400808 ], [ 164.678508361256291, 41.721664659400808 ] ] } },
{ "type": "Feature", "properties": { "start_id": 1987, "end_id": 2441, "km": 234.73140978158574, "from": "port", "to": "maritime", "type": "maritime" }, "geometry": { "type": "LineString", "coordinates": [ [ 140.7443735, 36.34423888 ], [ 143.365493956019066, 36.38019468571062 ] ] } },
{ "type": "Feature", "properties": { "start_id": 2644, "end_id": 2670, "km": 410.74400110320522, "from": "maritime", "to": "maritime", "type": "maritime" }, "geometry": { "type": "LineString", "coordinates": [ [ -33.920284341507703, 13.644203112651439 ], [ -36.752682544805154, 11.195735316089518 ] ] } },
{ "type": "Feature", "properties": { "start_id": 1333, "end_id": 2742, "km": 185.28426760905759, "from": "port", "to": "maritime", "type": "maritime" }, "geometry": { "type": "LineString", "coordinates": [ [ -1.721720877, 4.910431731 ], [ -0.40000984155601, 3.890641497345556 ] ] } },
{ "type": "Feature", "properties": { "start_id": 2719, "end_id": 2747, "km": 270.60921428757604, "from": "maritime", "to": "maritime", "type": "maritime" }, "geometry": { "type": "LineString", "coordinates": [ [ 56.686714194633559, 6.320713330752366 ], [ 56.554310437004332, 3.890641497345556 ] ] } },
{ "type": "Feature", "properties": { "start_id": 2316, "end_id": 2317, "km": 293.040477626891, "from": "maritime", "to": "maritime", "type": "maritime" }, "geometry": { "type": "LineString", "coordinates": [ [ -177.722601120499036, 44.454086083266183 ], [ -174.030311768373394, 44.454086083266183 ] ] } },
{ "type": "Feature", "properties": { "start_id": 1710, "end_id": 2677, "km": 185.32523256275303, "from": "port", "to": "maritime", "type": "maritime" }, "geometry": { "type": "LineString", "coordinates": [ [ 73.67, 10.81 ], [ 75.321787324884966, 11.195735316089518 ] ] } },
{ "type": "Feature", "properties": { "start_id": 2743, "end_id": 2769, "km": 269.91352034326786, "from": "maritime", "to": "maritime", "type": "maritime" }, "geometry": { "type": "LineString", "coordinates": [ [ 2.597585962578745, 3.890641497345556 ], [ 2.59441324394978, 1.463252960218705 ] ] } },
{ "type": "Feature", "properties": { "start_id": 2441, "end_id": 2475, "km": 294.89673736263723, "from": "maritime", "to": "maritime", "type": "maritime" }, "geometry": { "type": "LineString", "coordinates": [ [ 143.365493956019066, 36.38019468571062 ], [ 143.881657562686343, 33.761971999546539 ] ] } },
{ "type": "Feature", "properties": { "start_id": 1279, "end_id": 2716, "km": 177.13010683936915, "from": "port", "to": "maritime", "type": "maritime" }, "geometry": { "type": "LineString", "coordinates": [ [ -10.8167, 6.3167 ], [ -12.419401184738575, 6.320713330752366 ] ] } },
{ "type": "Feature", "properties": { "start_id": 1980, "end_id": 2474, "km": 168.85235099854597, "from": "port", "to": "maritime", "type": "maritime" }, "geometry": { "type": "LineString", "coordinates": [ [ 139.345445899999987, 34.92698486 ], [ 140.525156143021036, 33.761971999546539 ] ] } },
{ "type": "Feature", "properties": { "start_id": 2317, "end_id": 2318, "km": 293.04047762689703, "from": "maritime", "to": "maritime", "type": "maritime" }, "geometry": { "type": "LineString", "coordinates": [ [ -174.030311768373394, 44.454086083266183 ], [ -170.338022416247696, 44.454086083266183 ] ] } },
{ "type": "Feature", "properties": { "start_id": 1322, "end_id": 2741, "km": 80.097194046113714, "from": "port", "to": "maritime", "type": "maritime" }, "geometry": { "type": "LineString", "coordinates": [ [ -2.9536411, 4.458813107 ], [ -3.397605645690765, 3.890641497345556 ] ] } },
{ "type": "Feature", "properties": { "start_id": 2742, "end_id": 2768, "km": 269.9132957783084, "from": "maritime", "to": "maritime", "type": "maritime" }, "geometry": { "type": "LineString", "coordinates": [ [ -0.40000984155601, 3.890641497345556 ], [ -0.399521265357048, 1.463252960218705 ] ] } },
{ "type": "Feature", "properties": { "start_id": 2716, "end_id": 2738, "km": 270.23075515173622, "from": "maritime", "to": "maritime", "type": "maritime" }, "geometry": { "type": "LineString", "coordinates": [ [ -12.419401184738575, 6.320713330752366 ], [ -12.390393058095031, 3.890641497345556 ] ] } },
{ "type": "Feature", "properties": { "start_id": 2510, "end_id": 2535, "km": 301.06065938951969, "from": "maritime", "to": "maritime", "type": "maritime" }, "geometry": { "type": "LineString", "coordinates": [ [ -75.060499835659044, 28.6116543300115 ], [ -74.000191162855899, 26.073197253333667 ] ] } },
{ "type": "Feature", "properties": { "start_id": 2322, "end_id": 2321, "km": 293.04047762689299, "from": "maritime", "to": "maritime", "type": "maritime" }, "geometry": { "type": "LineString", "coordinates": [ [ -148.184286303493707, 44.454086083266183 ], [ -151.876575655619376, 44.454086083266183 ] ] } },
{ "type": "Feature", "properties": { "start_id": 2319, "end_id": 2347, "km": 373.84150702904429, "from": "maritime", "to": "maritime", "type": "maritime" }, "geometry": { "type": "LineString", "coordinates": [ [ -162.953443711996357, 44.454086083266183 ], [ -165.636735328620887, 41.721664659400808 ] ] } },
{ "type": "Feature", "properties": { "start_id": 2741, "end_id": 2767, "km": 269.91368384728202, "from": "maritime", "to": "maritime", "type": "maritime" }, "geometry": { "type": "LineString", "coordinates": [ [ -3.397605645690765, 3.890641497345556 ], [ -3.393455774663876, 1.463252960218705 ] ] } },
{ "type": "Feature", "properties": { "start_id": 2321, "end_id": 2320, "km": 293.04047762689299, "from": "maritime", "to": "maritime", "type": "maritime" }, "geometry": { "type": "LineString", "coordinates": [ [ -151.876575655619376, 44.454086083266183 ], [ -155.568865007745046, 44.454086083266183 ] ] } },
{ "type": "Feature", "properties": { "start_id": 2321, "end_id": 2349, "km": 307.72838509314505, "from": "maritime", "to": "maritime", "type": "maritime" }, "geometry": { "type": "LineString", "coordinates": [ [ -151.876575655619376, 44.454086083266183 ], [ -151.275202994278402, 41.721664659400808 ] ] } },
{ "type": "Feature", "properties": { "start_id": 2378, "end_id": 2503, "km": 1175.3815120490372, "from": "maritime", "to": "maritime", "type": "maritime" }, "geometry": { "type": "LineString", "coordinates": [ [ 171.859274528427534, 41.721664659400808 ], [ 171.001603981568508, 31.173574779410764 ] ] } },
{ "type": "Feature", "properties": { "start_id": 2692, "end_id": 2714, "km": 420.5300228276746, "from": "maritime", "to": "maritime", "type": "maritime" }, "geometry": { "type": "LineString", "coordinates": [ [ -24.522814144971086, 8.755166711699014 ], [ -27.442469745471648, 6.320713330752366 ] ] } },
{ "type": "Feature", "properties": { "start_id": 2353, "end_id": 2352, "km": 297.96010035243199, "from": "maritime", "to": "maritime", "type": "maritime" }, "geometry": { "type": "LineString", "coordinates": [ [ -126.142521409179054, 41.721664659400808 ], [ -129.732904492764675, 41.721664659400808 ] ] } },
{ "type": "Feature", "properties": { "start_id": 2740, "end_id": 2766, "km": 269.9146845475463, "from": "maritime", "to": "maritime", "type": "maritime" }, "geometry": { "type": "LineString", "coordinates": [ [ -6.39520144982552, 3.890641497345556 ], [ -6.387390283970706, 1.463252960218705 ] ] } },
{ "type": "Feature", "properties": { "start_id": 2746, "end_id": 2773, "km": 270.01105329501382, "from": "maritime", "to": "maritime", "type": "maritime" }, "geometry": { "type": "LineString", "coordinates": [ [ 53.556714632869578, 3.890641497345556 ], [ 53.491299902165864, 1.463252960218705 ] ] } },
{ "type": "Feature", "properties": { "start_id": 1715, "end_id": 2697, "km": 192.95717427928309, "from": "port", "to": "maritime", "type": "maritime" }, "geometry": { "type": "LineString", "coordinates": [ [ 76.2333, 9.9667 ], [ 74.974140776833963, 8.755166711699014 ] ] } },
{ "type": "Feature", "properties": { "start_id": 2739, "end_id": 2765, "km": 269.91629787228737, "from": "maritime", "to": "maritime", "type": "maritime" }, "geometry": { "type": "LineString", "coordinates": [ [ -9.392797253960275, 3.890641497345556 ], [ -9.381324793277534, 1.463252960218705 ] ] } },
{ "type": "Feature", "properties": { "start_id": 2747, "end_id": 2774, "km": 270.02230096951075, "from": "maritime", "to": "maritime", "type": "maritime" }, "geometry": { "type": "LineString", "coordinates": [ [ 56.554310437004332, 3.890641497345556 ], [ 56.485234411472689, 1.463252960218705 ] ] } },
{ "type": "Feature", "properties": { "start_id": 1794, "end_id": 2574, "km": 62.28576921552034, "from": "port", "to": "maritime", "type": "maritime" }, "geometry": { "type": "LineString", "coordinates": [ [ 108.8251558, 21.60891811 ], [ 108.921127465513649, 21.055948186680951 ] ] } },
{ "type": "Feature", "properties": { "start_id": 2769, "end_id": 2791, "km": 269.80137565038353, "from": "maritime", "to": "maritime", "type": "maritime" }, "geometry": { "type": "LineString", "coordinates": [ [ 2.59441324394978, 1.463252960218705 ], [ 2.594117422925976, -0.963129086041152 ] ] } },
{ "type": "Feature", "properties": { "start_id": 2535, "end_id": 1042, "km": 231.75444990399609, "from": "maritime", "to": "port", "type": "maritime" }, "geometry": { "type": "LineString", "coordinates": [ [ -74.000191162855899, 26.073197253333667 ], [ -75.5208, 24.5067 ] ] } },
{ "type": "Feature", "properties": { "start_id": 2738, "end_id": 2764, "km": 269.91852381052013, "from": "maritime", "to": "maritime", "type": "maritime" }, "geometry": { "type": "LineString", "coordinates": [ [ -12.390393058095031, 3.890641497345556 ], [ -12.375259302584363, 1.463252960218705 ] ] } },
{ "type": "Feature", "properties": { "start_id": 2670, "end_id": 2713, "km": 543.05470671563717, "from": "maritime", "to": "maritime", "type": "maritime" }, "geometry": { "type": "LineString", "coordinates": [ [ -36.752682544805154, 11.195735316089518 ], [ -36.456310881911492, 6.320713330752366 ] ] } },
{ "type": "Feature", "properties": { "start_id": 2591, "end_id": 2590, "km": 326.10423708065986, "from": "maritime", "to": "maritime", "type": "maritime" }, "geometry": { "type": "LineString", "coordinates": [ [ -56.102773538596665, 18.572322382883915 ], [ -59.196657685168262, 18.572322382883915 ] ] } },
{ "type": "Feature", "properties": { "start_id": 2566, "end_id": 2589, "km": 283.32876929601287, "from": "maritime", "to": "maritime", "type": "maritime" }, "geometry": { "type": "LineString", "coordinates": [ [ -62.895725744824141, 21.055948186680951 ], [ -62.290541831739851, 18.572322382883915 ] ] } },
{ "type": "Feature", "properties": { "start_id": 2351, "end_id": 2350, "km": 297.96010035242983, "from": "maritime", "to": "maritime", "type": "maritime" }, "geometry": { "type": "LineString", "coordinates": [ [ -140.504053743521553, 41.721664659400808 ], [ -144.09443682710716, 41.721664659400808 ] ] } },
{ "type": "Feature", "properties": { "start_id": 2351, "end_id": 2380, "km": 299.09043441565228, "from": "maritime", "to": "maritime", "type": "maritime" }, "geometry": { "type": "LineString", "coordinates": [ [ -140.504053743521553, 41.721664659400808 ], [ -140.537819744591275, 39.032002689525108 ] ] } },
{ "type": "Feature", "properties": { "start_id": 2772, "end_id": 2793, "km": 269.8021331655155, "from": "maritime", "to": "maritime", "type": "maritime" }, "geometry": { "type": "LineString", "coordinates": [ [ 50.497365392859038, 1.463252960218705 ], [ 50.491607565972835, -0.963129086041152 ] ] } },
{ "type": "Feature", "properties": { "start_id": 2772, "end_id": 2773, "km": 332.80174409669934, "from": "maritime", "to": "maritime", "type": "maritime" }, "geometry": { "type": "LineString", "coordinates": [ [ 50.497365392859038, 1.463252960218705 ], [ 53.491299902165864, 1.463252960218705 ] ] } },
{ "type": "Feature", "properties": { "start_id": 2350, "end_id": 2379, "km": 299.11283772193264, "from": "maritime", "to": "maritime", "type": "maritime" }, "geometry": { "type": "LineString", "coordinates": [ [ -144.09443682710716, 41.721664659400808 ], [ -144.039583044588881, 39.032002689525108 ] ] } },
{ "type": "Feature", "properties": { "start_id": 1008, "end_id": 1002, "km": 136.79720874374127, "from": "port", "to": "port", "type": "maritime" }, "geometry": { "type": "LineString", "coordinates": [ [ -78.4764811, 26.56976796 ], [ -79.3053, 25.5903 ] ] } },
{ "type": "Feature", "properties": { "start_id": 2349, "end_id": 2348, "km": 297.96010035242983, "from": "maritime", "to": "maritime", "type": "maritime" }, "geometry": { "type": "LineString", "coordinates": [ [ -151.275202994278402, 41.721664659400808 ], [ -154.865586077864009, 41.721664659400808 ] ] } },
{ "type": "Feature", "properties": { "start_id": 2590, "end_id": 2615, "km": 279.53524734441487, "from": "maritime", "to": "maritime", "type": "maritime" }, "geometry": { "type": "LineString", "coordinates": [ [ -59.196657685168262, 18.572322382883915 ], [ -58.705931973710385, 16.102420527566085 ] ] } },
{ "type": "Feature", "properties": { "start_id": 2792, "end_id": 2811, "km": 269.87668360091828, "from": "maritime", "to": "maritime", "type": "maritime" }, "geometry": { "type": "LineString", "coordinates": [ [ 8.581303690806834, -0.963129086041152 ], [ 8.589832083282889, -3.390173450947668 ] ] } },
{ "type": "Feature", "properties": { "start_id": 2565, "end_id": 2588, "km": 284.04778011797509, "from": "maritime", "to": "maritime", "type": "maritime" }, "geometry": { "type": "LineString", "coordinates": [ [ -66.019668530466632, 21.055948186680951 ], [ -65.384425978311455, 18.572322382883915 ] ] } },
{ "type": "Feature", "properties": { "start_id": 876, "end_id": 2411, "km": 218.99709362779373, "from": "port", "to": "maritime", "type": "maritime" }, "geometry": { "type": "LineString", "coordinates": [ [ -123.0675, 38.2772 ], [ -123.733342876882503, 36.38019468571062 ] ] } },
{ "type": "Feature", "properties": { "start_id": 2501, "end_id": 2526, "km": 300.85052309115952, "from": "maritime", "to": "maritime", "type": "maritime" }, "geometry": { "type": "LineString", "coordinates": [ [ 141.32902609458273, 31.173574779410764 ], [ 142.332707403897246, 28.6116543300115 ] ] } },
{ "type": "Feature", "properties": { "start_id": 2547, "end_id": 1066, "km": 222.19217838953205, "from": "maritime", "to": "port", "type": "maritime" }, "geometry": { "type": "LineString", "coordinates": [ [ -73.073431807579638, 23.555465493916248 ], [ -72.32179739, 21.68154772 ] ] } },
{ "type": "Feature", "properties": { "start_id": 2714, "end_id": 2737, "km": 270.30488278376072, "from": "maritime", "to": "maritime", "type": "maritime" }, "geometry": { "type": "LineString", "coordinates": [ [ -27.442469745471648, 6.320713330752366 ], [ -27.378372078768809, 3.890641497345556 ] ] } },
{ "type": "Feature", "properties": { "start_id": 2765, "end_id": 2790, "km": 269.80139985938217, "from": "maritime", "to": "maritime", "type": "maritime" }, "geometry": { "type": "LineString", "coordinates": [ [ -9.381324793277534, 1.463252960218705 ], [ -9.380255112835739, -0.963129086041152 ] ] } },
{ "type": "Feature", "properties": { "start_id": 2774, "end_id": 2794, "km": 269.80232396905865, "from": "maritime", "to": "maritime", "type": "maritime" }, "geometry": { "type": "LineString", "coordinates": [ [ 56.485234411472689, 1.463252960218705 ], [ 56.478793833853686, -0.963129086041152 ] ] } },
{ "type": "Feature", "properties": { "start_id": 2589, "end_id": 1145, "km": 125.90326210618576, "from": "maritime", "to": "port", "type": "maritime" }, "geometry": { "type": "LineString", "coordinates": [ [ -62.290541831739851, 18.572322382883915 ], [ -62.47403266, 17.45357345 ] ] } },
{ "type": "Feature", "properties": { "start_id": 2381, "end_id": 2408, "km": 296.90359720451113, "from": "maritime", "to": "maritime", "type": "maritime" }, "geometry": { "type": "LineString", "coordinates": [ [ -137.036056444593697, 39.032002689525108 ], [ -137.430719124723652, 36.38019468571062 ] ] } },
{ "type": "Feature", "properties": { "start_id": 2381, "end_id": 2380, "km": 302.4481931516994, "from": "maritime", "to": "maritime", "type": "maritime" }, "geometry": { "type": "LineString", "coordinates": [ [ -137.036056444593697, 39.032002689525108 ], [ -140.537819744591275, 39.032002689525108 ] ] } },
{ "type": "Feature", "properties": { "start_id": 2720, "end_id": 1720, "km": 245.54783972788957, "from": "maritime", "to": "port", "type": "maritime" }, "geometry": { "type": "LineString", "coordinates": [ [ 77.719010179659875, 6.320713330752366 ], [ 79.85, 6.95 ] ] } },
{ "type": "Feature", "properties": { "start_id": 2720, "end_id": 2748, "km": 270.95846704132833, "from": "maritime", "to": "maritime", "type": "maritime" }, "geometry": { "type": "LineString", "coordinates": [ [ 77.719010179659875, 6.320713330752366 ], [ 77.537481065947631, 3.890641497345556 ] ] } },
{ "type": "Feature", "properties": { "start_id": 1080, "end_id": 1087, "km": 185.70153422491151, "from": "port", "to": "port", "type": "maritime" }, "geometry": { "type": "LineString", "coordinates": [ [ -71.1273, 21.46073 ], [ -70.7028, 19.8386 ] ] } },
{ "type": "Feature", "properties": { "start_id": 2793, "end_id": 2813, "km": 269.93260453640363, "from": "maritime", "to": "maritime", "type": "maritime" }, "geometry": { "type": "LineString", "coordinates": [ [ 50.491607565972835, -0.963129086041152 ], [ 50.541787848781254, -3.390173450947668 ] ] } },
{ "type": "Feature", "properties": { "start_id": 2526, "end_id": 2527, "km": 316.7238355673577, "from": "maritime", "to": "maritime", "type": "maritime" }, "geometry": { "type": "LineString", "coordinates": [ [ 142.332707403897246, 28.6116543300115 ], [ 145.577382138815977, 28.6116543300115 ] ] } },
{ "type": "Feature", "properties": { "start_id": 2543, "end_id": 2556, "km": 329.25677314039228, "from": "maritime", "to": "maritime", "type": "maritime" }, "geometry": { "type": "LineString", "coordinates": [ [ 137.123267610859529, 26.073197253333667 ], [ 135.405971086520282, 23.555465493916248 ] ] } },
{ "type": "Feature", "properties": { "start_id": 2004, "end_id": 2557, "km": 456.55117799382123, "from": "port", "to": "maritime", "type": "maritime" }, "geometry": { "type": "LineString", "coordinates": [ [ 142.2228389, 26.88296858 ], [ 144.882307581706669, 23.555465493916248 ] ] } },
{ "type": "Feature", "properties": { "start_id": 2556, "end_id": 2578, "km": 317.55497419604762, "from": "maritime", "to": "maritime", "type": "maritime" }, "geometry": { "type": "LineString", "coordinates": [ [ 135.405971086520282, 23.555465493916248 ], [ 133.912669750653691, 21.055948186680951 ] ] } },
{ "type": "Feature", "properties": { "start_id": 2627, "end_id": 2628, "km": 327.78426574553066, "from": "maritime", "to": "maritime", "type": "maritime" }, "geometry": { "type": "LineString", "coordinates": [ [ 116.183554742273301, 16.102420527566085 ], [ 119.251791351325636, 16.102420527566085 ] ] } },
{ "type": "Feature", "properties": { "start_id": 448, "end_id": 1871, "km": 141.00917707388044, "from": "road", "to": "port", "type": "maritime" }, "geometry": { "type": "LineString", "coordinates": [ [ 120.404295303596314, 17.326047954329745 ], [ 120.1709978, 16.07776363 ] ] } },
{ "type": "Feature", "properties": { "start_id": 2578, "end_id": 2579, "km": 324.16775201091269, "from": "maritime", "to": "maritime", "type": "maritime" }, "geometry": { "type": "LineString", "coordinates": [ [ 133.912669750653691, 21.055948186680951 ], [ 137.03661253629619, 21.055948186680951 ] ] } },
{ "type": "Feature", "properties": { "start_id": 1723, "end_id": 2749, "km": 222.03945807070858, "from": "port", "to": "maritime", "type": "maritime" }, "geometry": { "type": "LineString", "coordinates": [ [ 80.41959755, 5.884173012 ], [ 80.535076870082378, 3.890641497345556 ] ] } },
{ "type": "Feature", "properties": { "start_id": 2579, "end_id": 2603, "km": 308.6918079361846, "from": "maritime", "to": "maritime", "type": "maritime" }, "geometry": { "type": "LineString", "coordinates": [ [ 137.03661253629619, 21.055948186680951 ], [ 135.718043548842303, 18.572322382883915 ] ] } },
{ "type": "Feature", "properties": { "start_id": 2721, "end_id": 2722, "km": 332.06643291716148, "from": "maritime", "to": "maritime", "type": "maritime" }, "geometry": { "type": "LineString", "coordinates": [ [ 89.737465028246319, 6.320713330752366 ], [ 92.742078740392927, 6.320713330752366 ] ] } },
{ "type": "Feature", "properties": { "start_id": 2557, "end_id": 2580, "km": 319.20219840817867, "from": "maritime", "to": "maritime", "type": "maritime" }, "geometry": { "type": "LineString", "coordinates": [ [ 144.882307581706669, 23.555465493916248 ], [ 146.408440893223684, 21.055948186680951 ] ] } },
{ "type": "Feature", "properties": { "start_id": 2722, "end_id": 2750, "km": 271.27446635635863, "from": "maritime", "to": "maritime", "type": "maritime" }, "geometry": { "type": "LineString", "coordinates": [ [ 92.742078740392927, 6.320713330752366 ], [ 92.525460086621393, 3.890641497345556 ] ] } },
{ "type": "Feature", "properties": { "start_id": 2748, "end_id": 2775, "km": 270.11816287070923, "from": "maritime", "to": "maritime", "type": "maritime" }, "geometry": { "type": "LineString", "coordinates": [ [ 77.537481065947631, 3.890641497345556 ], [ 77.442775976620496, 1.463252960218705 ] ] } },
{ "type": "Feature", "properties": { "start_id": 2723, "end_id": 1740, "km": 89.064758843351655, "from": "maritime", "to": "port", "type": "maritime" }, "geometry": { "type": "LineString", "coordinates": [ [ 95.746692452539548, 6.320713330752366 ], [ 95.28428584, 5.664908531 ] ] } },
{ "type": "Feature", "properties": { "start_id": 2502, "end_id": 2503, "km": 313.65630790848661, "from": "maritime", "to": "maritime", "type": "maritime" }, "geometry": { "type": "LineString", "coordinates": [ [ 167.704650883014523, 31.173574779410764 ], [ 171.001603981568508, 31.173574779410764 ] ] } },
{ "type": "Feature", "properties": { "start_id": 2502, "end_id": 2528, "km": 636.31754327790588, "from": "maritime", "to": "maritime", "type": "maritime" }, "geometry": { "type": "LineString", "coordinates": [ [ 167.704650883014523, 31.173574779410764 ], [ 161.800755813409751, 28.6116543300115 ] ] } },
{ "type": "Feature", "properties": { "start_id": 2603, "end_id": 2629, "km": 299.47494215561596, "from": "maritime", "to": "maritime", "type": "maritime" }, "geometry": { "type": "LineString", "coordinates": [ [ 135.718043548842303, 18.572322382883915 ], [ 134.59297439658738, 16.102420527566085 ] ] } },
{ "type": "Feature", "properties": { "start_id": 2603, "end_id": 2604, "km": 326.10423708065855, "from": "maritime", "to": "maritime", "type": "maritime" }, "geometry": { "type": "LineString", "coordinates": [ [ 135.718043548842303, 18.572322382883915 ], [ 138.811927695413885, 18.572322382883915 ] ] } },
{ "type": "Feature", "properties": { "start_id": 2528, "end_id": 2558, "km": 764.67726011739046, "from": "maritime", "to": "maritime", "type": "maritime" }, "geometry": { "type": "LineString", "coordinates": [ [ 161.800755813409751, 28.6116543300115 ], [ 166.993759403808184, 23.555465493916248 ] ] } },
{ "type": "Feature", "properties": { "start_id": 2503, "end_id": 2504, "km": 313.65630790848661, "from": "maritime", "to": "maritime", "type": "maritime" }, "geometry": { "type": "LineString", "coordinates": [ [ 171.001603981568508, 31.173574779410764 ], [ 174.298557080122492, 31.173574779410764 ] ] } },
{ "type": "Feature", "properties": { "start_id": 2604, "end_id": 2630, "km": 300.57062738419734, "from": "maritime", "to": "maritime", "type": "maritime" }, "geometry": { "type": "LineString", "coordinates": [ [ 138.811927695413885, 18.572322382883915 ], [ 137.661211005639728, 16.102420527566085 ] ] } },
{ "type": "Feature", "properties": { "start_id": 2580, "end_id": 2605, "km": 327.62412676572598, "from": "maritime", "to": "maritime", "type": "maritime" }, "geometry": { "type": "LineString", "coordinates": [ [ 146.408440893223684, 21.055948186680951 ], [ 148.093580135128661, 18.572322382883915 ] ] } },
{ "type": "Feature", "properties": { "start_id": 2653, "end_id": 2680, "km": 283.850104656295, "from": "maritime", "to": "maritime", "type": "maritime" }, "geometry": { "type": "LineString", "coordinates": [ [ 127.554919728549095, 13.644203112651439 ], [ 126.815462670418256, 11.195735316089518 ] ] } },
{ "type": "Feature", "properties": { "start_id": 2775, "end_id": 2797, "km": 269.80315997992506, "from": "maritime", "to": "maritime", "type": "maritime" }, "geometry": { "type": "LineString", "coordinates": [ [ 77.442775976620496, 1.463252960218705 ], [ 77.433945771436697, -0.963129086041152 ] ] } },
{ "type": "Feature", "properties": { "start_id": 2629, "end_id": 2655, "km": 291.58200537564636, "from": "maritime", "to": "maritime", "type": "maritime" }, "geometry": { "type": "LineString", "coordinates": [ [ 134.59297439658738, 16.102420527566085 ], [ 133.648323655721072, 13.644203112651439 ] ] } },
{ "type": "Feature", "properties": { "start_id": 2111, "end_id": 1906, "km": 34.024996293932112, "from": "country", "to": "port", "type": "maritime" }, "geometry": { "type": "LineString", "coordinates": [ [ 122.8740005, 11.7474003 ], [ 122.6023266, 11.59624974 ] ] } },
{ "type": "Feature", "properties": { "start_id": 2504, "end_id": 2505, "km": 313.656307908489, "from": "maritime", "to": "maritime", "type": "maritime" }, "geometry": { "type": "LineString", "coordinates": [ [ 174.298557080122492, 31.173574779410764 ], [ 177.595510178676477, 31.173574779410764 ] ] } },
{ "type": "Feature", "properties": { "start_id": 2724, "end_id": 2110, "km": 354.17439884760569, "from": "maritime", "to": "country", "type": "maritime" }, "geometry": { "type": "LineString", "coordinates": [ [ 107.765147301126021, 6.320713330752366 ], [ 109.711998, 3.7938299 ] ] } },
{ "type": "Feature", "properties": { "start_id": 2654, "end_id": 2681, "km": 284.39854695851267, "from": "maritime", "to": "maritime", "type": "maritime" }, "geometry": { "type": "LineString", "coordinates": [ [ 130.601621692135069, 13.644203112651439 ], [ 129.844502396626098, 11.195735316089518 ] ] } },
{ "type": "Feature", "properties": { "start_id": 2654, "end_id": 2655, "km": 329.21509631455467, "from": "maritime", "to": "maritime", "type": "maritime" }, "geometry": { "type": "LineString", "coordinates": [ [ 130.601621692135069, 13.644203112651439 ], [ 133.648323655721072, 13.644203112651439 ] ] } },
{ "type": "Feature", "properties": { "start_id": 2630, "end_id": 2656, "km": 292.3956836102904, "from": "maritime", "to": "maritime", "type": "maritime" }, "geometry": { "type": "LineString", "coordinates": [ [ 137.661211005639728, 16.102420527566085 ], [ 136.695025619307017, 13.644203112651439 ] ] } },
{ "type": "Feature", "properties": { "start_id": 2630, "end_id": 2631, "km": 327.78426574553345, "from": "maritime", "to": "maritime", "type": "maritime" }, "geometry": { "type": "LineString", "coordinates": [ [ 137.661211005639728, 16.102420527566085 ], [ 140.729447614692077, 16.102420527566085 ] ] } },
{ "type": "Feature", "properties": { "start_id": 2505, "end_id": 2581, "km": 1125.0408380131639, "from": "maritime", "to": "maritime", "type": "maritime" }, "geometry": { "type": "LineString", "coordinates": [ [ 177.595510178676477, 31.173574779410764 ], [ 177.647868749648751, 21.055948186680951 ] ] } },
{ "type": "Feature", "properties": { "start_id": 2776, "end_id": 2799, "km": 427.58013637095462, "from": "maritime", "to": "maritime", "type": "maritime" }, "geometry": { "type": "LineString", "coordinates": [ [ 89.418514013847798, 1.463252960218705 ], [ 92.401911441138836, -0.963129086041152 ] ] } },
{ "type": "Feature", "properties": { "start_id": 2776, "end_id": 2798, "km": 429.34140574811062, "from": "maritime", "to": "maritime", "type": "maritime" }, "geometry": { "type": "LineString", "coordinates": [ [ 89.418514013847798, 1.463252960218705 ], [ 86.414725173257978, -0.963129086041152 ] ] } },
{ "type": "Feature", "properties": { "start_id": 1707, "end_id": 2796, "km": 144.79719385529114, "from": "port", "to": "maritime", "type": "maritime" }, "geometry": { "type": "LineString", "coordinates": [ [ 73.1685, -0.68307 ], [ 74.440352637496261, -0.963129086041152 ] ] } },
{ "type": "Feature", "properties": { "start_id": 2795, "end_id": 2815, "km": 269.97179917649868, "from": "maritime", "to": "maritime", "type": "maritime" }, "geometry": { "type": "LineString", "coordinates": [ [ 65.459573235674966, -0.963129086041152 ], [ 65.524629193602081, -3.390173450947668 ] ] } },
{ "type": "Feature", "properties": { "start_id": 2655, "end_id": 2682, "km": 284.95884117979904, "from": "maritime", "to": "maritime", "type": "maritime" }, "geometry": { "type": "LineString", "coordinates": [ [ 133.648323655721072, 13.644203112651439 ], [ 132.873542122833925, 11.195735316089518 ] ] } },
{ "type": "Feature", "properties": { "start_id": 2698, "end_id": 2725, "km": 274.56285144774739, "from": "maritime", "to": "maritime", "type": "maritime" }, "geometry": { "type": "LineString", "coordinates": [ [ 120.200029377654417, 8.755166711699014 ], [ 119.783602149712479, 6.320713330752366 ] ] } },
{ "type": "Feature", "properties": { "start_id": 2796, "end_id": 2797, "km": 332.82532971900366, "from": "maritime", "to": "maritime", "type": "maritime" }, "geometry": { "type": "LineString", "coordinates": [ [ 74.440352637496261, -0.963129086041152 ], [ 77.433945771436697, -0.963129086041152 ] ] } },
{ "type": "Feature", "properties": { "start_id": 2631, "end_id": 2657, "km": 293.22536683247188, "from": "maritime", "to": "maritime", "type": "maritime" }, "geometry": { "type": "LineString", "coordinates": [ [ 140.729447614692077, 16.102420527566085 ], [ 139.741727582892992, 13.644203112651439 ] ] } },
{ "type": "Feature", "properties": { "start_id": 2681, "end_id": 2700, "km": 279.20102904220721, "from": "maritime", "to": "maritime", "type": "maritime" }, "geometry": { "type": "LineString", "coordinates": [ [ 129.844502396626098, 11.195735316089518 ], [ 129.245207097818508, 8.755166711699014 ] ] } },
{ "type": "Feature", "properties": { "start_id": 1773, "end_id": 2777, "km": 172.31718503364965, "from": "port", "to": "maritime", "type": "maritime" }, "geometry": { "type": "LineString", "coordinates": [ [ 104.7622, 2.9672 ], [ 104.388186560381953, 1.463252960218705 ] ] } },
{ "type": "Feature", "properties": { "start_id": 2798, "end_id": 2818, "km": 421.20933295743964, "from": "maritime", "to": "maritime", "type": "maritime" }, "geometry": { "type": "LineString", "coordinates": [ [ 86.414725173257978, -0.963129086041152 ], [ 83.504038807387104, -3.390173450947668 ] ] } },
{ "type": "Feature", "properties": { "start_id": 2682, "end_id": 2701, "km": 279.56483181666704, "from": "maritime", "to": "maritime", "type": "maritime" }, "geometry": { "type": "LineString", "coordinates": [ [ 132.873542122833925, 11.195735316089518 ], [ 132.260266337873219, 8.755166711699014 ] ] } },
{ "type": "Feature", "properties": { "start_id": 2725, "end_id": 1867, "km": 165.53111796883917, "from": "maritime", "to": "port", "type": "maritime" }, "geometry": { "type": "LineString", "coordinates": [ [ 119.783602149712479, 6.320713330752366 ], [ 119.6997, 4.8344 ] ] } },
{ "type": "Feature", "properties": { "start_id": 2815, "end_id": 2835, "km": 270.56885164613936, "from": "maritime", "to": "maritime", "type": "maritime" }, "geometry": { "type": "LineString", "coordinates": [ [ 65.524629193602081, -3.390173450947668 ], [ 65.66285701135682, -5.819554202736426 ] ] } },
{ "type": "Feature", "properties": { "start_id": 2021, "end_id": 2659, "km": 379.44147705229801, "from": "port", "to": "maritime", "type": "maritime" }, "geometry": { "type": "LineString", "coordinates": [ [ 145.6886484, 15.08516961 ], [ 148.881833473650914, 13.644203112651439 ] ] } },
{ "type": "Feature", "properties": { "start_id": 2658, "end_id": 2015, "km": 203.36908757239672, "from": "maritime", "to": "port", "type": "maritime" }, "geometry": { "type": "LineString", "coordinates": [ [ 142.788429546478994, 13.644203112651439 ], [ 144.659907800000013, 13.45738435 ] ] } },
{ "type": "Feature", "properties": { "start_id": 2658, "end_id": 2683, "km": 286.71013314804793, "from": "maritime", "to": "maritime", "type": "maritime" }, "geometry": { "type": "LineString", "coordinates": [ [ 142.788429546478994, 13.644203112651439 ], [ 141.960661301457435, 11.195735316089518 ] ] } },
{ "type": "Feature", "properties": { "start_id": 2408, "end_id": 2409, "km": 306.54119119534892, "from": "maritime", "to": "maritime", "type": "maritime" }, "geometry": { "type": "LineString", "coordinates": [ [ -137.430719124723652, 36.38019468571062 ], [ -134.006375062763368, 36.38019468571062 ] ] } },
{ "type": "Feature", "properties": { "start_id": 2683, "end_id": 2704, "km": 280.70351234597501, "from": "maritime", "to": "maritime", "type": "maritime" }, "geometry": { "type": "LineString", "coordinates": [ [ 141.960661301457435, 11.195735316089518 ], [ 141.305444058037295, 8.755166711699014 ] ] } },
{ "type": "Feature", "properties": { "start_id": 2684, "end_id": 2705, "km": 281.09872353813319, "from": "maritime", "to": "maritime", "type": "maritime" }, "geometry": { "type": "LineString", "coordinates": [ [ 144.989701027665291, 11.195735316089518 ], [ 144.320503298092007, 8.755166711699014 ] ] } },
{ "type": "Feature", "properties": { "start_id": 2409, "end_id": 2442, "km": 378.29523183959645, "from": "maritime", "to": "maritime", "type": "maritime" }, "geometry": { "type": "LineString", "coordinates": [ [ -134.006375062763368, 36.38019468571062 ], [ -131.351458849868152, 33.761971999546539 ] ] } },
{ "type": "Feature", "properties": { "start_id": 2559, "end_id": 2582, "km": 326.06315203908463, "from": "maritime", "to": "maritime", "type": "maritime" }, "geometry": { "type": "LineString", "coordinates": [ [ -172.233723242311811, 21.055948186680951 ], [ -170.576486961745729, 18.572322382883915 ] ] } },
{ "type": "Feature", "properties": { "start_id": 1977, "end_id": 2703, "km": 86.49384222873087, "from": "port", "to": "maritime", "type": "maritime" }, "geometry": { "type": "LineString", "coordinates": [ [ 138.12541, 9.51578 ], [ 138.290384817982613, 8.755166711699014 ] ] } },
{ "type": "Feature", "properties": { "start_id": 2701, "end_id": 1965, "km": 289.02978578794665, "from": "maritime", "to": "port", "type": "maritime" }, "geometry": { "type": "LineString", "coordinates": [ [ 132.260266337873219, 8.755166711699014 ], [ 134.4567, 7.33151 ] ] } },
{ "type": "Feature", "properties": { "start_id": 2700, "end_id": 2727, "km": 275.16137169600682, "from": "maritime", "to": "maritime", "type": "maritime" }, "geometry": { "type": "LineString", "coordinates": [ [ 129.245207097818508, 8.755166711699014 ], [ 128.797443286152316, 6.320713330752366 ] ] } },
{ "type": "Feature", "properties": { "start_id": 2703, "end_id": 2729, "km": 275.80185446475366, "from": "maritime", "to": "maritime", "type": "maritime" }, "geometry": { "type": "LineString", "coordinates": [ [ 138.290384817982613, 8.755166711699014 ], [ 137.811284422592166, 6.320713330752366 ] ] } },
{ "type": "Feature", "properties": { "start_id": 2704, "end_id": 2730, "km": 276.02462378861065, "from": "maritime", "to": "maritime", "type": "maritime" }, "geometry": { "type": "LineString", "coordinates": [ [ 141.305444058037295, 8.755166711699014 ], [ 140.815898134738774, 6.320713330752366 ] ] } },
{ "type": "Feature", "properties": { "start_id": 2410, "end_id": 2443, "km": 300.9350499996475, "from": "maritime", "to": "maritime", "type": "maritime" }, "geometry": { "type": "LineString", "coordinates": [ [ -127.157686938842787, 36.38019468571062 ], [ -127.994957430202874, 33.761971999546539 ] ] } },
{ "type": "Feature", "properties": { "start_id": 2410, "end_id": 2411, "km": 306.54119119534658, "from": "maritime", "to": "maritime", "type": "maritime" }, "geometry": { "type": "LineString", "coordinates": [ [ -127.157686938842787, 36.38019468571062 ], [ -123.733342876882503, 36.38019468571062 ] ] } },
{ "type": "Feature", "properties": { "start_id": 2705, "end_id": 2731, "km": 276.25201214218112, "from": "maritime", "to": "maritime", "type": "maritime" }, "geometry": { "type": "LineString", "coordinates": [ [ 144.320503298092007, 8.755166711699014 ], [ 143.82051184688541, 6.320713330752366 ] ] } },
{ "type": "Feature", "properties": { "start_id": 2582, "end_id": 2583, "km": 652.18432797432581, "from": "maritime", "to": "maritime", "type": "maritime" }, "geometry": { "type": "LineString", "coordinates": [ [ -170.576486961745729, 18.572322382883915 ], [ -164.388718668602536, 18.572322382883915 ] ] } },
{ "type": "Feature", "properties": { "start_id": 1965, "end_id": 2728, "km": 118.85150667794201, "from": "port", "to": "maritime", "type": "maritime" }, "geometry": { "type": "LineString", "coordinates": [ [ 134.4567, 7.33151 ], [ 134.80667071044553, 6.320713330752366 ] ] } },
{ "type": "Feature", "properties": { "start_id": 2442, "end_id": 2443, "km": 310.26897886932284, "from": "maritime", "to": "maritime", "type": "maritime" }, "geometry": { "type": "LineString", "coordinates": [ [ -131.351458849868152, 33.761971999546539 ], [ -127.994957430202874, 33.761971999546539 ] ] } },
{ "type": "Feature", "properties": { "start_id": 2411, "end_id": 2444, "km": 302.55658303726563, "from": "maritime", "to": "maritime", "type": "maritime" }, "geometry": { "type": "LineString", "coordinates": [ [ -123.733342876882503, 36.38019468571062 ], [ -124.638456010537539, 33.761971999546539 ] ] } },
{ "type": "Feature", "properties": { "start_id": 392, "end_id": 2583, "km": 610.96575661521854, "from": "road", "to": "maritime", "type": "maritime" }, "geometry": { "type": "LineString", "coordinates": [ [ -159.717913805261389, 21.887595261445966 ], [ -164.388718668602536, 18.572322382883915 ] ] } },
{ "type": "Feature", "properties": { "start_id": 2727, "end_id": 2752, "km": 272.2577615706557, "from": "maritime", "to": "maritime", "type": "maritime" }, "geometry": { "type": "LineString", "coordinates": [ [ 128.797443286152316, 6.320713330752366 ], [ 128.496609736238469, 3.890641497345556 ] ] } },
{ "type": "Feature", "properties": { "start_id": 2070, "end_id": 2073, "km": 322.48890556895418, "from": "port", "to": "port", "type": "maritime" }, "geometry": { "type": "LineString", "coordinates": [ [ 169.7303, 11.2031 ], [ 171.22527, 8.70441 ] ] } },
{ "type": "Feature", "properties": { "start_id": 2729, "end_id": 2753, "km": 272.55290069117518, "from": "maritime", "to": "maritime", "type": "maritime" }, "geometry": { "type": "LineString", "coordinates": [ [ 137.811284422592166, 6.320713330752366 ], [ 137.489397148642752, 3.890641497345556 ] ] } },
{ "type": "Feature", "properties": { "start_id": 2730, "end_id": 2754, "km": 272.65564022512905, "from": "maritime", "to": "maritime", "type": "maritime" }, "geometry": { "type": "LineString", "coordinates": [ [ 140.815898134738774, 6.320713330752366 ], [ 140.486992952777484, 3.890641497345556 ] ] } },
{ "type": "Feature", "properties": { "start_id": 2731, "end_id": 2755, "km": 272.76055561068193, "from": "maritime", "to": "maritime", "type": "maritime" }, "geometry": { "type": "LineString", "coordinates": [ [ 143.82051184688541, 6.320713330752366 ], [ 143.484588756912245, 3.890641497345556 ] ] } },
{ "type": "Feature", "properties": { "start_id": 2583, "end_id": 2606, "km": 544.58391760973404, "from": "maritime", "to": "maritime", "type": "maritime" }, "geometry": { "type": "LineString", "coordinates": [ [ -164.388718668602536, 18.572322382883915 ], [ -159.957740072437758, 16.102420527566085 ] ] } },
{ "type": "Feature", "properties": { "start_id": 1867, "end_id": 2751, "km": 107.16475847639394, "from": "port", "to": "maritime", "type": "maritime" }, "geometry": { "type": "LineString", "coordinates": [ [ 119.6997, 4.8344 ], [ 119.5038223238342, 3.890641497345556 ] ] } },
{ "type": "Feature", "properties": { "start_id": 2754, "end_id": 2781, "km": 270.58527154397399, "from": "maritime", "to": "maritime", "type": "maritime" }, "geometry": { "type": "LineString", "coordinates": [ [ 140.486992952777484, 3.890641497345556 ], [ 140.315400672063873, 1.463252960218705 ] ] } },
{ "type": "Feature", "properties": { "start_id": 2755, "end_id": 2782, "km": 270.61421630846343, "from": "maritime", "to": "maritime", "type": "maritime" }, "geometry": { "type": "LineString", "coordinates": [ [ 143.484588756912245, 3.890641497345556 ], [ 143.309335181370727, 1.463252960218705 ] ] } },
{ "type": "Feature", "properties": { "start_id": 2755, "end_id": 2756, "km": 332.54909914586835, "from": "maritime", "to": "maritime", "type": "maritime" }, "geometry": { "type": "LineString", "coordinates": [ [ 143.484588756912245, 3.890641497345556 ], [ 146.482184561046978, 3.890641497345556 ] ] } },
{ "type": "Feature", "properties": { "start_id": 2606, "end_id": 845, "km": 1363.1619778891106, "from": "maritime", "to": "port", "type": "maritime" }, "geometry": { "type": "LineString", "coordinates": [ [ -159.957740072437758, 16.102420527566085 ], [ -159.35988, 3.8573 ] ] } },
{ "type": "Feature", "properties": { "start_id": 882, "end_id": 2476, "km": 242.70440548759379, "from": "port", "to": "maritime", "type": "maritime" }, "geometry": { "type": "LineString", "coordinates": [ [ -117.1246382, 32.53830417 ], [ -119.130268691181442, 31.173574779410764 ] ] } },
{ "type": "Feature", "properties": { "start_id": 2781, "end_id": 2801, "km": 269.80723783959678, "from": "maritime", "to": "maritime", "type": "maritime" }, "geometry": { "type": "LineString", "coordinates": [ [ 140.315400672063873, 1.463252960218705 ], [ 140.299401584185688, -0.963129086041152 ] ] } },
{ "type": "Feature", "properties": { "start_id": 2782, "end_id": 2802, "km": 269.80749075724185, "from": "maritime", "to": "maritime", "type": "maritime" }, "geometry": { "type": "LineString", "coordinates": [ [ 143.309335181370727, 1.463252960218705 ], [ 143.292994718126153, -0.963129086041152 ] ] } },
{ "type": "Feature", "properties": { "start_id": 1852, "end_id": 2778, "km": 131.07645582525953, "from": "port", "to": "maritime", "type": "maritime" }, "geometry": { "type": "LineString", "coordinates": [ [ 118.1994, 1.6836 ], [ 119.357859106916095, 1.463252960218705 ] ] } },
{ "type": "Feature", "properties": { "start_id": 2476, "end_id": 2507, "km": 313.4107040691386, "from": "maritime", "to": "maritime", "type": "maritime" }, "geometry": { "type": "LineString", "coordinates": [ [ -119.130268691181442, 31.173574779410764 ], [ -120.485946124521547, 28.6116543300115 ] ] } },
{ "type": "Feature", "properties": { "start_id": 2783, "end_id": 2803, "km": 269.80828154614369, "from": "maritime", "to": "maritime", "type": "maritime" }, "geometry": { "type": "LineString", "coordinates": [ [ 152.291138709291175, 1.463252960218705 ], [ 152.273774119947404, -0.963129086041152 ] ] } },
{ "type": "Feature", "properties": { "start_id": 2506, "end_id": 2507, "km": 316.7238355673602, "from": "maritime", "to": "maritime", "type": "maritime" }, "geometry": { "type": "LineString", "coordinates": [ [ -123.730620859440293, 28.6116543300115 ], [ -120.485946124521547, 28.6116543300115 ] ] } },
{ "type": "Feature", "properties": { "start_id": 2507, "end_id": 2508, "km": 316.7238355673602, "from": "maritime", "to": "maritime", "type": "maritime" }, "geometry": { "type": "LineString", "coordinates": [ [ -120.485946124521547, 28.6116543300115 ], [ -117.241271389602801, 28.6116543300115 ] ] } },
{ "type": "Feature", "properties": { "start_id": 2507, "end_id": 2529, "km": 318.62933448520789, "from": "maritime", "to": "maritime", "type": "maritime" }, "geometry": { "type": "LineString", "coordinates": [ [ -120.485946124521547, 28.6116543300115 ], [ -121.982795429609411, 26.073197253333667 ] ] } },
{ "type": "Feature", "properties": { "start_id": 594, "end_id": 1868, "km": 8.1713537033076538, "from": "road", "to": "port", "type": "maritime" }, "geometry": { "type": "LineString", "coordinates": [ [ 119.754150742938421, -0.607932458106252 ], [ 119.7853904, -0.674449437 ] ] } },
{ "type": "Feature", "properties": { "start_id": 2801, "end_id": 1993, "km": 199.40931811084371, "from": "maritime", "to": "port", "type": "maritime" }, "geometry": { "type": "LineString", "coordinates": [ [ 140.299401584185688, -0.963129086041152 ], [ 141.0094267, -2.610073382 ] ] } },
{ "type": "Feature", "properties": { "start_id": 2529, "end_id": 2530, "km": 319.48889850872985, "from": "maritime", "to": "maritime", "type": "maritime" }, "geometry": { "type": "LineString", "coordinates": [ [ -121.982795429609411, 26.073197253333667 ], [ -118.783955145159169, 26.073197253333667 ] ] } },
{ "type": "Feature", "properties": { "start_id": 2108, "end_id": 2820, "km": 159.58622870967625, "from": "country", "to": "maritime", "type": "maritime" }, "geometry": { "type": "LineString", "coordinates": [ [ 117.3119965, -2.2298701 ], [ 116.466289765992968, -3.390173450947668 ] ] } },
{ "type": "Feature", "properties": { "start_id": 2544, "end_id": 2560, "km": 306.61277874296587, "from": "maritime", "to": "maritime", "type": "maritime" }, "geometry": { "type": "LineString", "coordinates": [ [ -114.137556620053871, 23.555465493916248 ], [ -112.878810315104204, 21.055948186680951 ] ] } },
{ "type": "Feature", "properties": { "start_id": 2509, "end_id": 910, "km": 14.667337315392238, "from": "maritime", "to": "port", "type": "maritime" }, "geometry": { "type": "LineString", "coordinates": [ [ -94.52854824517155, 28.6116543300115 ], [ -94.6026, 28.4969 ] ] } },
{ "type": "Feature", "properties": { "start_id": 2509, "end_id": 915, "km": 82.20223243895127, "from": "maritime", "to": "port", "type": "maritime" }, "geometry": { "type": "LineString", "coordinates": [ [ -94.52854824517155, 28.6116543300115 ], [ -93.6906, 28.5409 ] ] } },
{ "type": "Feature", "properties": { "start_id": 915, "end_id": 2533, "km": 278.76047034197632, "from": "port", "to": "maritime", "type": "maritime" }, "geometry": { "type": "LineString", "coordinates": [ [ -93.6906, 28.5409 ], [ -93.193232869557306, 26.073197253333667 ] ] } },
{ "type": "Feature", "properties": { "start_id": 2560, "end_id": 2561, "km": 324.16775201091269, "from": "maritime", "to": "maritime", "type": "maritime" }, "geometry": { "type": "LineString", "coordinates": [ [ -112.878810315104204, 21.055948186680951 ], [ -109.754867529461706, 21.055948186680951 ] ] } },
{ "type": "Feature", "properties": { "start_id": 2560, "end_id": 2632, "km": 895.46070295278128, "from": "maritime", "to": "maritime", "type": "maritime" }, "geometry": { "type": "LineString", "coordinates": [ [ -112.878810315104204, 21.055948186680951 ], [ -116.181237358329085, 13.644203112651439 ] ] } },
{ "type": "Feature", "properties": { "start_id": 2561, "end_id": 2584, "km": 297.43975615966207, "from": "maritime", "to": "maritime", "type": "maritime" }, "geometry": { "type": "LineString", "coordinates": [ [ -109.754867529461706, 21.055948186680951 ], [ -108.698804030313795, 18.572322382883915 ] ] } },
{ "type": "Feature", "properties": { "start_id": 2532, "end_id": 2545, "km": 305.31621354062435, "from": "maritime", "to": "maritime", "type": "maritime" }, "geometry": { "type": "LineString", "coordinates": [ [ -96.392073154007534, 26.073197253333667 ], [ -95.184883629681167, 23.555465493916248 ] ] } },
{ "type": "Feature", "properties": { "start_id": 2562, "end_id": 893, "km": 151.55003862905497, "from": "maritime", "to": "port", "type": "maritime" }, "geometry": { "type": "LineString", "coordinates": [ [ -106.630924743819207, 21.055948186680951 ], [ -105.2528, 20.61033 ] ] } },
{ "type": "Feature", "properties": { "start_id": 2533, "end_id": 2534, "km": 319.4888985087311, "from": "maritime", "to": "maritime", "type": "maritime" }, "geometry": { "type": "LineString", "coordinates": [ [ -93.193232869557306, 26.073197253333667 ], [ -89.994392585107065, 26.073197253333667 ] ] } },
{ "type": "Feature", "properties": { "start_id": 895, "end_id": 2585, "km": 141.39636960642048, "from": "port", "to": "maritime", "type": "maritime" }, "geometry": { "type": "LineString", "coordinates": [ [ -104.3622, 19.0553 ], [ -105.604919883742198, 18.572322382883915 ] ] } },
{ "type": "Feature", "properties": { "start_id": 2585, "end_id": 2607, "km": 289.93124740324282, "from": "maritime", "to": "maritime", "type": "maritime" }, "geometry": { "type": "LineString", "coordinates": [ [ -105.604919883742198, 18.572322382883915 ], [ -104.729481109495566, 16.102420527566085 ] ] } },
{ "type": "Feature", "properties": { "start_id": 923, "end_id": 920, "km": 75.895717091565686, "from": "port", "to": "port", "type": "maritime" }, "geometry": { "type": "LineString", "coordinates": [ [ -92.0042838, 20.1865928 ], [ -92.2287, 19.5375 ] ] } },
{ "type": "Feature", "properties": { "start_id": 2608, "end_id": 2633, "km": 283.89150441621564, "from": "maritime", "to": "maritime", "type": "maritime" }, "geometry": { "type": "LineString", "coordinates": [ [ -101.661244500443217, 16.102420527566085 ], [ -100.947727540399185, 13.644203112651439 ] ] } },
{ "type": "Feature", "properties": { "start_id": 2546, "end_id": 968, "km": 60.957014445919093, "from": "maritime", "to": "port", "type": "maritime" }, "geometry": { "type": "LineString", "coordinates": [ [ -82.549768302766026, 23.555465493916248 ], [ -82.75844854, 23.04186226 ] ] } },
{ "type": "Feature", "properties": { "start_id": 917, "end_id": 2586, "km": 7.3836620199385976, "from": "port", "to": "maritime", "type": "maritime" }, "geometry": { "type": "LineString", "coordinates": [ [ -93.17877531, 18.61824194 ], [ -93.229383297455826, 18.572322382883915 ] ] } },
{ "type": "Feature", "properties": { "start_id": 2609, "end_id": 2634, "km": 283.27526997922632, "from": "maritime", "to": "maritime", "type": "maritime" }, "geometry": { "type": "LineString", "coordinates": [ [ -98.593007891390869, 16.102420527566085 ], [ -97.901025576813211, 13.644203112651439 ] ] } },
{ "type": "Feature", "properties": { "start_id": 946, "end_id": 2564, "km": 245.83066451659789, "from": "port", "to": "maritime", "type": "maritime" }, "geometry": { "type": "LineString", "coordinates": [ [ -87.06156102, 20.53472381 ], [ -84.763325244321692, 21.055948186680951 ] ] } },
{ "type": "Feature", "properties": { "start_id": 2633, "end_id": 2660, "km": 279.57436803099682, "from": "maritime", "to": "maritime", "type": "maritime" }, "geometry": { "type": "LineString", "coordinates": [ [ -100.947727540399185, 13.644203112651439 ], [ -100.36251679516981, 11.195735316089518 ] ] } },
{ "type": "Feature", "properties": { "start_id": 2634, "end_id": 2661, "km": 279.14471703479796, "from": "maritime", "to": "maritime", "type": "maritime" }, "geometry": { "type": "LineString", "coordinates": [ [ -97.901025576813211, 13.644203112651439 ], [ -97.333477068961969, 11.195735316089518 ] ] } },
{ "type": "Feature", "properties": { "start_id": 2635, "end_id": 2662, "km": 278.7275998276267, "from": "maritime", "to": "maritime", "type": "maritime" }, "geometry": { "type": "LineString", "coordinates": [ [ -94.854323613227237, 13.644203112651439 ], [ -94.304437342754127, 11.195735316089518 ] ] } },
{ "type": "Feature", "properties": { "start_id": 2636, "end_id": 927, "km": 110.22288328478331, "from": "maritime", "to": "port", "type": "maritime" }, "geometry": { "type": "LineString", "coordinates": [ [ -91.807621649641263, 13.644203112651439 ], [ -90.82498276, 13.91213269 ] ] } },
{ "type": "Feature", "properties": { "start_id": 2636, "end_id": 2663, "km": 278.32307276374303, "from": "maritime", "to": "maritime", "type": "maritime" }, "geometry": { "type": "LineString", "coordinates": [ [ -91.807621649641263, 13.644203112651439 ], [ -91.275397616546286, 11.195735316089518 ] ] } },
{ "type": "Feature", "properties": { "start_id": 927, "end_id": 930, "km": 109.91870515445792, "from": "port", "to": "port", "type": "maritime" }, "geometry": { "type": "LineString", "coordinates": [ [ -90.82498276, 13.91213269 ], [ -89.8581, 13.6036 ] ] } },
{ "type": "Feature", "properties": { "start_id": 2661, "end_id": 2685, "km": 275.8016241413747, "from": "maritime", "to": "maritime", "type": "maritime" }, "geometry": { "type": "LineString", "coordinates": [ [ -97.333477068961969, 11.195735316089518 ], [ -96.884235906283834, 8.755166711699014 ] ] } },
{ "type": "Feature", "properties": { "start_id": 1048, "end_id": 1054, "km": 134.89862922695451, "from": "port", "to": "port", "type": "maritime" }, "geometry": { "type": "LineString", "coordinates": [ [ -74.9, 20.6667 ], [ -73.6703, 21.0558 ] ] } },
{ "type": "Feature", "properties": { "start_id": 2610, "end_id": 2637, "km": 279.95132443863127, "from": "maritime", "to": "maritime", "type": "maritime" }, "geometry": { "type": "LineString", "coordinates": [ [ -80.183588237076805, 16.102420527566085 ], [ -79.620813795297366, 13.644203112651439 ] ] } },
{ "type": "Feature", "properties": { "start_id": 2587, "end_id": 2612, "km": 282.38780907698003, "from": "maritime", "to": "maritime", "type": "maritime" }, "geometry": { "type": "LineString", "coordinates": [ [ -74.666078418026231, 18.572322382883915 ], [ -74.047115018972107, 16.102420527566085 ] ] } },
{ "type": "Feature", "properties": { "start_id": 2663, "end_id": 2686, "km": 275.27197460021029, "from": "maritime", "to": "maritime", "type": "maritime" }, "geometry": { "type": "LineString", "coordinates": [ [ -91.275397616546286, 11.195735316089518 ], [ -90.85411742617444, 8.755166711699014 ] ] } },
{ "type": "Feature", "properties": { "start_id": 2664, "end_id": 2687, "km": 275.01955076577224, "from": "maritime", "to": "maritime", "type": "maritime" }, "geometry": { "type": "LineString", "coordinates": [ [ -88.246357890338459, 11.195735316089518 ], [ -87.839058186119743, 8.755166711699014 ] ] } },
{ "type": "Feature", "properties": { "start_id": 2637, "end_id": 2665, "km": 276.83194406973388, "from": "maritime", "to": "maritime", "type": "maritime" }, "geometry": { "type": "LineString", "coordinates": [ [ -79.620813795297366, 13.644203112651439 ], [ -79.159238711714934, 11.195735316089518 ] ] } },
{ "type": "Feature", "properties": { "start_id": 2686, "end_id": 2706, "km": 401.47709246546674, "from": "maritime", "to": "maritime", "type": "maritime" }, "geometry": { "type": "LineString", "coordinates": [ [ -90.85411742617444, 8.755166711699014 ], [ -93.543971412697175, 6.320713330752366 ] ] } },
{ "type": "Feature", "properties": { "start_id": 2687, "end_id": 2707, "km": 272.76916280322928, "from": "maritime", "to": "maritime", "type": "maritime" }, "geometry": { "type": "LineString", "coordinates": [ [ -87.839058186119743, 8.755166711699014 ], [ -87.534743988403946, 6.320713330752366 ] ] } },
{ "type": "Feature", "properties": { "start_id": 2638, "end_id": 2666, "km": 276.49116359729783, "from": "maritime", "to": "maritime", "type": "maritime" }, "geometry": { "type": "LineString", "coordinates": [ [ -76.574111831711363, 13.644203112651439 ], [ -76.130198985507079, 11.195735316089518 ] ] } },
{ "type": "Feature", "properties": { "start_id": 957, "end_id": 2688, "km": 132.52043615870744, "from": "port", "to": "maritime", "type": "maritime" }, "geometry": { "type": "LineString", "coordinates": [ [ -84.78217397, 9.946236903 ], [ -84.823998946065046, 8.755166711699014 ] ] } },
{ "type": "Feature", "properties": { "start_id": 2613, "end_id": 2639, "km": 278.53413253596636, "from": "maritime", "to": "maritime", "type": "maritime" }, "geometry": { "type": "LineString", "coordinates": [ [ -70.978878409919758, 16.102420527566085 ], [ -70.480707904539415, 13.644203112651439 ] ] } },
{ "type": "Feature", "properties": { "start_id": 2643, "end_id": 2669, "km": 400.79098401284301, "from": "maritime", "to": "maritime", "type": "maritime" }, "geometry": { "type": "LineString", "coordinates": [ [ -55.247198086609536, 13.644203112651439 ], [ -57.955960628260044, 11.195735316089518 ] ] } },
{ "type": "Feature", "properties": { "start_id": 2614, "end_id": 2641, "km": 277.68175927221591, "from": "maritime", "to": "maritime", "type": "maritime" }, "geometry": { "type": "LineString", "coordinates": [ [ -64.842405191815075, 16.102420527566085 ], [ -64.387303977367466, 13.644203112651439 ] ] } },
{ "type": "Feature", "properties": { "start_id": 1156, "end_id": 2642, "km": 66.491409646282506, "from": "port", "to": "maritime", "type": "maritime" }, "geometry": { "type": "LineString", "coordinates": [ [ -61.01514814, 14.15190533 ], [ -61.340602013781485, 13.644203112651439 ] ] } },
{ "type": "Feature", "properties": { "start_id": 2691, "end_id": 2710, "km": 271.33544152353227, "from": "maritime", "to": "maritime", "type": "maritime" }, "geometry": { "type": "LineString", "coordinates": [ [ -48.643288065408669, 8.755166711699014 ], [ -48.47476573049795, 6.320713330752366 ] ] } },
{ "type": "Feature", "properties": { "start_id": 2691, "end_id": 2690, "km": 331.35189285727876, "from": "maritime", "to": "maritime", "type": "maritime" }, "geometry": { "type": "LineString", "coordinates": [ [ -48.643288065408669, 8.755166711699014 ], [ -51.658347305463373, 8.755166711699014 ] ] } },
{ "type": "Feature", "properties": { "start_id": 2713, "end_id": 2712, "km": 332.06643291716216, "from": "maritime", "to": "maritime", "type": "maritime" }, "geometry": { "type": "LineString", "coordinates": [ [ -36.456310881911492, 6.320713330752366 ], [ -39.460924594058106, 6.320713330752366 ] ] } },
{ "type": "Feature", "properties": { "start_id": 2640, "end_id": 1105, "km": 212.61863931323947, "from": "maritime", "to": "port", "type": "maritime" }, "geometry": { "type": "LineString", "coordinates": [ [ -67.43400594095344, 13.644203112651439 ], [ -68.64788668, 12.14214571 ] ] } },
{ "type": "Feature", "properties": { "start_id": 2712, "end_id": 2735, "km": 270.40438233184301, "from": "maritime", "to": "maritime", "type": "maritime" }, "geometry": { "type": "LineString", "coordinates": [ [ -39.460924594058106, 6.320713330752366 ], [ -39.368755295307828, 3.890641497345556 ] ] } },
{ "type": "Feature", "properties": { "start_id": 2690, "end_id": 2709, "km": 271.4166934721481, "from": "maritime", "to": "maritime", "type": "maritime" }, "geometry": { "type": "LineString", "coordinates": [ [ -51.658347305463373, 8.755166711699014 ], [ -51.479379442644564, 6.320713330752366 ] ] } },
{ "type": "Feature", "properties": { "start_id": 2690, "end_id": 2689, "km": 331.35189285727739, "from": "maritime", "to": "maritime", "type": "maritime" }, "geometry": { "type": "LineString", "coordinates": [ [ -51.658347305463373, 8.755166711699014 ], [ -54.67340654551807, 8.755166711699014 ] ] } },
{ "type": "Feature", "properties": { "start_id": 2711, "end_id": 2733, "km": 270.46751861053059, "from": "maritime", "to": "maritime", "type": "maritime" }, "geometry": { "type": "LineString", "coordinates": [ [ -45.470152018351335, 6.320713330752366 ], [ -45.363946903577336, 3.890641497345556 ] ] } },
{ "type": "Feature", "properties": { "start_id": 2711, "end_id": 2710, "km": 332.06643291716148, "from": "maritime", "to": "maritime", "type": "maritime" }, "geometry": { "type": "LineString", "coordinates": [ [ -45.470152018351335, 6.320713330752366 ], [ -48.47476573049795, 6.320713330752366 ] ] } },
{ "type": "Feature", "properties": { "start_id": 2737, "end_id": 2763, "km": 269.93884202765167, "from": "maritime", "to": "maritime", "type": "maritime" }, "geometry": { "type": "LineString", "coordinates": [ [ -27.378372078768809, 3.890641497345556 ], [ -27.344931849118506, 1.463252960218705 ] ] } },
{ "type": "Feature", "properties": { "start_id": 2737, "end_id": 2736, "km": 332.54909914587154, "from": "maritime", "to": "maritime", "type": "maritime" }, "geometry": { "type": "LineString", "coordinates": [ [ -27.378372078768809, 3.890641497345556 ], [ -30.375967882903563, 3.890641497345556 ] ] } },
{ "type": "Feature", "properties": { "start_id": 2736, "end_id": 2762, "km": 269.94474318262263, "from": "maritime", "to": "maritime", "type": "maritime" }, "geometry": { "type": "LineString", "coordinates": [ [ -30.375967882903563, 3.890641497345556 ], [ -30.338866358425335, 1.463252960218705 ] ] } },
{ "type": "Feature", "properties": { "start_id": 2710, "end_id": 2732, "km": 270.50243078703505, "from": "maritime", "to": "maritime", "type": "maritime" }, "geometry": { "type": "LineString", "coordinates": [ [ -48.47476573049795, 6.320713330752366 ], [ -48.36154270771209, 3.890641497345556 ] ] } },
{ "type": "Feature", "properties": { "start_id": 2735, "end_id": 2761, "km": 269.96612098515794, "from": "maritime", "to": "maritime", "type": "maritime" }, "geometry": { "type": "LineString", "coordinates": [ [ -39.368755295307828, 3.890641497345556 ], [ -39.320669886345819, 1.463252960218705 ] ] } },
{ "type": "Feature", "properties": { "start_id": 2734, "end_id": 2760, "km": 269.97447153690439, "from": "maritime", "to": "maritime", "type": "maritime" }, "geometry": { "type": "LineString", "coordinates": [ [ -42.366351099442582, 3.890641497345556 ], [ -42.314604395652644, 1.463252960218705 ] ] } },
{ "type": "Feature", "properties": { "start_id": 2734, "end_id": 2733, "km": 332.5490991458712, "from": "maritime", "to": "maritime", "type": "maritime" }, "geometry": { "type": "LineString", "coordinates": [ [ -42.366351099442582, 3.890641497345556 ], [ -45.363946903577336, 3.890641497345556 ] ] } },
{ "type": "Feature", "properties": { "start_id": 2733, "end_id": 2759, "km": 269.98343430621321, "from": "maritime", "to": "maritime", "type": "maritime" }, "geometry": { "type": "LineString", "coordinates": [ [ -45.363946903577336, 3.890641497345556 ], [ -45.30853890495947, 1.463252960218705 ] ] } },
{ "type": "Feature", "properties": { "start_id": 2732, "end_id": 2758, "km": 269.99300923211439, "from": "maritime", "to": "maritime", "type": "maritime" }, "geometry": { "type": "LineString", "coordinates": [ [ -48.36154270771209, 3.890641497345556 ], [ -48.302473414266302, 1.463252960218705 ] ] } },
{ "type": "Feature", "properties": { "start_id": 2761, "end_id": 2788, "km": 269.80183416057793, "from": "maritime", "to": "maritime", "type": "maritime" }, "geometry": { "type": "LineString", "coordinates": [ [ -39.320669886345819, 1.463252960218705 ], [ -39.316186452240025, -0.963129086041152 ] ] } },
{ "type": "Feature", "properties": { "start_id": 2760, "end_id": 2787, "km": 269.80190695895948, "from": "maritime", "to": "maritime", "type": "maritime" }, "geometry": { "type": "LineString", "coordinates": [ [ -42.314604395652644, 1.463252960218705 ], [ -42.309779586180454, -0.963129086041152 ] ] } },
{ "type": "Feature", "properties": { "start_id": 2790, "end_id": 2809, "km": 427.77496629046999, "from": "maritime", "to": "maritime", "type": "maritime" }, "geometry": { "type": "LineString", "coordinates": [ [ -9.380255112835739, -0.963129086041152 ], [ -6.393009261537954, -3.390173450947668 ] ] } },
{ "type": "Feature", "properties": { "start_id": 2789, "end_id": 2806, "km": 269.90482192815915, "from": "maritime", "to": "maritime", "type": "maritime" }, "geometry": { "type": "LineString", "coordinates": [ [ -36.322593318299596, -0.963129086041152 ], [ -36.358691951179644, -3.390173450947668 ] ] } },
{ "type": "Feature", "properties": { "start_id": 2788, "end_id": 1228, "km": 304.91127993516534, "from": "maritime", "to": "port", "type": "maritime" }, "geometry": { "type": "LineString", "coordinates": [ [ -39.316186452240025, -0.963129086041152 ], [ -38.68642237, -3.63209894 ] ] } },
{ "type": "Feature", "properties": { "start_id": 2787, "end_id": 1221, "km": 271.62296059772251, "from": "maritime", "to": "port", "type": "maritime" }, "geometry": { "type": "LineString", "coordinates": [ [ -42.309779586180454, -0.963129086041152 ], [ -44.24898831, -2.449773553 ] ] } },
{ "type": "Feature", "properties": { "start_id": 2808, "end_id": 2828, "km": 270.22808707271059, "from": "maritime", "to": "maritime", "type": "maritime" }, "geometry": { "type": "LineString", "coordinates": [ [ -30.365555413251307, -3.390173450947668 ], [ -30.429613226494055, -5.819554202736426 ] ] } },
{ "type": "Feature", "properties": { "start_id": 2807, "end_id": 2827, "km": 270.24740023368304, "from": "maritime", "to": "maritime", "type": "maritime" }, "geometry": { "type": "LineString", "coordinates": [ [ -33.362123682215476, -3.390173450947668 ], [ -33.432502921426895, -5.819554202736426 ] ] } },
{ "type": "Feature", "properties": { "start_id": 2809, "end_id": 2829, "km": 270.13894947122969, "from": "maritime", "to": "maritime", "type": "maritime" }, "geometry": { "type": "LineString", "coordinates": [ [ -6.393009261537954, -3.390173450947668 ], [ -6.406495667031333, -5.819554202736426 ] ] } },
{ "type": "Feature", "properties": { "start_id": 2806, "end_id": 1231, "km": 176.13402256692603, "from": "maritime", "to": "port", "type": "maritime" }, "geometry": { "type": "LineString", "coordinates": [ [ -36.358691951179644, -3.390173450947668 ], [ -37.044686, -4.818788 ] ] } },
{ "type": "Feature", "properties": { "start_id": 2810, "end_id": 2830, "km": 270.13797963901567, "from": "maritime", "to": "maritime", "type": "maritime" }, "geometry": { "type": "LineString", "coordinates": [ [ 5.593263814318719, -3.390173450947668 ], [ 5.605063112700027, -5.819554202736426 ] ] } },
{ "type": "Feature", "properties": { "start_id": 2828, "end_id": 2849, "km": 270.80155800956521, "from": "maritime", "to": "maritime", "type": "maritime" }, "geometry": { "type": "LineString", "coordinates": [ [ -30.429613226494055, -5.819554202736426 ], [ -30.528227036695021, -8.252964051334699 ] ] } },
{ "type": "Feature", "properties": { "start_id": 2829, "end_id": 2851, "km": 426.86358507073663, "from": "maritime", "to": "maritime", "type": "maritime" }, "geometry": { "type": "LineString", "coordinates": [ [ -6.406495667031333, -5.819554202736426 ], [ -3.414636100902074, -8.252964051334699 ] ] } },
{ "type": "Feature", "properties": { "start_id": 2811, "end_id": 2831, "km": 270.1422794879748, "from": "maritime", "to": "maritime", "type": "maritime" }, "geometry": { "type": "LineString", "coordinates": [ [ 8.589832083282889, -3.390173450947668 ], [ 8.607952807632868, -5.819554202736426 ] ] } },
{ "type": "Feature", "properties": { "start_id": 1417, "end_id": 2832, "km": 72.441732465159319, "from": "port", "to": "maritime", "type": "maritime" }, "geometry": { "type": "LineString", "coordinates": [ [ 12.04093923, -5.328438345 ], [ 11.610842502565708, -5.819554202736426 ] ] } },
{ "type": "Feature", "properties": { "start_id": 2832, "end_id": 1411, "km": 38.699303678821437, "from": "maritime", "to": "port", "type": "maritime" }, "geometry": { "type": "LineString", "coordinates": [ [ 11.610842502565708, -5.819554202736426 ], [ 11.2805, -5.9342 ] ] } },
{ "type": "Feature", "properties": { "start_id": 2832, "end_id": 1422, "km": 140.27746496120366, "from": "maritime", "to": "port", "type": "maritime" }, "geometry": { "type": "LineString", "coordinates": [ [ 11.610842502565708, -5.819554202736426 ], [ 12.36667, -6.83305 ] ] } },
{ "type": "Feature", "properties": { "start_id": 1411, "end_id": 2831, "km": 295.88622475393407, "from": "port", "to": "maritime", "type": "maritime" }, "geometry": { "type": "LineString", "coordinates": [ [ 11.2805, -5.9342 ], [ 8.607952807632868, -5.819554202736426 ] ] } },
{ "type": "Feature", "properties": { "start_id": 2831, "end_id": 2853, "km": 270.60033910161519, "from": "maritime", "to": "maritime", "type": "maritime" }, "geometry": { "type": "LineString", "coordinates": [ [ 8.607952807632868, -5.819554202736426 ], [ 8.635848759450347, -8.252964051334699 ] ] } },
{ "type": "Feature", "properties": { "start_id": 2830, "end_id": 2852, "km": 270.59025369480992, "from": "maritime", "to": "maritime", "type": "maritime" }, "geometry": { "type": "LineString", "coordinates": [ [ 5.605063112700027, -5.819554202736426 ], [ 5.623227544362241, -8.252964051334699 ] ] } },
{ "type": "Feature", "properties": { "start_id": 2812, "end_id": 2833, "km": 270.36342516634926, "from": "maritime", "to": "maritime", "type": "maritime" }, "geometry": { "type": "LineString", "coordinates": [ [ 47.545219579817086, -3.390173450947668 ], [ 47.645518841759788, -5.819554202736426 ] ] } },
{ "type": "Feature", "properties": { "start_id": 2813, "end_id": 2834, "km": 270.39313573378325, "from": "maritime", "to": "maritime", "type": "maritime" }, "geometry": { "type": "LineString", "coordinates": [ [ 50.541787848781254, -3.390173450947668 ], [ 50.648408536692628, -5.819554202736426 ] ] } },
{ "type": "Feature", "properties": { "start_id": 2813, "end_id": 2814, "km": 332.61994554557106, "from": "maritime", "to": "maritime", "type": "maritime" }, "geometry": { "type": "LineString", "coordinates": [ [ 50.541787848781254, -3.390173450947668 ], [ 53.538356117745415, -3.390173450947668 ] ] } },
{ "type": "Feature", "properties": { "start_id": 2814, "end_id": 1680, "km": 261.70386055327845, "from": "maritime", "to": "port", "type": "maritime" }, "geometry": { "type": "LineString", "coordinates": [ [ 53.538356117745415, -3.390173450947668 ], [ 55.6401377, -4.459089572 ] ] } },
{ "type": "Feature", "properties": { "start_id": 2833, "end_id": 2834, "km": 332.18481037730726, "from": "maritime", "to": "maritime", "type": "maritime" }, "geometry": { "type": "LineString", "coordinates": [ [ 47.645518841759788, -5.819554202736426 ], [ 50.648408536692628, -5.819554202736426 ] ] } },
{ "type": "Feature", "properties": { "start_id": 2834, "end_id": 1668, "km": 265.03854771236155, "from": "maritime", "to": "port", "type": "maritime" }, "geometry": { "type": "LineString", "coordinates": [ [ 50.648408536692628, -5.819554202736426 ], [ 52.7311, -7.0019 ] ] } },
{ "type": "Feature", "properties": { "start_id": 1422, "end_id": 1425, "km": 102.60631222039493, "from": "port", "to": "port", "type": "maritime" }, "geometry": { "type": "LineString", "coordinates": [ [ 12.36667, -6.83305 ], [ 12.6595, -7.7089 ] ] } },
{ "type": "Feature", "properties": { "start_id": 1414, "end_id": 2854, "km": 66.965673640839086, "from": "port", "to": "maritime", "type": "maritime" }, "geometry": { "type": "LineString", "coordinates": [ [ 11.6864, -7.6519 ], [ 11.648469974538452, -8.252964051334699 ] ] } },
{ "type": "Feature", "properties": { "start_id": 1414, "end_id": 1425, "km": 107.42020343199989, "from": "port", "to": "port", "type": "maritime" }, "geometry": { "type": "LineString", "coordinates": [ [ 11.6864, -7.6519 ], [ 12.6595, -7.7089 ] ] } },
{ "type": "Feature", "properties": { "start_id": 1425, "end_id": 1429, "km": 126.61910785258422, "from": "port", "to": "port", "type": "maritime" }, "geometry": { "type": "LineString", "coordinates": [ [ 12.6595, -7.7089 ], [ 13.3186821, -8.642143517 ] ] } },
{ "type": "Feature", "properties": { "start_id": 2852, "end_id": 2853, "km": 331.51825753744754, "from": "maritime", "to": "maritime", "type": "maritime" }, "geometry": { "type": "LineString", "coordinates": [ [ 5.623227544362241, -8.252964051334699 ], [ 8.635848759450347, -8.252964051334699 ] ] } },
{ "type": "Feature", "properties": { "start_id": 2851, "end_id": 2872, "km": 427.30888250933174, "from": "maritime", "to": "maritime", "type": "maritime" }, "geometry": { "type": "LineString", "coordinates": [ [ -3.414636100902074, -8.252964051334699 ], [ -0.403781844953852, -10.69212818981817 ] ] } },
{ "type": "Feature", "properties": { "start_id": 2855, "end_id": 2856, "km": 331.51825753744743, "from": "maritime", "to": "maritime", "type": "maritime" }, "geometry": { "type": "LineString", "coordinates": [ [ 41.774682125419503, -8.252964051334699 ], [ 44.787303340507613, -8.252964051334699 ] ] } },
{ "type": "Feature", "properties": { "start_id": 1682, "end_id": 2857, "km": 136.06463955767526, "from": "port", "to": "maritime", "type": "maritime" }, "geometry": { "type": "LineString", "coordinates": [ [ 56.2656, -7.1686 ], [ 56.837788200860025, -8.252964051334699 ] ] } },
{ "type": "Feature", "properties": { "start_id": 2817, "end_id": 2839, "km": 270.78977139070889, "from": "maritime", "to": "maritime", "type": "maritime" }, "geometry": { "type": "LineString", "coordinates": [ [ 80.50747053842295, -3.390173450947668 ], [ 80.677305486021027, -5.819554202736426 ] ] } },
{ "type": "Feature", "properties": { "start_id": 2818, "end_id": 2840, "km": 270.83937046357198, "from": "maritime", "to": "maritime", "type": "maritime" }, "geometry": { "type": "LineString", "coordinates": [ [ 83.504038807387104, -3.390173450947668 ], [ 83.680195180953874, -5.819554202736426 ] ] } },
{ "type": "Feature", "properties": { "start_id": 2835, "end_id": 2859, "km": 271.59980858468845, "from": "maritime", "to": "maritime", "type": "maritime" }, "geometry": { "type": "LineString", "coordinates": [ [ 65.66285701135682, -5.819554202736426 ], [ 65.875651846124342, -8.252964051334699 ] ] } },
{ "type": "Feature", "properties": { "start_id": 2836, "end_id": 2860, "km": 271.69475761648073, "from": "maritime", "to": "maritime", "type": "maritime" }, "geometry": { "type": "LineString", "coordinates": [ [ 68.665746706289667, -5.819554202736426 ], [ 68.888273061212459, -8.252964051334699 ] ] } },
{ "type": "Feature", "properties": { "start_id": 2837, "end_id": 2862, "km": 271.8972801936232, "from": "maritime", "to": "maritime", "type": "maritime" }, "geometry": { "type": "LineString", "coordinates": [ [ 74.671526096155347, -5.819554202736426 ], [ 74.913515491388665, -8.252964051334699 ] ] } },
{ "type": "Feature", "properties": { "start_id": 2838, "end_id": 2863, "km": 272.00484433924038, "from": "maritime", "to": "maritime", "type": "maritime" }, "geometry": { "type": "LineString", "coordinates": [ [ 77.674415791088194, -5.819554202736426 ], [ 77.926136706476768, -8.252964051334699 ] ] } },
{ "type": "Feature", "properties": { "start_id": 2838, "end_id": 2839, "km": 332.18481037730584, "from": "maritime", "to": "maritime", "type": "maritime" }, "geometry": { "type": "LineString", "coordinates": [ [ 77.674415791088194, -5.819554202736426 ], [ 80.677305486021027, -5.819554202736426 ] ] } },
{ "type": "Feature", "properties": { "start_id": 2839, "end_id": 2840, "km": 332.18481037730726, "from": "maritime", "to": "maritime", "type": "maritime" }, "geometry": { "type": "LineString", "coordinates": [ [ 80.677305486021027, -5.819554202736426 ], [ 83.680195180953874, -5.819554202736426 ] ] } },
{ "type": "Feature", "properties": { "start_id": 2858, "end_id": 2857, "km": 331.51825753744816, "from": "maritime", "to": "maritime", "type": "maritime" }, "geometry": { "type": "LineString", "coordinates": [ [ 59.850409415948135, -8.252964051334699 ], [ 56.837788200860025, -8.252964051334699 ] ] } },
{ "type": "Feature", "properties": { "start_id": 2857, "end_id": 1684, "km": 243.48758852611391, "from": "maritime", "to": "port", "type": "maritime" }, "geometry": { "type": "LineString", "coordinates": [ [ 56.837788200860025, -8.252964051334699 ], [ 56.6656, -10.4361 ] ] } },
{ "type": "Feature", "properties": { "start_id": 2859, "end_id": 2876, "km": 273.07516695438477, "from": "maritime", "to": "maritime", "type": "maritime" }, "geometry": { "type": "LineString", "coordinates": [ [ 65.875651846124342, -8.252964051334699 ], [ 66.165192331396554, -10.69212818981817 ] ] } },
{ "type": "Feature", "properties": { "start_id": 2860, "end_id": 2877, "km": 273.24783468712673, "from": "maritime", "to": "maritime", "type": "maritime" }, "geometry": { "type": "LineString", "coordinates": [ [ 68.888273061212459, -8.252964051334699 ], [ 69.191054793957946, -10.69212818981817 ] ] } },
{ "type": "Feature", "properties": { "start_id": 2861, "end_id": 2878, "km": 273.42810586486303, "from": "maritime", "to": "maritime", "type": "maritime" }, "geometry": { "type": "LineString", "coordinates": [ [ 71.900894276300548, -8.252964051334699 ], [ 72.216917256519324, -10.69212818981817 ] ] } },
{ "type": "Feature", "properties": { "start_id": 2862, "end_id": 2879, "km": 273.6159654588019, "from": "maritime", "to": "maritime", "type": "maritime" }, "geometry": { "type": "LineString", "coordinates": [ [ 74.913515491388665, -8.252964051334699 ], [ 75.242779719080715, -10.69212818981817 ] ] } },
{ "type": "Feature", "properties": { "start_id": 2863, "end_id": 2880, "km": 273.81139784963506, "from": "maritime", "to": "maritime", "type": "maritime" }, "geometry": { "type": "LineString", "coordinates": [ [ 77.926136706476768, -8.252964051334699 ], [ 78.268642181642093, -10.69212818981817 ] ] } },
{ "type": "Feature", "properties": { "start_id": 2819, "end_id": 1781, "km": 242.91982378360311, "from": "maritime", "to": "port", "type": "maritime" }, "geometry": { "type": "LineString", "coordinates": [ [ 107.476584959100464, -3.390173450947668 ], [ 106.3294, -5.2514 ] ] } },
{ "type": "Feature", "properties": { "start_id": 2841, "end_id": 2864, "km": 273.01593208075565, "from": "maritime", "to": "maritime", "type": "maritime" }, "geometry": { "type": "LineString", "coordinates": [ [ 101.697533350550898, -5.819554202736426 ], [ 102.027106427181593, -8.252964051334699 ] ] } },
{ "type": "Feature", "properties": { "start_id": 1772, "end_id": 2842, "km": 33.731167662077411, "from": "port", "to": "maritime", "type": "maritime" }, "geometry": { "type": "LineString", "coordinates": [ [ 104.5956, -5.5347 ], [ 104.70042304548376, -5.819554202736426 ] ] } },
{ "type": "Feature", "properties": { "start_id": 1781, "end_id": 1784, "km": 83.304782599939116, "from": "port", "to": "port", "type": "maritime" }, "geometry": { "type": "LineString", "coordinates": [ [ 106.3294, -5.2514 ], [ 106.4326002, -5.99350487 ] ] } },
{ "type": "Feature", "properties": { "start_id": 2824, "end_id": 2023, "km": 228.13835553010875, "from": "maritime", "to": "port", "type": "maritime" }, "geometry": { "type": "LineString", "coordinates": [ [ 146.43197245563465, -3.390173450947668 ], [ 146.019017, -5.40013607 ] ] } },
{ "type": "Feature", "properties": { "start_id": 2843, "end_id": 1814, "km": 170.06485674396845, "from": "maritime", "to": "port", "type": "maritime" }, "geometry": { "type": "LineString", "coordinates": [ [ 113.709092130282272, -5.819554202736426 ], [ 112.5918685, -6.871338793 ] ] } },
{ "type": "Feature", "properties": { "start_id": 2866, "end_id": 2885, "km": 278.93858415273803, "from": "maritime", "to": "maritime", "type": "maritime" }, "geometry": { "type": "LineString", "coordinates": [ [ 135.165939793150756, -8.252964051334699 ], [ 135.760028970308355, -10.69212818981817 ] ] } },
{ "type": "Feature", "properties": { "start_id": 2867, "end_id": 2888, "km": 281.10143083777439, "from": "maritime", "to": "maritime", "type": "maritime" }, "geometry": { "type": "LineString", "coordinates": [ [ 153.241667083679374, -8.252964051334699 ], [ 153.915203745676621, -10.69212818981817 ] ] } },
{ "type": "Feature", "properties": { "start_id": 1271, "end_id": 2893, "km": 742.8489441004067, "from": "port", "to": "maritime", "type": "maritime" }, "geometry": { "type": "LineString", "coordinates": [ [ -14.4206, -7.9186 ], [ -18.662546315853319, -13.138818947824873 ] ] } },
{ "type": "Feature", "properties": { "start_id": 2872, "end_id": 2894, "km": 272.05970984281674, "from": "maritime", "to": "maritime", "type": "maritime" }, "geometry": { "type": "LineString", "coordinates": [ [ -0.403781844953852, -10.69212818981817 ], [ -0.4060356159624, -13.138818947824873 ] ] } },
{ "type": "Feature", "properties": { "start_id": 1684, "end_id": 2874, "km": 54.207084215759139, "from": "port", "to": "maritime", "type": "maritime" }, "geometry": { "type": "LineString", "coordinates": [ [ 56.6656, -10.4361 ], [ 57.087604943712407, -10.69212818981817 ] ] } },
{ "type": "Feature", "properties": { "start_id": 2875, "end_id": 2898, "km": 274.74783146654335, "from": "maritime", "to": "maritime", "type": "maritime" }, "geometry": { "type": "LineString", "coordinates": [ [ 63.139329868835183, -10.69212818981817 ], [ 63.491751833655812, -13.138818947824873 ] ] } },
{ "type": "Feature", "properties": { "start_id": 2876, "end_id": 2899, "km": 275.01024875735055, "from": "maritime", "to": "maritime", "type": "maritime" }, "geometry": { "type": "LineString", "coordinates": [ [ 66.165192331396554, -10.69212818981817 ], [ 66.534503616970966, -13.138818947824873 ] ] } },
{ "type": "Feature", "properties": { "start_id": 2864, "end_id": 2883, "km": 391.74141063887828, "from": "maritime", "to": "maritime", "type": "maritime" }, "geometry": { "type": "LineString", "coordinates": [ [ 102.027106427181593, -8.252964051334699 ], [ 99.449679419571765, -10.69212818981817 ] ] } },
{ "type": "Feature", "properties": { "start_id": 2881, "end_id": 2903, "km": 277.90802232239389, "from": "maritime", "to": "maritime", "type": "maritime" }, "geometry": { "type": "LineString", "coordinates": [ [ 93.397954494448996, -10.69212818981817 ], [ 93.919269666807324, -13.138818947824873 ] ] } },
{ "type": "Feature", "properties": { "start_id": 2882, "end_id": 2904, "km": 278.28879671552835, "from": "maritime", "to": "maritime", "type": "maritime" }, "geometry": { "type": "LineString", "coordinates": [ [ 96.423816957010374, -10.69212818981817 ], [ 96.962021450122478, -13.138818947824873 ] ] } },
{ "type": "Feature", "properties": { "start_id": 2882, "end_id": 2883, "km": 330.61770306029035, "from": "maritime", "to": "maritime", "type": "maritime" }, "geometry": { "type": "LineString", "coordinates": [ [ 96.423816957010374, -10.69212818981817 ], [ 99.449679419571765, -10.69212818981817 ] ] } },
{ "type": "Feature", "properties": { "start_id": 2880, "end_id": 2879, "km": 330.61770306028893, "from": "maritime", "to": "maritime", "type": "maritime" }, "geometry": { "type": "LineString", "coordinates": [ [ 78.268642181642093, -10.69212818981817 ], [ 75.242779719080715, -10.69212818981817 ] ] } },
{ "type": "Feature", "properties": { "start_id": 2879, "end_id": 2902, "km": 275.86943778245114, "from": "maritime", "to": "maritime", "type": "maritime" }, "geometry": { "type": "LineString", "coordinates": [ [ 75.242779719080715, -10.69212818981817 ], [ 75.662758966916428, -13.138818947824873 ] ] } },
{ "type": "Feature", "properties": { "start_id": 2884, "end_id": 2885, "km": 330.61770306029035, "from": "maritime", "to": "maritime", "type": "maritime" }, "geometry": { "type": "LineString", "coordinates": [ [ 132.734166507746977, -10.69212818981817 ], [ 135.760028970308355, -10.69212818981817 ] ] } },
{ "type": "Feature", "properties": { "start_id": 2052, "end_id": 2889, "km": 304.78032804921531, "from": "port", "to": "maritime", "type": "maritime" }, "geometry": { "type": "LineString", "coordinates": [ [ 156.8930918, -7.951581623 ], [ 156.941066208238027, -10.69212818981817 ] ] } },
{ "type": "Feature", "properties": { "start_id": 2888, "end_id": 2042, "km": 203.34715287489951, "from": "maritime", "to": "port", "type": "maritime" }, "geometry": { "type": "LineString", "coordinates": [ [ 153.915203745676621, -10.69212818981817 ], [ 152.1422, -11.2531 ] ] } },
{ "type": "Feature", "properties": { "start_id": 2784, "end_id": 2804, "km": 421.14160236212069, "from": "maritime", "to": "maritime", "type": "maritime" }, "geometry": { "type": "LineString", "coordinates": [ [ -87.213676595286884, -0.963129086041152 ], [ -84.303784254606356, -3.390173450947668 ] ] } },
{ "type": "Feature", "properties": { "start_id": 2757, "end_id": 999, "km": 184.20507426483826, "from": "maritime", "to": "port", "type": "maritime" }, "geometry": { "type": "LineString", "coordinates": [ [ -81.235753016641425, 1.463252960218705 ], [ -79.64808, 0.98915 ] ] } },
{ "type": "Feature", "properties": { "start_id": 2804, "end_id": 2805, "km": 332.61994554557248, "from": "maritime", "to": "maritime", "type": "maritime" }, "geometry": { "type": "LineString", "coordinates": [ [ -84.303784254606356, -3.390173450947668 ], [ -81.307215985642173, -3.390173450947668 ] ] } },
{ "type": "Feature", "properties": { "start_id": 979, "end_id": 611, "km": 22.579378599714836, "from": "port", "to": "road", "type": "maritime" }, "geometry": { "type": "LineString", "coordinates": [ [ -81.22251424, -4.867254948 ], [ -81.19602096331505, -5.068593553092819 ] ] } },
{ "type": "Feature", "properties": { "start_id": 611, "end_id": 2826, "km": 89.174603466686762, "from": "road", "to": "maritime", "type": "maritime" }, "geometry": { "type": "LineString", "coordinates": [ [ -81.19602096331505, -5.068593553092819 ], [ -81.47873804035234, -5.819554202736426 ] ] } },
{ "type": "Feature", "properties": { "start_id": 996, "end_id": 2847, "km": 253.66579210387096, "from": "port", "to": "maritime", "type": "maritime" }, "geometry": { "type": "LineString", "coordinates": [ [ -79.86957, -6.92758 ], [ -81.74278769319281, -8.252964051334699 ] ] } },
{ "type": "Feature", "properties": { "start_id": 2868, "end_id": 2890, "km": 276.26449785531787, "from": "maritime", "to": "maritime", "type": "maritime" }, "geometry": { "type": "LineString", "coordinates": [ [ -79.076205871549803, -10.69212818981817 ], [ -79.517581982156386, -13.138818947824873 ] ] } },
{ "type": "Feature", "properties": { "start_id": 2850, "end_id": 2870, "km": 271.54678212728368, "from": "maritime", "to": "maritime", "type": "maritime" }, "geometry": { "type": "LineString", "coordinates": [ [ -27.515605821606915, -8.252964051334699 ], [ -27.636544008006297, -10.69212818981817 ] ] } },
{ "type": "Feature", "properties": { "start_id": 2850, "end_id": 2849, "km": 331.51825753744743, "from": "maritime", "to": "maritime", "type": "maritime" }, "geometry": { "type": "LineString", "coordinates": [ [ -27.515605821606915, -8.252964051334699 ], [ -30.528227036695021, -8.252964051334699 ] ] } },
{ "type": "Feature", "properties": { "start_id": 2849, "end_id": 2848, "km": 331.51825753744816, "from": "maritime", "to": "maritime", "type": "maritime" }, "geometry": { "type": "LineString", "coordinates": [ [ -30.528227036695021, -8.252964051334699 ], [ -33.540848251783132, -8.252964051334699 ] ] } },
{ "type": "Feature", "properties": { "start_id": 2848, "end_id": 1236, "km": 151.05316571658742, "from": "maritime", "to": "port", "type": "maritime" }, "geometry": { "type": "LineString", "coordinates": [ [ -33.540848251783132, -8.252964051334699 ], [ -34.91319743, -8.225842341 ] ] } },
{ "type": "Feature", "properties": { "start_id": 2871, "end_id": 2870, "km": 330.61770306029001, "from": "maritime", "to": "maritime", "type": "maritime" }, "geometry": { "type": "LineString", "coordinates": [ [ -24.610681545444908, -10.69212818981817 ], [ -27.636544008006297, -10.69212818981817 ] ] } },
{ "type": "Feature", "properties": { "start_id": 2894, "end_id": 2913, "km": 428.08758466405044, "from": "maritime", "to": "maritime", "type": "maritime" }, "geometry": { "type": "LineString", "coordinates": [ [ -0.4060356159624, -13.138818947824873 ], [ 2.654669984839589, -15.594871652631417 ] ] } },
{ "type": "Feature", "properties": { "start_id": 2893, "end_id": 2911, "km": 273.44336544710382, "from": "maritime", "to": "maritime", "type": "maritime" }, "geometry": { "type": "LineString", "coordinates": [ [ -18.662546315853319, -13.138818947824873 ], [ -18.789622545954668, -15.594871652631417 ] ] } },
{ "type": "Feature", "properties": { "start_id": 2893, "end_id": 2892, "km": 329.47959542333552, "from": "maritime", "to": "maritime", "type": "maritime" }, "geometry": { "type": "LineString", "coordinates": [ [ -18.662546315853319, -13.138818947824873 ], [ -21.70529809916847, -13.138818947824873 ] ] } },
{ "type": "Feature", "properties": { "start_id": 2895, "end_id": 2914, "km": 273.17550723386029, "from": "maritime", "to": "maritime", "type": "maritime" }, "geometry": { "type": "LineString", "coordinates": [ [ 8.722219733983058, -13.138818947824873 ], [ 8.781610707923663, -15.594871652631417 ] ] } },
{ "type": "Feature", "properties": { "start_id": 2869, "end_id": 2891, "km": 272.82758318831247, "from": "maritime", "to": "maritime", "type": "maritime" }, "geometry": { "type": "LineString", "coordinates": [ [ -33.688268933129066, -10.69212818981817 ], [ -33.876305232429083, -13.138818947824873 ] ] } },
{ "type": "Feature", "properties": { "start_id": 2877, "end_id": 2900, "km": 275.28467973796518, "from": "maritime", "to": "maritime", "type": "maritime" }, "geometry": { "type": "LineString", "coordinates": [ [ 69.191054793957946, -10.69212818981817 ], [ 69.57725540028612, -13.138818947824873 ] ] } },
{ "type": "Feature", "properties": { "start_id": 2878, "end_id": 2901, "km": 275.57108851541579, "from": "maritime", "to": "maritime", "type": "maritime" }, "geometry": { "type": "LineString", "coordinates": [ [ 72.216917256519324, -10.69212818981817 ], [ 72.620007183601274, -13.138818947824873 ] ] } },
{ "type": "Feature", "properties": { "start_id": 2897, "end_id": 2917, "km": 276.67556812506655, "from": "maritime", "to": "maritime", "type": "maritime" }, "geometry": { "type": "LineString", "coordinates": [ [ 60.449000050340658, -13.138818947824873 ], [ 60.86060685413829, -15.594871652631417 ] ] } },
{ "type": "Feature", "properties": { "start_id": 2898, "end_id": 2918, "km": 277.04189780141212, "from": "maritime", "to": "maritime", "type": "maritime" }, "geometry": { "type": "LineString", "coordinates": [ [ 63.491751833655812, -13.138818947824873 ], [ 63.924077215680327, -15.594871652631417 ] ] } },
{ "type": "Feature", "properties": { "start_id": 2899, "end_id": 2919, "km": 277.42569434794569, "from": "maritime", "to": "maritime", "type": "maritime" }, "geometry": { "type": "LineString", "coordinates": [ [ 66.534503616970966, -13.138818947824873 ], [ 66.987547577222358, -15.594871652631417 ] ] } },
{ "type": "Feature", "properties": { "start_id": 2900, "end_id": 2920, "km": 277.8268853741647, "from": "maritime", "to": "maritime", "type": "maritime" }, "geometry": { "type": "LineString", "coordinates": [ [ 69.57725540028612, -13.138818947824873 ], [ 70.051017938764403, -15.594871652631417 ] ] } },
{ "type": "Feature", "properties": { "start_id": 2900, "end_id": 2901, "km": 329.47959542333552, "from": "maritime", "to": "maritime", "type": "maritime" }, "geometry": { "type": "LineString", "coordinates": [ [ 69.57725540028612, -13.138818947824873 ], [ 72.620007183601274, -13.138818947824873 ] ] } },
{ "type": "Feature", "properties": { "start_id": 2903, "end_id": 2921, "km": 281.65301811118917, "from": "maritime", "to": "maritime", "type": "maritime" }, "geometry": { "type": "LineString", "coordinates": [ [ 93.919269666807324, -13.138818947824873 ], [ 94.558780831100691, -15.594871652631417 ] ] } },
{ "type": "Feature", "properties": { "start_id": 2903, "end_id": 2904, "km": 329.47959542333552, "from": "maritime", "to": "maritime", "type": "maritime" }, "geometry": { "type": "LineString", "coordinates": [ [ 93.919269666807324, -13.138818947824873 ], [ 96.962021450122478, -13.138818947824873 ] ] } },
{ "type": "Feature", "properties": { "start_id": 2906, "end_id": 2922, "km": 348.47289460203626, "from": "maritime", "to": "maritime", "type": "maritime" }, "geometry": { "type": "LineString", "coordinates": [ [ 154.774305333110362, -13.138818947824873 ], [ 152.764717700399387, -15.594871652631417 ] ] } },
{ "type": "Feature", "properties": { "start_id": 2906, "end_id": 2923, "km": 520.81160038306609, "from": "maritime", "to": "maritime", "type": "maritime" }, "geometry": { "type": "LineString", "coordinates": [ [ 154.774305333110362, -13.138818947824873 ], [ 158.891658423483449, -15.594871652631417 ] ] } },
{ "type": "Feature", "properties": { "start_id": 2890, "end_id": 2907, "km": 279.25782589557866, "from": "maritime", "to": "maritime", "type": "maritime" }, "geometry": { "type": "LineString", "coordinates": [ [ -79.517581982156386, -13.138818947824873 ], [ -80.059029776795398, -15.594871652631417 ] ] } },
{ "type": "Feature", "properties": { "start_id": 1044, "end_id": 2908, "km": 190.84565964135766, "from": "port", "to": "maritime", "type": "maritime" }, "geometry": { "type": "LineString", "coordinates": [ [ -75.2542, -15.2375 ], [ -76.995559415253368, -15.594871652631417 ] ] } },
{ "type": "Feature", "properties": { "start_id": 2908, "end_id": 2924, "km": 282.24580867647455, "from": "maritime", "to": "maritime", "type": "maritime" }, "geometry": { "type": "LineString", "coordinates": [ [ -76.995559415253368, -15.594871652631417 ], [ -77.618302662216948, -18.062202158520233 ] ] } },
{ "type": "Feature", "properties": { "start_id": 1055, "end_id": 2925, "km": 225.72555530011488, "from": "port", "to": "maritime", "type": "maritime" }, "geometry": { "type": "LineString", "coordinates": [ [ -73.6162, -16.2296 ], [ -74.530054826565859, -18.062202158520233 ] ] } },
{ "type": "Feature", "properties": { "start_id": 1076, "end_id": 2926, "km": 45.496981864252973, "from": "port", "to": "maritime", "type": "maritime" }, "geometry": { "type": "LineString", "coordinates": [ [ -71.4031, -17.6547 ], [ -71.44180699091477, -18.062202158520233 ] ] } },
{ "type": "Feature", "properties": { "start_id": 2924, "end_id": 2944, "km": 286.32607709719156, "from": "maritime", "to": "maritime", "type": "maritime" }, "geometry": { "type": "LineString", "coordinates": [ [ -77.618302662216948, -18.062202158520233 ], [ -78.350236899178981, -20.542826598741691 ] ] } },
{ "type": "Feature", "properties": { "start_id": 2925, "end_id": 2945, "km": 285.52155443036145, "from": "maritime", "to": "maritime", "type": "maritime" }, "geometry": { "type": "LineString", "coordinates": [ [ -74.530054826565859, -18.062202158520233 ], [ -75.232867139373312, -20.542826598741691 ] ] } },
{ "type": "Feature", "properties": { "start_id": 2912, "end_id": 2929, "km": 274.68836268938173, "from": "maritime", "to": "maritime", "type": "maritime" }, "geometry": { "type": "LineString", "coordinates": [ [ -15.72615218441263, -15.594871652631417 ], [ -15.85334594919518, -18.062202158520233 ] ] } },
{ "type": "Feature", "properties": { "start_id": 2912, "end_id": 2911, "km": 328.09934456693736, "from": "maritime", "to": "maritime", "type": "maritime" }, "geometry": { "type": "LineString", "coordinates": [ [ -15.72615218441263, -15.594871652631417 ], [ -18.789622545954668, -15.594871652631417 ] ] } },
{ "type": "Feature", "properties": { "start_id": 2911, "end_id": 2928, "km": 440.65543980677887, "from": "maritime", "to": "maritime", "type": "maritime" }, "geometry": { "type": "LineString", "coordinates": [ [ -18.789622545954668, -15.594871652631417 ], [ -22.029841620497361, -18.062202158520233 ] ] } },
{ "type": "Feature", "properties": { "start_id": 2891, "end_id": 2910, "km": 274.22837806688273, "from": "maritime", "to": "maritime", "type": "maritime" }, "geometry": { "type": "LineString", "coordinates": [ [ -33.876305232429083, -13.138818947824873 ], [ -34.106974353664853, -15.594871652631417 ] ] } },
{ "type": "Feature", "properties": { "start_id": 2913, "end_id": 2931, "km": 274.36414997455302, "from": "maritime", "to": "maritime", "type": "maritime" }, "geometry": { "type": "LineString", "coordinates": [ [ 2.654669984839589, -15.594871652631417 ], [ 2.67614106471135, -18.062202158520233 ] ] } },
{ "type": "Feature", "properties": { "start_id": 2914, "end_id": 2932, "km": 274.45874110917231, "from": "maritime", "to": "maritime", "type": "maritime" }, "geometry": { "type": "LineString", "coordinates": [ [ 8.781610707923663, -15.594871652631417 ], [ 8.852636736013528, -18.062202158520233 ] ] } },
{ "type": "Feature", "properties": { "start_id": 1229, "end_id": 1227, "km": 221.61442028869354, "from": "port", "to": "port", "type": "maritime" }, "geometry": { "type": "LineString", "coordinates": [ [ -38.55457031, -12.84144886 ], [ -39.0167, -14.7833 ] ] } },
{ "type": "Feature", "properties": { "start_id": 2930, "end_id": 2948, "km": 276.12191083360489, "from": "maritime", "to": "maritime", "type": "maritime" }, "geometry": { "type": "LineString", "coordinates": [ [ -12.765098113544093, -18.062202158520233 ], [ -12.88547194325978, -20.542826598741691 ] ] } },
{ "type": "Feature", "properties": { "start_id": 2930, "end_id": 2929, "km": 326.47122689828529, "from": "maritime", "to": "maritime", "type": "maritime" }, "geometry": { "type": "LineString", "coordinates": [ [ -12.765098113544093, -18.062202158520233 ], [ -15.85334594919518, -18.062202158520233 ] ] } },
{ "type": "Feature", "properties": { "start_id": 2932, "end_id": 2950, "km": 421.22594704188072, "from": "maritime", "to": "maritime", "type": "maritime" }, "geometry": { "type": "LineString", "coordinates": [ [ 8.852636736013528, -18.062202158520233 ], [ 5.818746615574279, -20.542826598741691 ] ] } },
{ "type": "Feature", "properties": { "start_id": 2916, "end_id": 2935, "km": 278.82865094436721, "from": "maritime", "to": "maritime", "type": "maritime" }, "geometry": { "type": "LineString", "coordinates": [ [ 57.797136492596245, -15.594871652631417 ], [ 58.264602106430942, -18.062202158520233 ] ] } },
{ "type": "Feature", "properties": { "start_id": 2917, "end_id": 2936, "km": 279.31117670039936, "from": "maritime", "to": "maritime", "type": "maritime" }, "geometry": { "type": "LineString", "coordinates": [ [ 60.86060685413829, -15.594871652631417 ], [ 61.352849942082031, -18.062202158520233 ] ] } },
{ "type": "Feature", "properties": { "start_id": 2918, "end_id": 2937, "km": 279.81772018060798, "from": "maritime", "to": "maritime", "type": "maritime" }, "geometry": { "type": "LineString", "coordinates": [ [ 63.924077215680327, -15.594871652631417 ], [ 64.44109777773312, -18.062202158520233 ] ] } },
{ "type": "Feature", "properties": { "start_id": 2919, "end_id": 2938, "km": 280.34815118874377, "from": "maritime", "to": "maritime", "type": "maritime" }, "geometry": { "type": "LineString", "coordinates": [ [ 66.987547577222358, -15.594871652631417 ], [ 67.529345613384208, -18.062202158520233 ] ] } },
{ "type": "Feature", "properties": { "start_id": 2919, "end_id": 2920, "km": 328.09934456693901, "from": "maritime", "to": "maritime", "type": "maritime" }, "geometry": { "type": "LineString", "coordinates": [ [ 66.987547577222358, -15.594871652631417 ], [ 70.051017938764403, -15.594871652631417 ] ] } },
{ "type": "Feature", "properties": { "start_id": 2920, "end_id": 2939, "km": 475.975513347917, "from": "maritime", "to": "maritime", "type": "maritime" }, "geometry": { "type": "LineString", "coordinates": [ [ 70.051017938764403, -15.594871652631417 ], [ 73.7058412846864, -18.062202158520233 ] ] } },
{ "type": "Feature", "properties": { "start_id": 2934, "end_id": 2953, "km": 281.18437677146653, "from": "maritime", "to": "maritime", "type": "maritime" }, "geometry": { "type": "LineString", "coordinates": [ [ 55.176354270779854, -18.062202158520233 ], [ 55.696662772465096, -20.542826598741691 ] ] } },
{ "type": "Feature", "properties": { "start_id": 2935, "end_id": 2224, "km": 238.05271181138349, "from": "maritime", "to": "country", "type": "maritime" }, "geometry": { "type": "LineString", "coordinates": [ [ 58.264602106430942, -18.062202158520233 ], [ 57.8684998, -20.1700993 ] ] } },
{ "type": "Feature", "properties": { "start_id": 2935, "end_id": 2936, "km": 326.47122689828547, "from": "maritime", "to": "maritime", "type": "maritime" }, "geometry": { "type": "LineString", "coordinates": [ [ 58.264602106430942, -18.062202158520233 ], [ 61.352849942082031, -18.062202158520233 ] ] } },
{ "type": "Feature", "properties": { "start_id": 2937, "end_id": 2955, "km": 283.10730893370192, "from": "maritime", "to": "maritime", "type": "maritime" }, "geometry": { "type": "LineString", "coordinates": [ [ 64.44109777773312, -18.062202158520233 ], [ 65.048772051882125, -20.542826598741691 ] ] } },
{ "type": "Feature", "properties": { "start_id": 2937, "end_id": 2936, "km": 326.47122689828547, "from": "maritime", "to": "maritime", "type": "maritime" }, "geometry": { "type": "LineString", "coordinates": [ [ 64.44109777773312, -18.062202158520233 ], [ 61.352849942082031, -18.062202158520233 ] ] } },
{ "type": "Feature", "properties": { "start_id": 2937, "end_id": 2938, "km": 326.47122689828547, "from": "maritime", "to": "maritime", "type": "maritime" }, "geometry": { "type": "LineString", "coordinates": [ [ 64.44109777773312, -18.062202158520233 ], [ 67.529345613384208, -18.062202158520233 ] ] } },
{ "type": "Feature", "properties": { "start_id": 1227, "end_id": 2909, "km": 217.70450098473222, "from": "port", "to": "maritime", "type": "maritime" }, "geometry": { "type": "LineString", "coordinates": [ [ -39.0167, -14.7833 ], [ -37.170444715206891, -15.594871652631417 ] ] } },
{ "type": "Feature", "properties": { "start_id": 2909, "end_id": 2927, "km": 276.21388647685967, "from": "maritime", "to": "maritime", "type": "maritime" }, "geometry": { "type": "LineString", "coordinates": [ [ -37.170444715206891, -15.594871652631417 ], [ -37.471080798752801, -18.062202158520233 ] ] } },
{ "type": "Feature", "properties": { "start_id": 2926, "end_id": 1089, "km": 125.39431691328009, "from": "maritime", "to": "port", "type": "maritime" }, "geometry": { "type": "LineString", "coordinates": [ [ -71.44180699091477, -18.062202158520233 ], [ -70.3333, -18.4667 ] ] } },
{ "type": "Feature", "properties": { "start_id": 2951, "end_id": 2965, "km": 277.87700774542981, "from": "maritime", "to": "maritime", "type": "maritime" }, "geometry": { "type": "LineString", "coordinates": [ [ 12.053486135185631, -20.542826598741691 ], [ 12.184243993866097, -23.03888404602186 ] ] } },
{ "type": "Feature", "properties": { "start_id": 2939, "end_id": 2972, "km": 575.03998443233615, "from": "maritime", "to": "maritime", "type": "maritime" }, "geometry": { "type": "LineString", "coordinates": [ [ 73.7058412846864, -18.062202158520233 ], [ 75.207992221684762, -23.03888404602186 ] ] } },
{ "type": "Feature", "properties": { "start_id": 2224, "end_id": 2954, "km": 106.9304497579829, "from": "country", "to": "maritime", "type": "maritime" }, "geometry": { "type": "LineString", "coordinates": [ [ 57.8684998, -20.1700993 ], [ 58.814032532270772, -20.542826598741691 ] ] } },
{ "type": "Feature", "properties": { "start_id": 2953, "end_id": 1679, "km": 61.483141734926541, "from": "maritime", "to": "port", "type": "maritime" }, "geometry": { "type": "LineString", "coordinates": [ [ 55.696662772465096, -20.542826598741691 ], [ 55.26827072, -20.92389689 ] ] } },
{ "type": "Feature", "properties": { "start_id": 2954, "end_id": 2970, "km": 285.25772215058629, "from": "maritime", "to": "maritime", "type": "maritime" }, "geometry": { "type": "LineString", "coordinates": [ [ 58.814032532270772, -20.542826598741691 ], [ 59.452055164730091, -23.03888404602186 ] ] } },
{ "type": "Feature", "properties": { "start_id": 2952, "end_id": 1679, "km": 282.82505901374299, "from": "maritime", "to": "port", "type": "maritime" }, "geometry": { "type": "LineString", "coordinates": [ [ 52.579293012659427, -20.542826598741691 ], [ 55.26827072, -20.92389689 ] ] } },
{ "type": "Feature", "properties": { "start_id": 2952, "end_id": 2968, "km": 283.72677397004799, "from": "maritime", "to": "maritime", "type": "maritime" }, "geometry": { "type": "LineString", "coordinates": [ [ 52.579293012659427, -20.542826598741691 ], [ 53.149680341948226, -23.03888404602186 ] ] } },
{ "type": "Feature", "properties": { "start_id": 2940, "end_id": 2956, "km": 632.37860392147945, "from": "maritime", "to": "maritime", "type": "maritime" }, "geometry": { "type": "LineString", "coordinates": [ [ 86.058832627290741, -18.062202158520233 ], [ 80.635620850910513, -20.542826598741691 ] ] } },
{ "type": "Feature", "properties": { "start_id": 2956, "end_id": 2972, "km": 625.28043956583826, "from": "maritime", "to": "maritime", "type": "maritime" }, "geometry": { "type": "LineString", "coordinates": [ [ 80.635620850910513, -20.542826598741691 ], [ 75.207992221684762, -23.03888404602186 ] ] } },
{ "type": "Feature", "properties": { "start_id": 2941, "end_id": 2942, "km": 326.47122689828547, "from": "maritime", "to": "maritime", "type": "maritime" }, "geometry": { "type": "LineString", "coordinates": [ [ 113.85306314815054, -18.062202158520233 ], [ 116.941310983801628, -18.062202158520233 ] ] } },
{ "type": "Feature", "properties": { "start_id": 2942, "end_id": 1836, "km": 257.69220331156447, "from": "maritime", "to": "port", "type": "maritime" }, "geometry": { "type": "LineString", "coordinates": [ [ 116.941310983801628, -18.062202158520233 ], [ 116.5944418, -20.35642263 ] ] } },
{ "type": "Feature", "properties": { "start_id": 1836, "end_id": 1829, "km": 113.67607348066092, "from": "port", "to": "port", "type": "maritime" }, "geometry": { "type": "LineString", "coordinates": [ [ 116.5944418, -20.35642263 ], [ 115.5735726, -20.71867156 ] ] } },
{ "type": "Feature", "properties": { "start_id": 1829, "end_id": 1825, "km": 108.53904733905053, "from": "port", "to": "port", "type": "maritime" }, "geometry": { "type": "LineString", "coordinates": [ [ 115.5735726, -20.71867156 ], [ 115.045297, -21.56130468 ] ] } },
{ "type": "Feature", "properties": { "start_id": 1093, "end_id": 2946, "km": 200.84375228684462, "from": "port", "to": "maritime", "type": "maritime" }, "geometry": { "type": "LineString", "coordinates": [ [ -70.18805387, -20.48248424 ], [ -72.115497379567628, -20.542826598741691 ] ] } },
{ "type": "Feature", "properties": { "start_id": 2947, "end_id": 2958, "km": 280.76297158358295, "from": "maritime", "to": "maritime", "type": "maritime" }, "geometry": { "type": "LineString", "coordinates": [ [ -37.82443002170519, -20.542826598741691 ], [ -38.234754588388832, -23.03888404602186 ] ] } },
{ "type": "Feature", "properties": { "start_id": 2949, "end_id": 2961, "km": 277.76443444151613, "from": "maritime", "to": "maritime", "type": "maritime" }, "geometry": { "type": "LineString", "coordinates": [ [ -9.768102183454104, -20.542826598741691 ], [ -9.874067885870433, -23.03888404602186 ] ] } },
{ "type": "Feature", "properties": { "start_id": 2949, "end_id": 2948, "km": 324.58826165006786, "from": "maritime", "to": "maritime", "type": "maritime" }, "geometry": { "type": "LineString", "coordinates": [ [ -9.768102183454104, -20.542826598741691 ], [ -12.88547194325978, -20.542826598741691 ] ] } },
{ "type": "Feature", "properties": { "start_id": 2962, "end_id": 2986, "km": 279.64622427211197, "from": "maritime", "to": "maritime", "type": "maritime" }, "geometry": { "type": "LineString", "coordinates": [ [ -6.722880474479501, -23.03888404602186 ], [ -6.805963672605452, -25.552662950990161 ] ] } },
{ "type": "Feature", "properties": { "start_id": 2962, "end_id": 2961, "km": 322.44205222354481, "from": "maritime", "to": "maritime", "type": "maritime" }, "geometry": { "type": "LineString", "coordinates": [ [ -6.722880474479501, -23.03888404602186 ], [ -9.874067885870433, -23.03888404602186 ] ] } },
{ "type": "Feature", "properties": { "start_id": 2963, "end_id": 2987, "km": 279.55524600340846, "from": "maritime", "to": "maritime", "type": "maritime" }, "geometry": { "type": "LineString", "coordinates": [ [ -3.571693063088568, -23.03888404602186 ], [ -3.615833024156171, -25.552662950990161 ] ] } },
{ "type": "Feature", "properties": { "start_id": 2964, "end_id": 2990, "km": 279.74826992240082, "from": "maritime", "to": "maritime", "type": "maritime" }, "geometry": { "type": "LineString", "coordinates": [ [ 9.033056582475165, -23.03888404602186 ], [ 9.144689569640954, -25.552662950990161 ] ] } },
{ "type": "Feature", "properties": { "start_id": 2965, "end_id": 2991, "km": 279.93561612255229, "from": "maritime", "to": "maritime", "type": "maritime" }, "geometry": { "type": "LineString", "coordinates": [ [ 12.184243993866097, -23.03888404602186 ], [ 12.334820218090236, -25.552662950990161 ] ] } },
{ "type": "Feature", "properties": { "start_id": 2966, "end_id": 2992, "km": 393.12505249268719, "from": "maritime", "to": "maritime", "type": "maritime" }, "geometry": { "type": "LineString", "coordinates": [ [ 37.393743284993555, -23.03888404602186 ], [ 34.665734757235207, -25.552662950990161 ] ] } },
{ "type": "Feature", "properties": { "start_id": 2967, "end_id": 2994, "km": 286.44647734359455, "from": "maritime", "to": "maritime", "type": "maritime" }, "geometry": { "type": "LineString", "coordinates": [ [ 49.99849293055729, -23.03888404602186 ], [ 50.61638799948161, -25.552662950990161 ] ] } },
{ "type": "Feature", "properties": { "start_id": 2968, "end_id": 2995, "km": 287.33488279676607, "from": "maritime", "to": "maritime", "type": "maritime" }, "geometry": { "type": "LineString", "coordinates": [ [ 53.149680341948226, -23.03888404602186 ], [ 53.806518647930893, -25.552662950990161 ] ] } },
{ "type": "Feature", "properties": { "start_id": 2969, "end_id": 2996, "km": 288.27457568080422, "from": "maritime", "to": "maritime", "type": "maritime" }, "geometry": { "type": "LineString", "coordinates": [ [ 56.300867753339155, -23.03888404602186 ], [ 56.996649296380177, -25.552662950990161 ] ] } },
{ "type": "Feature", "properties": { "start_id": 2970, "end_id": 2971, "km": 322.44205222354543, "from": "maritime", "to": "maritime", "type": "maritime" }, "geometry": { "type": "LineString", "coordinates": [ [ 59.452055164730091, -23.03888404602186 ], [ 62.603242576121026, -23.03888404602186 ] ] } },
{ "type": "Feature", "properties": { "start_id": 2971, "end_id": 3026, "km": 585.42560774317064, "from": "maritime", "to": "maritime", "type": "maritime" }, "geometry": { "type": "LineString", "coordinates": [ [ 62.603242576121026, -23.03888404602186 ], [ 64.26284308653581, -28.086632483779752 ] ] } },
{ "type": "Feature", "properties": { "start_id": 2972, "end_id": 2998, "km": 361.39932666168829, "from": "maritime", "to": "maritime", "type": "maritime" }, "geometry": { "type": "LineString", "coordinates": [ [ 75.207992221684762, -23.03888404602186 ], [ 72.947302538626587, -25.552662950990161 ] ] } },
{ "type": "Feature", "properties": { "start_id": 2922, "end_id": 2943, "km": 304.23776958088092, "from": "maritime", "to": "maritime", "type": "maritime" }, "geometry": { "type": "LineString", "coordinates": [ [ 152.764717700399387, -15.594871652631417 ], [ 154.000285011614693, -18.062202158520233 ] ] } },
{ "type": "Feature", "properties": { "start_id": 1825, "end_id": 1820, "km": 105.2742949947698, "from": "port", "to": "port", "type": "maritime" }, "geometry": { "type": "LineString", "coordinates": [ [ 115.045297, -21.56130468 ], [ 114.1878726, -22.07386902 ] ] } },
{ "type": "Feature", "properties": { "start_id": 2975, "end_id": 2976, "km": 320.02258379679694, "from": "maritime", "to": "maritime", "type": "maritime" }, "geometry": { "type": "LineString", "coordinates": [ [ -76.988837938489638, -25.552662950990161 ], [ -73.798707290040355, -25.552662950990161 ] ] } },
{ "type": "Feature", "properties": { "start_id": 2976, "end_id": 1086, "km": 327.57883806742655, "from": "maritime", "to": "port", "type": "maritime" }, "geometry": { "type": "LineString", "coordinates": [ [ -73.798707290040355, -25.552662950990161 ], [ -70.73402141, -26.60251999 ] ] } },
{ "type": "Feature", "properties": { "start_id": 2989, "end_id": 3017, "km": 281.79064232536882, "from": "maritime", "to": "maritime", "type": "maritime" }, "geometry": { "type": "LineString", "coordinates": [ [ 2.764428272742392, -25.552662950990161 ], [ 2.803071633694744, -28.086632483779752 ] ] } },
{ "type": "Feature", "properties": { "start_id": 2988, "end_id": 3016, "km": 281.76517494489428, "from": "maritime", "to": "maritime", "type": "maritime" }, "geometry": { "type": "LineString", "coordinates": [ [ -0.42570237570689, -25.552662950990161 ], [ -0.431653179612681, -28.086632483779752 ] ] } },
{ "type": "Feature", "properties": { "start_id": 2987, "end_id": 3015, "km": 281.80918349376469, "from": "maritime", "to": "maritime", "type": "maritime" }, "geometry": { "type": "LineString", "coordinates": [ [ -3.615833024156171, -25.552662950990161 ], [ -3.666377992920105, -28.086632483779752 ] ] } },
{ "type": "Feature", "properties": { "start_id": 2990, "end_id": 2991, "km": 320.02258379679665, "from": "maritime", "to": "maritime", "type": "maritime" }, "geometry": { "type": "LineString", "coordinates": [ [ 9.144689569640954, -25.552662950990161 ], [ 12.334820218090236, -25.552662950990161 ] ] } },
{ "type": "Feature", "properties": { "start_id": 2986, "end_id": 3014, "km": 281.92263543066213, "from": "maritime", "to": "maritime", "type": "maritime" }, "geometry": { "type": "LineString", "coordinates": [ [ -6.805963672605452, -25.552662950990161 ], [ -6.90110280622753, -28.086632483779752 ] ] } },
{ "type": "Feature", "properties": { "start_id": 2991, "end_id": 3019, "km": 282.28345543478912, "from": "maritime", "to": "maritime", "type": "maritime" }, "geometry": { "type": "LineString", "coordinates": [ [ 12.334820218090236, -25.552662950990161 ], [ 12.507246073617019, -28.086632483779752 ] ] } },
{ "type": "Feature", "properties": { "start_id": 2992, "end_id": 3020, "km": 285.83732634381647, "from": "maritime", "to": "maritime", "type": "maritime" }, "geometry": { "type": "LineString", "coordinates": [ [ 34.665734757235207, -25.552662950990161 ], [ 35.150319766768995, -28.086632483779752 ] ] } },
{ "type": "Feature", "properties": { "start_id": 2993, "end_id": 3024, "km": 289.34079956857067, "from": "maritime", "to": "maritime", "type": "maritime" }, "geometry": { "type": "LineString", "coordinates": [ [ 47.426257351032334, -25.552662950990161 ], [ 48.089219019998687, -28.086632483779752 ] ] } },
{ "type": "Feature", "properties": { "start_id": 2994, "end_id": 3025, "km": 290.37865515390143, "from": "maritime", "to": "maritime", "type": "maritime" }, "geometry": { "type": "LineString", "coordinates": [ [ 50.61638799948161, -25.552662950990161 ], [ 51.32394383330611, -28.086632483779752 ] ] } },
{ "type": "Feature", "properties": { "start_id": 2994, "end_id": 2995, "km": 320.02258379679631, "from": "maritime", "to": "maritime", "type": "maritime" }, "geometry": { "type": "LineString", "coordinates": [ [ 50.61638799948161, -25.552662950990161 ], [ 53.806518647930893, -25.552662950990161 ] ] } },
{ "type": "Feature", "properties": { "start_id": 2996, "end_id": 3053, "km": 590.25863259944356, "from": "maritime", "to": "maritime", "type": "maritime" }, "geometry": { "type": "LineString", "coordinates": [ [ 56.996649296380177, -25.552662950990161 ], [ 58.702592033937407, -30.643480263658457 ] ] } },
{ "type": "Feature", "properties": { "start_id": 2973, "end_id": 755, "km": 268.37502981464314, "from": "maritime", "to": "road", "type": "maritime" }, "geometry": { "type": "LineString", "coordinates": [ [ 113.022241158375962, -23.03888404602186 ], [ 112.909284515440405, -25.450240656158165 ] ] } },
{ "type": "Feature", "properties": { "start_id": 2999, "end_id": 755, "km": 169.03216074033844, "from": "maritime", "to": "road", "type": "maritime" }, "geometry": { "type": "LineString", "coordinates": [ [ 111.228870320017975, -25.552662950990161 ], [ 112.909284515440405, -25.450240656158165 ] ] } },
{ "type": "Feature", "properties": { "start_id": 2960, "end_id": 2983, "km": 281.83368053314211, "from": "maritime", "to": "maritime", "type": "maritime" }, "geometry": { "type": "LineString", "coordinates": [ [ -28.781192354216032, -23.03888404602186 ], [ -29.136878211750425, -25.552662950990161 ] ] } },
{ "type": "Feature", "properties": { "start_id": 2985, "end_id": 3010, "km": 283.06844009069454, "from": "maritime", "to": "maritime", "type": "maritime" }, "geometry": { "type": "LineString", "coordinates": [ [ -19.566486266402578, -25.552662950990161 ], [ -19.84000205945723, -28.086632483779752 ] ] } },
{ "type": "Feature", "properties": { "start_id": 2984, "end_id": 3009, "km": 283.5268416083133, "from": "maritime", "to": "maritime", "type": "maritime" }, "geometry": { "type": "LineString", "coordinates": [ [ -22.756616914851861, -25.552662950990161 ], [ -23.074726872764654, -28.086632483779752 ] ] } },
{ "type": "Feature", "properties": { "start_id": 2959, "end_id": 2981, "km": 282.95132882178711, "from": "maritime", "to": "maritime", "type": "maritime" }, "geometry": { "type": "LineString", "coordinates": [ [ -35.083567176997903, -23.03888404602186 ], [ -35.517139508648988, -25.552662950990161 ] ] } },
{ "type": "Feature", "properties": { "start_id": 3014, "end_id": 3039, "km": 284.50304039176314, "from": "maritime", "to": "maritime", "type": "maritime" }, "geometry": { "type": "LineString", "coordinates": [ [ -6.90110280622753, -28.086632483779752 ], [ -7.009670108732689, -30.643480263658457 ] ] } },
{ "type": "Feature", "properties": { "start_id": 3013, "end_id": 3038, "km": 284.72798640088195, "from": "maritime", "to": "maritime", "type": "maritime" }, "geometry": { "type": "LineString", "coordinates": [ [ -10.135827619534954, -28.086632483779752 ], [ -10.295283215866192, -30.643480263658457 ] ] } },
{ "type": "Feature", "properties": { "start_id": 2983, "end_id": 3007, "km": 284.64783315741835, "from": "maritime", "to": "maritime", "type": "maritime" }, "geometry": { "type": "LineString", "coordinates": [ [ -29.136878211750425, -25.552662950990161 ], [ -29.5441764993795, -28.086632483779752 ] ] } },
{ "type": "Feature", "properties": { "start_id": 3015, "end_id": 3040, "km": 284.36342390657876, "from": "maritime", "to": "maritime", "type": "maritime" }, "geometry": { "type": "LineString", "coordinates": [ [ -3.666377992920105, -28.086632483779752 ], [ -3.724057001599184, -30.643480263658457 ] ] } },
{ "type": "Feature", "properties": { "start_id": 3012, "end_id": 3037, "km": 285.03805987060713, "from": "maritime", "to": "maritime", "type": "maritime" }, "geometry": { "type": "LineString", "coordinates": [ [ -13.370552432842379, -28.086632483779752 ], [ -13.580896322999699, -30.643480263658457 ] ] } },
{ "type": "Feature", "properties": { "start_id": 3016, "end_id": 3041, "km": 284.30926268083823, "from": "maritime", "to": "maritime", "type": "maritime" }, "geometry": { "type": "LineString", "coordinates": [ [ -0.431653179612681, -28.086632483779752 ], [ -0.43844389446568, -30.643480263658457 ] ] } },
{ "type": "Feature", "properties": { "start_id": 3011, "end_id": 3036, "km": 285.4329833136344, "from": "maritime", "to": "maritime", "type": "maritime" }, "geometry": { "type": "LineString", "coordinates": [ [ -16.6052772461498, -28.086632483779752 ], [ -16.866509430133199, -30.643480263658457 ] ] } },
{ "type": "Feature", "properties": { "start_id": 2958, "end_id": 2980, "km": 283.59088265012019, "from": "maritime", "to": "maritime", "type": "maritime" }, "geometry": { "type": "LineString", "coordinates": [ [ -38.234754588388832, -23.03888404602186 ], [ -38.707270157098264, -25.552662950990161 ] ] } },
{ "type": "Feature", "properties": { "start_id": 3017, "end_id": 3042, "km": 284.34060555740336, "from": "maritime", "to": "maritime", "type": "maritime" }, "geometry": { "type": "LineString", "coordinates": [ [ 2.803071633694744, -28.086632483779752 ], [ 2.847169212667824, -30.643480263658457 ] ] } },
{ "type": "Feature", "properties": { "start_id": 3018, "end_id": 3043, "km": 284.45742426657938, "from": "maritime", "to": "maritime", "type": "maritime" }, "geometry": { "type": "LineString", "coordinates": [ [ 6.037796447002168, -28.086632483779752 ], [ 6.132782319801328, -30.643480263658457 ] ] } },
{ "type": "Feature", "properties": { "start_id": 3019, "end_id": 3045, "km": 284.94699165097944, "from": "maritime", "to": "maritime", "type": "maritime" }, "geometry": { "type": "LineString", "coordinates": [ [ 12.507246073617019, -28.086632483779752 ], [ 12.704008534068338, -30.643480263658457 ] ] } },
{ "type": "Feature", "properties": { "start_id": 3023, "end_id": 3051, "km": 292.41404116895552, "from": "maritime", "to": "maritime", "type": "maritime" }, "geometry": { "type": "LineString", "coordinates": [ [ 44.854494206691264, -28.086632483779752 ], [ 45.560139605403386, -30.643480263658457 ] ] } },
{ "type": "Feature", "properties": { "start_id": 3024, "end_id": 3025, "km": 317.31796523248033, "from": "maritime", "to": "maritime", "type": "maritime" }, "geometry": { "type": "LineString", "coordinates": [ [ 48.089219019998687, -28.086632483779752 ], [ 51.32394383330611, -28.086632483779752 ] ] } },
{ "type": "Feature", "properties": { "start_id": 3022, "end_id": 3050, "km": 291.30062014418581, "from": "maritime", "to": "maritime", "type": "maritime" }, "geometry": { "type": "LineString", "coordinates": [ [ 41.619769393383834, -28.086632483779752 ], [ 42.274526498269879, -30.643480263658457 ] ] } },
{ "type": "Feature", "properties": { "start_id": 3025, "end_id": 3052, "km": 294.87569996258799, "from": "maritime", "to": "maritime", "type": "maritime" }, "geometry": { "type": "LineString", "coordinates": [ [ 51.32394383330611, -28.086632483779752 ], [ 52.131365819670386, -30.643480263658457 ] ] } },
{ "type": "Feature", "properties": { "start_id": 3021, "end_id": 3049, "km": 290.26669372931912, "from": "maritime", "to": "maritime", "type": "maritime" }, "geometry": { "type": "LineString", "coordinates": [ [ 38.385044580076411, -28.086632483779752 ], [ 38.988913391136371, -30.643480263658457 ] ] } },
{ "type": "Feature", "properties": { "start_id": 2998, "end_id": 2997, "km": 320.02258379679824, "from": "maritime", "to": "maritime", "type": "maritime" }, "geometry": { "type": "LineString", "coordinates": [ [ 72.947302538626587, -25.552662950990161 ], [ 69.75717189017729, -25.552662950990161 ] ] } },
{ "type": "Feature", "properties": { "start_id": 2957, "end_id": 2979, "km": 284.2837820781516, "from": "maritime", "to": "maritime", "type": "maritime" }, "geometry": { "type": "LineString", "coordinates": [ [ -41.385941999779767, -23.03888404602186 ], [ -41.897400805547555, -25.552662950990161 ] ] } },
{ "type": "Feature", "properties": { "start_id": 2978, "end_id": 3002, "km": 288.62065704038525, "from": "maritime", "to": "maritime", "type": "maritime" }, "geometry": { "type": "LineString", "coordinates": [ [ -45.087531453996831, -25.552662950990161 ], [ -45.717800565916626, -28.086632483779752 ] ] } },
{ "type": "Feature", "properties": { "start_id": 3010, "end_id": 3035, "km": 285.91240505214944, "from": "maritime", "to": "maritime", "type": "maritime" }, "geometry": { "type": "LineString", "coordinates": [ [ -19.84000205945723, -28.086632483779752 ], [ -20.152122537266706, -30.643480263658457 ] ] } },
{ "type": "Feature", "properties": { "start_id": 2982, "end_id": 3006, "km": 285.30962078843982, "from": "maritime", "to": "maritime", "type": "maritime" }, "geometry": { "type": "LineString", "coordinates": [ [ -32.327008860199705, -25.552662950990161 ], [ -32.778901312686926, -28.086632483779752 ] ] } },
{ "type": "Feature", "properties": { "start_id": 3009, "end_id": 3034, "km": 286.47590076821098, "from": "maritime", "to": "maritime", "type": "maritime" }, "geometry": { "type": "LineString", "coordinates": [ [ -23.074726872764654, -28.086632483779752 ], [ -23.437735644400213, -30.643480263658457 ] ] } },
{ "type": "Feature", "properties": { "start_id": 3008, "end_id": 3033, "km": 287.12297535526858, "from": "maritime", "to": "maritime", "type": "maritime" }, "geometry": { "type": "LineString", "coordinates": [ [ -26.309451686072077, -28.086632483779752 ], [ -26.723348751533713, -30.643480263658457 ] ] } },
{ "type": "Feature", "properties": { "start_id": 2981, "end_id": 3005, "km": 286.03832722166766, "from": "maritime", "to": "maritime", "type": "maritime" }, "geometry": { "type": "LineString", "coordinates": [ [ -35.517139508648988, -25.552662950990161 ], [ -36.01362612599435, -28.086632483779752 ] ] } },
{ "type": "Feature", "properties": { "start_id": 3039, "end_id": 3070, "km": 287.41770052037407, "from": "maritime", "to": "maritime", "type": "maritime" }, "geometry": { "type": "LineString", "coordinates": [ [ -7.009670108732689, -30.643480263658457 ], [ -7.133353075150205, -33.226158472872044 ] ] } },
{ "type": "Feature", "properties": { "start_id": 3038, "end_id": 3069, "km": 287.69168702254223, "from": "maritime", "to": "maritime", "type": "maritime" }, "geometry": { "type": "LineString", "coordinates": [ [ -10.295283215866192, -30.643480263658457 ], [ -10.47693957750587, -33.226158472872044 ] ] } },
{ "type": "Feature", "properties": { "start_id": 3040, "end_id": 3071, "km": 287.24762381341458, "from": "maritime", "to": "maritime", "type": "maritime" }, "geometry": { "type": "LineString", "coordinates": [ [ -3.724057001599184, -30.643480263658457 ], [ -3.789766572794537, -33.226158472872044 ] ] } },
{ "type": "Feature", "properties": { "start_id": 3037, "end_id": 3068, "km": 288.06928675174714, "from": "maritime", "to": "maritime", "type": "maritime" }, "geometry": { "type": "LineString", "coordinates": [ [ -13.580896322999699, -30.643480263658457 ], [ -13.820526079861541, -33.226158472872044 ] ] } },
{ "type": "Feature", "properties": { "start_id": 3007, "end_id": 3032, "km": 287.85306505223889, "from": "maritime", "to": "maritime", "type": "maritime" }, "geometry": { "type": "LineString", "coordinates": [ [ -29.5441764993795, -28.086632483779752 ], [ -30.00896185866722, -30.643480263658457 ] ] } },
{ "type": "Feature", "properties": { "start_id": 3007, "end_id": 3006, "km": 317.31796523248096, "from": "maritime", "to": "maritime", "type": "maritime" }, "geometry": { "type": "LineString", "coordinates": [ [ -29.5441764993795, -28.086632483779752 ], [ -32.778901312686926, -28.086632483779752 ] ] } },
{ "type": "Feature", "properties": { "start_id": 3041, "end_id": 3072, "km": 287.18164156503877, "from": "maritime", "to": "maritime", "type": "maritime" }, "geometry": { "type": "LineString", "coordinates": [ [ -0.43844389446568, -30.643480263658457 ], [ -0.44618007043887, -33.226158472872044 ] ] } },
{ "type": "Feature", "properties": { "start_id": 3042, "end_id": 3073, "km": 287.21982553419838, "from": "maritime", "to": "maritime", "type": "maritime" }, "geometry": { "type": "LineString", "coordinates": [ [ 2.847169212667824, -30.643480263658457 ], [ 2.897406431916798, -33.226158472872044 ] ] } },
{ "type": "Feature", "properties": { "start_id": 3043, "end_id": 3074, "km": 287.3621341859108, "from": "maritime", "to": "maritime", "type": "maritime" }, "geometry": { "type": "LineString", "coordinates": [ [ 6.132782319801328, -30.643480263658457 ], [ 6.240992934272465, -33.226158472872044 ] ] } },
{ "type": "Feature", "properties": { "start_id": 3044, "end_id": 3075, "km": 287.60841291678531, "from": "maritime", "to": "maritime", "type": "maritime" }, "geometry": { "type": "LineString", "coordinates": [ [ 9.418395426934833, -30.643480263658457 ], [ 9.584579436628132, -33.226158472872044 ] ] } },
{ "type": "Feature", "properties": { "start_id": 3045, "end_id": 3076, "km": 287.95839489273641, "from": "maritime", "to": "maritime", "type": "maritime" }, "geometry": { "type": "LineString", "coordinates": [ [ 12.704008534068338, -30.643480263658457 ], [ 12.928165938983801, -33.226158472872044 ] ] } },
{ "type": "Feature", "properties": { "start_id": 3046, "end_id": 3077, "km": 288.4117024883214, "from": "maritime", "to": "maritime", "type": "maritime" }, "geometry": { "type": "LineString", "coordinates": [ [ 15.989621641201841, -30.643480263658457 ], [ 16.271752441339466, -33.226158472872044 ] ] } },
{ "type": "Feature", "properties": { "start_id": 3020, "end_id": 3048, "km": 289.31311439923161, "from": "maritime", "to": "maritime", "type": "maritime" }, "geometry": { "type": "LineString", "coordinates": [ [ 35.150319766768995, -28.086632483779752 ], [ 35.703300284002864, -30.643480263658457 ] ] } },
{ "type": "Feature", "properties": { "start_id": 1555, "end_id": 3047, "km": 155.87723910068297, "from": "port", "to": "maritime", "type": "maritime" }, "geometry": { "type": "LineString", "coordinates": [ [ 31.0667, -29.8667 ], [ 32.417687176869364, -30.643480263658457 ] ] } },
{ "type": "Feature", "properties": { "start_id": 3047, "end_id": 3079, "km": 292.20745308906197, "from": "maritime", "to": "maritime", "type": "maritime" }, "geometry": { "type": "LineString", "coordinates": [ [ 32.417687176869364, -30.643480263658457 ], [ 32.989684953117809, -33.226158472872044 ] ] } },
{ "type": "Feature", "properties": { "start_id": 3048, "end_id": 3080, "km": 293.26690235492026, "from": "maritime", "to": "maritime", "type": "maritime" }, "geometry": { "type": "LineString", "coordinates": [ [ 35.703300284002864, -30.643480263658457 ], [ 36.333271455473472, -33.226158472872044 ] ] } },
{ "type": "Feature", "properties": { "start_id": 3049, "end_id": 3081, "km": 294.42416755907715, "from": "maritime", "to": "maritime", "type": "maritime" }, "geometry": { "type": "LineString", "coordinates": [ [ 38.988913391136371, -30.643480263658457 ], [ 39.676857957829142, -33.226158472872044 ] ] } },
{ "type": "Feature", "properties": { "start_id": 3049, "end_id": 3050, "km": 314.31409873549302, "from": "maritime", "to": "maritime", "type": "maritime" }, "geometry": { "type": "LineString", "coordinates": [ [ 38.988913391136371, -30.643480263658457 ], [ 42.274526498269879, -30.643480263658457 ] ] } },
{ "type": "Feature", "properties": { "start_id": 3050, "end_id": 3051, "km": 314.31409873549239, "from": "maritime", "to": "maritime", "type": "maritime" }, "geometry": { "type": "LineString", "coordinates": [ [ 42.274526498269879, -30.643480263658457 ], [ 45.560139605403386, -30.643480263658457 ] ] } },
{ "type": "Feature", "properties": { "start_id": 3051, "end_id": 3082, "km": 297.02747456723768, "from": "maritime", "to": "maritime", "type": "maritime" }, "geometry": { "type": "LineString", "coordinates": [ [ 45.560139605403386, -30.643480263658457 ], [ 46.364030962540475, -33.226158472872044 ] ] } },
{ "type": "Feature", "properties": { "start_id": 3054, "end_id": 1831, "km": 191.35885424193458, "from": "maritime", "to": "port", "type": "maritime" }, "geometry": { "type": "LineString", "coordinates": [ [ 114.558014855206977, -30.643480263658457 ], [ 115.6527977, -32.08842844 ] ] } },
{ "type": "Feature", "properties": { "start_id": 3000, "end_id": 3028, "km": 300.59950070767263, "from": "maritime", "to": "maritime", "type": "maritime" }, "geometry": { "type": "LineString", "coordinates": [ [ 155.890699398307902, -25.552662950990161 ], [ 154.835137859143714, -28.086632483779752 ] ] } },
{ "type": "Feature", "properties": { "start_id": 3036, "end_id": 3067, "km": 288.55009283217646, "from": "maritime", "to": "maritime", "type": "maritime" }, "geometry": { "type": "LineString", "coordinates": [ [ -16.866509430133199, -30.643480263658457 ], [ -17.164112582217204, -33.226158472872044 ] ] } },
{ "type": "Feature", "properties": { "start_id": 3035, "end_id": 3066, "km": 289.13359025510078, "from": "maritime", "to": "maritime", "type": "maritime" }, "geometry": { "type": "LineString", "coordinates": [ [ -20.152122537266706, -30.643480263658457 ], [ -20.507699084572874, -33.226158472872044 ] ] } },
{ "type": "Feature", "properties": { "start_id": 2980, "end_id": 3004, "km": 286.83344234209937, "from": "maritime", "to": "maritime", "type": "maritime" }, "geometry": { "type": "LineString", "coordinates": [ [ -38.707270157098264, -25.552662950990161 ], [ -39.248350939301773, -28.086632483779752 ] ] } },
{ "type": "Feature", "properties": { "start_id": 3006, "end_id": 3005, "km": 317.31796523248033, "from": "maritime", "to": "maritime", "type": "maritime" }, "geometry": { "type": "LineString", "coordinates": [ [ -32.778901312686926, -28.086632483779752 ], [ -36.01362612599435, -28.086632483779752 ] ] } },
{ "type": "Feature", "properties": { "start_id": 3034, "end_id": 3065, "km": 289.81915860426943, "from": "maritime", "to": "maritime", "type": "maritime" }, "geometry": { "type": "LineString", "coordinates": [ [ -23.437735644400213, -30.643480263658457 ], [ -23.85128558692854, -33.226158472872044 ] ] } },
{ "type": "Feature", "properties": { "start_id": 3033, "end_id": 3064, "km": 290.60607529874437, "from": "maritime", "to": "maritime", "type": "maritime" }, "geometry": { "type": "LineString", "coordinates": [ [ -26.723348751533713, -30.643480263658457 ], [ -27.194872089284207, -33.226158472872044 ] ] } },
{ "type": "Feature", "properties": { "start_id": 2979, "end_id": 3003, "km": 287.69441544177118, "from": "maritime", "to": "maritime", "type": "maritime" }, "geometry": { "type": "LineString", "coordinates": [ [ -41.897400805547555, -25.552662950990161 ], [ -42.483075752609203, -28.086632483779752 ] ] } },
{ "type": "Feature", "properties": { "start_id": 3005, "end_id": 3004, "km": 317.31796523248033, "from": "maritime", "to": "maritime", "type": "maritime" }, "geometry": { "type": "LineString", "coordinates": [ [ -36.01362612599435, -28.086632483779752 ], [ -39.248350939301773, -28.086632483779752 ] ] } },
{ "type": "Feature", "properties": { "start_id": 3070, "end_id": 3098, "km": 290.70347446215294, "from": "maritime", "to": "maritime", "type": "maritime" }, "geometry": { "type": "LineString", "coordinates": [ [ -7.133353075150205, -33.226158472872044 ], [ -7.274240869634248, -35.83794108896884 ] ] } },
{ "type": "Feature", "properties": { "start_id": 3069, "end_id": 3097, "km": 291.03464512433561, "from": "maritime", "to": "maritime", "type": "maritime" }, "geometry": { "type": "LineString", "coordinates": [ [ -10.47693957750587, -33.226158472872044 ], [ -10.683865113711201, -35.83794108896884 ] ] } },
{ "type": "Feature", "properties": { "start_id": 3071, "end_id": 3099, "km": 290.49786977141673, "from": "maritime", "to": "maritime", "type": "maritime" }, "geometry": { "type": "LineString", "coordinates": [ [ -3.789766572794537, -33.226158472872044 ], [ -3.864616625557296, -35.83794108896884 ] ] } },
{ "type": "Feature", "properties": { "start_id": 3068, "end_id": 3096, "km": 291.49095364056052, "from": "maritime", "to": "maritime", "type": "maritime" }, "geometry": { "type": "LineString", "coordinates": [ [ -13.820526079861541, -33.226158472872044 ], [ -14.093489357788155, -35.83794108896884 ] ] } },
{ "type": "Feature", "properties": { "start_id": 3072, "end_id": 3100, "km": 290.41809782756167, "from": "maritime", "to": "maritime", "type": "maritime" }, "geometry": { "type": "LineString", "coordinates": [ [ -0.44618007043887, -33.226158472872044 ], [ -0.454992381480342, -35.83794108896884 ] ] } },
{ "type": "Feature", "properties": { "start_id": 3073, "end_id": 3101, "km": 290.46426233928622, "from": "maritime", "to": "maritime", "type": "maritime" }, "geometry": { "type": "LineString", "coordinates": [ [ 2.897406431916798, -33.226158472872044 ], [ 2.954631862596611, -35.83794108896884 ] ] } },
{ "type": "Feature", "properties": { "start_id": 1537, "end_id": 3078, "km": 161.62570173091484, "from": "port", "to": "maritime", "type": "maritime" }, "geometry": { "type": "LineString", "coordinates": [ [ 27.9242, -33.0425 ], [ 29.646098450762139, -33.226158472872044 ] ] } },
{ "type": "Feature", "properties": { "start_id": 3078, "end_id": 3109, "km": 295.32636021399628, "from": "maritime", "to": "maritime", "type": "maritime" }, "geometry": { "type": "LineString", "coordinates": [ [ 29.646098450762139, -33.226158472872044 ], [ 30.231625815212237, -35.83794108896884 ] ] } },
{ "type": "Feature", "properties": { "start_id": 3079, "end_id": 3110, "km": 296.48420437000027, "from": "maritime", "to": "maritime", "type": "maritime" }, "geometry": { "type": "LineString", "coordinates": [ [ 32.989684953117809, -33.226158472872044 ], [ 33.641250059289192, -35.83794108896884 ] ] } },
{ "type": "Feature", "properties": { "start_id": 3080, "end_id": 3081, "km": 310.99425410289763, "from": "maritime", "to": "maritime", "type": "maritime" }, "geometry": { "type": "LineString", "coordinates": [ [ 36.333271455473472, -33.226158472872044 ], [ 39.676857957829142, -33.226158472872044 ] ] } },
{ "type": "Feature", "properties": { "start_id": 3082, "end_id": 3111, "km": 369.46869781986823, "from": "maritime", "to": "maritime", "type": "maritime" }, "geometry": { "type": "LineString", "coordinates": [ [ 46.364030962540475, -33.226158472872044 ], [ 43.870122791520046, -35.83794108896884 ] ] } },
{ "type": "Feature", "properties": { "start_id": 3083, "end_id": 1830, "km": 223.11664290067034, "from": "maritime", "to": "port", "type": "maritime" }, "geometry": { "type": "LineString", "coordinates": [ [ 113.235761009653814, -33.226158472872044 ], [ 115.6333, -33.3167 ] ] } },
{ "type": "Feature", "properties": { "start_id": 3028, "end_id": 3055, "km": 295.9906235832425, "from": "maritime", "to": "maritime", "type": "maritime" }, "geometry": { "type": "LineString", "coordinates": [ [ 154.835137859143714, -28.086632483779752 ], [ 153.985372140809005, -30.643480263658457 ] ] } },
{ "type": "Feature", "properties": { "start_id": 3002, "end_id": 3031, "km": 292.72452369378783, "from": "maritime", "to": "maritime", "type": "maritime" }, "geometry": { "type": "LineString", "coordinates": [ [ -45.717800565916626, -28.086632483779752 ], [ -46.437027394334741, -30.643480263658457 ] ] } },
{ "type": "Feature", "properties": { "start_id": 3074, "end_id": 3102, "km": 290.63630327585798, "from": "maritime", "to": "maritime", "type": "maritime" }, "geometry": { "type": "LineString", "coordinates": [ [ 6.240992934272465, -33.226158472872044 ], [ 6.364256106673563, -35.83794108896884 ] ] } },
{ "type": "Feature", "properties": { "start_id": 3075, "end_id": 3103, "km": 290.93399725664614, "from": "maritime", "to": "maritime", "type": "maritime" }, "geometry": { "type": "LineString", "coordinates": [ [ 9.584579436628132, -33.226158472872044 ], [ 9.773880350750517, -35.83794108896884 ] ] } },
{ "type": "Feature", "properties": { "start_id": 3076, "end_id": 3104, "km": 291.35695899699687, "from": "maritime", "to": "maritime", "type": "maritime" }, "geometry": { "type": "LineString", "coordinates": [ [ 12.928165938983801, -33.226158472872044 ], [ 13.183504594827472, -35.83794108896884 ] ] } },
{ "type": "Feature", "properties": { "start_id": 3067, "end_id": 3095, "km": 292.07181330237518, "from": "maritime", "to": "maritime", "type": "maritime" }, "geometry": { "type": "LineString", "coordinates": [ [ -17.164112582217204, -33.226158472872044 ], [ -17.50311360186511, -35.83794108896884 ] ] } },
{ "type": "Feature", "properties": { "start_id": 3101, "end_id": 3129, "km": 294.11795285888729, "from": "maritime", "to": "maritime", "type": "maritime" }, "geometry": { "type": "LineString", "coordinates": [ [ 2.954631862596611, -35.83794108896884 ], [ 3.01990548028035, -38.482496054673746 ] ] } },
{ "type": "Feature", "properties": { "start_id": 3101, "end_id": 3100, "km": 307.3385146797421, "from": "maritime", "to": "maritime", "type": "maritime" }, "geometry": { "type": "LineString", "coordinates": [ [ 2.954631862596611, -35.83794108896884 ], [ -0.454992381480342, -35.83794108896884 ] ] } },
{ "type": "Feature", "properties": { "start_id": 3100, "end_id": 3099, "km": 307.33851467974222, "from": "maritime", "to": "maritime", "type": "maritime" }, "geometry": { "type": "LineString", "coordinates": [ [ -0.454992381480342, -35.83794108896884 ], [ -3.864616625557296, -35.83794108896884 ] ] } },
{ "type": "Feature", "properties": { "start_id": 3102, "end_id": 3130, "km": 294.32480327909315, "from": "maritime", "to": "maritime", "type": "maritime" }, "geometry": { "type": "LineString", "coordinates": [ [ 6.364256106673563, -35.83794108896884 ], [ 6.50485501688207, -38.482496054673746 ] ] } },
{ "type": "Feature", "properties": { "start_id": 1497, "end_id": 3107, "km": 214.95320538901336, "from": "port", "to": "maritime", "type": "maritime" }, "geometry": { "type": "LineString", "coordinates": [ [ 22.1728, -34.1928 ], [ 23.41237732705833, -35.83794108896884 ] ] } },
{ "type": "Feature", "properties": { "start_id": 1523, "end_id": 3108, "km": 234.73426327736942, "from": "port", "to": "maritime", "type": "maritime" }, "geometry": { "type": "LineString", "coordinates": [ [ 25.73192409, -33.92562935 ], [ 26.822001571135281, -35.83794108896884 ] ] } },
{ "type": "Feature", "properties": { "start_id": 1484, "end_id": 3106, "km": 82.822951549738406, "from": "port", "to": "maritime", "type": "maritime" }, "geometry": { "type": "LineString", "coordinates": [ [ 20.0056, -35.0931 ], [ 20.002753082981375, -35.83794108896884 ] ] } },
{ "type": "Feature", "properties": { "start_id": 3104, "end_id": 3103, "km": 307.33851467974233, "from": "maritime", "to": "maritime", "type": "maritime" }, "geometry": { "type": "LineString", "coordinates": [ [ 13.183504594827472, -35.83794108896884 ], [ 9.773880350750517, -35.83794108896884 ] ] } },
{ "type": "Feature", "properties": { "start_id": 3103, "end_id": 3131, "km": 294.68267628475496, "from": "maritime", "to": "maritime", "type": "maritime" }, "geometry": { "type": "LineString", "coordinates": [ [ 9.773880350750517, -35.83794108896884 ], [ 9.989804553483792, -38.482496054673746 ] ] } },
{ "type": "Feature", "properties": { "start_id": 3112, "end_id": 3113, "km": 307.33851467974119, "from": "maritime", "to": "maritime", "type": "maritime" }, "geometry": { "type": "LineString", "coordinates": [ [ 118.881856161213022, -35.83794108896884 ], [ 122.291480405289974, -35.83794108896884 ] ] } },
{ "type": "Feature", "properties": { "start_id": 3055, "end_id": 3084, "km": 293.20209403942204, "from": "maritime", "to": "maritime", "type": "maritime" }, "geometry": { "type": "LineString", "coordinates": [ [ 153.985372140809005, -30.643480263658457 ], [ 153.358799037921841, -33.226158472872044 ] ] } },
{ "type": "Feature", "properties": { "start_id": 2040, "end_id": 3084, "km": 174.70303339228687, "from": "port", "to": "maritime", "type": "maritime" }, "geometry": { "type": "LineString", "coordinates": [ [ 151.5157816, -33.54287477 ], [ 153.358799037921841, -33.226158472872044 ] ] } },
{ "type": "Feature", "properties": { "start_id": 3032, "end_id": 3063, "km": 291.49351931431914, "from": "maritime", "to": "maritime", "type": "maritime" }, "geometry": { "type": "LineString", "coordinates": [ [ -30.00896185866722, -30.643480263658457 ], [ -30.538458591639881, -33.226158472872044 ] ] } },
{ "type": "Feature", "properties": { "start_id": 3066, "end_id": 3094, "km": 292.77648254637131, "from": "maritime", "to": "maritime", "type": "maritime" }, "geometry": { "type": "LineString", "coordinates": [ [ -20.507699084572874, -33.226158472872044 ], [ -20.912737845942065, -35.83794108896884 ] ] } },
{ "type": "Feature", "properties": { "start_id": 3065, "end_id": 3093, "km": 293.60406962049234, "from": "maritime", "to": "maritime", "type": "maritime" }, "geometry": { "type": "LineString", "coordinates": [ [ -23.85128558692854, -33.226158472872044 ], [ -24.322362090019016, -35.83794108896884 ] ] } },
{ "type": "Feature", "properties": { "start_id": 3064, "end_id": 3092, "km": 294.55353811306276, "from": "maritime", "to": "maritime", "type": "maritime" }, "geometry": { "type": "LineString", "coordinates": [ [ -27.194872089284207, -33.226158472872044 ], [ -27.731986334095964, -35.83794108896884 ] ] } },
{ "type": "Feature", "properties": { "start_id": 3064, "end_id": 3063, "km": 310.99425410289734, "from": "maritime", "to": "maritime", "type": "maritime" }, "geometry": { "type": "LineString", "coordinates": [ [ -27.194872089284207, -33.226158472872044 ], [ -30.538458591639881, -33.226158472872044 ] ] } },
{ "type": "Feature", "properties": { "start_id": 3098, "end_id": 3127, "km": 294.40555915435476, "from": "maritime", "to": "maritime", "type": "maritime" }, "geometry": { "type": "LineString", "coordinates": [ [ -7.274240869634248, -35.83794108896884 ], [ -7.434943129524811, -38.482496054673746 ] ] } },
{ "type": "Feature", "properties": { "start_id": 3098, "end_id": 3097, "km": 307.33851467974216, "from": "maritime", "to": "maritime", "type": "maritime" }, "geometry": { "type": "LineString", "coordinates": [ [ -7.274240869634248, -35.83794108896884 ], [ -10.683865113711201, -35.83794108896884 ] ] } },
{ "type": "Feature", "properties": { "start_id": 3097, "end_id": 1277, "km": 198.47120017529861, "from": "maritime", "to": "port", "type": "maritime" }, "geometry": { "type": "LineString", "coordinates": [ [ -10.683865113711201, -35.83794108896884 ], [ -12.32, -37.0436 ] ] } },
{ "type": "Feature", "properties": { "start_id": 3099, "end_id": 3128, "km": 294.15836197405372, "from": "maritime", "to": "maritime", "type": "maritime" }, "geometry": { "type": "LineString", "coordinates": [ [ -3.864616625557296, -35.83794108896884 ], [ -3.94999359292309, -38.482496054673746 ] ] } },
{ "type": "Feature", "properties": { "start_id": 3096, "end_id": 1277, "km": 207.69628492319245, "from": "maritime", "to": "port", "type": "maritime" }, "geometry": { "type": "LineString", "coordinates": [ [ -14.093489357788155, -35.83794108896884 ], [ -12.32, -37.0436 ] ] } },
{ "type": "Feature", "properties": { "start_id": 3096, "end_id": 3095, "km": 307.3385146797425, "from": "maritime", "to": "maritime", "type": "maritime" }, "geometry": { "type": "LineString", "coordinates": [ [ -14.093489357788155, -35.83794108896884 ], [ -17.50311360186511, -35.83794108896884 ] ] } },
{ "type": "Feature", "properties": { "start_id": 3095, "end_id": 3094, "km": 307.33851467974199, "from": "maritime", "to": "maritime", "type": "maritime" }, "geometry": { "type": "LineString", "coordinates": [ [ -17.50311360186511, -35.83794108896884 ], [ -20.912737845942065, -35.83794108896884 ] ] } },
{ "type": "Feature", "properties": { "start_id": 3063, "end_id": 3062, "km": 310.99425410289643, "from": "maritime", "to": "maritime", "type": "maritime" }, "geometry": { "type": "LineString", "coordinates": [ [ -30.538458591639881, -33.226158472872044 ], [ -33.882045093995544, -33.226158472872044 ] ] } },
{ "type": "Feature", "properties": { "start_id": 3094, "end_id": 3126, "km": 296.89610813164819, "from": "maritime", "to": "maritime", "type": "maritime" }, "geometry": { "type": "LineString", "coordinates": [ [ -20.912737845942065, -35.83794108896884 ], [ -21.374741275931694, -38.482496054673746 ] ] } },
{ "type": "Feature", "properties": { "start_id": 3093, "end_id": 3125, "km": 297.88947514432755, "from": "maritime", "to": "maritime", "type": "maritime" }, "geometry": { "type": "LineString", "coordinates": [ [ -24.322362090019016, -35.83794108896884 ], [ -24.859690812533415, -38.482496054673746 ] ] } },
{ "type": "Feature", "properties": { "start_id": 3092, "end_id": 3124, "km": 299.02850816166858, "from": "maritime", "to": "maritime", "type": "maritime" }, "geometry": { "type": "LineString", "coordinates": [ [ -27.731986334095964, -35.83794108896884 ], [ -28.344640349135133, -38.482496054673746 ] ] } },
{ "type": "Feature", "properties": { "start_id": 3116, "end_id": 3135, "km": 330.28646495502153, "from": "maritime", "to": "maritime", "type": "maritime" }, "geometry": { "type": "LineString", "coordinates": [ [ -77.133933861559214, -38.482496054673746 ], [ -75.469798804437431, -41.163977832468724 ] ] } },
{ "type": "Feature", "properties": { "start_id": 3031, "end_id": 3059, "km": 297.40357673871097, "from": "maritime", "to": "maritime", "type": "maritime" }, "geometry": { "type": "LineString", "coordinates": [ [ -46.437027394334741, -30.643480263658457 ], [ -47.256391103418217, -33.226158472872044 ] ] } },
{ "type": "Feature", "properties": { "start_id": 3058, "end_id": 3087, "km": 304.49826749812024, "from": "maritime", "to": "maritime", "type": "maritime" }, "geometry": { "type": "LineString", "coordinates": [ [ -50.59997760577388, -33.226158472872044 ], [ -51.599356042634639, -35.83794108896884 ] ] } },
{ "type": "Feature", "properties": { "start_id": 3127, "end_id": 3128, "km": 303.3230474881409, "from": "maritime", "to": "maritime", "type": "maritime" }, "geometry": { "type": "LineString", "coordinates": [ [ -7.434943129524811, -38.482496054673746 ], [ -3.94999359292309, -38.482496054673746 ] ] } },
{ "type": "Feature", "properties": { "start_id": 3129, "end_id": 3130, "km": 303.3230474881409, "from": "maritime", "to": "maritime", "type": "maritime" }, "geometry": { "type": "LineString", "coordinates": [ [ 3.01990548028035, -38.482496054673746 ], [ 6.50485501688207, -38.482496054673746 ] ] } },
{ "type": "Feature", "properties": { "start_id": 3126, "end_id": 3125, "km": 303.32304748814101, "from": "maritime", "to": "maritime", "type": "maritime" }, "geometry": { "type": "LineString", "coordinates": [ [ -21.374741275931694, -38.482496054673746 ], [ -24.859690812533415, -38.482496054673746 ] ] } },
{ "type": "Feature", "properties": { "start_id": 3130, "end_id": 3131, "km": 303.3230474881409, "from": "maritime", "to": "maritime", "type": "maritime" }, "geometry": { "type": "LineString", "coordinates": [ [ 6.50485501688207, -38.482496054673746 ], [ 9.989804553483792, -38.482496054673746 ] ] } },
{ "type": "Feature", "properties": { "start_id": 3125, "end_id": 3124, "km": 303.32304748814073, "from": "maritime", "to": "maritime", "type": "maritime" }, "geometry": { "type": "LineString", "coordinates": [ [ -24.859690812533415, -38.482496054673746 ], [ -28.344640349135133, -38.482496054673746 ] ] } },
{ "type": "Feature", "properties": { "start_id": 3061, "end_id": 3090, "km": 299.54480726859447, "from": "maritime", "to": "maritime", "type": "maritime" }, "geometry": { "type": "LineString", "coordinates": [ [ -40.569218098706884, -33.226158472872044 ], [ -41.370483310403785, -35.83794108896884 ] ] } },
{ "type": "Feature", "properties": { "start_id": 3059, "end_id": 3088, "km": 302.73531865148965, "from": "maritime", "to": "maritime", "type": "maritime" }, "geometry": { "type": "LineString", "coordinates": [ [ -47.256391103418217, -33.226158472872044 ], [ -48.189731798557688, -35.83794108896884 ] ] } },
{ "type": "Feature", "properties": { "start_id": 1179, "end_id": 3117, "km": 127.40224927382359, "from": "port", "to": "maritime", "type": "maritime" }, "geometry": { "type": "LineString", "coordinates": [ [ -57.5475, -38.00017 ], [ -56.224236641948892, -38.482496054673746 ] ] } },
{ "type": "Feature", "properties": { "start_id": 1167, "end_id": 3136, "km": 299.76820990410948, "from": "port", "to": "maritime", "type": "maritime" }, "geometry": { "type": "LineString", "coordinates": [ [ -58.7, -38.6 ], [ -57.614261298957992, -41.163977832468724 ] ] } },
{ "type": "Feature", "properties": { "start_id": 3117, "end_id": 3118, "km": 303.32304748814073, "from": "maritime", "to": "maritime", "type": "maritime" }, "geometry": { "type": "LineString", "coordinates": [ [ -56.224236641948892, -38.482496054673746 ], [ -52.739287105347174, -38.482496054673746 ] ] } },
{ "type": "Feature", "properties": { "start_id": 3060, "end_id": 3089, "km": 301.08355191609689, "from": "maritime", "to": "maritime", "type": "maritime" }, "geometry": { "type": "LineString", "coordinates": [ [ -43.912804601062547, -33.226158472872044 ], [ -44.780107554480729, -35.83794108896884 ] ] } },
{ "type": "Feature", "properties": { "start_id": 3124, "end_id": 3123, "km": 303.32304748814101, "from": "maritime", "to": "maritime", "type": "maritime" }, "geometry": { "type": "LineString", "coordinates": [ [ -28.344640349135133, -38.482496054673746 ], [ -31.829589885736855, -38.482496054673746 ] ] } },
{ "type": "Feature", "properties": { "start_id": 3091, "end_id": 3090, "km": 307.33851467974233, "from": "maritime", "to": "maritime", "type": "maritime" }, "geometry": { "type": "LineString", "coordinates": [ [ -37.960859066326826, -35.83794108896884 ], [ -41.370483310403785, -35.83794108896884 ] ] } },
{ "type": "Feature", "properties": { "start_id": 3123, "end_id": 3122, "km": 303.3230474881413, "from": "maritime", "to": "maritime", "type": "maritime" }, "geometry": { "type": "LineString", "coordinates": [ [ -31.829589885736855, -38.482496054673746 ], [ -35.314539422338576, -38.482496054673746 ] ] } },
{ "type": "Feature", "properties": { "start_id": 3090, "end_id": 3121, "km": 305.00551728092228, "from": "maritime", "to": "maritime", "type": "maritime" }, "geometry": { "type": "LineString", "coordinates": [ [ -41.370483310403785, -35.83794108896884 ], [ -42.28443849554202, -38.482496054673746 ] ] } },
{ "type": "Feature", "properties": { "start_id": 3133, "end_id": 3137, "km": 298.34960418895508, "from": "maritime", "to": "maritime", "type": "maritime" }, "geometry": { "type": "LineString", "coordinates": [ [ 149.3877860175526, -38.482496054673746 ], [ 149.509973764603615, -41.163977832468724 ] ] } },
{ "type": "Feature", "properties": { "start_id": 3089, "end_id": 3120, "km": 306.84460541378331, "from": "maritime", "to": "maritime", "type": "maritime" }, "geometry": { "type": "LineString", "coordinates": [ [ -44.780107554480729, -35.83794108896884 ], [ -45.769388032143738, -38.482496054673746 ] ] } },
{ "type": "Feature", "properties": { "start_id": 3121, "end_id": 3120, "km": 303.32304748814016, "from": "maritime", "to": "maritime", "type": "maritime" }, "geometry": { "type": "LineString", "coordinates": [ [ -42.28443849554202, -38.482496054673746 ], [ -45.769388032143738, -38.482496054673746 ] ] } },
{ "type": "Feature", "properties": { "start_id": 3120, "end_id": 3119, "km": 303.32304748814073, "from": "maritime", "to": "maritime", "type": "maritime" }, "geometry": { "type": "LineString", "coordinates": [ [ -45.769388032143738, -38.482496054673746 ], [ -49.254337568745456, -38.482496054673746 ] ] } },
{ "type": "Feature", "properties": { "start_id": 3119, "end_id": 3118, "km": 303.32304748814073, "from": "maritime", "to": "maritime", "type": "maritime" }, "geometry": { "type": "LineString", "coordinates": [ [ -49.254337568745456, -38.482496054673746 ], [ -52.739287105347174, -38.482496054673746 ] ] } },
{ "type": "Feature", "properties": { "start_id": 3056, "end_id": 3085, "km": 403.67057127552681, "from": "maritime", "to": "maritime", "type": "maritime" }, "geometry": { "type": "LineString", "coordinates": [ [ 170.413437676476548, -30.643480263658457 ], [ 173.420318052055848, -33.226158472872044 ] ] } },
{ "type": "Feature", "properties": { "start_id": 3140, "end_id": 3141, "km": 288.79808507815989, "from": "maritime", "to": "maritime", "type": "maritime" }, "geometry": { "type": "LineString", "coordinates": [ [ -79.978079871362894, -46.657537848045742 ], [ -76.193647880336073, -46.657537848045742 ] ] } },
{ "type": "Feature", "properties": { "start_id": 3136, "end_id": 3139, "km": 329.84643502256716, "from": "maritime", "to": "maritime", "type": "maritime" }, "geometry": { "type": "LineString", "coordinates": [ [ -57.614261298957992, -41.163977832468724 ], [ -59.210974032146019, -43.887148293864747 ] ] } },
{ "type": "Feature", "properties": { "start_id": 3139, "end_id": 3142, "km": 340.17989287615757, "from": "maritime", "to": "maritime", "type": "maritime" }, "geometry": { "type": "LineString", "coordinates": [ [ -59.210974032146019, -43.887148293864747 ], [ -61.055919916228817, -46.657537848045742 ] ] } },
{ "type": "Feature", "properties": { "start_id": 910, "end_id": 915, "km": 89.238679291353606, "from": "port", "to": "port", "type": "maritime" }, "geometry": { "type": "LineString", "coordinates": [ [ -94.6026, 28.4969 ], [ -93.6906, 28.5409 ] ] } },
{ "type": "Feature", "properties": { "start_id": 979, "end_id": 2826, "km": 109.62453031606947, "from": "port", "to": "maritime", "type": "maritime" }, "geometry": { "type": "LineString", "coordinates": [ [ -81.22251424, -4.867254948 ], [ -81.47873804035234, -5.819554202736426 ] ] } },
{ "type": "Feature", "properties": { "start_id": 1070, "end_id": 2639, "km": 223.50028066965567, "from": "port", "to": "maritime", "type": "maritime" }, "geometry": { "type": "LineString", "coordinates": [ [ -71.97655542, 12.26035969 ], [ -70.480707904539415, 13.644203112651439 ] ] } },
{ "type": "Feature", "properties": { "start_id": 1086, "end_id": 3001, "km": 185.67290175276463, "from": "port", "to": "maritime", "type": "maritime" }, "geometry": { "type": "LineString", "coordinates": [ [ -70.73402141, -26.60251999 ], [ -71.595599072376018, -28.086632483779752 ] ] } },
{ "type": "Feature", "properties": { "start_id": 1091, "end_id": 2946, "km": 259.52552879313862, "from": "port", "to": "maritime", "type": "maritime" }, "geometry": { "type": "LineString", "coordinates": [ [ -70.2333, -22.0833 ], [ -72.115497379567628, -20.542826598741691 ] ] } },
{ "type": "Feature", "properties": { "start_id": 1182, "end_id": 3086, "km": 172.33144070201513, "from": "port", "to": "maritime", "type": "maritime" }, "geometry": { "type": "LineString", "coordinates": [ [ -56.741207, -35.194456 ], [ -55.008980286711584, -35.83794108896884 ] ] } },
{ "type": "Feature", "properties": { "start_id": 1221, "end_id": 2759, "km": 450.77035761721515, "from": "port", "to": "maritime", "type": "maritime" }, "geometry": { "type": "LineString", "coordinates": [ [ -44.24898831, -2.449773553 ], [ -45.30853890495947, 1.463252960218705 ] ] } },
{ "type": "Feature", "properties": { "start_id": 1232, "end_id": 2869, "km": 354.2002739103998, "from": "port", "to": "maritime", "type": "maritime" }, "geometry": { "type": "LineString", "coordinates": [ [ -36.9267, -10.8528 ], [ -33.688268933129066, -10.69212818981817 ] ] } },
{ "type": "Feature", "properties": { "start_id": 1239, "end_id": 2424, "km": 249.15234874402262, "from": "port", "to": "maritime", "type": "maritime" }, "geometry": { "type": "LineString", "coordinates": [ [ -28.627, 38.53473 ], [ -27.851709141994768, 36.38019468571062 ] ] } },
{ "type": "Feature", "properties": { "start_id": 1240, "end_id": 2393, "km": 182.62015540820101, "from": "port", "to": "maritime", "type": "maritime" }, "geometry": { "type": "LineString", "coordinates": [ [ -27.05, 38.7167 ], [ -24.97963084467062, 39.032002689525108 ] ] } },
{ "type": "Feature", "properties": { "start_id": 1243, "end_id": 1249, "km": 228.44392176832855, "from": "port", "to": "port", "type": "maritime" }, "geometry": { "type": "LineString", "coordinates": [ [ -25.03884204, 16.94855309 ], [ -22.95333678, 16.46795331 ] ] } },
{ "type": "Feature", "properties": { "start_id": 1271, "end_id": 2912, "km": 865.29433854644503, "from": "port", "to": "maritime", "type": "maritime" }, "geometry": { "type": "LineString", "coordinates": [ [ -14.4206, -7.9186 ], [ -15.72615218441263, -15.594871652631417 ] ] } },
{ "type": "Feature", "properties": { "start_id": 1277, "end_id": 3068, "km": 445.85273792498225, "from": "port", "to": "maritime", "type": "maritime" }, "geometry": { "type": "LineString", "coordinates": [ [ -12.32, -37.0436 ], [ -13.820526079861541, -33.226158472872044 ] ] } },
{ "type": "Feature", "properties": { "start_id": 1335, "end_id": 2241, "km": 124.12164210410759, "from": "port", "to": "maritime", "type": "maritime" }, "geometry": { "type": "LineString", "coordinates": [ [ -1.150328103, 60.08376311 ], [ -0.605730943990557, 59.002172697018793 ] ] } },
{ "type": "Feature", "properties": { "start_id": 1353, "end_id": 2258, "km": 161.55642067209089, "from": "port", "to": "maritime", "type": "maritime" }, "geometry": { "type": "LineString", "coordinates": [ [ 2.77666054, 51.59927291 ], [ 3.56149458325243, 52.970591630113567 ] ] } },
{ "type": "Feature", "properties": { "start_id": 1370, "end_id": 2744, "km": 81.195932134550361, "from": "port", "to": "maritime", "type": "maritime" }, "geometry": { "type": "LineString", "coordinates": [ [ 6.261200017, 4.193684823 ], [ 5.5951817667135, 3.890641497345556 ] ] } },
{ "type": "Feature", "properties": { "start_id": 1411, "end_id": 1422, "km": 156.19175008963393, "from": "port", "to": "port", "type": "maritime" }, "geometry": { "type": "LineString", "coordinates": [ [ 11.2805, -5.9342 ], [ 12.36667, -6.83305 ] ] } },
{ "type": "Feature", "properties": { "start_id": 1530, "end_id": 2467, "km": 251.82099575794402, "from": "port", "to": "maritime", "type": "maritime" }, "geometry": { "type": "LineString", "coordinates": [ [ 26.568, 31.5015 ], [ 26.404107874400886, 33.761971999546539 ] ] } },
{ "type": "Feature", "properties": { "start_id": 1610, "end_id": 1620, "km": 249.26410451259042, "from": "port", "to": "port", "type": "maritime" }, "geometry": { "type": "LineString", "coordinates": [ [ 39.7303, 43.56843 ], [ 41.59791209, 41.79618862 ] ] } },
{ "type": "Feature", "properties": { "start_id": 1657, "end_id": 1661, "km": 165.91745883497018, "from": "port", "to": "port", "type": "maritime" }, "geometry": { "type": "LineString", "coordinates": [ [ 50.17924001, 26.62422285 ], [ 51.8478, 26.6741 ] ] } },
{ "type": "Feature", "properties": { "start_id": 1668, "end_id": 2814, "km": 411.4312492273869, "from": "port", "to": "maritime", "type": "maritime" }, "geometry": { "type": "LineString", "coordinates": [ [ 52.7311, -7.0019 ], [ 53.538356117745415, -3.390173450947668 ] ] } },
{ "type": "Feature", "properties": { "start_id": 1672, "end_id": 2540, "km": 101.4247738565531, "from": "port", "to": "maritime", "type": "maritime" }, "geometry": { "type": "LineString", "coordinates": [ [ 53.3301, 26.79463 ], [ 53.953420215153457, 26.073197253333667 ] ] } },
{ "type": "Feature", "properties": { "start_id": 1680, "end_id": 2794, "km": 399.73440977653337, "from": "port", "to": "maritime", "type": "maritime" }, "geometry": { "type": "LineString", "coordinates": [ [ 55.6401377, -4.459089572 ], [ 56.478793833853686, -0.963129086041152 ] ] } },
{ "type": "Feature", "properties": { "start_id": 1684, "end_id": 2858, "km": 425.46151157307929, "from": "port", "to": "maritime", "type": "maritime" }, "geometry": { "type": "LineString", "coordinates": [ [ 56.6656, -10.4361 ], [ 59.850409415948135, -8.252964051334699 ] ] } },
{ "type": "Feature", "properties": { "start_id": 1710, "end_id": 2697, "km": 269.49180829326713, "from": "port", "to": "maritime", "type": "maritime" }, "geometry": { "type": "LineString", "coordinates": [ [ 73.67, 10.81 ], [ 74.974140776833963, 8.755166711699014 ] ] } },
{ "type": "Feature", "properties": { "start_id": 1783, "end_id": 1793, "km": 255.68192446103902, "from": "port", "to": "port", "type": "maritime" }, "geometry": { "type": "LineString", "coordinates": [ [ 106.4294, 18.105 ], [ 108.6167, 19.1 ] ] } },
{ "type": "Feature", "properties": { "start_id": 1842, "end_id": 2108, "km": 138.90128827349096, "from": "port", "to": "country", "type": "maritime" }, "geometry": { "type": "LineString", "coordinates": [ [ 117.5325, -1.0003 ], [ 117.3119965, -2.2298701 ] ] } },
{ "type": "Feature", "properties": { "start_id": 1846, "end_id": 1860, "km": 130.50314980527145, "from": "port", "to": "port", "type": "maritime" }, "geometry": { "type": "LineString", "coordinates": [ [ 117.7500388, 38.76085335 ], [ 118.9828, 38.0939 ] ] } },
{ "type": "Feature", "properties": { "start_id": 1900, "end_id": 2846, "km": 315.69082195862535, "from": "port", "to": "maritime", "type": "maritime" }, "geometry": { "type": "LineString", "coordinates": [ [ 122.2189, -8.61517 ], [ 122.717761215080785, -5.819554202736426 ] ] } },
{ "type": "Feature", "properties": { "start_id": 1977, "end_id": 2729, "km": 356.95522885431598, "from": "port", "to": "maritime", "type": "maritime" }, "geometry": { "type": "LineString", "coordinates": [ [ 138.12541, 9.51578 ], [ 137.811284422592166, 6.320713330752366 ] ] } },
{ "type": "Feature", "properties": { "start_id": 1993, "end_id": 2802, "km": 312.9634350911362, "from": "port", "to": "maritime", "type": "maritime" }, "geometry": { "type": "LineString", "coordinates": [ [ 141.0094267, -2.610073382 ], [ 143.292994718126153, -0.963129086041152 ] ] } },
{ "type": "Feature", "properties": { "start_id": 2004, "end_id": 2527, "km": 381.97316188468011, "from": "port", "to": "maritime", "type": "maritime" }, "geometry": { "type": "LineString", "coordinates": [ [ 142.2228389, 26.88296858 ], [ 145.577382138815977, 28.6116543300115 ] ] } },
{ "type": "Feature", "properties": { "start_id": 2045, "end_id": 2340, "km": 428.92066826948536, "from": "port", "to": "maritime", "type": "maritime" }, "geometry": { "type": "LineString", "coordinates": [ [ 153.0425, 48.0133 ], [ 150.891151218685309, 44.454086083266183 ] ] } },
{ "type": "Feature", "properties": { "start_id": 2242, "end_id": 1352, "km": 250.73235505508936, "from": "maritime", "to": "port", "type": "maritime" }, "geometry": { "type": "LineString", "coordinates": [ [ 3.933498713653841, 59.002172697018793 ], [ 2.480253557, 61.13745005 ] ] } },
{ "type": "Feature", "properties": { "start_id": 2244, "end_id": 2255, "km": 373.66293501565599, "from": "maritime", "to": "maritime", "type": "maritime" }, "geometry": { "type": "LineString", "coordinates": [ [ -151.203734490148349, 55.943425022583448 ], [ -148.506267870500324, 52.970591630113567 ] ] } },
{ "type": "Feature", "properties": { "start_id": 2253, "end_id": 2266, "km": 343.43966844120814, "from": "maritime", "to": "maritime", "type": "maritime" }, "geometry": { "type": "LineString", "coordinates": [ [ -156.726146922054539, 52.970591630113567 ], [ -158.437594463303526, 50.071105542797362 ] ] } },
{ "type": "Feature", "properties": { "start_id": 2256, "end_id": 2270, "km": 344.36268093671208, "from": "maritime", "to": "maritime", "type": "maritime" }, "geometry": { "type": "LineString", "coordinates": [ [ -144.39632834472323, 52.970591630113567 ], [ -142.646515460091621, 50.071105542797362 ] ] } },
{ "type": "Feature", "properties": { "start_id": 2257, "end_id": 2271, "km": 340.58497009945154, "from": "maritime", "to": "maritime", "type": "maritime" }, "geometry": { "type": "LineString", "coordinates": [ [ -140.286388818946136, 52.970591630113567 ], [ -138.698745709288659, 50.071105542797362 ] ] } },
{ "type": "Feature", "properties": { "start_id": 2257, "end_id": 2272, "km": 500.37724331139862, "from": "maritime", "to": "maritime", "type": "maritime" }, "geometry": { "type": "LineString", "coordinates": [ [ -140.286388818946136, 52.970591630113567 ], [ -134.750975958485668, 50.071105542797362 ] ] } },
{ "type": "Feature", "properties": { "start_id": 2259, "end_id": 2281, "km": 371.84978387351799, "from": "maritime", "to": "maritime", "type": "maritime" }, "geometry": { "type": "LineString", "coordinates": [ [ 167.959075614336484, 52.970591630113567 ], [ 165.279525102540447, 50.071105542797362 ] ] } },
{ "type": "Feature", "properties": { "start_id": 2260, "end_id": 2283, "km": 383.51474918194555, "from": "maritime", "to": "maritime", "type": "maritime" }, "geometry": { "type": "LineString", "coordinates": [ [ 176.1789546658907, 52.970591630113567 ], [ 173.175064604146399, 50.071105542797362 ] ] } },
{ "type": "Feature", "properties": { "start_id": 2261, "end_id": 2285, "km": 331.95919305092355, "from": "maritime", "to": "maritime", "type": "maritime" }, "geometry": { "type": "LineString", "coordinates": [ [ -178.176443217318422, 50.071105542797362 ], [ -179.588187549987794, 47.234980716592936 ] ] } },
{ "type": "Feature", "properties": { "start_id": 2265, "end_id": 2290, "km": 343.31680341552192, "from": "maritime", "to": "maritime", "type": "maritime" }, "geometry": { "type": "LineString", "coordinates": [ [ -162.385364214106517, 50.071105542797362 ], [ -160.537151385066323, 47.234980716592936 ] ] } },
{ "type": "Feature", "properties": { "start_id": 2267, "end_id": 2292, "km": 335.84633681401095, "from": "maritime", "to": "maritime", "type": "maritime" }, "geometry": { "type": "LineString", "coordinates": [ [ -154.489824712500564, 50.071105542797362 ], [ -152.91673691909773, 47.234980716592936 ] ] } },
{ "type": "Feature", "properties": { "start_id": 2269, "end_id": 2294, "km": 329.44649321675638, "from": "maritime", "to": "maritime", "type": "maritime" }, "geometry": { "type": "LineString", "coordinates": [ [ -146.594285210894611, 50.071105542797362 ], [ -145.296322453129193, 47.234980716592936 ] ] } },
{ "type": "Feature", "properties": { "start_id": 2273, "end_id": 2298, "km": 320.10521574306847, "from": "maritime", "to": "maritime", "type": "maritime" }, "geometry": { "type": "LineString", "coordinates": [ [ -130.803206207682706, 50.071105542797362 ], [ -130.055493521192005, 47.234980716592936 ] ] } },
{ "type": "Feature", "properties": { "start_id": 2280, "end_id": 2310, "km": 342.26043914641349, "from": "maritime", "to": "maritime", "type": "maritime" }, "geometry": { "type": "LineString", "coordinates": [ [ 161.331755351737485, 50.071105542797362 ], [ 159.520256185613931, 47.234980716592936 ] ] } },
{ "type": "Feature", "properties": { "start_id": 2286, "end_id": 2317, "km": 337.53214476589449, "from": "maritime", "to": "maritime", "type": "maritime" }, "geometry": { "type": "LineString", "coordinates": [ [ -175.777980317003482, 47.234980716592936 ], [ -174.030311768373394, 44.454086083266183 ] ] } },
{ "type": "Feature", "properties": { "start_id": 2291, "end_id": 2320, "km": 321.9594771527137, "from": "maritime", "to": "maritime", "type": "maritime" }, "geometry": { "type": "LineString", "coordinates": [ [ -156.726944152082041, 47.234980716592936 ], [ -155.568865007745046, 44.454086083266183 ] ] } },
{ "type": "Feature", "properties": { "start_id": 2297, "end_id": 2323, "km": 311.18311602534436, "from": "maritime", "to": "maritime", "type": "maritime" }, "geometry": { "type": "LineString", "coordinates": [ [ -133.865700754176288, 47.234980716592936 ], [ -133.415128894991028, 44.454086083266183 ] ] } },
{ "type": "Feature", "properties": { "start_id": 2300, "end_id": 2330, "km": 325.49990513640302, "from": "maritime", "to": "maritime", "type": "maritime" }, "geometry": { "type": "LineString", "coordinates": [ [ -42.420727162553369, 47.234980716592936 ], [ -41.107895091849379, 44.454086083266183 ] ] } },
{ "type": "Feature", "properties": { "start_id": 2300, "end_id": 2329, "km": 359.94163050222284, "from": "maritime", "to": "maritime", "type": "maritime" }, "geometry": { "type": "LineString", "coordinates": [ [ -42.420727162553369, 47.234980716592936 ], [ -44.800184443975041, 44.454086083266183 ] ] } },
{ "type": "Feature", "properties": { "start_id": 2301, "end_id": 2331, "km": 322.76537771039796, "from": "maritime", "to": "maritime", "type": "maritime" }, "geometry": { "type": "LineString", "coordinates": [ [ -38.61051992956908, 47.234980716592936 ], [ -37.415605739723709, 44.454086083266183 ] ] } },
{ "type": "Feature", "properties": { "start_id": 2302, "end_id": 2332, "km": 320.26783761841881, "from": "maritime", "to": "maritime", "type": "maritime" }, "geometry": { "type": "LineString", "coordinates": [ [ -34.80031269658479, 47.234980716592936 ], [ -33.723316387598047, 44.454086083266183 ] ] } },
{ "type": "Feature", "properties": { "start_id": 2303, "end_id": 2333, "km": 318.01287401691161, "from": "maritime", "to": "maritime", "type": "maritime" }, "geometry": { "type": "LineString", "coordinates": [ [ -30.990105463600496, 47.234980716592936 ], [ -30.031027035472373, 44.454086083266183 ] ] } },
{ "type": "Feature", "properties": { "start_id": 2311, "end_id": 2343, "km": 326.71982534471232, "from": "maritime", "to": "maritime", "type": "maritime" }, "geometry": { "type": "LineString", "coordinates": [ [ 163.330463418598242, 47.234980716592936 ], [ 161.968019275062289, 44.454086083266183 ] ] } },
{ "type": "Feature", "properties": { "start_id": 2312, "end_id": 2344, "km": 329.78079113916993, "from": "maritime", "to": "maritime", "type": "maritime" }, "geometry": { "type": "LineString", "coordinates": [ [ 167.140670651582553, 47.234980716592936 ], [ 165.660308627187959, 44.454086083266183 ] ] } },
{ "type": "Feature", "properties": { "start_id": 2313, "end_id": 2345, "km": 333.06393396255856, "from": "maritime", "to": "maritime", "type": "maritime" }, "geometry": { "type": "LineString", "coordinates": [ [ 170.950877884566808, 47.234980716592936 ], [ 169.352597979313629, 44.454086083266183 ] ] } },
{ "type": "Feature", "properties": { "start_id": 2314, "end_id": 2346, "km": 336.56274486575546, "from": "maritime", "to": "maritime", "type": "maritime" }, "geometry": { "type": "LineString", "coordinates": [ [ 174.76108511755109, 47.234980716592936 ], [ 173.04488733143927, 44.454086083266183 ] ] } },
{ "type": "Feature", "properties": { "start_id": 2318, "end_id": 2288, "km": 352.30482889146646, "from": "maritime", "to": "maritime", "type": "maritime" }, "geometry": { "type": "LineString", "coordinates": [ [ -170.338022416247696, 44.454086083266183 ], [ -168.157565851034889, 47.234980716592936 ] ] } },
{ "type": "Feature", "properties": { "start_id": 2320, "end_id": 2348, "km": 309.14866718817257, "from": "maritime", "to": "maritime", "type": "maritime" }, "geometry": { "type": "LineString", "coordinates": [ [ -155.568865007745046, 44.454086083266183 ], [ -154.865586077864009, 41.721664659400808 ] ] } },
{ "type": "Feature", "properties": { "start_id": 2322, "end_id": 2349, "km": 394.03710371669985, "from": "maritime", "to": "maritime", "type": "maritime" }, "geometry": { "type": "LineString", "coordinates": [ [ -148.184286303493707, 44.454086083266183 ], [ -151.275202994278402, 41.721664659400808 ] ] } },
{ "type": "Feature", "properties": { "start_id": 2323, "end_id": 2352, "km": 426.20515086778113, "from": "maritime", "to": "maritime", "type": "maritime" }, "geometry": { "type": "LineString", "coordinates": [ [ -133.415128894991028, 44.454086083266183 ], [ -129.732904492764675, 41.721664659400808 ] ] } },
{ "type": "Feature", "properties": { "start_id": 2324, "end_id": 2352, "km": 303.83249839478009, "from": "maritime", "to": "maritime", "type": "maritime" }, "geometry": { "type": "LineString", "coordinates": [ [ -129.722839542865358, 44.454086083266183 ], [ -129.732904492764675, 41.721664659400808 ] ] } },
{ "type": "Feature", "properties": { "start_id": 2327, "end_id": 2355, "km": 328.61275658775207, "from": "maritime", "to": "maritime", "type": "maritime" }, "geometry": { "type": "LineString", "coordinates": [ [ -55.877052500352036, 44.454086083266183 ], [ -54.33485973746663, 41.721664659400808 ] ] } },
{ "type": "Feature", "properties": { "start_id": 2328, "end_id": 2357, "km": 322.67258214508126, "from": "maritime", "to": "maritime", "type": "maritime" }, "geometry": { "type": "LineString", "coordinates": [ [ -48.492473796100704, 44.454086083266183 ], [ -47.15409357029538, 41.721664659400808 ] ] } },
{ "type": "Feature", "properties": { "start_id": 2328, "end_id": 2356, "km": 354.58787082189275, "from": "maritime", "to": "maritime", "type": "maritime" }, "geometry": { "type": "LineString", "coordinates": [ [ -48.492473796100704, 44.454086083266183 ], [ -50.744476653881009, 41.721664659400808 ] ] } },
{ "type": "Feature", "properties": { "start_id": 2335, "end_id": 2363, "km": 387.62710445715339, "from": "maritime", "to": "maritime", "type": "maritime" }, "geometry": { "type": "LineString", "coordinates": [ [ -22.646448331221045, 44.454086083266183 ], [ -25.611795068781657, 41.721664659400808 ] ] } },
{ "type": "Feature", "properties": { "start_id": 2336, "end_id": 2364, "km": 304.93516428814996, "from": "maritime", "to": "maritime", "type": "maritime" }, "geometry": { "type": "LineString", "coordinates": [ [ -11.569580274844041, 44.454086083266183 ], [ -11.25026273443917, 41.721664659400808 ] ] } },
{ "type": "Feature", "properties": { "start_id": 2342, "end_id": 2375, "km": 310.32588833418941, "from": "maritime", "to": "maritime", "type": "maritime" }, "geometry": { "type": "LineString", "coordinates": [ [ 158.27572992293662, 44.454086083266183 ], [ 157.497742194085049, 41.721664659400808 ] ] } },
{ "type": "Feature", "properties": { "start_id": 2350, "end_id": 2380, "km": 424.43906559903365, "from": "maritime", "to": "maritime", "type": "maritime" }, "geometry": { "type": "LineString", "coordinates": [ [ -144.09443682710716, 41.721664659400808 ], [ -140.537819744591275, 39.032002689525108 ] ] } },
{ "type": "Feature", "properties": { "start_id": 2351, "end_id": 2381, "km": 419.14842688727418, "from": "maritime", "to": "maritime", "type": "maritime" }, "geometry": { "type": "LineString", "coordinates": [ [ -140.504053743521553, 41.721664659400808 ], [ -137.036056444593697, 39.032002689525108 ] ] } },
{ "type": "Feature", "properties": { "start_id": 2354, "end_id": 2383, "km": 328.58113423771425, "from": "maritime", "to": "maritime", "type": "maritime" }, "geometry": { "type": "LineString", "coordinates": [ [ -65.106008988223493, 41.721664659400808 ], [ -63.499027144644174, 39.032002689525108 ] ] } },
{ "type": "Feature", "properties": { "start_id": 2354, "end_id": 2326, "km": 338.71794427874403, "from": "maritime", "to": "maritime", "type": "maritime" }, "geometry": { "type": "LineString", "coordinates": [ [ -65.106008988223493, 41.721664659400808 ], [ -63.261631204603376, 44.454086083266183 ] ] } },
{ "type": "Feature", "properties": { "start_id": 2355, "end_id": 2386, "km": 319.914169809854, "from": "maritime", "to": "maritime", "type": "maritime" }, "geometry": { "type": "LineString", "coordinates": [ [ -54.33485973746663, 41.721664659400808 ], [ -52.993737244651385, 39.032002689525108 ] ] } },
{ "type": "Feature", "properties": { "start_id": 2364, "end_id": 2397, "km": 299.99980809352053, "from": "maritime", "to": "maritime", "type": "maritime" }, "geometry": { "type": "LineString", "coordinates": [ [ -11.25026273443917, 41.721664659400808 ], [ -10.972577644680236, 39.032002689525108 ] ] } },
{ "type": "Feature", "properties": { "start_id": 2378, "end_id": 2377, "km": 595.79051075095185, "from": "maritime", "to": "maritime", "type": "maritime" }, "geometry": { "type": "LineString", "coordinates": [ [ 171.859274528427534, 41.721664659400808 ], [ 164.678508361256291, 41.721664659400808 ] ] } },
{ "type": "Feature", "properties": { "start_id": 2383, "end_id": 2414, "km": 319.6748459393383, "from": "maritime", "to": "maritime", "type": "maritime" }, "geometry": { "type": "LineString", "coordinates": [ [ -63.499027144644174, 39.032002689525108 ], [ -62.09514976159754, 36.38019468571062 ] ] } },
{ "type": "Feature", "properties": { "start_id": 2394, "end_id": 2395, "km": 302.44819315170213, "from": "maritime", "to": "maritime", "type": "maritime" }, "geometry": { "type": "LineString", "coordinates": [ [ -21.477867544673025, 39.032002689525108 ], [ -17.97610424467543, 39.032002689525108 ] ] } },
{ "type": "Feature", "properties": { "start_id": 2395, "end_id": 2396, "km": 302.4481931517027, "from": "maritime", "to": "maritime", "type": "maritime" }, "geometry": { "type": "LineString", "coordinates": [ [ -17.97610424467543, 39.032002689525108 ], [ -14.474340944677831, 39.032002689525108 ] ] } },
{ "type": "Feature", "properties": { "start_id": 2396, "end_id": 2397, "km": 302.44819315170236, "from": "maritime", "to": "maritime", "type": "maritime" }, "geometry": { "type": "LineString", "coordinates": [ [ -14.474340944677831, 39.032002689525108 ], [ -10.972577644680236, 39.032002689525108 ] ] } },
{ "type": "Feature", "properties": { "start_id": 2405, "end_id": 2441, "km": 295.75626358957993, "from": "maritime", "to": "maritime", "type": "maritime" }, "geometry": { "type": "LineString", "coordinates": [ [ 143.105007555213973, 39.032002689525108 ], [ 143.365493956019066, 36.38019468571062 ] ] } },
{ "type": "Feature", "properties": { "start_id": 2406, "end_id": 2407, "km": 302.44819315170156, "from": "maritime", "to": "maritime", "type": "maritime" }, "geometry": { "type": "LineString", "coordinates": [ [ 146.606770855211579, 39.032002689525108 ], [ 150.108534155209156, 39.032002689525108 ] ] } },
{ "type": "Feature", "properties": { "start_id": 2406, "end_id": 2405, "km": 302.44819315170383, "from": "maritime", "to": "maritime", "type": "maritime" }, "geometry": { "type": "LineString", "coordinates": [ [ 146.606770855211579, 39.032002689525108 ], [ 143.105007555213973, 39.032002689525108 ] ] } },
{ "type": "Feature", "properties": { "start_id": 2407, "end_id": 2374, "km": 439.2275887826645, "from": "maritime", "to": "maritime", "type": "maritime" }, "geometry": { "type": "LineString", "coordinates": [ [ 150.108534155209156, 39.032002689525108 ], [ 153.907359110499414, 41.721664659400808 ] ] } },
{ "type": "Feature", "properties": { "start_id": 2408, "end_id": 2442, "km": 624.9948573082321, "from": "maritime", "to": "maritime", "type": "maritime" }, "geometry": { "type": "LineString", "coordinates": [ [ -137.430719124723652, 36.38019468571062 ], [ -131.351458849868152, 33.761971999546539 ] ] } },
{ "type": "Feature", "properties": { "start_id": 2409, "end_id": 2410, "km": 612.98596726315327, "from": "maritime", "to": "maritime", "type": "maritime" }, "geometry": { "type": "LineString", "coordinates": [ [ -134.006375062763368, 36.38019468571062 ], [ -127.157686938842787, 36.38019468571062 ] ] } },
{ "type": "Feature", "properties": { "start_id": 2412, "end_id": 2447, "km": 316.54948425743845, "from": "maritime", "to": "maritime", "type": "maritime" }, "geometry": { "type": "LineString", "coordinates": [ [ -68.943837885518093, 36.38019468571062 ], [ -67.577931876227481, 33.761971999546539 ] ] } },
{ "type": "Feature", "properties": { "start_id": 2412, "end_id": 2446, "km": 342.87172691332421, "from": "maritime", "to": "maritime", "type": "maritime" }, "geometry": { "type": "LineString", "coordinates": [ [ -68.943837885518093, 36.38019468571062 ], [ -70.934433295892774, 33.761971999546539 ] ] } },
{ "type": "Feature", "properties": { "start_id": 2413, "end_id": 2448, "km": 314.17737997465053, "from": "maritime", "to": "maritime", "type": "maritime" }, "geometry": { "type": "LineString", "coordinates": [ [ -65.519493823557823, 36.38019468571062 ], [ -64.221430456562175, 33.761971999546539 ] ] } },
{ "type": "Feature", "properties": { "start_id": 2421, "end_id": 2422, "km": 306.54119119534658, "from": "maritime", "to": "maritime", "type": "maritime" }, "geometry": { "type": "LineString", "coordinates": [ [ -38.124741327875597, 36.38019468571062 ], [ -34.700397265915321, 36.38019468571062 ] ] } },
{ "type": "Feature", "properties": { "start_id": 2426, "end_id": 2425, "km": 306.54119119534658, "from": "maritime", "to": "maritime", "type": "maritime" }, "geometry": { "type": "LineString", "coordinates": [ [ -21.003021018074215, 36.38019468571062 ], [ -24.427365080034491, 36.38019468571062 ] ] } },
{ "type": "Feature", "properties": { "start_id": 2427, "end_id": 2428, "km": 306.54119119534647, "from": "maritime", "to": "maritime", "type": "maritime" }, "geometry": { "type": "LineString", "coordinates": [ [ -17.578676956113934, 36.38019468571062 ], [ -14.15433289415366, 36.38019468571062 ] ] } },
{ "type": "Feature", "properties": { "start_id": 2429, "end_id": 2464, "km": 291.77488757852331, "from": "maritime", "to": "maritime", "type": "maritime" }, "geometry": { "type": "LineString", "coordinates": [ [ -10.729988832193381, 36.38019468571062 ], [ -10.517407741917401, 33.761971999546539 ] ] } },
{ "type": "Feature", "properties": { "start_id": 2435, "end_id": 2434, "km": 306.54119119534658, "from": "maritime", "to": "maritime", "type": "maritime" }, "geometry": { "type": "LineString", "coordinates": [ [ 20.089107725449107, 36.38019468571062 ], [ 16.664763663488831, 36.38019468571062 ] ] } },
{ "type": "Feature", "properties": { "start_id": 2443, "end_id": 2444, "km": 310.26897886932761, "from": "maritime", "to": "maritime", "type": "maritime" }, "geometry": { "type": "LineString", "coordinates": [ [ -127.994957430202874, 33.761971999546539 ], [ -124.638456010537539, 33.761971999546539 ] ] } },
{ "type": "Feature", "properties": { "start_id": 2444, "end_id": 2445, "km": 310.26897886932284, "from": "maritime", "to": "maritime", "type": "maritime" }, "geometry": { "type": "LineString", "coordinates": [ [ -124.638456010537539, 33.761971999546539 ], [ -121.28195459087226, 33.761971999546539 ] ] } },
{ "type": "Feature", "properties": { "start_id": 2451, "end_id": 2452, "km": 310.26897886932403, "from": "maritime", "to": "maritime", "type": "maritime" }, "geometry": { "type": "LineString", "coordinates": [ [ -54.151926197566283, 33.761971999546539 ], [ -50.795424777900983, 33.761971999546539 ] ] } },
{ "type": "Feature", "properties": { "start_id": 2453, "end_id": 2454, "km": 310.26897886932346, "from": "maritime", "to": "maritime", "type": "maritime" }, "geometry": { "type": "LineString", "coordinates": [ [ -47.438923358235684, 33.761971999546539 ], [ -44.082421938570391, 33.761971999546539 ] ] } },
{ "type": "Feature", "properties": { "start_id": 2455, "end_id": 2456, "km": 310.26897886932403, "from": "maritime", "to": "maritime", "type": "maritime" }, "geometry": { "type": "LineString", "coordinates": [ [ -40.725920518905092, 33.761971999546539 ], [ -37.369419099239792, 33.761971999546539 ] ] } },
{ "type": "Feature", "properties": { "start_id": 2457, "end_id": 2458, "km": 310.26897886932403, "from": "maritime", "to": "maritime", "type": "maritime" }, "geometry": { "type": "LineString", "coordinates": [ [ -34.012917679574493, 33.761971999546539 ], [ -30.656416259909193, 33.761971999546539 ] ] } },
{ "type": "Feature", "properties": { "start_id": 2459, "end_id": 2460, "km": 310.2689788693238, "from": "maritime", "to": "maritime", "type": "maritime" }, "geometry": { "type": "LineString", "coordinates": [ [ -27.299914840243893, 33.761971999546539 ], [ -23.943413420578597, 33.761971999546539 ] ] } },
{ "type": "Feature", "properties": { "start_id": 2461, "end_id": 2462, "km": 310.26897886932437, "from": "maritime", "to": "maritime", "type": "maritime" }, "geometry": { "type": "LineString", "coordinates": [ [ -20.586912000913298, 33.761971999546539 ], [ -17.230410581247995, 33.761971999546539 ] ] } },
{ "type": "Feature", "properties": { "start_id": 2463, "end_id": 2495, "km": 288.74111538171837, "from": "maritime", "to": "maritime", "type": "maritime" }, "geometry": { "type": "LineString", "coordinates": [ [ -13.873909161582699, 33.761971999546539 ], [ -13.627769537454185, 31.173574779410764 ] ] } },
{ "type": "Feature", "properties": { "start_id": 2468, "end_id": 2467, "km": 310.2689788693238, "from": "maritime", "to": "maritime", "type": "maritime" }, "geometry": { "type": "LineString", "coordinates": [ [ 29.760609294066182, 33.761971999546539 ], [ 26.404107874400886, 33.761971999546539 ] ] } },
{ "type": "Feature", "properties": { "start_id": 2470, "end_id": 2438, "km": 303.00914102947843, "from": "maritime", "to": "maritime", "type": "maritime" }, "geometry": { "type": "LineString", "coordinates": [ [ 123.742649044694559, 33.761971999546539 ], [ 122.819429584257406, 36.38019468571062 ] ] } },
{ "type": "Feature", "properties": { "start_id": 2475, "end_id": 2474, "km": 310.26897886932522, "from": "maritime", "to": "maritime", "type": "maritime" }, "geometry": { "type": "LineString", "coordinates": [ [ 143.881657562686343, 33.761971999546539 ], [ 140.525156143021036, 33.761971999546539 ] ] } },
{ "type": "Feature", "properties": { "start_id": 2475, "end_id": 2501, "km": 374.38179686375776, "from": "maritime", "to": "maritime", "type": "maritime" }, "geometry": { "type": "LineString", "coordinates": [ [ 143.881657562686343, 33.761971999546539 ], [ 141.32902609458273, 31.173574779410764 ] ] } },
{ "type": "Feature", "properties": { "start_id": 2477, "end_id": 2510, "km": 348.765876787845, "from": "maritime", "to": "maritime", "type": "maritime" }, "geometry": { "type": "LineString", "coordinates": [ [ -72.972925311425755, 31.173574779410764 ], [ -75.060499835659044, 28.6116543300115 ] ] } },
{ "type": "Feature", "properties": { "start_id": 2478, "end_id": 2479, "km": 313.65630790848661, "from": "maritime", "to": "maritime", "type": "maritime" }, "geometry": { "type": "LineString", "coordinates": [ [ -69.675972212871784, 31.173574779410764 ], [ -66.379019114317799, 31.173574779410764 ] ] } },
{ "type": "Feature", "properties": { "start_id": 2480, "end_id": 2481, "km": 313.65630790848661, "from": "maritime", "to": "maritime", "type": "maritime" }, "geometry": { "type": "LineString", "coordinates": [ [ -63.082066015763829, 31.173574779410764 ], [ -59.785112917209851, 31.173574779410764 ] ] } },
{ "type": "Feature", "properties": { "start_id": 2482, "end_id": 2483, "km": 313.6563079084878, "from": "maritime", "to": "maritime", "type": "maritime" }, "geometry": { "type": "LineString", "coordinates": [ [ -56.488159818655888, 31.173574779410764 ], [ -53.191206720101903, 31.173574779410764 ] ] } },
{ "type": "Feature", "properties": { "start_id": 2484, "end_id": 2485, "km": 313.65630790848661, "from": "maritime", "to": "maritime", "type": "maritime" }, "geometry": { "type": "LineString", "coordinates": [ [ -49.894253621547925, 31.173574779410764 ], [ -46.597300522993947, 31.173574779410764 ] ] } },
{ "type": "Feature", "properties": { "start_id": 2486, "end_id": 2487, "km": 313.65630790848724, "from": "maritime", "to": "maritime", "type": "maritime" }, "geometry": { "type": "LineString", "coordinates": [ [ -43.300347424439977, 31.173574779410764 ], [ -40.003394325885999, 31.173574779410764 ] ] } },
{ "type": "Feature", "properties": { "start_id": 2488, "end_id": 2489, "km": 313.65630790848661, "from": "maritime", "to": "maritime", "type": "maritime" }, "geometry": { "type": "LineString", "coordinates": [ [ -36.706441227332022, 31.173574779410764 ], [ -33.409488128778044, 31.173574779410764 ] ] } },
{ "type": "Feature", "properties": { "start_id": 2490, "end_id": 2491, "km": 313.65630790848689, "from": "maritime", "to": "maritime", "type": "maritime" }, "geometry": { "type": "LineString", "coordinates": [ [ -30.11253503022407, 31.173574779410764 ], [ -26.815581931670089, 31.173574779410764 ] ] } },
{ "type": "Feature", "properties": { "start_id": 2490, "end_id": 2521, "km": 390.24006317108103, "from": "maritime", "to": "maritime", "type": "maritime" }, "geometry": { "type": "LineString", "coordinates": [ [ -30.11253503022407, 31.173574779410764 ], [ -32.879728281715288, 28.6116543300115 ] ] } },
{ "type": "Feature", "properties": { "start_id": 2491, "end_id": 2492, "km": 313.65630790848661, "from": "maritime", "to": "maritime", "type": "maritime" }, "geometry": { "type": "LineString", "coordinates": [ [ -26.815581931670089, 31.173574779410764 ], [ -23.518628833116114, 31.173574779410764 ] ] } },
{ "type": "Feature", "properties": { "start_id": 2492, "end_id": 2493, "km": 313.65630790848627, "from": "maritime", "to": "maritime", "type": "maritime" }, "geometry": { "type": "LineString", "coordinates": [ [ -23.518628833116114, 31.173574779410764 ], [ -20.22167573456214, 31.173574779410764 ] ] } },
{ "type": "Feature", "properties": { "start_id": 2499, "end_id": 2500, "km": 313.65630790848417, "from": "maritime", "to": "maritime", "type": "maritime" }, "geometry": { "type": "LineString", "coordinates": [ [ 134.735119897474789, 31.173574779410764 ], [ 138.032072996028745, 31.173574779410764 ] ] } },
{ "type": "Feature", "properties": { "start_id": 2499, "end_id": 2498, "km": 313.656307908489, "from": "maritime", "to": "maritime", "type": "maritime" }, "geometry": { "type": "LineString", "coordinates": [ [ 134.735119897474789, 31.173574779410764 ], [ 131.438166798920804, 31.173574779410764 ] ] } },
{ "type": "Feature", "properties": { "start_id": 2500, "end_id": 2473, "km": 298.99345953872682, "from": "maritime", "to": "maritime", "type": "maritime" }, "geometry": { "type": "LineString", "coordinates": [ [ 138.032072996028745, 31.173574779410764 ], [ 137.168654723355758, 33.761971999546539 ] ] } },
{ "type": "Feature", "properties": { "start_id": 2502, "end_id": 2504, "km": 627.24296346923381, "from": "maritime", "to": "maritime", "type": "maritime" }, "geometry": { "type": "LineString", "coordinates": [ [ 167.704650883014523, 31.173574779410764 ], [ 174.298557080122492, 31.173574779410764 ] ] } },
{ "type": "Feature", "properties": { "start_id": 2506, "end_id": 2529, "km": 330.85746365545538, "from": "maritime", "to": "maritime", "type": "maritime" }, "geometry": { "type": "LineString", "coordinates": [ [ -123.730620859440293, 28.6116543300115 ], [ -121.982795429609411, 26.073197253333667 ] ] } },
{ "type": "Feature", "properties": { "start_id": 2506, "end_id": 2530, "km": 564.1745560514953, "from": "maritime", "to": "maritime", "type": "maritime" }, "geometry": { "type": "LineString", "coordinates": [ [ -123.730620859440293, 28.6116543300115 ], [ -118.783955145159169, 26.073197253333667 ] ] } },
{ "type": "Feature", "properties": { "start_id": 2508, "end_id": 2530, "km": 320.75436748589743, "from": "maritime", "to": "maritime", "type": "maritime" }, "geometry": { "type": "LineString", "coordinates": [ [ -117.241271389602801, 28.6116543300115 ], [ -118.783955145159169, 26.073197253333667 ] ] } },
{ "type": "Feature", "properties": { "start_id": 2511, "end_id": 2512, "km": 316.7238355673602, "from": "maritime", "to": "maritime", "type": "maritime" }, "geometry": { "type": "LineString", "coordinates": [ [ -65.326475630902792, 28.6116543300115 ], [ -62.081800895984045, 28.6116543300115 ] ] } },
{ "type": "Feature", "properties": { "start_id": 2512, "end_id": 2513, "km": 316.7238355673602, "from": "maritime", "to": "maritime", "type": "maritime" }, "geometry": { "type": "LineString", "coordinates": [ [ -62.081800895984045, 28.6116543300115 ], [ -58.837126161065299, 28.6116543300115 ] ] } },
{ "type": "Feature", "properties": { "start_id": 2513, "end_id": 2514, "km": 316.72383556736077, "from": "maritime", "to": "maritime", "type": "maritime" }, "geometry": { "type": "LineString", "coordinates": [ [ -58.837126161065299, 28.6116543300115 ], [ -55.592451426146546, 28.6116543300115 ] ] } },
{ "type": "Feature", "properties": { "start_id": 2515, "end_id": 2516, "km": 316.72383556736139, "from": "maritime", "to": "maritime", "type": "maritime" }, "geometry": { "type": "LineString", "coordinates": [ [ -52.347776691227793, 28.6116543300115 ], [ -49.10310195630904, 28.6116543300115 ] ] } },
{ "type": "Feature", "properties": { "start_id": 2516, "end_id": 2517, "km": 316.72383556736077, "from": "maritime", "to": "maritime", "type": "maritime" }, "geometry": { "type": "LineString", "coordinates": [ [ -49.10310195630904, 28.6116543300115 ], [ -45.858427221390286, 28.6116543300115 ] ] } },
{ "type": "Feature", "properties": { "start_id": 2517, "end_id": 2518, "km": 316.7238355673602, "from": "maritime", "to": "maritime", "type": "maritime" }, "geometry": { "type": "LineString", "coordinates": [ [ -45.858427221390286, 28.6116543300115 ], [ -42.61375248647154, 28.6116543300115 ] ] } },
{ "type": "Feature", "properties": { "start_id": 2518, "end_id": 2519, "km": 316.72383556736077, "from": "maritime", "to": "maritime", "type": "maritime" }, "geometry": { "type": "LineString", "coordinates": [ [ -42.61375248647154, 28.6116543300115 ], [ -39.369077751552787, 28.6116543300115 ] ] } },
{ "type": "Feature", "properties": { "start_id": 2519, "end_id": 2520, "km": 316.7238355673602, "from": "maritime", "to": "maritime", "type": "maritime" }, "geometry": { "type": "LineString", "coordinates": [ [ -39.369077751552787, 28.6116543300115 ], [ -36.124403016634041, 28.6116543300115 ] ] } },
{ "type": "Feature", "properties": { "start_id": 2520, "end_id": 2521, "km": 316.72383556736139, "from": "maritime", "to": "maritime", "type": "maritime" }, "geometry": { "type": "LineString", "coordinates": [ [ -36.124403016634041, 28.6116543300115 ], [ -32.879728281715288, 28.6116543300115 ] ] } },
{ "type": "Feature", "properties": { "start_id": 2524, "end_id": 2525, "km": 316.7238355673602, "from": "maritime", "to": "maritime", "type": "maritime" }, "geometry": { "type": "LineString", "coordinates": [ [ 122.86465899438474, 28.6116543300115 ], [ 126.109333729303486, 28.6116543300115 ] ] } },
{ "type": "Feature", "properties": { "start_id": 2527, "end_id": 2557, "km": 566.48702569173793, "from": "maritime", "to": "maritime", "type": "maritime" }, "geometry": { "type": "LineString", "coordinates": [ [ 145.577382138815977, 28.6116543300115 ], [ 144.882307581706669, 23.555465493916248 ] ] } },
{ "type": "Feature", "properties": { "start_id": 2531, "end_id": 2544, "km": 315.77905600829104, "from": "maritime", "to": "maritime", "type": "maritime" }, "geometry": { "type": "LineString", "coordinates": [ [ -115.585114860708941, 26.073197253333667 ], [ -114.137556620053871, 23.555465493916248 ] ] } },
{ "type": "Feature", "properties": { "start_id": 2533, "end_id": 2532, "km": 319.4888985087286, "from": "maritime", "to": "maritime", "type": "maritime" }, "geometry": { "type": "LineString", "coordinates": [ [ -93.193232869557306, 26.073197253333667 ], [ -96.392073154007534, 26.073197253333667 ] ] } },
{ "type": "Feature", "properties": { "start_id": 2536, "end_id": 2537, "km": 319.48889850873047, "from": "maritime", "to": "maritime", "type": "maritime" }, "geometry": { "type": "LineString", "coordinates": [ [ -54.807149456154498, 26.073197253333667 ], [ -51.608309171704256, 26.073197253333667 ] ] } },
{ "type": "Feature", "properties": { "start_id": 2536, "end_id": 2548, "km": 478.47591424322655, "from": "maritime", "to": "maritime", "type": "maritime" }, "geometry": { "type": "LineString", "coordinates": [ [ -54.807149456154498, 26.073197253333667 ], [ -50.961979985478138, 23.555465493916248 ] ] } },
{ "type": "Feature", "properties": { "start_id": 2538, "end_id": 2522, "km": 403.35728596755587, "from": "maritime", "to": "maritime", "type": "maritime" }, "geometry": { "type": "LineString", "coordinates": [ [ -22.818746611652156, 26.073197253333667 ], [ -19.901029342040289, 28.6116543300115 ] ] } },
{ "type": "Feature", "properties": { "start_id": 2538, "end_id": 2550, "km": 446.32054960904588, "from": "maritime", "to": "maritime", "type": "maritime" }, "geometry": { "type": "LineString", "coordinates": [ [ -22.818746611652156, 26.073197253333667 ], [ -19.374191668190274, 23.555465493916248 ] ] } },
{ "type": "Feature", "properties": { "start_id": 2543, "end_id": 2579, "km": 557.96247853395801, "from": "maritime", "to": "maritime", "type": "maritime" }, "geometry": { "type": "LineString", "coordinates": [ [ 137.123267610859529, 26.073197253333667 ], [ 137.03661253629619, 21.055948186680951 ] ] } },
{ "type": "Feature", "properties": { "start_id": 2566, "end_id": 2565, "km": 324.16775201091269, "from": "maritime", "to": "maritime", "type": "maritime" }, "geometry": { "type": "LineString", "coordinates": [ [ -62.895725744824141, 21.055948186680951 ], [ -66.019668530466632, 21.055948186680951 ] ] } },
{ "type": "Feature", "properties": { "start_id": 2567, "end_id": 2591, "km": 657.31841552997616, "from": "maritime", "to": "maritime", "type": "maritime" }, "geometry": { "type": "LineString", "coordinates": [ [ -50.399954602254113, 21.055948186680951 ], [ -56.102773538596665, 18.572322382883915 ] ] } },
{ "type": "Feature", "properties": { "start_id": 2568, "end_id": 2592, "km": 406.32390292057784, "from": "maritime", "to": "maritime", "type": "maritime" }, "geometry": { "type": "LineString", "coordinates": [ [ -25.408412317114077, 21.055948186680951 ], [ -28.257816219452302, 18.572322382883915 ] ] } },
{ "type": "Feature", "properties": { "start_id": 2572, "end_id": 2573, "km": 324.16775201091269, "from": "maritime", "to": "maritime", "type": "maritime" }, "geometry": { "type": "LineString", "coordinates": [ [ 65.185928466518561, 21.055948186680951 ], [ 68.309871252161059, 21.055948186680951 ] ] } },
{ "type": "Feature", "properties": { "start_id": 2578, "end_id": 2629, "km": 555.4508858992624, "from": "maritime", "to": "maritime", "type": "maritime" }, "geometry": { "type": "LineString", "coordinates": [ [ 133.912669750653691, 21.055948186680951 ], [ 134.59297439658738, 16.102420527566085 ] ] } },
{ "type": "Feature", "properties": { "start_id": 2580, "end_id": 2021, "km": 668.26104812718245, "from": "maritime", "to": "port", "type": "maritime" }, "geometry": { "type": "LineString", "coordinates": [ [ 146.408440893223684, 21.055948186680951 ], [ 145.6886484, 15.08516961 ] ] } },
{ "type": "Feature", "properties": { "start_id": 2581, "end_id": 2558, "km": 1130.3776498431557, "from": "maritime", "to": "maritime", "type": "maritime" }, "geometry": { "type": "LineString", "coordinates": [ [ 177.647868749648751, 21.055948186680951 ], [ 166.993759403808184, 23.555465493916248 ] ] } },
{ "type": "Feature", "properties": { "start_id": 2590, "end_id": 2589, "km": 326.10423708065855, "from": "maritime", "to": "maritime", "type": "maritime" }, "geometry": { "type": "LineString", "coordinates": [ [ -59.196657685168262, 18.572322382883915 ], [ -62.290541831739851, 18.572322382883915 ] ] } },
{ "type": "Feature", "properties": { "start_id": 2591, "end_id": 2615, "km": 389.55939601573908, "from": "maritime", "to": "maritime", "type": "maritime" }, "geometry": { "type": "LineString", "coordinates": [ [ -56.102773538596665, 18.572322382883915 ], [ -58.705931973710385, 16.102420527566085 ] ] } },
{ "type": "Feature", "properties": { "start_id": 2597, "end_id": 2598, "km": 326.10423708065855, "from": "maritime", "to": "maritime", "type": "maritime" }, "geometry": { "type": "LineString", "coordinates": [ [ 61.464824031123989, 18.572322382883915 ], [ 64.558708177695578, 18.572322382883915 ] ] } },
{ "type": "Feature", "properties": { "start_id": 2598, "end_id": 2599, "km": 326.10423708065855, "from": "maritime", "to": "maritime", "type": "maritime" }, "geometry": { "type": "LineString", "coordinates": [ [ 64.558708177695578, 18.572322382883915 ], [ 67.652592324267161, 18.572322382883915 ] ] } },
{ "type": "Feature", "properties": { "start_id": 2604, "end_id": 2631, "km": 341.82418151048847, "from": "maritime", "to": "maritime", "type": "maritime" }, "geometry": { "type": "LineString", "coordinates": [ [ 138.811927695413885, 18.572322382883915 ], [ 140.729447614692077, 16.102420527566085 ] ] } },
{ "type": "Feature", "properties": { "start_id": 2605, "end_id": 2659, "km": 554.40934991109748, "from": "maritime", "to": "maritime", "type": "maritime" }, "geometry": { "type": "LineString", "coordinates": [ [ 148.093580135128661, 18.572322382883915 ], [ 148.881833473650914, 13.644203112651439 ] ] } },
{ "type": "Feature", "properties": { "start_id": 2607, "end_id": 2608, "km": 327.78426574553208, "from": "maritime", "to": "maritime", "type": "maritime" }, "geometry": { "type": "LineString", "coordinates": [ [ -104.729481109495566, 16.102420527566085 ], [ -101.661244500443217, 16.102420527566085 ] ] } },
{ "type": "Feature", "properties": { "start_id": 2610, "end_id": 2611, "km": 327.78426574553208, "from": "maritime", "to": "maritime", "type": "maritime" }, "geometry": { "type": "LineString", "coordinates": [ [ -80.183588237076805, 16.102420527566085 ], [ -77.115351628024456, 16.102420527566085 ] ] } },
{ "type": "Feature", "properties": { "start_id": 2612, "end_id": 2613, "km": 327.78426574553208, "from": "maritime", "to": "maritime", "type": "maritime" }, "geometry": { "type": "LineString", "coordinates": [ [ -74.047115018972107, 16.102420527566085 ], [ -70.978878409919758, 16.102420527566085 ] ] } },
{ "type": "Feature", "properties": { "start_id": 2616, "end_id": 2670, "km": 613.27239110606888, "from": "maritime", "to": "maritime", "type": "maritime" }, "geometry": { "type": "LineString", "coordinates": [ [ -34.160039101291623, 16.102420527566085 ], [ -36.752682544805154, 11.195735316089518 ] ] } },
{ "type": "Feature", "properties": { "start_id": 2616, "end_id": 2592, "km": 683.95505090925167, "from": "maritime", "to": "maritime", "type": "maritime" }, "geometry": { "type": "LineString", "coordinates": [ [ -34.160039101291623, 16.102420527566085 ], [ -28.257816219452302, 18.572322382883915 ] ] } },
{ "type": "Feature", "properties": { "start_id": 2618, "end_id": 2646, "km": 273.70955753133063, "from": "maritime", "to": "maritime", "type": "maritime" }, "geometry": { "type": "LineString", "coordinates": [ [ -18.818856056029897, 16.102420527566085 ], [ -18.68677452357781, 13.644203112651439 ] ] } },
{ "type": "Feature", "properties": { "start_id": 2622, "end_id": 2623, "km": 327.78426574553481, "from": "maritime", "to": "maritime", "type": "maritime" }, "geometry": { "type": "LineString", "coordinates": [ [ 67.091768997435764, 16.102420527566085 ], [ 70.160005606488141, 16.102420527566085 ] ] } },
{ "type": "Feature", "properties": { "start_id": 2622, "end_id": 2650, "km": 389.01200886050049, "from": "maritime", "to": "maritime", "type": "maritime" }, "geometry": { "type": "LineString", "coordinates": [ [ 67.091768997435764, 16.102420527566085 ], [ 69.667582420415542, 13.644203112651439 ] ] } },
{ "type": "Feature", "properties": { "start_id": 2626, "end_id": 2625, "km": 327.78426574553066, "from": "maritime", "to": "maritime", "type": "maritime" }, "geometry": { "type": "LineString", "coordinates": [ [ 85.501188651749857, 16.102420527566085 ], [ 82.432952042697508, 16.102420527566085 ] ] } },
{ "type": "Feature", "properties": { "start_id": 2627, "end_id": 1813, "km": 415.36423986745331, "from": "maritime", "to": "port", "type": "maritime" }, "geometry": { "type": "LineString", "coordinates": [ [ 116.183554742273301, 16.102420527566085 ], [ 112.3644, 16.8378 ] ] } },
{ "type": "Feature", "properties": { "start_id": 2632, "end_id": 2584, "km": 968.85034727247671, "from": "maritime", "to": "maritime", "type": "maritime" }, "geometry": { "type": "LineString", "coordinates": [ [ -116.181237358329085, 13.644203112651439 ], [ -108.698804030313795, 18.572322382883915 ] ] } },
{ "type": "Feature", "properties": { "start_id": 2633, "end_id": 2634, "km": 329.21509631455189, "from": "maritime", "to": "maritime", "type": "maritime" }, "geometry": { "type": "LineString", "coordinates": [ [ -100.947727540399185, 13.644203112651439 ], [ -97.901025576813211, 13.644203112651439 ] ] } },
{ "type": "Feature", "properties": { "start_id": 2637, "end_id": 2638, "km": 329.21509631455467, "from": "maritime", "to": "maritime", "type": "maritime" }, "geometry": { "type": "LineString", "coordinates": [ [ -79.620813795297366, 13.644203112651439 ], [ -76.574111831711363, 13.644203112651439 ] ] } },
{ "type": "Feature", "properties": { "start_id": 2640, "end_id": 2667, "km": 275.54639332009083, "from": "maritime", "to": "maritime", "type": "maritime" }, "geometry": { "type": "LineString", "coordinates": [ [ -67.43400594095344, 13.644203112651439 ], [ -67.043079806883554, 11.195735316089518 ] ] } },
{ "type": "Feature", "properties": { "start_id": 2640, "end_id": 2641, "km": 329.21509631455058, "from": "maritime", "to": "maritime", "type": "maritime" }, "geometry": { "type": "LineString", "coordinates": [ [ -67.43400594095344, 13.644203112651439 ], [ -64.387303977367466, 13.644203112651439 ] ] } },
{ "type": "Feature", "properties": { "start_id": 2643, "end_id": 2689, "km": 547.22454796215754, "from": "maritime", "to": "maritime", "type": "maritime" }, "geometry": { "type": "LineString", "coordinates": [ [ -55.247198086609536, 13.644203112651439 ], [ -54.67340654551807, 8.755166711699014 ] ] } },
{ "type": "Feature", "properties": { "start_id": 2644, "end_id": 2671, "km": 731.68154418515701, "from": "maritime", "to": "maritime", "type": "maritime" }, "geometry": { "type": "LineString", "coordinates": [ [ -33.920284341507703, 13.644203112651439 ], [ -27.665563366181633, 11.195735316089518 ] ] } },
{ "type": "Feature", "properties": { "start_id": 2645, "end_id": 2617, "km": 273.83930852250222, "from": "maritime", "to": "maritime", "type": "maritime" }, "geometry": { "type": "LineString", "coordinates": [ [ -21.733476487163788, 13.644203112651439 ], [ -21.887092665082239, 16.102420527566085 ] ] } },
{ "type": "Feature", "properties": { "start_id": 2647, "end_id": 2648, "km": 329.2150963145512, "from": "maritime", "to": "maritime", "type": "maritime" }, "geometry": { "type": "LineString", "coordinates": [ [ 54.434072602485642, 13.644203112651439 ], [ 57.480774566071617, 13.644203112651439 ] ] } },
{ "type": "Feature", "properties": { "start_id": 2648, "end_id": 2649, "km": 329.21509631455189, "from": "maritime", "to": "maritime", "type": "maritime" }, "geometry": { "type": "LineString", "coordinates": [ [ 57.480774566071617, 13.644203112651439 ], [ 60.527476529657598, 13.644203112651439 ] ] } },
{ "type": "Feature", "properties": { "start_id": 2650, "end_id": 2651, "km": 329.21509631455058, "from": "maritime", "to": "maritime", "type": "maritime" }, "geometry": { "type": "LineString", "coordinates": [ [ 69.667582420415542, 13.644203112651439 ], [ 72.714284384001502, 13.644203112651439 ] ] } },
{ "type": "Feature", "properties": { "start_id": 2653, "end_id": 2654, "km": 329.21509631455189, "from": "maritime", "to": "maritime", "type": "maritime" }, "geometry": { "type": "LineString", "coordinates": [ [ 127.554919728549095, 13.644203112651439 ], [ 130.601621692135069, 13.644203112651439 ] ] } },
{ "type": "Feature", "properties": { "start_id": 2653, "end_id": 2681, "km": 368.68773657585626, "from": "maritime", "to": "maritime", "type": "maritime" }, "geometry": { "type": "LineString", "coordinates": [ [ 127.554919728549095, 13.644203112651439 ], [ 129.844502396626098, 11.195735316089518 ] ] } },
{ "type": "Feature", "properties": { "start_id": 2656, "end_id": 2657, "km": 329.21509631455189, "from": "maritime", "to": "maritime", "type": "maritime" }, "geometry": { "type": "LineString", "coordinates": [ [ 136.695025619307017, 13.644203112651439 ], [ 139.741727582892992, 13.644203112651439 ] ] } },
{ "type": "Feature", "properties": { "start_id": 2659, "end_id": 2684, "km": 502.72124955166748, "from": "maritime", "to": "maritime", "type": "maritime" }, "geometry": { "type": "LineString", "coordinates": [ [ 148.881833473650914, 13.644203112651439 ], [ 144.989701027665291, 11.195735316089518 ] ] } },
{ "type": "Feature", "properties": { "start_id": 2660, "end_id": 2661, "km": 330.40270033389231, "from": "maritime", "to": "maritime", "type": "maritime" }, "geometry": { "type": "LineString", "coordinates": [ [ -100.36251679516981, 11.195735316089518 ], [ -97.333477068961969, 11.195735316089518 ] ] } },
{ "type": "Feature", "properties": { "start_id": 2660, "end_id": 2685, "km": 467.67644797816092, "from": "maritime", "to": "maritime", "type": "maritime" }, "geometry": { "type": "LineString", "coordinates": [ [ -100.36251679516981, 11.195735316089518 ], [ -96.884235906283834, 8.755166711699014 ] ] } },
{ "type": "Feature", "properties": { "start_id": 2662, "end_id": 2663, "km": 330.40270033389095, "from": "maritime", "to": "maritime", "type": "maritime" }, "geometry": { "type": "LineString", "coordinates": [ [ -94.304437342754127, 11.195735316089518 ], [ -91.275397616546286, 11.195735316089518 ] ] } },
{ "type": "Feature", "properties": { "start_id": 2671, "end_id": 2692, "km": 438.2718662091587, "from": "maritime", "to": "maritime", "type": "maritime" }, "geometry": { "type": "LineString", "coordinates": [ [ -27.665563366181633, 11.195735316089518 ], [ -24.522814144971086, 8.755166711699014 ] ] } },
{ "type": "Feature", "properties": { "start_id": 2675, "end_id": 2696, "km": 452.51319802183815, "from": "maritime", "to": "maritime", "type": "maritime" }, "geometry": { "type": "LineString", "coordinates": [ [ 63.205628420053593, 11.195735316089518 ], [ 59.898844576560457, 8.755166711699014 ] ] } },
{ "type": "Feature", "properties": { "start_id": 2679, "end_id": 1796, "km": 302.79568728165242, "from": "maritime", "to": "port", "type": "maritime" }, "geometry": { "type": "LineString", "coordinates": [ [ 111.670264039379049, 11.195735316089518 ], [ 108.98, 10.5361 ] ] } },
{ "type": "Feature", "properties": { "start_id": 2683, "end_id": 2657, "km": 363.55909910411316, "from": "maritime", "to": "maritime", "type": "maritime" }, "geometry": { "type": "LineString", "coordinates": [ [ 141.960661301457435, 11.195735316089518 ], [ 139.741727582892992, 13.644203112651439 ] ] } },
{ "type": "Feature", "properties": { "start_id": 2685, "end_id": 2662, "km": 391.73022130592591, "from": "maritime", "to": "maritime", "type": "maritime" }, "geometry": { "type": "LineString", "coordinates": [ [ -96.884235906283834, 8.755166711699014 ], [ -94.304437342754127, 11.195735316089518 ] ] } },
{ "type": "Feature", "properties": { "start_id": 2686, "end_id": 2687, "km": 331.35189285727807, "from": "maritime", "to": "maritime", "type": "maritime" }, "geometry": { "type": "LineString", "coordinates": [ [ -90.85411742617444, 8.755166711699014 ], [ -87.839058186119743, 8.755166711699014 ] ] } },
{ "type": "Feature", "properties": { "start_id": 2691, "end_id": 2709, "km": 413.52374653935971, "from": "maritime", "to": "maritime", "type": "maritime" }, "geometry": { "type": "LineString", "coordinates": [ [ -48.643288065408669, 8.755166711699014 ], [ -51.479379442644564, 6.320713330752366 ] ] } },
{ "type": "Feature", "properties": { "start_id": 2693, "end_id": 2715, "km": 433.22959726200958, "from": "maritime", "to": "maritime", "type": "maritime" }, "geometry": { "type": "LineString", "coordinates": [ [ -18.492695664861692, 8.755166711699014 ], [ -15.424014896885186, 6.320713330752366 ] ] } },
{ "type": "Feature", "properties": { "start_id": 2695, "end_id": 2718, "km": 444.77003175249592, "from": "maritime", "to": "maritime", "type": "maritime" }, "geometry": { "type": "LineString", "coordinates": [ [ 56.883785336505753, 8.755166711699014 ], [ 53.682100482486945, 6.320713330752366 ] ] } },
{ "type": "Feature", "properties": { "start_id": 2700, "end_id": 2701, "km": 331.35189285728092, "from": "maritime", "to": "maritime", "type": "maritime" }, "geometry": { "type": "LineString", "coordinates": [ [ 129.245207097818508, 8.755166711699014 ], [ 132.260266337873219, 8.755166711699014 ] ] } },
{ "type": "Feature", "properties": { "start_id": 2702, "end_id": 2728, "km": 275.58371537217693, "from": "maritime", "to": "maritime", "type": "maritime" }, "geometry": { "type": "LineString", "coordinates": [ [ 135.275325577927902, 8.755166711699014 ], [ 134.80667071044553, 6.320713330752366 ] ] } },
{ "type": "Feature", "properties": { "start_id": 2703, "end_id": 2704, "km": 331.35189285727529, "from": "maritime", "to": "maritime", "type": "maritime" }, "geometry": { "type": "LineString", "coordinates": [ [ 138.290384817982613, 8.755166711699014 ], [ 141.305444058037295, 8.755166711699014 ] ] } },
{ "type": "Feature", "properties": { "start_id": 2707, "end_id": 2688, "km": 403.18062625943912, "from": "maritime", "to": "maritime", "type": "maritime" }, "geometry": { "type": "LineString", "coordinates": [ [ -87.534743988403946, 6.320713330752366 ], [ -84.823998946065046, 8.755166711699014 ] ] } },
{ "type": "Feature", "properties": { "start_id": 2711, "end_id": 2734, "km": 437.22444770225695, "from": "maritime", "to": "maritime", "type": "maritime" }, "geometry": { "type": "LineString", "coordinates": [ [ -45.470152018351335, 6.320713330752366 ], [ -42.366351099442582, 3.890641497345556 ] ] } },
{ "type": "Feature", "properties": { "start_id": 2712, "end_id": 2761, "km": 540.34888421722405, "from": "maritime", "to": "maritime", "type": "maritime" }, "geometry": { "type": "LineString", "coordinates": [ [ -39.460924594058106, 6.320713330752366 ], [ -39.320669886345819, 1.463252960218705 ] ] } },
{ "type": "Feature", "properties": { "start_id": 2713, "end_id": 2735, "km": 420.76808883969227, "from": "maritime", "to": "maritime", "type": "maritime" }, "geometry": { "type": "LineString", "coordinates": [ [ -36.456310881911492, 6.320713330752366 ], [ -39.368755295307828, 3.890641497345556 ] ] } },
{ "type": "Feature", "properties": { "start_id": 2714, "end_id": 2736, "km": 422.55802072018349, "from": "maritime", "to": "maritime", "type": "maritime" }, "geometry": { "type": "LineString", "coordinates": [ [ -27.442469745471648, 6.320713330752366 ], [ -30.375967882903563, 3.890641497345556 ] ] } },
{ "type": "Feature", "properties": { "start_id": 2721, "end_id": 2750, "km": 410.29888591496945, "from": "maritime", "to": "maritime", "type": "maritime" }, "geometry": { "type": "LineString", "coordinates": [ [ 89.737465028246319, 6.320713330752366 ], [ 92.525460086621393, 3.890641497345556 ] ] } },
{ "type": "Feature", "properties": { "start_id": 2721, "end_id": 2776, "km": 541.28201906243169, "from": "maritime", "to": "maritime", "type": "maritime" }, "geometry": { "type": "LineString", "coordinates": [ [ 89.737465028246319, 6.320713330752366 ], [ 89.418514013847798, 1.463252960218705 ] ] } },
{ "type": "Feature", "properties": { "start_id": 2730, "end_id": 2731, "km": 332.06643291716148, "from": "maritime", "to": "maritime", "type": "maritime" }, "geometry": { "type": "LineString", "coordinates": [ [ 140.815898134738774, 6.320713330752366 ], [ 143.82051184688541, 6.320713330752366 ] ] } },
{ "type": "Feature", "properties": { "start_id": 2738, "end_id": 1279, "km": 321.16464788819053, "from": "maritime", "to": "port", "type": "maritime" }, "geometry": { "type": "LineString", "coordinates": [ [ -12.390393058095031, 3.890641497345556 ], [ -10.8167, 6.3167 ] ] } },
{ "type": "Feature", "properties": { "start_id": 2746, "end_id": 2747, "km": 332.5490991458712, "from": "maritime", "to": "maritime", "type": "maritime" }, "geometry": { "type": "LineString", "coordinates": [ [ 53.556714632869578, 3.890641497345556 ], [ 56.554310437004332, 3.890641497345556 ] ] } },
{ "type": "Feature", "properties": { "start_id": 2753, "end_id": 2754, "km": 332.5490991458712, "from": "maritime", "to": "maritime", "type": "maritime" }, "geometry": { "type": "LineString", "coordinates": [ [ 137.489397148642752, 3.890641497345556 ], [ 140.486992952777484, 3.890641497345556 ] ] } },
{ "type": "Feature", "properties": { "start_id": 2753, "end_id": 2728, "km": 401.59945893868502, "from": "maritime", "to": "maritime", "type": "maritime" }, "geometry": { "type": "LineString", "coordinates": [ [ 137.489397148642752, 3.890641497345556 ], [ 134.80667071044553, 6.320713330752366 ] ] } },
{ "type": "Feature", "properties": { "start_id": 2756, "end_id": 2782, "km": 443.88523112792711, "from": "maritime", "to": "maritime", "type": "maritime" }, "geometry": { "type": "LineString", "coordinates": [ [ 146.482184561046978, 3.890641497345556 ], [ 143.309335181370727, 1.463252960218705 ] ] } },
{ "type": "Feature", "properties": { "start_id": 2757, "end_id": 2785, "km": 269.80333924584403, "from": "maritime", "to": "maritime", "type": "maritime" }, "geometry": { "type": "LineString", "coordinates": [ [ -81.235753016641425, 1.463252960218705 ], [ -81.226490327406026, -0.963129086041152 ] ] } },
{ "type": "Feature", "properties": { "start_id": 2759, "end_id": 2760, "km": 332.80174409669934, "from": "maritime", "to": "maritime", "type": "maritime" }, "geometry": { "type": "LineString", "coordinates": [ [ -45.30853890495947, 1.463252960218705 ], [ -42.314604395652644, 1.463252960218705 ] ] } },
{ "type": "Feature", "properties": { "start_id": 2762, "end_id": 2763, "km": 332.80174409669962, "from": "maritime", "to": "maritime", "type": "maritime" }, "geometry": { "type": "LineString", "coordinates": [ [ -30.338866358425335, 1.463252960218705 ], [ -27.344931849118506, 1.463252960218705 ] ] } },
{ "type": "Feature", "properties": { "start_id": 2762, "end_id": 2808, "km": 539.6845461893339, "from": "maritime", "to": "maritime", "type": "maritime" }, "geometry": { "type": "LineString", "coordinates": [ [ -30.338866358425335, 1.463252960218705 ], [ -30.365555413251307, -3.390173450947668 ] ] } },
{ "type": "Feature", "properties": { "start_id": 2764, "end_id": 2765, "km": 332.80174409669951, "from": "maritime", "to": "maritime", "type": "maritime" }, "geometry": { "type": "LineString", "coordinates": [ [ -12.375259302584363, 1.463252960218705 ], [ -9.381324793277534, 1.463252960218705 ] ] } },
{ "type": "Feature", "properties": { "start_id": 2764, "end_id": 2790, "km": 428.58206521770416, "from": "maritime", "to": "maritime", "type": "maritime" }, "geometry": { "type": "LineString", "coordinates": [ [ -12.375259302584363, 1.463252960218705 ], [ -9.380255112835739, -0.963129086041152 ] ] } },
{ "type": "Feature", "properties": { "start_id": 2766, "end_id": 2767, "km": 332.80174409669962, "from": "maritime", "to": "maritime", "type": "maritime" }, "geometry": { "type": "LineString", "coordinates": [ [ -6.387390283970706, 1.463252960218705 ], [ -3.393455774663876, 1.463252960218705 ] ] } },
{ "type": "Feature", "properties": { "start_id": 2767, "end_id": 2768, "km": 332.80174409669951, "from": "maritime", "to": "maritime", "type": "maritime" }, "geometry": { "type": "LineString", "coordinates": [ [ -3.393455774663876, 1.463252960218705 ], [ -0.399521265357048, 1.463252960218705 ] ] } },
{ "type": "Feature", "properties": { "start_id": 2768, "end_id": 2769, "km": 332.80174409669939, "from": "maritime", "to": "maritime", "type": "maritime" }, "geometry": { "type": "LineString", "coordinates": [ [ -0.399521265357048, 1.463252960218705 ], [ 2.59441324394978, 1.463252960218705 ] ] } },
{ "type": "Feature", "properties": { "start_id": 2770, "end_id": 2744, "km": 269.91435754063133, "from": "maritime", "to": "maritime", "type": "maritime" }, "geometry": { "type": "LineString", "coordinates": [ [ 5.588347753256609, 1.463252960218705 ], [ 5.5951817667135, 3.890641497345556 ] ] } },
{ "type": "Feature", "properties": { "start_id": 2773, "end_id": 2774, "km": 332.80174409669934, "from": "maritime", "to": "maritime", "type": "maritime" }, "geometry": { "type": "LineString", "coordinates": [ [ 53.491299902165864, 1.463252960218705 ], [ 56.485234411472689, 1.463252960218705 ] ] } },
{ "type": "Feature", "properties": { "start_id": 2787, "end_id": 2788, "km": 332.82532971900298, "from": "maritime", "to": "maritime", "type": "maritime" }, "geometry": { "type": "LineString", "coordinates": [ [ -42.309779586180454, -0.963129086041152 ], [ -39.316186452240025, -0.963129086041152 ] ] } },
{ "type": "Feature", "properties": { "start_id": 2789, "end_id": 2807, "km": 425.47085899038734, "from": "maritime", "to": "maritime", "type": "maritime" }, "geometry": { "type": "LineString", "coordinates": [ [ -36.322593318299596, -0.963129086041152 ], [ -33.362123682215476, -3.390173450947668 ] ] } },
{ "type": "Feature", "properties": { "start_id": 2791, "end_id": 2770, "km": 428.51521543156508, "from": "maritime", "to": "maritime", "type": "maritime" }, "geometry": { "type": "LineString", "coordinates": [ [ 2.594117422925976, -0.963129086041152 ], [ 5.588347753256609, 1.463252960218705 ] ] } },
{ "type": "Feature", "properties": { "start_id": 2791, "end_id": 2810, "km": 428.80166522617293, "from": "maritime", "to": "maritime", "type": "maritime" }, "geometry": { "type": "LineString", "coordinates": [ [ 2.594117422925976, -0.963129086041152 ], [ 5.593263814318719, -3.390173450947668 ] ] } },
{ "type": "Feature", "properties": { "start_id": 2793, "end_id": 2812, "km": 424.26247519939687, "from": "maritime", "to": "maritime", "type": "maritime" }, "geometry": { "type": "LineString", "coordinates": [ [ 50.491607565972835, -0.963129086041152 ], [ 47.545219579817086, -3.390173450947668 ] ] } },
{ "type": "Feature", "properties": { "start_id": 2795, "end_id": 2835, "km": 540.48077841821339, "from": "maritime", "to": "maritime", "type": "maritime" }, "geometry": { "type": "LineString", "coordinates": [ [ 65.459573235674966, -0.963129086041152 ], [ 65.66285701135682, -5.819554202736426 ] ] } },
{ "type": "Feature", "properties": { "start_id": 2795, "end_id": 2836, "km": 646.67506227938804, "from": "maritime", "to": "maritime", "type": "maritime" }, "geometry": { "type": "LineString", "coordinates": [ [ 65.459573235674966, -0.963129086041152 ], [ 68.665746706289667, -5.819554202736426 ] ] } },
{ "type": "Feature", "properties": { "start_id": 2796, "end_id": 2816, "km": 422.2253594705295, "from": "maritime", "to": "maritime", "type": "maritime" }, "geometry": { "type": "LineString", "coordinates": [ [ 74.440352637496261, -0.963129086041152 ], [ 71.517765731530432, -3.390173450947668 ] ] } },
{ "type": "Feature", "properties": { "start_id": 2798, "end_id": 2840, "km": 619.42499184764631, "from": "maritime", "to": "maritime", "type": "maritime" }, "geometry": { "type": "LineString", "coordinates": [ [ 86.414725173257978, -0.963129086041152 ], [ 83.680195180953874, -5.819554202736426 ] ] } },
{ "type": "Feature", "properties": { "start_id": 2799, "end_id": 2750, "km": 539.8892613166862, "from": "maritime", "to": "maritime", "type": "maritime" }, "geometry": { "type": "LineString", "coordinates": [ [ 92.401911441138836, -0.963129086041152 ], [ 92.525460086621393, 3.890641497345556 ] ] } },
{ "type": "Feature", "properties": { "start_id": 2807, "end_id": 2806, "km": 332.61994554557174, "from": "maritime", "to": "maritime", "type": "maritime" }, "geometry": { "type": "LineString", "coordinates": [ [ -33.362123682215476, -3.390173450947668 ], [ -36.358691951179644, -3.390173450947668 ] ] } },
{ "type": "Feature", "properties": { "start_id": 2809, "end_id": 2766, "km": 539.67675512280641, "from": "maritime", "to": "maritime", "type": "maritime" }, "geometry": { "type": "LineString", "coordinates": [ [ -6.393009261537954, -3.390173450947668 ], [ -6.387390283970706, 1.463252960218705 ] ] } },
{ "type": "Feature", "properties": { "start_id": 2810, "end_id": 2811, "km": 332.61994554557191, "from": "maritime", "to": "maritime", "type": "maritime" }, "geometry": { "type": "LineString", "coordinates": [ [ 5.593263814318719, -3.390173450947668 ], [ 8.589832083282889, -3.390173450947668 ] ] } },
{ "type": "Feature", "properties": { "start_id": 2815, "end_id": 2836, "km": 440.6378993091264, "from": "maritime", "to": "maritime", "type": "maritime" }, "geometry": { "type": "LineString", "coordinates": [ [ 65.524629193602081, -3.390173450947668 ], [ 68.665746706289667, -5.819554202736426 ] ] } },
{ "type": "Feature", "properties": { "start_id": 2816, "end_id": 2837, "km": 441.74571837055993, "from": "maritime", "to": "maritime", "type": "maritime" }, "geometry": { "type": "LineString", "coordinates": [ [ 71.517765731530432, -3.390173450947668 ], [ 74.671526096155347, -5.819554202736426 ] ] } },
{ "type": "Feature", "properties": { "start_id": 2817, "end_id": 2818, "km": 332.61994554557106, "from": "maritime", "to": "maritime", "type": "maritime" }, "geometry": { "type": "LineString", "coordinates": [ [ 80.50747053842295, -3.390173450947668 ], [ 83.504038807387104, -3.390173450947668 ] ] } },
{ "type": "Feature", "properties": { "start_id": 2817, "end_id": 2838, "km": 414.19369954675585, "from": "maritime", "to": "maritime", "type": "maritime" }, "geometry": { "type": "LineString", "coordinates": [ [ 80.50747053842295, -3.390173450947668 ], [ 77.674415791088194, -5.819554202736426 ] ] } },
{ "type": "Feature", "properties": { "start_id": 2828, "end_id": 2850, "km": 420.25447594559671, "from": "maritime", "to": "maritime", "type": "maritime" }, "geometry": { "type": "LineString", "coordinates": [ [ -30.429613226494055, -5.819554202736426 ], [ -27.515605821606915, -8.252964051334699 ] ] } },
{ "type": "Feature", "properties": { "start_id": 2833, "end_id": 2856, "km": 415.56271762366663, "from": "maritime", "to": "maritime", "type": "maritime" }, "geometry": { "type": "LineString", "coordinates": [ [ 47.645518841759788, -5.819554202736426 ], [ 44.787303340507613, -8.252964051334699 ] ] } },
{ "type": "Feature", "properties": { "start_id": 2844, "end_id": 1828, "km": 260.89667752188262, "from": "maritime", "to": "port", "type": "maritime" }, "geometry": { "type": "LineString", "coordinates": [ [ 116.711981825215105, -5.819554202736426 ], [ 115.48, -3.82 ] ] } },
{ "type": "Feature", "properties": { "start_id": 2851, "end_id": 2894, "km": 634.93693556867095, "from": "maritime", "to": "maritime", "type": "maritime" }, "geometry": { "type": "LineString", "coordinates": [ [ -3.414636100902074, -8.252964051334699 ], [ -0.4060356159624, -13.138818947824873 ] ] } },
{ "type": "Feature", "properties": { "start_id": 2853, "end_id": 2854, "km": 331.51825753744725, "from": "maritime", "to": "maritime", "type": "maritime" }, "geometry": { "type": "LineString", "coordinates": [ [ 8.635848759450347, -8.252964051334699 ], [ 11.648469974538452, -8.252964051334699 ] ] } },
{ "type": "Feature", "properties": { "start_id": 2858, "end_id": 2874, "km": 406.65452106235944, "from": "maritime", "to": "maritime", "type": "maritime" }, "geometry": { "type": "LineString", "coordinates": [ [ 59.850409415948135, -8.252964051334699 ], [ 57.087604943712407, -10.69212818981817 ] ] } },
{ "type": "Feature", "properties": { "start_id": 2859, "end_id": 2860, "km": 331.51825753744959, "from": "maritime", "to": "maritime", "type": "maritime" }, "geometry": { "type": "LineString", "coordinates": [ [ 65.875651846124342, -8.252964051334699 ], [ 68.888273061212459, -8.252964051334699 ] ] } },
{ "type": "Feature", "properties": { "start_id": 2871, "end_id": 2892, "km": 417.03639911684769, "from": "maritime", "to": "maritime", "type": "maritime" }, "geometry": { "type": "LineString", "coordinates": [ [ -24.610681545444908, -10.69212818981817 ], [ -21.70529809916847, -13.138818947824873 ] ] } },
{ "type": "Feature", "properties": { "start_id": 2872, "end_id": 2913, "km": 637.80680251160641, "from": "maritime", "to": "maritime", "type": "maritime" }, "geometry": { "type": "LineString", "coordinates": [ [ -0.403781844953852, -10.69212818981817 ], [ 2.654669984839589, -15.594871652631417 ] ] } },
{ "type": "Feature", "properties": { "start_id": 2875, "end_id": 2876, "km": 330.61770306028893, "from": "maritime", "to": "maritime", "type": "maritime" }, "geometry": { "type": "LineString", "coordinates": [ [ 63.139329868835183, -10.69212818981817 ], [ 66.165192331396554, -10.69212818981817 ] ] } },
{ "type": "Feature", "properties": { "start_id": 2875, "end_id": 2897, "km": 399.59652875045987, "from": "maritime", "to": "maritime", "type": "maritime" }, "geometry": { "type": "LineString", "coordinates": [ [ 63.139329868835183, -10.69212818981817 ], [ 60.449000050340658, -13.138818947824873 ] ] } },
{ "type": "Feature", "properties": { "start_id": 2877, "end_id": 2878, "km": 330.61770306028893, "from": "maritime", "to": "maritime", "type": "maritime" }, "geometry": { "type": "LineString", "coordinates": [ [ 69.191054793957946, -10.69212818981817 ], [ 72.216917256519324, -10.69212818981817 ] ] } },
{ "type": "Feature", "properties": { "start_id": 2880, "end_id": 2902, "km": 392.91756120737296, "from": "maritime", "to": "maritime", "type": "maritime" }, "geometry": { "type": "LineString", "coordinates": [ [ 78.268642181642093, -10.69212818981817 ], [ 75.662758966916428, -13.138818947824873 ] ] } },
{ "type": "Feature", "properties": { "start_id": 2881, "end_id": 2882, "km": 330.61770306028893, "from": "maritime", "to": "maritime", "type": "maritime" }, "geometry": { "type": "LineString", "coordinates": [ [ 93.397954494448996, -10.69212818981817 ], [ 96.423816957010374, -10.69212818981817 ] ] } },
{ "type": "Feature", "properties": { "start_id": 2881, "end_id": 2904, "km": 473.657834989094, "from": "maritime", "to": "maritime", "type": "maritime" }, "geometry": { "type": "LineString", "coordinates": [ [ 93.397954494448996, -10.69212818981817 ], [ 96.962021450122478, -13.138818947824873 ] ] } },
{ "type": "Feature", "properties": { "start_id": 2892, "end_id": 2928, "km": 548.5566920181459, "from": "maritime", "to": "maritime", "type": "maritime" }, "geometry": { "type": "LineString", "coordinates": [ [ -21.70529809916847, -13.138818947824873 ], [ -22.029841620497361, -18.062202158520233 ] ] } },
{ "type": "Feature", "properties": { "start_id": 2897, "end_id": 2898, "km": 329.47959542333552, "from": "maritime", "to": "maritime", "type": "maritime" }, "geometry": { "type": "LineString", "coordinates": [ [ 60.449000050340658, -13.138818947824873 ], [ 63.491751833655812, -13.138818947824873 ] ] } },
{ "type": "Feature", "properties": { "start_id": 2901, "end_id": 2902, "km": 329.47959542333552, "from": "maritime", "to": "maritime", "type": "maritime" }, "geometry": { "type": "LineString", "coordinates": [ [ 72.620007183601274, -13.138818947824873 ], [ 75.662758966916428, -13.138818947824873 ] ] } },
{ "type": "Feature", "properties": { "start_id": 2907, "end_id": 2908, "km": 328.09934456693765, "from": "maritime", "to": "maritime", "type": "maritime" }, "geometry": { "type": "LineString", "coordinates": [ [ -80.059029776795398, -15.594871652631417 ], [ -76.995559415253368, -15.594871652631417 ] ] } },
{ "type": "Feature", "properties": { "start_id": 2907, "end_id": 2924, "km": 377.80797588029617, "from": "maritime", "to": "maritime", "type": "maritime" }, "geometry": { "type": "LineString", "coordinates": [ [ -80.059029776795398, -15.594871652631417 ], [ -77.618302662216948, -18.062202158520233 ] ] } },
{ "type": "Feature", "properties": { "start_id": 2909, "end_id": 2910, "km": 328.09934456693765, "from": "maritime", "to": "maritime", "type": "maritime" }, "geometry": { "type": "LineString", "coordinates": [ [ -37.170444715206891, -15.594871652631417 ], [ -34.106974353664853, -15.594871652631417 ] ] } },
{ "type": "Feature", "properties": { "start_id": 2910, "end_id": 2927, "km": 451.04704933715698, "from": "maritime", "to": "maritime", "type": "maritime" }, "geometry": { "type": "LineString", "coordinates": [ [ -34.106974353664853, -15.594871652631417 ], [ -37.471080798752801, -18.062202158520233 ] ] } },
{ "type": "Feature", "properties": { "start_id": 2916, "end_id": 2917, "km": 328.09934456693765, "from": "maritime", "to": "maritime", "type": "maritime" }, "geometry": { "type": "LineString", "coordinates": [ [ 57.797136492596245, -15.594871652631417 ], [ 60.86060685413829, -15.594871652631417 ] ] } },
{ "type": "Feature", "properties": { "start_id": 2916, "end_id": 2934, "km": 391.22924969701404, "from": "maritime", "to": "maritime", "type": "maritime" }, "geometry": { "type": "LineString", "coordinates": [ [ 57.797136492596245, -15.594871652631417 ], [ 55.176354270779854, -18.062202158520233 ] ] } },
{ "type": "Feature", "properties": { "start_id": 2922, "end_id": 2042, "km": 487.45270551625151, "from": "maritime", "to": "port", "type": "maritime" }, "geometry": { "type": "LineString", "coordinates": [ [ 152.764717700399387, -15.594871652631417 ], [ 152.1422, -11.2531 ] ] } },
{ "type": "Feature", "properties": { "start_id": 2923, "end_id": 2943, "km": 588.41446448744102, "from": "maritime", "to": "maritime", "type": "maritime" }, "geometry": { "type": "LineString", "coordinates": [ [ 158.891658423483449, -15.594871652631417 ], [ 154.000285011614693, -18.062202158520233 ] ] } },
{ "type": "Feature", "properties": { "start_id": 2927, "end_id": 2947, "km": 278.31374579022003, "from": "maritime", "to": "maritime", "type": "maritime" }, "geometry": { "type": "LineString", "coordinates": [ [ -37.471080798752801, -18.062202158520233 ], [ -37.82443002170519, -20.542826598741691 ] ] } },
{ "type": "Feature", "properties": { "start_id": 2928, "end_id": 2929, "km": 652.91962971015266, "from": "maritime", "to": "maritime", "type": "maritime" }, "geometry": { "type": "LineString", "coordinates": [ [ -22.029841620497361, -18.062202158520233 ], [ -15.85334594919518, -18.062202158520233 ] ] } },
{ "type": "Feature", "properties": { "start_id": 2930, "end_id": 2949, "km": 418.30782398966522, "from": "maritime", "to": "maritime", "type": "maritime" }, "geometry": { "type": "LineString", "coordinates": [ [ -12.765098113544093, -18.062202158520233 ], [ -9.768102183454104, -20.542826598741691 ] ] } },
{ "type": "Feature", "properties": { "start_id": 2931, "end_id": 2950, "km": 429.91224731029041, "from": "maritime", "to": "maritime", "type": "maritime" }, "geometry": { "type": "LineString", "coordinates": [ [ 2.67614106471135, -18.062202158520233 ], [ 5.818746615574279, -20.542826598741691 ] ] } },
{ "type": "Feature", "properties": { "start_id": 2931, "end_id": 2932, "km": 652.91962971015221, "from": "maritime", "to": "maritime", "type": "maritime" }, "geometry": { "type": "LineString", "coordinates": [ [ 2.67614106471135, -18.062202158520233 ], [ 8.852636736013528, -18.062202158520233 ] ] } },
{ "type": "Feature", "properties": { "start_id": 2933, "end_id": 2915, "km": 400.73490286650804, "from": "maritime", "to": "maritime", "type": "maritime" }, "geometry": { "type": "LineString", "coordinates": [ [ 39.73511509252441, -18.062202158520233 ], [ 42.47978468488607, -15.594871652631417 ] ] } },
{ "type": "Feature", "properties": { "start_id": 2938, "end_id": 2955, "km": 379.25670751479862, "from": "maritime", "to": "maritime", "type": "maritime" }, "geometry": { "type": "LineString", "coordinates": [ [ 67.529345613384208, -18.062202158520233 ], [ 65.048772051882125, -20.542826598741691 ] ] } },
{ "type": "Feature", "properties": { "start_id": 2940, "end_id": 2921, "km": 945.20936847035114, "from": "maritime", "to": "maritime", "type": "maritime" }, "geometry": { "type": "LineString", "coordinates": [ [ 86.058832627290741, -18.062202158520233 ], [ 94.558780831100691, -15.594871652631417 ] ] } },
{ "type": "Feature", "properties": { "start_id": 2943, "end_id": 2974, "km": 553.38333292377138, "from": "maritime", "to": "maritime", "type": "maritime" }, "geometry": { "type": "LineString", "coordinates": [ [ 154.000285011614693, -18.062202158520233 ], [ 153.987677506458056, -23.03888404602186 ] ] } },
{ "type": "Feature", "properties": { "start_id": 2944, "end_id": 2945, "km": 324.58826165006752, "from": "maritime", "to": "maritime", "type": "maritime" }, "geometry": { "type": "LineString", "coordinates": [ [ -78.350236899178981, -20.542826598741691 ], [ -75.232867139373312, -20.542826598741691 ] ] } },
{ "type": "Feature", "properties": { "start_id": 2948, "end_id": 2961, "km": 416.7525336221907, "from": "maritime", "to": "maritime", "type": "maritime" }, "geometry": { "type": "LineString", "coordinates": [ [ -12.88547194325978, -20.542826598741691 ], [ -9.874067885870433, -23.03888404602186 ] ] } },
{ "type": "Feature", "properties": { "start_id": 2950, "end_id": 2964, "km": 432.60289581430385, "from": "maritime", "to": "maritime", "type": "maritime" }, "geometry": { "type": "LineString", "coordinates": [ [ 5.818746615574279, -20.542826598741691 ], [ 9.033056582475165, -23.03888404602186 ] ] } },
{ "type": "Feature", "properties": { "start_id": 2951, "end_id": 2964, "km": 417.44803268886034, "from": "maritime", "to": "maritime", "type": "maritime" }, "geometry": { "type": "LineString", "coordinates": [ [ 12.053486135185631, -20.542826598741691 ], [ 9.033056582475165, -23.03888404602186 ] ] } },
{ "type": "Feature", "properties": { "start_id": 2952, "end_id": 2967, "km": 384.73294307787478, "from": "maritime", "to": "maritime", "type": "maritime" }, "geometry": { "type": "LineString", "coordinates": [ [ 52.579293012659427, -20.542826598741691 ], [ 49.99849293055729, -23.03888404602186 ] ] } },
{ "type": "Feature", "properties": { "start_id": 2955, "end_id": 2971, "km": 375.19761666708678, "from": "maritime", "to": "maritime", "type": "maritime" }, "geometry": { "type": "LineString", "coordinates": [ [ 65.048772051882125, -20.542826598741691 ], [ 62.603242576121026, -23.03888404602186 ] ] } },
{ "type": "Feature", "properties": { "start_id": 2956, "end_id": 2939, "km": 777.6754393854776, "from": "maritime", "to": "maritime", "type": "maritime" }, "geometry": { "type": "LineString", "coordinates": [ [ 80.635620850910513, -20.542826598741691 ], [ 73.7058412846864, -18.062202158520233 ] ] } },
{ "type": "Feature", "properties": { "start_id": 2959, "end_id": 2982, "km": 395.16462461029289, "from": "maritime", "to": "maritime", "type": "maritime" }, "geometry": { "type": "LineString", "coordinates": [ [ -35.083567176997903, -23.03888404602186 ], [ -32.327008860199705, -25.552662950990161 ] ] } },
{ "type": "Feature", "properties": { "start_id": 2960, "end_id": 2982, "km": 455.2233736953566, "from": "maritime", "to": "maritime", "type": "maritime" }, "geometry": { "type": "LineString", "coordinates": [ [ -28.781192354216032, -23.03888404602186 ], [ -32.327008860199705, -25.552662950990161 ] ] } },
{ "type": "Feature", "properties": { "start_id": 2960, "end_id": 3008, "km": 613.55178407889844, "from": "maritime", "to": "maritime", "type": "maritime" }, "geometry": { "type": "LineString", "coordinates": [ [ -28.781192354216032, -23.03888404602186 ], [ -26.309451686072077, -28.086632483779752 ] ] } },
{ "type": "Feature", "properties": { "start_id": 2962, "end_id": 2963, "km": 322.44205222354492, "from": "maritime", "to": "maritime", "type": "maritime" }, "geometry": { "type": "LineString", "coordinates": [ [ -6.722880474479501, -23.03888404602186 ], [ -3.571693063088568, -23.03888404602186 ] ] } },
{ "type": "Feature", "properties": { "start_id": 2963, "end_id": 2988, "km": 423.97755565961302, "from": "maritime", "to": "maritime", "type": "maritime" }, "geometry": { "type": "LineString", "coordinates": [ [ -3.571693063088568, -23.03888404602186 ], [ -0.42570237570689, -25.552662950990161 ] ] } },
{ "type": "Feature", "properties": { "start_id": 2968, "end_id": 2969, "km": 322.44205222354412, "from": "maritime", "to": "maritime", "type": "maritime" }, "geometry": { "type": "LineString", "coordinates": [ [ 53.149680341948226, -23.03888404602186 ], [ 56.300867753339155, -23.03888404602186 ] ] } },
{ "type": "Feature", "properties": { "start_id": 2975, "end_id": 2945, "km": 585.29839442446587, "from": "maritime", "to": "maritime", "type": "maritime" }, "geometry": { "type": "LineString", "coordinates": [ [ -76.988837938489638, -25.552662950990161 ], [ -75.232867139373312, -20.542826598741691 ] ] } },
{ "type": "Feature", "properties": { "start_id": 2979, "end_id": 2978, "km": 320.02258379679569, "from": "maritime", "to": "maritime", "type": "maritime" }, "geometry": { "type": "LineString", "coordinates": [ [ -41.897400805547555, -25.552662950990161 ], [ -45.087531453996831, -25.552662950990161 ] ] } },
{ "type": "Feature", "properties": { "start_id": 2980, "end_id": 2981, "km": 320.02258379679631, "from": "maritime", "to": "maritime", "type": "maritime" }, "geometry": { "type": "LineString", "coordinates": [ [ -38.707270157098264, -25.552662950990161 ], [ -35.517139508648988, -25.552662950990161 ] ] } },
{ "type": "Feature", "properties": { "start_id": 2983, "end_id": 3008, "km": 397.60333617700638, "from": "maritime", "to": "maritime", "type": "maritime" }, "geometry": { "type": "LineString", "coordinates": [ [ -29.136878211750425, -25.552662950990161 ], [ -26.309451686072077, -28.086632483779752 ] ] } },
{ "type": "Feature", "properties": { "start_id": 2984, "end_id": 2985, "km": 320.02258379679665, "from": "maritime", "to": "maritime", "type": "maritime" }, "geometry": { "type": "LineString", "coordinates": [ [ -22.756616914851861, -25.552662950990161 ], [ -19.566486266402578, -25.552662950990161 ] ] } },
{ "type": "Feature", "properties": { "start_id": 2984, "end_id": 3010, "km": 403.89521104284933, "from": "maritime", "to": "maritime", "type": "maritime" }, "geometry": { "type": "LineString", "coordinates": [ [ -22.756616914851861, -25.552662950990161 ], [ -19.84000205945723, -28.086632483779752 ] ] } },
{ "type": "Feature", "properties": { "start_id": 2985, "end_id": 3011, "km": 407.07680111426987, "from": "maritime", "to": "maritime", "type": "maritime" }, "geometry": { "type": "LineString", "coordinates": [ [ -19.566486266402578, -25.552662950990161 ], [ -16.6052772461498, -28.086632483779752 ] ] } },
{ "type": "Feature", "properties": { "start_id": 2986, "end_id": 2987, "km": 320.02258379679665, "from": "maritime", "to": "maritime", "type": "maritime" }, "geometry": { "type": "LineString", "coordinates": [ [ -6.805963672605452, -25.552662950990161 ], [ -3.615833024156171, -25.552662950990161 ] ] } },
{ "type": "Feature", "properties": { "start_id": 2988, "end_id": 2989, "km": 320.02258379679665, "from": "maritime", "to": "maritime", "type": "maritime" }, "geometry": { "type": "LineString", "coordinates": [ [ -0.42570237570689, -25.552662950990161 ], [ 2.764428272742392, -25.552662950990161 ] ] } },
{ "type": "Feature", "properties": { "start_id": 2989, "end_id": 3016, "km": 424.2016524361344, "from": "maritime", "to": "maritime", "type": "maritime" }, "geometry": { "type": "LineString", "coordinates": [ [ 2.764428272742392, -25.552662950990161 ], [ -0.431653179612681, -28.086632483779752 ] ] } },
{ "type": "Feature", "properties": { "start_id": 2990, "end_id": 3018, "km": 417.62842274049632, "from": "maritime", "to": "maritime", "type": "maritime" }, "geometry": { "type": "LineString", "coordinates": [ [ 9.144689569640954, -25.552662950990161 ], [ 6.037796447002168, -28.086632483779752 ] ] } },
{ "type": "Feature", "properties": { "start_id": 2995, "end_id": 2996, "km": 320.02258379679694, "from": "maritime", "to": "maritime", "type": "maritime" }, "geometry": { "type": "LineString", "coordinates": [ [ 53.806518647930893, -25.552662950990161 ], [ 56.996649296380177, -25.552662950990161 ] ] } },
{ "type": "Feature", "properties": { "start_id": 2997, "end_id": 3026, "km": 613.61843791397678, "from": "maritime", "to": "maritime", "type": "maritime" }, "geometry": { "type": "LineString", "coordinates": [ [ 69.75717189017729, -25.552662950990161 ], [ 64.26284308653581, -28.086632483779752 ] ] } },
{ "type": "Feature", "properties": { "start_id": 2998, "end_id": 3026, "km": 906.40657911096105, "from": "maritime", "to": "maritime", "type": "maritime" }, "geometry": { "type": "LineString", "coordinates": [ [ 72.947302538626587, -25.552662950990161 ], [ 64.26284308653581, -28.086632483779752 ] ] } },
{ "type": "Feature", "properties": { "start_id": 2999, "end_id": 3027, "km": 321.23278614434474, "from": "maritime", "to": "maritime", "type": "maritime" }, "geometry": { "type": "LineString", "coordinates": [ [ 111.228870320017975, -25.552662950990161 ], [ 112.783715286147185, -28.086632483779752 ] ] } },
{ "type": "Feature", "properties": { "start_id": 3002, "end_id": 3003, "km": 317.31796523248033, "from": "maritime", "to": "maritime", "type": "maritime" }, "geometry": { "type": "LineString", "coordinates": [ [ -45.717800565916626, -28.086632483779752 ], [ -42.483075752609203, -28.086632483779752 ] ] } },
{ "type": "Feature", "properties": { "start_id": 3003, "end_id": 3004, "km": 317.31796523248096, "from": "maritime", "to": "maritime", "type": "maritime" }, "geometry": { "type": "LineString", "coordinates": [ [ -42.483075752609203, -28.086632483779752 ], [ -39.248350939301773, -28.086632483779752 ] ] } },
{ "type": "Feature", "properties": { "start_id": 3011, "end_id": 3012, "km": 317.31796523248033, "from": "maritime", "to": "maritime", "type": "maritime" }, "geometry": { "type": "LineString", "coordinates": [ [ -16.6052772461498, -28.086632483779752 ], [ -13.370552432842379, -28.086632483779752 ] ] } },
{ "type": "Feature", "properties": { "start_id": 3012, "end_id": 3013, "km": 317.31796523248062, "from": "maritime", "to": "maritime", "type": "maritime" }, "geometry": { "type": "LineString", "coordinates": [ [ -13.370552432842379, -28.086632483779752 ], [ -10.135827619534954, -28.086632483779752 ] ] } },
{ "type": "Feature", "properties": { "start_id": 3013, "end_id": 3014, "km": 317.3179652324805, "from": "maritime", "to": "maritime", "type": "maritime" }, "geometry": { "type": "LineString", "coordinates": [ [ -10.135827619534954, -28.086632483779752 ], [ -6.90110280622753, -28.086632483779752 ] ] } },
{ "type": "Feature", "properties": { "start_id": 3017, "end_id": 3018, "km": 317.3179652324805, "from": "maritime", "to": "maritime", "type": "maritime" }, "geometry": { "type": "LineString", "coordinates": [ [ 2.803071633694744, -28.086632483779752 ], [ 6.037796447002168, -28.086632483779752 ] ] } },
{ "type": "Feature", "properties": { "start_id": 3020, "end_id": 3021, "km": 317.31796523247971, "from": "maritime", "to": "maritime", "type": "maritime" }, "geometry": { "type": "LineString", "coordinates": [ [ 35.150319766768995, -28.086632483779752 ], [ 38.385044580076411, -28.086632483779752 ] ] } },
{ "type": "Feature", "properties": { "start_id": 3021, "end_id": 3022, "km": 317.31796523248033, "from": "maritime", "to": "maritime", "type": "maritime" }, "geometry": { "type": "LineString", "coordinates": [ [ 38.385044580076411, -28.086632483779752 ], [ 41.619769393383834, -28.086632483779752 ] ] } },
{ "type": "Feature", "properties": { "start_id": 3022, "end_id": 3023, "km": 317.31796523248096, "from": "maritime", "to": "maritime", "type": "maritime" }, "geometry": { "type": "LineString", "coordinates": [ [ 41.619769393383834, -28.086632483779752 ], [ 44.854494206691264, -28.086632483779752 ] ] } },
{ "type": "Feature", "properties": { "start_id": 3030, "end_id": 3058, "km": 298.87199855541843, "from": "maritime", "to": "maritime", "type": "maritime" }, "geometry": { "type": "LineString", "coordinates": [ [ -49.722640501468248, -30.643480263658457 ], [ -50.59997760577388, -33.226158472872044 ] ] } },
{ "type": "Feature", "properties": { "start_id": 3031, "end_id": 3030, "km": 314.31409873549239, "from": "maritime", "to": "maritime", "type": "maritime" }, "geometry": { "type": "LineString", "coordinates": [ [ -46.437027394334741, -30.643480263658457 ], [ -49.722640501468248, -30.643480263658457 ] ] } },
{ "type": "Feature", "properties": { "start_id": 3032, "end_id": 3033, "km": 314.31409873549273, "from": "maritime", "to": "maritime", "type": "maritime" }, "geometry": { "type": "LineString", "coordinates": [ [ -30.00896185866722, -30.643480263658457 ], [ -26.723348751533713, -30.643480263658457 ] ] } },
{ "type": "Feature", "properties": { "start_id": 3034, "end_id": 3035, "km": 314.31409873549273, "from": "maritime", "to": "maritime", "type": "maritime" }, "geometry": { "type": "LineString", "coordinates": [ [ -23.437735644400213, -30.643480263658457 ], [ -20.152122537266706, -30.643480263658457 ] ] } },
{ "type": "Feature", "properties": { "start_id": 3036, "end_id": 3037, "km": 314.31409873549211, "from": "maritime", "to": "maritime", "type": "maritime" }, "geometry": { "type": "LineString", "coordinates": [ [ -16.866509430133199, -30.643480263658457 ], [ -13.580896322999699, -30.643480263658457 ] ] } },
{ "type": "Feature", "properties": { "start_id": 3038, "end_id": 3039, "km": 314.31409873549234, "from": "maritime", "to": "maritime", "type": "maritime" }, "geometry": { "type": "LineString", "coordinates": [ [ -10.295283215866192, -30.643480263658457 ], [ -7.009670108732689, -30.643480263658457 ] ] } },
{ "type": "Feature", "properties": { "start_id": 3040, "end_id": 3041, "km": 314.31409873549239, "from": "maritime", "to": "maritime", "type": "maritime" }, "geometry": { "type": "LineString", "coordinates": [ [ -3.724057001599184, -30.643480263658457 ], [ -0.43844389446568, -30.643480263658457 ] ] } },
{ "type": "Feature", "properties": { "start_id": 3042, "end_id": 3043, "km": 314.31409873549239, "from": "maritime", "to": "maritime", "type": "maritime" }, "geometry": { "type": "LineString", "coordinates": [ [ 2.847169212667824, -30.643480263658457 ], [ 6.132782319801328, -30.643480263658457 ] ] } },
{ "type": "Feature", "properties": { "start_id": 3044, "end_id": 3045, "km": 314.31409873549239, "from": "maritime", "to": "maritime", "type": "maritime" }, "geometry": { "type": "LineString", "coordinates": [ [ 9.418395426934833, -30.643480263658457 ], [ 12.704008534068338, -30.643480263658457 ] ] } },
{ "type": "Feature", "properties": { "start_id": 3046, "end_id": 3076, "km": 407.30527895284513, "from": "maritime", "to": "maritime", "type": "maritime" }, "geometry": { "type": "LineString", "coordinates": [ [ 15.989621641201841, -30.643480263658457 ], [ 12.928165938983801, -33.226158472872044 ] ] } },
{ "type": "Feature", "properties": { "start_id": 3052, "end_id": 3024, "km": 483.94991792335543, "from": "maritime", "to": "maritime", "type": "maritime" }, "geometry": { "type": "LineString", "coordinates": [ [ 52.131365819670386, -30.643480263658457 ], [ 48.089219019998687, -28.086632483779752 ] ] } },
{ "type": "Feature", "properties": { "start_id": 3053, "end_id": 3052, "km": 628.56098772550513, "from": "maritime", "to": "maritime", "type": "maritime" }, "geometry": { "type": "LineString", "coordinates": [ [ 58.702592033937407, -30.643480263658457 ], [ 52.131365819670386, -30.643480263658457 ] ] } },
{ "type": "Feature", "properties": { "start_id": 3054, "end_id": 3083, "km": 313.10658864753566, "from": "maritime", "to": "maritime", "type": "maritime" }, "geometry": { "type": "LineString", "coordinates": [ [ 114.558014855206977, -30.643480263658457 ], [ 113.235761009653814, -33.226158472872044 ] ] } },
{ "type": "Feature", "properties": { "start_id": 3059, "end_id": 3060, "km": 310.994254102897, "from": "maritime", "to": "maritime", "type": "maritime" }, "geometry": { "type": "LineString", "coordinates": [ [ -47.256391103418217, -33.226158472872044 ], [ -43.912804601062547, -33.226158472872044 ] ] } },
{ "type": "Feature", "properties": { "start_id": 3060, "end_id": 3061, "km": 310.99425410289643, "from": "maritime", "to": "maritime", "type": "maritime" }, "geometry": { "type": "LineString", "coordinates": [ [ -43.912804601062547, -33.226158472872044 ], [ -40.569218098706884, -33.226158472872044 ] ] } },
{ "type": "Feature", "properties": { "start_id": 3061, "end_id": 3091, "km": 376.03809696560018, "from": "maritime", "to": "maritime", "type": "maritime" }, "geometry": { "type": "LineString", "coordinates": [ [ -40.569218098706884, -33.226158472872044 ], [ -37.960859066326826, -35.83794108896884 ] ] } },
{ "type": "Feature", "properties": { "start_id": 3062, "end_id": 3091, "km": 473.14517589781491, "from": "maritime", "to": "maritime", "type": "maritime" }, "geometry": { "type": "LineString", "coordinates": [ [ -33.882045093995544, -33.226158472872044 ], [ -37.960859066326826, -35.83794108896884 ] ] } },
{ "type": "Feature", "properties": { "start_id": 3065, "end_id": 3066, "km": 310.99425410289672, "from": "maritime", "to": "maritime", "type": "maritime" }, "geometry": { "type": "LineString", "coordinates": [ [ -23.85128558692854, -33.226158472872044 ], [ -20.507699084572874, -33.226158472872044 ] ] } },
{ "type": "Feature", "properties": { "start_id": 3069, "end_id": 3070, "km": 310.99425410289672, "from": "maritime", "to": "maritime", "type": "maritime" }, "geometry": { "type": "LineString", "coordinates": [ [ -10.47693957750587, -33.226158472872044 ], [ -7.133353075150205, -33.226158472872044 ] ] } },
{ "type": "Feature", "properties": { "start_id": 3071, "end_id": 3072, "km": 310.99425410289683, "from": "maritime", "to": "maritime", "type": "maritime" }, "geometry": { "type": "LineString", "coordinates": [ [ -3.789766572794537, -33.226158472872044 ], [ -0.44618007043887, -33.226158472872044 ] ] } },
{ "type": "Feature", "properties": { "start_id": 3073, "end_id": 3074, "km": 310.99425410289683, "from": "maritime", "to": "maritime", "type": "maritime" }, "geometry": { "type": "LineString", "coordinates": [ [ 2.897406431916798, -33.226158472872044 ], [ 6.240992934272465, -33.226158472872044 ] ] } },
{ "type": "Feature", "properties": { "start_id": 3077, "end_id": 3105, "km": 291.90464378869041, "from": "maritime", "to": "maritime", "type": "maritime" }, "geometry": { "type": "LineString", "coordinates": [ [ 16.271752441339466, -33.226158472872044 ], [ 16.593128838904423, -35.83794108896884 ] ] } },
{ "type": "Feature", "properties": { "start_id": 3078, "end_id": 3079, "km": 310.994254102897, "from": "maritime", "to": "maritime", "type": "maritime" }, "geometry": { "type": "LineString", "coordinates": [ [ 29.646098450762139, -33.226158472872044 ], [ 32.989684953117809, -33.226158472872044 ] ] } },
{ "type": "Feature", "properties": { "start_id": 3080, "end_id": 3110, "km": 380.95100791110815, "from": "maritime", "to": "maritime", "type": "maritime" }, "geometry": { "type": "LineString", "coordinates": [ [ 36.333271455473472, -33.226158472872044 ], [ 33.641250059289192, -35.83794108896884 ] ] } },
{ "type": "Feature", "properties": { "start_id": 3081, "end_id": 3048, "km": 472.23495127318364, "from": "maritime", "to": "maritime", "type": "maritime" }, "geometry": { "type": "LineString", "coordinates": [ [ 39.676857957829142, -33.226158472872044 ], [ 35.703300284002864, -30.643480263658457 ] ] } },
{ "type": "Feature", "properties": { "start_id": 3085, "end_id": 3115, "km": 427.47374436609545, "from": "maritime", "to": "maritime", "type": "maritime" }, "geometry": { "type": "LineString", "coordinates": [ [ 173.420318052055848, -33.226158472872044 ], [ 176.845468310521227, -35.83794108896884 ] ] } },
{ "type": "Feature", "properties": { "start_id": 3086, "end_id": 3087, "km": 307.33851467974119, "from": "maritime", "to": "maritime", "type": "maritime" }, "geometry": { "type": "LineString", "coordinates": [ [ -55.008980286711584, -35.83794108896884 ], [ -51.599356042634639, -35.83794108896884 ] ] } },
{ "type": "Feature", "properties": { "start_id": 3087, "end_id": 3088, "km": 307.33851467974233, "from": "maritime", "to": "maritime", "type": "maritime" }, "geometry": { "type": "LineString", "coordinates": [ [ -51.599356042634639, -35.83794108896884 ], [ -48.189731798557688, -35.83794108896884 ] ] } },
{ "type": "Feature", "properties": { "start_id": 3088, "end_id": 3089, "km": 307.33851467974233, "from": "maritime", "to": "maritime", "type": "maritime" }, "geometry": { "type": "LineString", "coordinates": [ [ -48.189731798557688, -35.83794108896884 ], [ -44.780107554480729, -35.83794108896884 ] ] } },
{ "type": "Feature", "properties": { "start_id": 3092, "end_id": 3093, "km": 307.33851467974176, "from": "maritime", "to": "maritime", "type": "maritime" }, "geometry": { "type": "LineString", "coordinates": [ [ -27.731986334095964, -35.83794108896884 ], [ -24.322362090019016, -35.83794108896884 ] ] } },
{ "type": "Feature", "properties": { "start_id": 3104, "end_id": 3105, "km": 307.33851467974193, "from": "maritime", "to": "maritime", "type": "maritime" }, "geometry": { "type": "LineString", "coordinates": [ [ 13.183504594827472, -35.83794108896884 ], [ 16.593128838904423, -35.83794108896884 ] ] } },
{ "type": "Feature", "properties": { "start_id": 3107, "end_id": 3108, "km": 307.33851467974199, "from": "maritime", "to": "maritime", "type": "maritime" }, "geometry": { "type": "LineString", "coordinates": [ [ 23.41237732705833, -35.83794108896884 ], [ 26.822001571135281, -35.83794108896884 ] ] } },
{ "type": "Feature", "properties": { "start_id": 3107, "end_id": 3106, "km": 307.33851467974233, "from": "maritime", "to": "maritime", "type": "maritime" }, "geometry": { "type": "LineString", "coordinates": [ [ 23.41237732705833, -35.83794108896884 ], [ 20.002753082981375, -35.83794108896884 ] ] } },
{ "type": "Feature", "properties": { "start_id": 3108, "end_id": 3109, "km": 307.33851467974199, "from": "maritime", "to": "maritime", "type": "maritime" }, "geometry": { "type": "LineString", "coordinates": [ [ 26.822001571135281, -35.83794108896884 ], [ 30.231625815212237, -35.83794108896884 ] ] } },
{ "type": "Feature", "properties": { "start_id": 3109, "end_id": 3110, "km": 307.33851467974233, "from": "maritime", "to": "maritime", "type": "maritime" }, "geometry": { "type": "LineString", "coordinates": [ [ 30.231625815212237, -35.83794108896884 ], [ 33.641250059289192, -35.83794108896884 ] ] } },
{ "type": "Feature", "properties": { "start_id": 3122, "end_id": 3062, "km": 598.54141779485656, "from": "maritime", "to": "maritime", "type": "maritime" }, "geometry": { "type": "LineString", "coordinates": [ [ -35.314539422338576, -38.482496054673746 ], [ -33.882045093995544, -33.226158472872044 ] ] } },
{ "type": "Feature", "properties": { "start_id": 3129, "end_id": 3102, "km": 417.43602871524388, "from": "maritime", "to": "maritime", "type": "maritime" }, "geometry": { "type": "LineString", "coordinates": [ [ 3.01990548028035, -38.482496054673746 ], [ 6.364256106673563, -35.83794108896884 ] ] } },
{ "type": "Feature", "properties": { "start_id": 3136, "end_id": 3117, "km": 320.91614336758818, "from": "maritime", "to": "maritime", "type": "maritime" }, "geometry": { "type": "LineString", "coordinates": [ [ -57.614261298957992, -41.163977832468724 ], [ -56.224236641948892, -38.482496054673746 ] ] } },
{ "type": "Feature", "properties": { "start_id": 3142, "end_id": 3144, "km": 352.2341875853275, "from": "maritime", "to": "maritime", "type": "maritime" }, "geometry": { "type": "LineString", "coordinates": [ [ -61.055919916228817, -46.657537848045742 ], [ -63.204237606580236, -49.481665163599935 ] ] } }
]
}
