{
"type": "FeatureCollection",
"name": "port&maritime",
"crs": { "type": "name", "properties": { "name": "urn:ogc:def:crs:OGC:1.3:CRS84" } },
"features": [
{ "type": "Feature", "properties": { "longitude": 10.656693654114147, "latitude": 68.888600390951837, "Id": 1, "class": "maritime" }, "geometry": { "type": "Point", "coordinates": [ 10.656693654114147, 68.888600390951837 ] } },
{ "type": "Feature", "properties": { "longitude": 9.7199332690975702, "latitude": 65.448246752982243, "Id": 2, "class": "maritime" }, "geometry": { "type": "Point", "coordinates": [ 9.71993326909757, 65.448246752982243 ] } },
{ "type": "Feature", "properties": { "longitude": 4.1872706352389262, "latitude": 62.163130453560811, "Id": 3, "class": "maritime" }, "geometry": { "type": "Point", "coordinates": [ 4.187270635238926, 62.163130453560811 ] } },
{ "type": "Feature", "properties": { "longitude": -5.1449606016349563, "latitude": 59.002172697018793, "Id": 4, "class": "maritime" }, "geometry": { "type": "Point", "coordinates": [ -5.144960601634955, 59.002172697018793 ] } },
{ "type": "Feature", "properties": { "longitude": -0.60573094399055705, "latitude": 59.002172697018793, "Id": 5, "class": "maritime" }, "geometry": { "type": "Point", "coordinates": [ -0.605730943990557, 59.002172697018793 ] } },
{ "type": "Feature", "properties": { "longitude": 3.9334987136538411, "latitude": 59.002172697018793, "Id": 6, "class": "maritime" }, "geometry": { "type": "Point", "coordinates": [ 3.933498713653841, 59.002172697018793 ] } },
{ "type": "Feature", "properties": { "longitude": 22.090417344231433, "latitude": 59.002172697018793, "Id": 7, "class": "maritime" }, "geometry": { "type": "Point", "coordinates": [ 22.090417344231433, 59.002172697018793 ] } },
{ "type": "Feature", "properties": { "longitude": -151.20373449014835, "latitude": 55.943425022583448, "Id": 8, "class": "maritime" }, "geometry": { "type": "Point", "coordinates": [ -151.203734490148349, 55.943425022583448 ] } },
{ "type": "Feature", "properties": { "longitude": -4.8779988824686242, "latitude": 55.943425022583448, "Id": 9, "class": "maritime" }, "geometry": { "type": "Point", "coordinates": [ -4.877998882468623, 55.943425022583448 ] } },
{ "type": "Feature", "properties": { "longitude": 3.7293973297478331, "latitude": 55.943425022583448, "Id": 10, "class": "maritime" }, "geometry": { "type": "Point", "coordinates": [ 3.729397329747833, 55.943425022583448 ] } },
{ "type": "Feature", "properties": { "longitude": 16.640491648072516, "latitude": 55.943425022583448, "Id": 11, "class": "maritime" }, "geometry": { "type": "Point", "coordinates": [ 16.640491648072516, 55.943425022583448 ] } },
{ "type": "Feature", "properties": { "longitude": 20.944189754180744, "latitude": 55.943425022583448, "Id": 12, "class": "maritime" }, "geometry": { "type": "Point", "coordinates": [ 20.944189754180744, 55.943425022583448 ] } },
{ "type": "Feature", "properties": { "longitude": 167.26992536186049, "latitude": 55.943425022583448, "Id": 13, "class": "maritime" }, "geometry": { "type": "Point", "coordinates": [ 167.269925361860487, 55.943425022583448 ] } },
{ "type": "Feature", "properties": { "longitude": -177.27584455094004, "latitude": 52.970591630113567, "Id": 14, "class": "maritime" }, "geometry": { "type": "Point", "coordinates": [ -177.275844550940036, 52.970591630113567 ] } },
{ "type": "Feature", "properties": { "longitude": -164.94602597360873, "latitude": 52.970591630113567, "Id": 15, "class": "maritime" }, "geometry": { "type": "Point", "coordinates": [ -164.946025973608727, 52.970591630113567 ] } },
{ "type": "Feature", "properties": { "longitude": -160.83608644783166, "latitude": 52.970591630113567, "Id": 16, "class": "maritime" }, "geometry": { "type": "Point", "coordinates": [ -160.836086447831633, 52.970591630113567 ] } },
{ "type": "Feature", "properties": { "longitude": -156.72614692205454, "latitude": 52.970591630113567, "Id": 17, "class": "maritime" }, "geometry": { "type": "Point", "coordinates": [ -156.726146922054539, 52.970591630113567 ] } },
{ "type": "Feature", "properties": { "longitude": -152.61620739627745, "latitude": 52.970591630113567, "Id": 18, "class": "maritime" }, "geometry": { "type": "Point", "coordinates": [ -152.616207396277446, 52.970591630113567 ] } },
{ "type": "Feature", "properties": { "longitude": -148.50626787050032, "latitude": 52.970591630113567, "Id": 19, "class": "maritime" }, "geometry": { "type": "Point", "coordinates": [ -148.506267870500324, 52.970591630113567 ] } },
{ "type": "Feature", "properties": { "longitude": -144.39632834472323, "latitude": 52.970591630113567, "Id": 20, "class": "maritime" }, "geometry": { "type": "Point", "coordinates": [ -144.39632834472323, 52.970591630113567 ] } },
{ "type": "Feature", "properties": { "longitude": -140.28638881894614, "latitude": 52.970591630113567, "Id": 21, "class": "maritime" }, "geometry": { "type": "Point", "coordinates": [ -140.286388818946136, 52.970591630113567 ] } },
{ "type": "Feature", "properties": { "longitude": 3.5614945832524301, "latitude": 52.970591630113567, "Id": 22, "class": "maritime" }, "geometry": { "type": "Point", "coordinates": [ 3.56149458325243, 52.970591630113567 ] } },
{ "type": "Feature", "properties": { "longitude": 167.95907561433648, "latitude": 52.970591630113567, "Id": 23, "class": "maritime" }, "geometry": { "type": "Point", "coordinates": [ 167.959075614336484, 52.970591630113567 ] } },
{ "type": "Feature", "properties": { "longitude": 176.1789546658907, "latitude": 52.970591630113567, "Id": 24, "class": "maritime" }, "geometry": { "type": "Point", "coordinates": [ 176.1789546658907, 52.970591630113567 ] } },
{ "type": "Feature", "properties": { "longitude": -178.17644321731842, "latitude": 50.071105542797362, "Id": 25, "class": "maritime" }, "geometry": { "type": "Point", "coordinates": [ -178.176443217318422, 50.071105542797362 ] } },
{ "type": "Feature", "properties": { "longitude": -174.22867346651543, "latitude": 50.071105542797362, "Id": 26, "class": "maritime" }, "geometry": { "type": "Point", "coordinates": [ -174.228673466515431, 50.071105542797362 ] } },
{ "type": "Feature", "properties": { "longitude": -170.28090371571244, "latitude": 50.071105542797362, "Id": 27, "class": "maritime" }, "geometry": { "type": "Point", "coordinates": [ -170.280903715712441, 50.071105542797362 ] } },
{ "type": "Feature", "properties": { "longitude": -166.33313396490948, "latitude": 50.071105542797362, "Id": 28, "class": "maritime" }, "geometry": { "type": "Point", "coordinates": [ -166.333133964909479, 50.071105542797362 ] } },
{ "type": "Feature", "properties": { "longitude": -162.38536421410652, "latitude": 50.071105542797362, "Id": 29, "class": "maritime" }, "geometry": { "type": "Point", "coordinates": [ -162.385364214106517, 50.071105542797362 ] } },
{ "type": "Feature", "properties": { "longitude": -158.43759446330353, "latitude": 50.071105542797362, "Id": 30, "class": "maritime" }, "geometry": { "type": "Point", "coordinates": [ -158.437594463303526, 50.071105542797362 ] } },
{ "type": "Feature", "properties": { "longitude": -154.48982471250056, "latitude": 50.071105542797362, "Id": 31, "class": "maritime" }, "geometry": { "type": "Point", "coordinates": [ -154.489824712500564, 50.071105542797362 ] } },
{ "type": "Feature", "properties": { "longitude": -150.54205496169757, "latitude": 50.071105542797362, "Id": 32, "class": "maritime" }, "geometry": { "type": "Point", "coordinates": [ -150.542054961697573, 50.071105542797362 ] } },
{ "type": "Feature", "properties": { "longitude": -146.59428521089461, "latitude": 50.071105542797362, "Id": 33, "class": "maritime" }, "geometry": { "type": "Point", "coordinates": [ -146.594285210894611, 50.071105542797362 ] } },
{ "type": "Feature", "properties": { "longitude": -142.64651546009162, "latitude": 50.071105542797362, "Id": 34, "class": "maritime" }, "geometry": { "type": "Point", "coordinates": [ -142.646515460091621, 50.071105542797362 ] } },
{ "type": "Feature", "properties": { "longitude": -138.69874570928866, "latitude": 50.071105542797362, "Id": 35, "class": "maritime" }, "geometry": { "type": "Point", "coordinates": [ -138.698745709288659, 50.071105542797362 ] } },
{ "type": "Feature", "properties": { "longitude": -134.75097595848567, "latitude": 50.071105542797362, "Id": 36, "class": "maritime" }, "geometry": { "type": "Point", "coordinates": [ -134.750975958485668, 50.071105542797362 ] } },
{ "type": "Feature", "properties": { "longitude": -130.80320620768271, "latitude": 50.071105542797362, "Id": 37, "class": "maritime" }, "geometry": { "type": "Point", "coordinates": [ -130.803206207682706, 50.071105542797362 ] } },
{ "type": "Feature", "properties": { "longitude": -63.691120444032123, "latitude": 50.071105542797362, "Id": 38, "class": "maritime" }, "geometry": { "type": "Point", "coordinates": [ -63.691120444032123, 50.071105542797362 ] } },
{ "type": "Feature", "properties": { "longitude": -59.743350693229146, "latitude": 50.071105542797362, "Id": 39, "class": "maritime" }, "geometry": { "type": "Point", "coordinates": [ -59.743350693229146, 50.071105542797362 ] } },
{ "type": "Feature", "properties": { "longitude": -8.4223439327904703, "latitude": 50.071105542797362, "Id": 40, "class": "maritime" }, "geometry": { "type": "Point", "coordinates": [ -8.422343932790469, 50.071105542797362 ] } },
{ "type": "Feature", "properties": { "longitude": -4.4745741819874931, "latitude": 50.071105542797362, "Id": 41, "class": "maritime" }, "geometry": { "type": "Point", "coordinates": [ -4.474574181987493, 50.071105542797362 ] } },
{ "type": "Feature", "properties": { "longitude": -0.52680443118451803, "latitude": 50.071105542797362, "Id": 42, "class": "maritime" }, "geometry": { "type": "Point", "coordinates": [ -0.526804431184518, 50.071105542797362 ] } },
{ "type": "Feature", "properties": { "longitude": 157.38398560093449, "latitude": 50.071105542797362, "Id": 43, "class": "maritime" }, "geometry": { "type": "Point", "coordinates": [ 157.383985600934494, 50.071105542797362 ] } },
{ "type": "Feature", "properties": { "longitude": 161.33175535173748, "latitude": 50.071105542797362, "Id": 44, "class": "maritime" }, "geometry": { "type": "Point", "coordinates": [ 161.331755351737485, 50.071105542797362 ] } },
{ "type": "Feature", "properties": { "longitude": 165.27952510254045, "latitude": 50.071105542797362, "Id": 45, "class": "maritime" }, "geometry": { "type": "Point", "coordinates": [ 165.279525102540447, 50.071105542797362 ] } },
{ "type": "Feature", "properties": { "longitude": 169.22729485334344, "latitude": 50.071105542797362, "Id": 46, "class": "maritime" }, "geometry": { "type": "Point", "coordinates": [ 169.227294853343437, 50.071105542797362 ] } },
{ "type": "Feature", "properties": { "longitude": 173.1750646041464, "latitude": 50.071105542797362, "Id": 47, "class": "maritime" }, "geometry": { "type": "Point", "coordinates": [ 173.175064604146399, 50.071105542797362 ] } },
{ "type": "Feature", "properties": { "longitude": 177.12283435494939, "latitude": 50.071105542797362, "Id": 48, "class": "maritime" }, "geometry": { "type": "Point", "coordinates": [ 177.122834354949362, 50.071105542797362 ] } },
{ "type": "Feature", "properties": { "longitude": -179.58818754998782, "latitude": 47.234980716592936, "Id": 49, "class": "maritime" }, "geometry": { "type": "Point", "coordinates": [ -179.588187549987794, 47.234980716592936 ] } },
{ "type": "Feature", "properties": { "longitude": -175.77798031700348, "latitude": 47.234980716592936, "Id": 50, "class": "maritime" }, "geometry": { "type": "Point", "coordinates": [ -175.777980317003482, 47.234980716592936 ] } },
{ "type": "Feature", "properties": { "longitude": -171.9677730840192, "latitude": 47.234980716592936, "Id": 51, "class": "maritime" }, "geometry": { "type": "Point", "coordinates": [ -171.9677730840192, 47.234980716592936 ] } },
{ "type": "Feature", "properties": { "longitude": -168.15756585103489, "latitude": 47.234980716592936, "Id": 52, "class": "maritime" }, "geometry": { "type": "Point", "coordinates": [ -168.157565851034889, 47.234980716592936 ] } },
{ "type": "Feature", "properties": { "longitude": -164.34735861805061, "latitude": 47.234980716592936, "Id": 53, "class": "maritime" }, "geometry": { "type": "Point", "coordinates": [ -164.347358618050606, 47.234980716592936 ] } },
{ "type": "Feature", "properties": { "longitude": -160.53715138506632, "latitude": 47.234980716592936, "Id": 54, "class": "maritime" }, "geometry": { "type": "Point", "coordinates": [ -160.537151385066323, 47.234980716592936 ] } },
{ "type": "Feature", "properties": { "longitude": -156.72694415208204, "latitude": 47.234980716592936, "Id": 55, "class": "maritime" }, "geometry": { "type": "Point", "coordinates": [ -156.726944152082041, 47.234980716592936 ] } },
{ "type": "Feature", "properties": { "longitude": -152.91673691909773, "latitude": 47.234980716592936, "Id": 56, "class": "maritime" }, "geometry": { "type": "Point", "coordinates": [ -152.91673691909773, 47.234980716592936 ] } },
{ "type": "Feature", "properties": { "longitude": -149.10652968611345, "latitude": 47.234980716592936, "Id": 57, "class": "maritime" }, "geometry": { "type": "Point", "coordinates": [ -149.106529686113447, 47.234980716592936 ] } },
{ "type": "Feature", "properties": { "longitude": -145.29632245312919, "latitude": 47.234980716592936, "Id": 58, "class": "maritime" }, "geometry": { "type": "Point", "coordinates": [ -145.296322453129193, 47.234980716592936 ] } },
{ "type": "Feature", "properties": { "longitude": -141.48611522014488, "latitude": 47.234980716592936, "Id": 59, "class": "maritime" }, "geometry": { "type": "Point", "coordinates": [ -141.486115220144882, 47.234980716592936 ] } },
{ "type": "Feature", "properties": { "longitude": -137.67590798716057, "latitude": 47.234980716592936, "Id": 60, "class": "maritime" }, "geometry": { "type": "Point", "coordinates": [ -137.675907987160571, 47.234980716592936 ] } },
{ "type": "Feature", "properties": { "longitude": -133.86570075417629, "latitude": 47.234980716592936, "Id": 61, "class": "maritime" }, "geometry": { "type": "Point", "coordinates": [ -133.865700754176288, 47.234980716592936 ] } },
{ "type": "Feature", "properties": { "longitude": -130.05549352119201, "latitude": 47.234980716592936, "Id": 62, "class": "maritime" }, "geometry": { "type": "Point", "coordinates": [ -130.055493521192005, 47.234980716592936 ] } },
{ "type": "Feature", "properties": { "longitude": -126.24528628820771, "latitude": 47.234980716592936, "Id": 63, "class": "maritime" }, "geometry": { "type": "Point", "coordinates": [ -126.245286288207708, 47.234980716592936 ] } },
{ "type": "Feature", "properties": { "longitude": -42.420727162553369, "latitude": 47.234980716592936, "Id": 64, "class": "maritime" }, "geometry": { "type": "Point", "coordinates": [ -42.420727162553369, 47.234980716592936 ] } },
{ "type": "Feature", "properties": { "longitude": -38.61051992956908, "latitude": 47.234980716592936, "Id": 65, "class": "maritime" }, "geometry": { "type": "Point", "coordinates": [ -38.61051992956908, 47.234980716592936 ] } },
{ "type": "Feature", "properties": { "longitude": -34.80031269658479, "latitude": 47.234980716592936, "Id": 66, "class": "maritime" }, "geometry": { "type": "Point", "coordinates": [ -34.80031269658479, 47.234980716592936 ] } },
{ "type": "Feature", "properties": { "longitude": -30.990105463600496, "latitude": 47.234980716592936, "Id": 67, "class": "maritime" }, "geometry": { "type": "Point", "coordinates": [ -30.990105463600496, 47.234980716592936 ] } },
{ "type": "Feature", "properties": { "longitude": -27.17989823061621, "latitude": 47.234980716592936, "Id": 68, "class": "maritime" }, "geometry": { "type": "Point", "coordinates": [ -27.17989823061621, 47.234980716592936 ] } },
{ "type": "Feature", "properties": { "longitude": -23.369690997631924, "latitude": 47.234980716592936, "Id": 69, "class": "maritime" }, "geometry": { "type": "Point", "coordinates": [ -23.369690997631924, 47.234980716592936 ] } },
{ "type": "Feature", "properties": { "longitude": -8.1288620656947685, "latitude": 47.234980716592936, "Id": 70, "class": "maritime" }, "geometry": { "type": "Point", "coordinates": [ -8.128862065694767, 47.234980716592936 ] } },
{ "type": "Feature", "properties": { "longitude": -4.318654832710477, "latitude": 47.234980716592936, "Id": 71, "class": "maritime" }, "geometry": { "type": "Point", "coordinates": [ -4.318654832710477, 47.234980716592936 ] } },
{ "type": "Feature", "properties": { "longitude": 140.46922002069249, "latitude": 47.234980716592936, "Id": 72, "class": "maritime" }, "geometry": { "type": "Point", "coordinates": [ 140.469220020692489, 47.234980716592936 ] } },
{ "type": "Feature", "properties": { "longitude": 155.71004895262968, "latitude": 47.234980716592936, "Id": 73, "class": "maritime" }, "geometry": { "type": "Point", "coordinates": [ 155.710048952629649, 47.234980716592936 ] } },
{ "type": "Feature", "properties": { "longitude": 159.52025618561393, "latitude": 47.234980716592936, "Id": 74, "class": "maritime" }, "geometry": { "type": "Point", "coordinates": [ 159.520256185613931, 47.234980716592936 ] } },
{ "type": "Feature", "properties": { "longitude": 163.33046341859824, "latitude": 47.234980716592936, "Id": 75, "class": "maritime" }, "geometry": { "type": "Point", "coordinates": [ 163.330463418598242, 47.234980716592936 ] } },
{ "type": "Feature", "properties": { "longitude": 167.14067065158255, "latitude": 47.234980716592936, "Id": 76, "class": "maritime" }, "geometry": { "type": "Point", "coordinates": [ 167.140670651582553, 47.234980716592936 ] } },
{ "type": "Feature", "properties": { "longitude": 170.95087788456681, "latitude": 47.234980716592936, "Id": 77, "class": "maritime" }, "geometry": { "type": "Point", "coordinates": [ 170.950877884566808, 47.234980716592936 ] } },
{ "type": "Feature", "properties": { "longitude": 174.76108511755109, "latitude": 47.234980716592936, "Id": 78, "class": "maritime" }, "geometry": { "type": "Point", "coordinates": [ 174.76108511755109, 47.234980716592936 ] } },
{ "type": "Feature", "properties": { "longitude": 178.57129235053537, "latitude": 47.234980716592936, "Id": 79, "class": "maritime" }, "geometry": { "type": "Point", "coordinates": [ 178.571292350535373, 47.234980716592936 ] } },
{ "type": "Feature", "properties": { "longitude": -177.72260112049904, "latitude": 44.454086083266183, "Id": 80, "class": "maritime" }, "geometry": { "type": "Point", "coordinates": [ -177.722601120499036, 44.454086083266183 ] } },
{ "type": "Feature", "properties": { "longitude": -174.03031176837339, "latitude": 44.454086083266183, "Id": 81, "class": "maritime" }, "geometry": { "type": "Point", "coordinates": [ -174.030311768373394, 44.454086083266183 ] } },
{ "type": "Feature", "properties": { "longitude": -170.33802241624772, "latitude": 44.454086083266183, "Id": 82, "class": "maritime" }, "geometry": { "type": "Point", "coordinates": [ -170.338022416247696, 44.454086083266183 ] } },
{ "type": "Feature", "properties": { "longitude": -162.95344371199636, "latitude": 44.454086083266183, "Id": 83, "class": "maritime" }, "geometry": { "type": "Point", "coordinates": [ -162.953443711996357, 44.454086083266183 ] } },
{ "type": "Feature", "properties": { "longitude": -155.56886500774505, "latitude": 44.454086083266183, "Id": 84, "class": "maritime" }, "geometry": { "type": "Point", "coordinates": [ -155.568865007745046, 44.454086083266183 ] } },
{ "type": "Feature", "properties": { "longitude": -151.8765756556194, "latitude": 44.454086083266183, "Id": 85, "class": "maritime" }, "geometry": { "type": "Point", "coordinates": [ -151.876575655619376, 44.454086083266183 ] } },
{ "type": "Feature", "properties": { "longitude": -148.18428630349371, "latitude": 44.454086083266183, "Id": 86, "class": "maritime" }, "geometry": { "type": "Point", "coordinates": [ -148.184286303493707, 44.454086083266183 ] } },
{ "type": "Feature", "properties": { "longitude": -133.41512889499103, "latitude": 44.454086083266183, "Id": 87, "class": "maritime" }, "geometry": { "type": "Point", "coordinates": [ -133.415128894991028, 44.454086083266183 ] } },
{ "type": "Feature", "properties": { "longitude": -129.72283954286536, "latitude": 44.454086083266183, "Id": 88, "class": "maritime" }, "geometry": { "type": "Point", "coordinates": [ -129.722839542865358, 44.454086083266183 ] } },
{ "type": "Feature", "properties": { "longitude": -126.0305501907397, "latitude": 44.454086083266183, "Id": 89, "class": "maritime" }, "geometry": { "type": "Point", "coordinates": [ -126.030550190739703, 44.454086083266183 ] } },
{ "type": "Feature", "properties": { "longitude": -63.261631204603376, "latitude": 44.454086083266183, "Id": 90, "class": "maritime" }, "geometry": { "type": "Point", "coordinates": [ -63.261631204603376, 44.454086083266183 ] } },
{ "type": "Feature", "properties": { "longitude": -55.877052500352043, "latitude": 44.454086083266183, "Id": 91, "class": "maritime" }, "geometry": { "type": "Point", "coordinates": [ -55.877052500352036, 44.454086083266183 ] } },
{ "type": "Feature", "properties": { "longitude": -48.492473796100704, "latitude": 44.454086083266183, "Id": 92, "class": "maritime" }, "geometry": { "type": "Point", "coordinates": [ -48.492473796100704, 44.454086083266183 ] } },
{ "type": "Feature", "properties": { "longitude": -44.800184443975041, "latitude": 44.454086083266183, "Id": 93, "class": "maritime" }, "geometry": { "type": "Point", "coordinates": [ -44.800184443975041, 44.454086083266183 ] } },
{ "type": "Feature", "properties": { "longitude": -41.107895091849379, "latitude": 44.454086083266183, "Id": 94, "class": "maritime" }, "geometry": { "type": "Point", "coordinates": [ -41.107895091849379, 44.454086083266183 ] } },
{ "type": "Feature", "properties": { "longitude": -37.415605739723709, "latitude": 44.454086083266183, "Id": 95, "class": "maritime" }, "geometry": { "type": "Point", "coordinates": [ -37.415605739723709, 44.454086083266183 ] } },
{ "type": "Feature", "properties": { "longitude": -33.723316387598047, "latitude": 44.454086083266183, "Id": 96, "class": "maritime" }, "geometry": { "type": "Point", "coordinates": [ -33.723316387598047, 44.454086083266183 ] } },
{ "type": "Feature", "properties": { "longitude": -30.031027035472373, "latitude": 44.454086083266183, "Id": 97, "class": "maritime" }, "geometry": { "type": "Point", "coordinates": [ -30.031027035472373, 44.454086083266183 ] } },
{ "type": "Feature", "properties": { "longitude": -26.338737683346707, "latitude": 44.454086083266183, "Id": 98, "class": "maritime" }, "geometry": { "type": "Point", "coordinates": [ -26.338737683346707, 44.454086083266183 ] } },
{ "type": "Feature", "properties": { "longitude": -22.646448331221045, "latitude": 44.454086083266183, "Id": 99, "class": "maritime" }, "geometry": { "type": "Point", "coordinates": [ -22.646448331221045, 44.454086083266183 ] } },
{ "type": "Feature", "properties": { "longitude": -11.569580274844043, "latitude": 44.454086083266183, "Id": 100, "class": "maritime" }, "geometry": { "type": "Point", "coordinates": [ -11.569580274844041, 44.454086083266183 ] } },
{ "type": "Feature", "properties": { "longitude": -7.8772909227183758, "latitude": 44.454086083266183, "Id": 101, "class": "maritime" }, "geometry": { "type": "Point", "coordinates": [ -7.877290922718376, 44.454086083266183 ] } },
{ "type": "Feature", "properties": { "longitude": -4.1850015705927088, "latitude": 44.454086083266183, "Id": 102, "class": "maritime" }, "geometry": { "type": "Point", "coordinates": [ -4.185001570592709, 44.454086083266183 ] } },
{ "type": "Feature", "properties": { "longitude": 14.276445190035625, "latitude": 44.454086083266183, "Id": 103, "class": "maritime" }, "geometry": { "type": "Point", "coordinates": [ 14.276445190035625, 44.454086083266183 ] } },
{ "type": "Feature", "properties": { "longitude": 150.89115121868531, "latitude": 44.454086083266183, "Id": 104, "class": "maritime" }, "geometry": { "type": "Point", "coordinates": [ 150.891151218685309, 44.454086083266183 ] } },
{ "type": "Feature", "properties": { "longitude": 154.58344057081095, "latitude": 44.454086083266183, "Id": 105, "class": "maritime" }, "geometry": { "type": "Point", "coordinates": [ 154.58344057081095, 44.454086083266183 ] } },
{ "type": "Feature", "properties": { "longitude": 158.27572992293662, "latitude": 44.454086083266183, "Id": 106, "class": "maritime" }, "geometry": { "type": "Point", "coordinates": [ 158.27572992293662, 44.454086083266183 ] } },
{ "type": "Feature", "properties": { "longitude": 161.96801927506232, "latitude": 44.454086083266183, "Id": 107, "class": "maritime" }, "geometry": { "type": "Point", "coordinates": [ 161.968019275062289, 44.454086083266183 ] } },
{ "type": "Feature", "properties": { "longitude": 165.66030862718796, "latitude": 44.454086083266183, "Id": 108, "class": "maritime" }, "geometry": { "type": "Point", "coordinates": [ 165.660308627187959, 44.454086083266183 ] } },
{ "type": "Feature", "properties": { "longitude": 169.35259797931363, "latitude": 44.454086083266183, "Id": 109, "class": "maritime" }, "geometry": { "type": "Point", "coordinates": [ 169.352597979313629, 44.454086083266183 ] } },
{ "type": "Feature", "properties": { "longitude": 173.04488733143927, "latitude": 44.454086083266183, "Id": 110, "class": "maritime" }, "geometry": { "type": "Point", "coordinates": [ 173.04488733143927, 44.454086083266183 ] } },
{ "type": "Feature", "properties": { "longitude": -165.63673532862089, "latitude": 41.721664659400808, "Id": 111, "class": "maritime" }, "geometry": { "type": "Point", "coordinates": [ -165.636735328620887, 41.721664659400808 ] } },
{ "type": "Feature", "properties": { "longitude": -154.86558607786401, "latitude": 41.721664659400808, "Id": 112, "class": "maritime" }, "geometry": { "type": "Point", "coordinates": [ -154.865586077864009, 41.721664659400808 ] } },
{ "type": "Feature", "properties": { "longitude": -151.2752029942784, "latitude": 41.721664659400808, "Id": 113, "class": "maritime" }, "geometry": { "type": "Point", "coordinates": [ -151.275202994278402, 41.721664659400808 ] } },
{ "type": "Feature", "properties": { "longitude": -144.09443682710716, "latitude": 41.721664659400808, "Id": 114, "class": "maritime" }, "geometry": { "type": "Point", "coordinates": [ -144.09443682710716, 41.721664659400808 ] } },
{ "type": "Feature", "properties": { "longitude": -140.50405374352155, "latitude": 41.721664659400808, "Id": 115, "class": "maritime" }, "geometry": { "type": "Point", "coordinates": [ -140.504053743521553, 41.721664659400808 ] } },
{ "type": "Feature", "properties": { "longitude": -129.73290449276467, "latitude": 41.721664659400808, "Id": 116, "class": "maritime" }, "geometry": { "type": "Point", "coordinates": [ -129.732904492764675, 41.721664659400808 ] } },
{ "type": "Feature", "properties": { "longitude": -126.14252140917905, "latitude": 41.721664659400808, "Id": 117, "class": "maritime" }, "geometry": { "type": "Point", "coordinates": [ -126.142521409179054, 41.721664659400808 ] } },
{ "type": "Feature", "properties": { "longitude": -65.106008988223493, "latitude": 41.721664659400808, "Id": 118, "class": "maritime" }, "geometry": { "type": "Point", "coordinates": [ -65.106008988223493, 41.721664659400808 ] } },
{ "type": "Feature", "properties": { "longitude": -54.33485973746663, "latitude": 41.721664659400808, "Id": 119, "class": "maritime" }, "geometry": { "type": "Point", "coordinates": [ -54.33485973746663, 41.721664659400808 ] } },
{ "type": "Feature", "properties": { "longitude": -50.744476653881009, "latitude": 41.721664659400808, "Id": 120, "class": "maritime" }, "geometry": { "type": "Point", "coordinates": [ -50.744476653881009, 41.721664659400808 ] } },
{ "type": "Feature", "properties": { "longitude": -47.154093570295387, "latitude": 41.721664659400808, "Id": 121, "class": "maritime" }, "geometry": { "type": "Point", "coordinates": [ -47.15409357029538, 41.721664659400808 ] } },
{ "type": "Feature", "properties": { "longitude": -43.563710486709759, "latitude": 41.721664659400808, "Id": 122, "class": "maritime" }, "geometry": { "type": "Point", "coordinates": [ -43.563710486709759, 41.721664659400808 ] } },
{ "type": "Feature", "properties": { "longitude": -39.973327403124145, "latitude": 41.721664659400808, "Id": 123, "class": "maritime" }, "geometry": { "type": "Point", "coordinates": [ -39.973327403124145, 41.721664659400808 ] } },
{ "type": "Feature", "properties": { "longitude": -36.382944319538517, "latitude": 41.721664659400808, "Id": 124, "class": "maritime" }, "geometry": { "type": "Point", "coordinates": [ -36.382944319538517, 41.721664659400808 ] } },
{ "type": "Feature", "properties": { "longitude": -32.792561235952896, "latitude": 41.721664659400808, "Id": 125, "class": "maritime" }, "geometry": { "type": "Point", "coordinates": [ -32.792561235952896, 41.721664659400808 ] } },
{ "type": "Feature", "properties": { "longitude": -29.202178152367274, "latitude": 41.721664659400808, "Id": 126, "class": "maritime" }, "geometry": { "type": "Point", "coordinates": [ -29.202178152367274, 41.721664659400808 ] } },
{ "type": "Feature", "properties": { "longitude": -25.611795068781657, "latitude": 41.721664659400808, "Id": 127, "class": "maritime" }, "geometry": { "type": "Point", "coordinates": [ -25.611795068781657, 41.721664659400808 ] } },
{ "type": "Feature", "properties": { "longitude": -11.25026273443917, "latitude": 41.721664659400808, "Id": 128, "class": "maritime" }, "geometry": { "type": "Point", "coordinates": [ -11.25026273443917, 41.721664659400808 ] } },
{ "type": "Feature", "properties": { "longitude": 3.111269599903316, "latitude": 41.721664659400808, "Id": 129, "class": "maritime" }, "geometry": { "type": "Point", "coordinates": [ 3.111269599903316, 41.721664659400808 ] } },
{ "type": "Feature", "properties": { "longitude": 6.7016526834889376, "latitude": 41.721664659400808, "Id": 130, "class": "maritime" }, "geometry": { "type": "Point", "coordinates": [ 6.701652683488938, 41.721664659400808 ] } },
{ "type": "Feature", "properties": { "longitude": 10.292035767074561, "latitude": 41.721664659400808, "Id": 131, "class": "maritime" }, "geometry": { "type": "Point", "coordinates": [ 10.292035767074561, 41.721664659400808 ] } },
{ "type": "Feature", "properties": { "longitude": 17.472801934245801, "latitude": 41.721664659400808, "Id": 132, "class": "maritime" }, "geometry": { "type": "Point", "coordinates": [ 17.472801934245801, 41.721664659400808 ] } },
{ "type": "Feature", "properties": { "longitude": 132.36506060898569, "latitude": 41.721664659400808, "Id": 133, "class": "maritime" }, "geometry": { "type": "Point", "coordinates": [ 132.365060608985686, 41.721664659400808 ] } },
{ "type": "Feature", "properties": { "longitude": 139.54582677615693, "latitude": 41.721664659400808, "Id": 134, "class": "maritime" }, "geometry": { "type": "Point", "coordinates": [ 139.545826776156929, 41.721664659400808 ] } },
{ "type": "Feature", "properties": { "longitude": 143.13620985974256, "latitude": 41.721664659400808, "Id": 135, "class": "maritime" }, "geometry": { "type": "Point", "coordinates": [ 143.136209859742564, 41.721664659400808 ] } },
{ "type": "Feature", "properties": { "longitude": 146.72659294332817, "latitude": 41.721664659400808, "Id": 136, "class": "maritime" }, "geometry": { "type": "Point", "coordinates": [ 146.726592943328171, 41.721664659400808 ] } },
{ "type": "Feature", "properties": { "longitude": 150.31697602691378, "latitude": 41.721664659400808, "Id": 137, "class": "maritime" }, "geometry": { "type": "Point", "coordinates": [ 150.316976026913807, 41.721664659400808 ] } },
{ "type": "Feature", "properties": { "longitude": 153.90735911049941, "latitude": 41.721664659400808, "Id": 138, "class": "maritime" }, "geometry": { "type": "Point", "coordinates": [ 153.907359110499414, 41.721664659400808 ] } },
{ "type": "Feature", "properties": { "longitude": 157.49774219408505, "latitude": 41.721664659400808, "Id": 139, "class": "maritime" }, "geometry": { "type": "Point", "coordinates": [ 157.497742194085049, 41.721664659400808 ] } },
{ "type": "Feature", "properties": { "longitude": 161.08812527767066, "latitude": 41.721664659400808, "Id": 140, "class": "maritime" }, "geometry": { "type": "Point", "coordinates": [ 161.088125277670656, 41.721664659400808 ] } },
{ "type": "Feature", "properties": { "longitude": 164.67850836125629, "latitude": 41.721664659400808, "Id": 141, "class": "maritime" }, "geometry": { "type": "Point", "coordinates": [ 164.678508361256291, 41.721664659400808 ] } },
{ "type": "Feature", "properties": { "longitude": 171.85927452842753, "latitude": 41.721664659400808, "Id": 142, "class": "maritime" }, "geometry": { "type": "Point", "coordinates": [ 171.859274528427534, 41.721664659400808 ] } },
{ "type": "Feature", "properties": { "longitude": -144.03958304458888, "latitude": 39.032002689525108, "Id": 143, "class": "maritime" }, "geometry": { "type": "Point", "coordinates": [ -144.039583044588881, 39.032002689525108 ] } },
{ "type": "Feature", "properties": { "longitude": -140.53781974459127, "latitude": 39.032002689525108, "Id": 144, "class": "maritime" }, "geometry": { "type": "Point", "coordinates": [ -140.537819744591275, 39.032002689525108 ] } },
{ "type": "Feature", "properties": { "longitude": -137.0360564445937, "latitude": 39.032002689525108, "Id": 145, "class": "maritime" }, "geometry": { "type": "Point", "coordinates": [ -137.036056444593697, 39.032002689525108 ] } },
{ "type": "Feature", "properties": { "longitude": -74.004317044636963, "latitude": 39.032002689525108, "Id": 146, "class": "maritime" }, "geometry": { "type": "Point", "coordinates": [ -74.004317044636963, 39.032002689525108 ] } },
{ "type": "Feature", "properties": { "longitude": -63.499027144644174, "latitude": 39.032002689525108, "Id": 147, "class": "maritime" }, "geometry": { "type": "Point", "coordinates": [ -63.499027144644174, 39.032002689525108 ] } },
{ "type": "Feature", "properties": { "longitude": -59.997263844646575, "latitude": 39.032002689525108, "Id": 148, "class": "maritime" }, "geometry": { "type": "Point", "coordinates": [ -59.997263844646575, 39.032002689525108 ] } },
{ "type": "Feature", "properties": { "longitude": -56.495500544648976, "latitude": 39.032002689525108, "Id": 149, "class": "maritime" }, "geometry": { "type": "Point", "coordinates": [ -56.495500544648976, 39.032002689525108 ] } },
{ "type": "Feature", "properties": { "longitude": -52.993737244651385, "latitude": 39.032002689525108, "Id": 150, "class": "maritime" }, "geometry": { "type": "Point", "coordinates": [ -52.993737244651385, 39.032002689525108 ] } },
{ "type": "Feature", "properties": { "longitude": -49.491973944653786, "latitude": 39.032002689525108, "Id": 151, "class": "maritime" }, "geometry": { "type": "Point", "coordinates": [ -49.491973944653786, 39.032002689525108 ] } },
{ "type": "Feature", "properties": { "longitude": -45.990210644656194, "latitude": 39.032002689525108, "Id": 152, "class": "maritime" }, "geometry": { "type": "Point", "coordinates": [ -45.990210644656194, 39.032002689525108 ] } },
{ "type": "Feature", "properties": { "longitude": -42.488447344658603, "latitude": 39.032002689525108, "Id": 153, "class": "maritime" }, "geometry": { "type": "Point", "coordinates": [ -42.488447344658603, 39.032002689525108 ] } },
{ "type": "Feature", "properties": { "longitude": -38.986684044661011, "latitude": 39.032002689525108, "Id": 154, "class": "maritime" }, "geometry": { "type": "Point", "coordinates": [ -38.986684044661004, 39.032002689525108 ] } },
{ "type": "Feature", "properties": { "longitude": -35.484920744663413, "latitude": 39.032002689525108, "Id": 155, "class": "maritime" }, "geometry": { "type": "Point", "coordinates": [ -35.484920744663413, 39.032002689525108 ] } },
{ "type": "Feature", "properties": { "longitude": -31.98315744466581, "latitude": 39.032002689525108, "Id": 156, "class": "maritime" }, "geometry": { "type": "Point", "coordinates": [ -31.98315744466581, 39.032002689525108 ] } },
{ "type": "Feature", "properties": { "longitude": -24.97963084467062, "latitude": 39.032002689525108, "Id": 157, "class": "maritime" }, "geometry": { "type": "Point", "coordinates": [ -24.97963084467062, 39.032002689525108 ] } },
{ "type": "Feature", "properties": { "longitude": -21.477867544673025, "latitude": 39.032002689525108, "Id": 158, "class": "maritime" }, "geometry": { "type": "Point", "coordinates": [ -21.477867544673025, 39.032002689525108 ] } },
{ "type": "Feature", "properties": { "longitude": -17.97610424467543, "latitude": 39.032002689525108, "Id": 159, "class": "maritime" }, "geometry": { "type": "Point", "coordinates": [ -17.97610424467543, 39.032002689525108 ] } },
{ "type": "Feature", "properties": { "longitude": -14.474340944677831, "latitude": 39.032002689525108, "Id": 160, "class": "maritime" }, "geometry": { "type": "Point", "coordinates": [ -14.474340944677831, 39.032002689525108 ] } },
{ "type": "Feature", "properties": { "longitude": -10.972577644680236, "latitude": 39.032002689525108, "Id": 161, "class": "maritime" }, "geometry": { "type": "Point", "coordinates": [ -10.972577644680236, 39.032002689525108 ] } },
{ "type": "Feature", "properties": { "longitude": 3.0344755553101468, "latitude": 39.032002689525108, "Id": 162, "class": "maritime" }, "geometry": { "type": "Point", "coordinates": [ 3.034475555310147, 39.032002689525108 ] } },
{ "type": "Feature", "properties": { "longitude": 6.536238855307742, "latitude": 39.032002689525108, "Id": 163, "class": "maritime" }, "geometry": { "type": "Point", "coordinates": [ 6.536238855307742, 39.032002689525108 ] } },
{ "type": "Feature", "properties": { "longitude": 10.038002155305337, "latitude": 39.032002689525108, "Id": 164, "class": "maritime" }, "geometry": { "type": "Point", "coordinates": [ 10.038002155305337, 39.032002689525108 ] } },
{ "type": "Feature", "properties": { "longitude": 24.045055355295723, "latitude": 39.032002689525108, "Id": 165, "class": "maritime" }, "geometry": { "type": "Point", "coordinates": [ 24.045055355295723, 39.032002689525108 ] } },
{ "type": "Feature", "properties": { "longitude": 118.5926644552308, "latitude": 39.032002689525108, "Id": 166, "class": "maritime" }, "geometry": { "type": "Point", "coordinates": [ 118.592664455230803, 39.032002689525108 ] } },
{ "type": "Feature", "properties": { "longitude": 122.09442775522839, "latitude": 39.032002689525108, "Id": 167, "class": "maritime" }, "geometry": { "type": "Point", "coordinates": [ 122.094427755228395, 39.032002689525108 ] } },
{ "type": "Feature", "properties": { "longitude": 136.10148095521879, "latitude": 39.032002689525108, "Id": 168, "class": "maritime" }, "geometry": { "type": "Point", "coordinates": [ 136.10148095521879, 39.032002689525108 ] } },
{ "type": "Feature", "properties": { "longitude": 143.10500755521397, "latitude": 39.032002689525108, "Id": 169, "class": "maritime" }, "geometry": { "type": "Point", "coordinates": [ 143.105007555213973, 39.032002689525108 ] } },
{ "type": "Feature", "properties": { "longitude": 146.60677085521158, "latitude": 39.032002689525108, "Id": 170, "class": "maritime" }, "geometry": { "type": "Point", "coordinates": [ 146.606770855211579, 39.032002689525108 ] } },
{ "type": "Feature", "properties": { "longitude": 150.10853415520916, "latitude": 39.032002689525108, "Id": 171, "class": "maritime" }, "geometry": { "type": "Point", "coordinates": [ 150.108534155209156, 39.032002689525108 ] } },
{ "type": "Feature", "properties": { "longitude": -137.43071912472365, "latitude": 36.380194685710627, "Id": 172, "class": "maritime" }, "geometry": { "type": "Point", "coordinates": [ -137.430719124723652, 36.38019468571062 ] } },
{ "type": "Feature", "properties": { "longitude": -134.00637506276337, "latitude": 36.380194685710627, "Id": 173, "class": "maritime" }, "geometry": { "type": "Point", "coordinates": [ -134.006375062763368, 36.38019468571062 ] } },
{ "type": "Feature", "properties": { "longitude": -127.15768693884279, "latitude": 36.380194685710627, "Id": 174, "class": "maritime" }, "geometry": { "type": "Point", "coordinates": [ -127.157686938842787, 36.38019468571062 ] } },
{ "type": "Feature", "properties": { "longitude": -123.7333428768825, "latitude": 36.380194685710627, "Id": 175, "class": "maritime" }, "geometry": { "type": "Point", "coordinates": [ -123.733342876882503, 36.38019468571062 ] } },
{ "type": "Feature", "properties": { "longitude": -68.943837885518093, "latitude": 36.380194685710627, "Id": 176, "class": "maritime" }, "geometry": { "type": "Point", "coordinates": [ -68.943837885518093, 36.38019468571062 ] } },
{ "type": "Feature", "properties": { "longitude": -65.519493823557823, "latitude": 36.380194685710627, "Id": 177, "class": "maritime" }, "geometry": { "type": "Point", "coordinates": [ -65.519493823557823, 36.38019468571062 ] } },
{ "type": "Feature", "properties": { "longitude": -62.095149761597533, "latitude": 36.380194685710627, "Id": 178, "class": "maritime" }, "geometry": { "type": "Point", "coordinates": [ -62.09514976159754, 36.38019468571062 ] } },
{ "type": "Feature", "properties": { "longitude": -58.670805699637263, "latitude": 36.380194685710627, "Id": 179, "class": "maritime" }, "geometry": { "type": "Point", "coordinates": [ -58.670805699637263, 36.38019468571062 ] } },
{ "type": "Feature", "properties": { "longitude": -55.246461637676973, "latitude": 36.380194685710627, "Id": 180, "class": "maritime" }, "geometry": { "type": "Point", "coordinates": [ -55.24646163767698, 36.38019468571062 ] } },
{ "type": "Feature", "properties": { "longitude": -51.822117575716703, "latitude": 36.380194685710627, "Id": 181, "class": "maritime" }, "geometry": { "type": "Point", "coordinates": [ -51.822117575716703, 36.38019468571062 ] } },
{ "type": "Feature", "properties": { "longitude": -48.397773513756427, "latitude": 36.380194685710627, "Id": 182, "class": "maritime" }, "geometry": { "type": "Point", "coordinates": [ -48.397773513756427, 36.38019468571062 ] } },
{ "type": "Feature", "properties": { "longitude": -44.97342945179615, "latitude": 36.380194685710627, "Id": 183, "class": "maritime" }, "geometry": { "type": "Point", "coordinates": [ -44.97342945179615, 36.38019468571062 ] } },
{ "type": "Feature", "properties": { "longitude": -41.549085389835874, "latitude": 36.380194685710627, "Id": 184, "class": "maritime" }, "geometry": { "type": "Point", "coordinates": [ -41.549085389835874, 36.38019468571062 ] } },
{ "type": "Feature", "properties": { "longitude": -38.124741327875597, "latitude": 36.380194685710627, "Id": 185, "class": "maritime" }, "geometry": { "type": "Point", "coordinates": [ -38.124741327875597, 36.38019468571062 ] } },
{ "type": "Feature", "properties": { "longitude": -34.700397265915321, "latitude": 36.380194685710627, "Id": 186, "class": "maritime" }, "geometry": { "type": "Point", "coordinates": [ -34.700397265915321, 36.38019468571062 ] } },
{ "type": "Feature", "properties": { "longitude": -31.276053203955044, "latitude": 36.380194685710627, "Id": 187, "class": "maritime" }, "geometry": { "type": "Point", "coordinates": [ -31.276053203955044, 36.38019468571062 ] } },
{ "type": "Feature", "properties": { "longitude": -27.851709141994768, "latitude": 36.380194685710627, "Id": 188, "class": "maritime" }, "geometry": { "type": "Point", "coordinates": [ -27.851709141994768, 36.38019468571062 ] } },
{ "type": "Feature", "properties": { "longitude": -24.427365080034491, "latitude": 36.380194685710627, "Id": 189, "class": "maritime" }, "geometry": { "type": "Point", "coordinates": [ -24.427365080034491, 36.38019468571062 ] } },
{ "type": "Feature", "properties": { "longitude": -21.003021018074215, "latitude": 36.380194685710627, "Id": 190, "class": "maritime" }, "geometry": { "type": "Point", "coordinates": [ -21.003021018074215, 36.38019468571062 ] } },
{ "type": "Feature", "properties": { "longitude": -17.578676956113934, "latitude": 36.380194685710627, "Id": 191, "class": "maritime" }, "geometry": { "type": "Point", "coordinates": [ -17.578676956113934, 36.38019468571062 ] } },
{ "type": "Feature", "properties": { "longitude": -14.15433289415366, "latitude": 36.380194685710627, "Id": 192, "class": "maritime" }, "geometry": { "type": "Point", "coordinates": [ -14.15433289415366, 36.38019468571062 ] } },
{ "type": "Feature", "properties": { "longitude": -10.729988832193381, "latitude": 36.380194685710627, "Id": 193, "class": "maritime" }, "geometry": { "type": "Point", "coordinates": [ -10.729988832193381, 36.38019468571062 ] } },
{ "type": "Feature", "properties": { "longitude": -7.3056447702331058, "latitude": 36.380194685710627, "Id": 194, "class": "maritime" }, "geometry": { "type": "Point", "coordinates": [ -7.305644770233106, 36.38019468571062 ] } },
{ "type": "Feature", "properties": { "longitude": -3.8813007082728288, "latitude": 36.380194685710627, "Id": 195, "class": "maritime" }, "geometry": { "type": "Point", "coordinates": [ -3.881300708272829, 36.38019468571062 ] } },
{ "type": "Feature", "properties": { "longitude": -0.45695664631255201, "latitude": 36.380194685710627, "Id": 196, "class": "maritime" }, "geometry": { "type": "Point", "coordinates": [ -0.456956646312552, 36.38019468571062 ] } },
{ "type": "Feature", "properties": { "longitude": 13.240419601528556, "latitude": 36.380194685710627, "Id": 197, "class": "maritime" }, "geometry": { "type": "Point", "coordinates": [ 13.240419601528556, 36.38019468571062 ] } },
{ "type": "Feature", "properties": { "longitude": 16.664763663488831, "latitude": 36.380194685710627, "Id": 198, "class": "maritime" }, "geometry": { "type": "Point", "coordinates": [ 16.664763663488831, 36.38019468571062 ] } },
{ "type": "Feature", "properties": { "longitude": 20.089107725449107, "latitude": 36.380194685710627, "Id": 199, "class": "maritime" }, "geometry": { "type": "Point", "coordinates": [ 20.089107725449107, 36.38019468571062 ] } },
{ "type": "Feature", "properties": { "longitude": 23.513451787409387, "latitude": 36.380194685710627, "Id": 200, "class": "maritime" }, "geometry": { "type": "Point", "coordinates": [ 23.513451787409387, 36.38019468571062 ] } },
{ "type": "Feature", "properties": { "longitude": 26.937795849369664, "latitude": 36.380194685710627, "Id": 201, "class": "maritime" }, "geometry": { "type": "Point", "coordinates": [ 26.937795849369664, 36.38019468571062 ] } },
{ "type": "Feature", "properties": { "longitude": 122.81942958425741, "latitude": 36.380194685710627, "Id": 202, "class": "maritime" }, "geometry": { "type": "Point", "coordinates": [ 122.819429584257406, 36.38019468571062 ] } },
{ "type": "Feature", "properties": { "longitude": 129.66811770817796, "latitude": 36.380194685710627, "Id": 203, "class": "maritime" }, "geometry": { "type": "Point", "coordinates": [ 129.668117708177959, 36.38019468571062 ] } },
{ "type": "Feature", "properties": { "longitude": 133.09246177013824, "latitude": 36.380194685710627, "Id": 204, "class": "maritime" }, "geometry": { "type": "Point", "coordinates": [ 133.092461770138243, 36.38019468571062 ] } },
{ "type": "Feature", "properties": { "longitude": 143.36549395601907, "latitude": 36.380194685710627, "Id": 205, "class": "maritime" }, "geometry": { "type": "Point", "coordinates": [ 143.365493956019066, 36.38019468571062 ] } },
{ "type": "Feature", "properties": { "longitude": -131.35145884986815, "latitude": 33.761971999546539, "Id": 206, "class": "maritime" }, "geometry": { "type": "Point", "coordinates": [ -131.351458849868152, 33.761971999546539 ] } },
{ "type": "Feature", "properties": { "longitude": -127.99495743020287, "latitude": 33.761971999546539, "Id": 207, "class": "maritime" }, "geometry": { "type": "Point", "coordinates": [ -127.994957430202874, 33.761971999546539 ] } },
{ "type": "Feature", "properties": { "longitude": -124.63845601053754, "latitude": 33.761971999546539, "Id": 208, "class": "maritime" }, "geometry": { "type": "Point", "coordinates": [ -124.638456010537539, 33.761971999546539 ] } },
{ "type": "Feature", "properties": { "longitude": -121.28195459087226, "latitude": 33.761971999546539, "Id": 209, "class": "maritime" }, "geometry": { "type": "Point", "coordinates": [ -121.28195459087226, 33.761971999546539 ] } },
{ "type": "Feature", "properties": { "longitude": -70.934433295892774, "latitude": 33.761971999546539, "Id": 210, "class": "maritime" }, "geometry": { "type": "Point", "coordinates": [ -70.934433295892774, 33.761971999546539 ] } },
{ "type": "Feature", "properties": { "longitude": -67.577931876227481, "latitude": 33.761971999546539, "Id": 211, "class": "maritime" }, "geometry": { "type": "Point", "coordinates": [ -67.577931876227481, 33.761971999546539 ] } },
{ "type": "Feature", "properties": { "longitude": -64.221430456562175, "latitude": 33.761971999546539, "Id": 212, "class": "maritime" }, "geometry": { "type": "Point", "coordinates": [ -64.221430456562175, 33.761971999546539 ] } },
{ "type": "Feature", "properties": { "longitude": -60.864929036896882, "latitude": 33.761971999546539, "Id": 213, "class": "maritime" }, "geometry": { "type": "Point", "coordinates": [ -60.864929036896882, 33.761971999546539 ] } },
{ "type": "Feature", "properties": { "longitude": -57.508427617231582, "latitude": 33.761971999546539, "Id": 214, "class": "maritime" }, "geometry": { "type": "Point", "coordinates": [ -57.508427617231582, 33.761971999546539 ] } },
{ "type": "Feature", "properties": { "longitude": -54.151926197566283, "latitude": 33.761971999546539, "Id": 215, "class": "maritime" }, "geometry": { "type": "Point", "coordinates": [ -54.151926197566283, 33.761971999546539 ] } },
{ "type": "Feature", "properties": { "longitude": -50.795424777900983, "latitude": 33.761971999546539, "Id": 216, "class": "maritime" }, "geometry": { "type": "Point", "coordinates": [ -50.795424777900983, 33.761971999546539 ] } },
{ "type": "Feature", "properties": { "longitude": -47.438923358235677, "latitude": 33.761971999546539, "Id": 217, "class": "maritime" }, "geometry": { "type": "Point", "coordinates": [ -47.438923358235684, 33.761971999546539 ] } },
{ "type": "Feature", "properties": { "longitude": -44.082421938570391, "latitude": 33.761971999546539, "Id": 218, "class": "maritime" }, "geometry": { "type": "Point", "coordinates": [ -44.082421938570391, 33.761971999546539 ] } },
{ "type": "Feature", "properties": { "longitude": -40.725920518905085, "latitude": 33.761971999546539, "Id": 219, "class": "maritime" }, "geometry": { "type": "Point", "coordinates": [ -40.725920518905092, 33.761971999546539 ] } },
{ "type": "Feature", "properties": { "longitude": -37.369419099239792, "latitude": 33.761971999546539, "Id": 220, "class": "maritime" }, "geometry": { "type": "Point", "coordinates": [ -37.369419099239792, 33.761971999546539 ] } },
{ "type": "Feature", "properties": { "longitude": -34.012917679574493, "latitude": 33.761971999546539, "Id": 221, "class": "maritime" }, "geometry": { "type": "Point", "coordinates": [ -34.012917679574493, 33.761971999546539 ] } },
{ "type": "Feature", "properties": { "longitude": -30.656416259909193, "latitude": 33.761971999546539, "Id": 222, "class": "maritime" }, "geometry": { "type": "Point", "coordinates": [ -30.656416259909193, 33.761971999546539 ] } },
{ "type": "Feature", "properties": { "longitude": -27.299914840243893, "latitude": 33.761971999546539, "Id": 223, "class": "maritime" }, "geometry": { "type": "Point", "coordinates": [ -27.299914840243893, 33.761971999546539 ] } },
{ "type": "Feature", "properties": { "longitude": -23.943413420578597, "latitude": 33.761971999546539, "Id": 224, "class": "maritime" }, "geometry": { "type": "Point", "coordinates": [ -23.943413420578597, 33.761971999546539 ] } },
{ "type": "Feature", "properties": { "longitude": -20.586912000913298, "latitude": 33.761971999546539, "Id": 225, "class": "maritime" }, "geometry": { "type": "Point", "coordinates": [ -20.586912000913298, 33.761971999546539 ] } },
{ "type": "Feature", "properties": { "longitude": -17.230410581247995, "latitude": 33.761971999546539, "Id": 226, "class": "maritime" }, "geometry": { "type": "Point", "coordinates": [ -17.230410581247995, 33.761971999546539 ] } },
{ "type": "Feature", "properties": { "longitude": -13.873909161582699, "latitude": 33.761971999546539, "Id": 227, "class": "maritime" }, "geometry": { "type": "Point", "coordinates": [ -13.873909161582699, 33.761971999546539 ] } },
{ "type": "Feature", "properties": { "longitude": -10.517407741917401, "latitude": 33.761971999546539, "Id": 228, "class": "maritime" }, "geometry": { "type": "Point", "coordinates": [ -10.517407741917401, 33.761971999546539 ] } },
{ "type": "Feature", "properties": { "longitude": 12.978102195739694, "latitude": 33.761971999546539, "Id": 229, "class": "maritime" }, "geometry": { "type": "Point", "coordinates": [ 12.978102195739694, 33.761971999546539 ] } },
{ "type": "Feature", "properties": { "longitude": 23.047606454735593, "latitude": 33.761971999546539, "Id": 230, "class": "maritime" }, "geometry": { "type": "Point", "coordinates": [ 23.047606454735593, 33.761971999546539 ] } },
{ "type": "Feature", "properties": { "longitude": 26.404107874400886, "latitude": 33.761971999546539, "Id": 231, "class": "maritime" }, "geometry": { "type": "Point", "coordinates": [ 26.404107874400886, 33.761971999546539 ] } },
{ "type": "Feature", "properties": { "longitude": 29.760609294066182, "latitude": 33.761971999546539, "Id": 232, "class": "maritime" }, "geometry": { "type": "Point", "coordinates": [ 29.760609294066182, 33.761971999546539 ] } },
{ "type": "Feature", "properties": { "longitude": 33.117110713731485, "latitude": 33.761971999546539, "Id": 233, "class": "maritime" }, "geometry": { "type": "Point", "coordinates": [ 33.117110713731485, 33.761971999546539 ] } },
{ "type": "Feature", "properties": { "longitude": 123.74264904469456, "latitude": 33.761971999546539, "Id": 234, "class": "maritime" }, "geometry": { "type": "Point", "coordinates": [ 123.742649044694559, 33.761971999546539 ] } },
{ "type": "Feature", "properties": { "longitude": 127.09915046435987, "latitude": 33.761971999546539, "Id": 235, "class": "maritime" }, "geometry": { "type": "Point", "coordinates": [ 127.099150464359866, 33.761971999546539 ] } },
{ "type": "Feature", "properties": { "longitude": 130.45565188402514, "latitude": 33.761971999546539, "Id": 236, "class": "maritime" }, "geometry": { "type": "Point", "coordinates": [ 130.455651884025144, 33.761971999546539 ] } },
{ "type": "Feature", "properties": { "longitude": 137.16865472335576, "latitude": 33.761971999546539, "Id": 237, "class": "maritime" }, "geometry": { "type": "Point", "coordinates": [ 137.168654723355758, 33.761971999546539 ] } },
{ "type": "Feature", "properties": { "longitude": 140.52515614302104, "latitude": 33.761971999546539, "Id": 238, "class": "maritime" }, "geometry": { "type": "Point", "coordinates": [ 140.525156143021036, 33.761971999546539 ] } },
{ "type": "Feature", "properties": { "longitude": 143.88165756268634, "latitude": 33.761971999546539, "Id": 239, "class": "maritime" }, "geometry": { "type": "Point", "coordinates": [ 143.881657562686343, 33.761971999546539 ] } },
{ "type": "Feature", "properties": { "longitude": -119.13026869118144, "latitude": 31.173574779410764, "Id": 240, "class": "maritime" }, "geometry": { "type": "Point", "coordinates": [ -119.130268691181442, 31.173574779410764 ] } },
{ "type": "Feature", "properties": { "longitude": -72.972925311425755, "latitude": 31.173574779410764, "Id": 241, "class": "maritime" }, "geometry": { "type": "Point", "coordinates": [ -72.972925311425755, 31.173574779410764 ] } },
{ "type": "Feature", "properties": { "longitude": -69.675972212871784, "latitude": 31.173574779410764, "Id": 242, "class": "maritime" }, "geometry": { "type": "Point", "coordinates": [ -69.675972212871784, 31.173574779410764 ] } },
{ "type": "Feature", "properties": { "longitude": -66.379019114317799, "latitude": 31.173574779410764, "Id": 243, "class": "maritime" }, "geometry": { "type": "Point", "coordinates": [ -66.379019114317799, 31.173574779410764 ] } },
{ "type": "Feature", "properties": { "longitude": -63.082066015763829, "latitude": 31.173574779410764, "Id": 244, "class": "maritime" }, "geometry": { "type": "Point", "coordinates": [ -63.082066015763829, 31.173574779410764 ] } },
{ "type": "Feature", "properties": { "longitude": -59.785112917209851, "latitude": 31.173574779410764, "Id": 245, "class": "maritime" }, "geometry": { "type": "Point", "coordinates": [ -59.785112917209851, 31.173574779410764 ] } },
{ "type": "Feature", "properties": { "longitude": -56.488159818655888, "latitude": 31.173574779410764, "Id": 246, "class": "maritime" }, "geometry": { "type": "Point", "coordinates": [ -56.488159818655888, 31.173574779410764 ] } },
{ "type": "Feature", "properties": { "longitude": -53.191206720101903, "latitude": 31.173574779410764, "Id": 247, "class": "maritime" }, "geometry": { "type": "Point", "coordinates": [ -53.191206720101903, 31.173574779410764 ] } },
{ "type": "Feature", "properties": { "longitude": -49.894253621547925, "latitude": 31.173574779410764, "Id": 248, "class": "maritime" }, "geometry": { "type": "Point", "coordinates": [ -49.894253621547925, 31.173574779410764 ] } },
{ "type": "Feature", "properties": { "longitude": -46.597300522993947, "latitude": 31.173574779410764, "Id": 249, "class": "maritime" }, "geometry": { "type": "Point", "coordinates": [ -46.597300522993947, 31.173574779410764 ] } },
{ "type": "Feature", "properties": { "longitude": -43.300347424439977, "latitude": 31.173574779410764, "Id": 250, "class": "maritime" }, "geometry": { "type": "Point", "coordinates": [ -43.300347424439977, 31.173574779410764 ] } },
{ "type": "Feature", "properties": { "longitude": -40.003394325885999, "latitude": 31.173574779410764, "Id": 251, "class": "maritime" }, "geometry": { "type": "Point", "coordinates": [ -40.003394325885999, 31.173574779410764 ] } },
{ "type": "Feature", "properties": { "longitude": -36.706441227332022, "latitude": 31.173574779410764, "Id": 252, "class": "maritime" }, "geometry": { "type": "Point", "coordinates": [ -36.706441227332022, 31.173574779410764 ] } },
{ "type": "Feature", "properties": { "longitude": -33.409488128778044, "latitude": 31.173574779410764, "Id": 253, "class": "maritime" }, "geometry": { "type": "Point", "coordinates": [ -33.409488128778044, 31.173574779410764 ] } },
{ "type": "Feature", "properties": { "longitude": -30.11253503022407, "latitude": 31.173574779410764, "Id": 254, "class": "maritime" }, "geometry": { "type": "Point", "coordinates": [ -30.11253503022407, 31.173574779410764 ] } },
{ "type": "Feature", "properties": { "longitude": -26.815581931670089, "latitude": 31.173574779410764, "Id": 255, "class": "maritime" }, "geometry": { "type": "Point", "coordinates": [ -26.815581931670089, 31.173574779410764 ] } },
{ "type": "Feature", "properties": { "longitude": -23.518628833116114, "latitude": 31.173574779410764, "Id": 256, "class": "maritime" }, "geometry": { "type": "Point", "coordinates": [ -23.518628833116114, 31.173574779410764 ] } },
{ "type": "Feature", "properties": { "longitude": -20.22167573456214, "latitude": 31.173574779410764, "Id": 257, "class": "maritime" }, "geometry": { "type": "Point", "coordinates": [ -20.22167573456214, 31.173574779410764 ] } },
{ "type": "Feature", "properties": { "longitude": -16.924722636008163, "latitude": 31.173574779410764, "Id": 258, "class": "maritime" }, "geometry": { "type": "Point", "coordinates": [ -16.924722636008163, 31.173574779410764 ] } },
{ "type": "Feature", "properties": { "longitude": -13.627769537454183, "latitude": 31.173574779410764, "Id": 259, "class": "maritime" }, "geometry": { "type": "Point", "coordinates": [ -13.627769537454185, 31.173574779410764 ] } },
{ "type": "Feature", "properties": { "longitude": -10.330816438900207, "latitude": 31.173574779410764, "Id": 260, "class": "maritime" }, "geometry": { "type": "Point", "coordinates": [ -10.330816438900207, 31.173574779410764 ] } },
{ "type": "Feature", "properties": { "longitude": 124.84426060181285, "latitude": 31.173574779410764, "Id": 261, "class": "maritime" }, "geometry": { "type": "Point", "coordinates": [ 124.844260601812849, 31.173574779410764 ] } },
{ "type": "Feature", "properties": { "longitude": 131.4381667989208, "latitude": 31.173574779410764, "Id": 262, "class": "maritime" }, "geometry": { "type": "Point", "coordinates": [ 131.438166798920804, 31.173574779410764 ] } },
{ "type": "Feature", "properties": { "longitude": 134.73511989747479, "latitude": 31.173574779410764, "Id": 263, "class": "maritime" }, "geometry": { "type": "Point", "coordinates": [ 134.735119897474789, 31.173574779410764 ] } },
{ "type": "Feature", "properties": { "longitude": 138.03207299602875, "latitude": 31.173574779410764, "Id": 264, "class": "maritime" }, "geometry": { "type": "Point", "coordinates": [ 138.032072996028745, 31.173574779410764 ] } },
{ "type": "Feature", "properties": { "longitude": 141.32902609458273, "latitude": 31.173574779410764, "Id": 265, "class": "maritime" }, "geometry": { "type": "Point", "coordinates": [ 141.32902609458273, 31.173574779410764 ] } },
{ "type": "Feature", "properties": { "longitude": 167.70465088301452, "latitude": 31.173574779410764, "Id": 266, "class": "maritime" }, "geometry": { "type": "Point", "coordinates": [ 167.704650883014523, 31.173574779410764 ] } },
{ "type": "Feature", "properties": { "longitude": 171.00160398156851, "latitude": 31.173574779410764, "Id": 267, "class": "maritime" }, "geometry": { "type": "Point", "coordinates": [ 171.001603981568508, 31.173574779410764 ] } },
{ "type": "Feature", "properties": { "longitude": 174.29855708012249, "latitude": 31.173574779410764, "Id": 268, "class": "maritime" }, "geometry": { "type": "Point", "coordinates": [ 174.298557080122492, 31.173574779410764 ] } },
{ "type": "Feature", "properties": { "longitude": 177.59551017867648, "latitude": 31.173574779410764, "Id": 269, "class": "maritime" }, "geometry": { "type": "Point", "coordinates": [ 177.595510178676477, 31.173574779410764 ] } },
{ "type": "Feature", "properties": { "longitude": -123.73062085944029, "latitude": 28.6116543300115, "Id": 270, "class": "maritime" }, "geometry": { "type": "Point", "coordinates": [ -123.730620859440293, 28.6116543300115 ] } },
{ "type": "Feature", "properties": { "longitude": -120.48594612452155, "latitude": 28.6116543300115, "Id": 271, "class": "maritime" }, "geometry": { "type": "Point", "coordinates": [ -120.485946124521547, 28.6116543300115 ] } },
{ "type": "Feature", "properties": { "longitude": -117.2412713896028, "latitude": 28.6116543300115, "Id": 272, "class": "maritime" }, "geometry": { "type": "Point", "coordinates": [ -117.241271389602801, 28.6116543300115 ] } },
{ "type": "Feature", "properties": { "longitude": -94.52854824517155, "latitude": 28.6116543300115, "Id": 273, "class": "maritime" }, "geometry": { "type": "Point", "coordinates": [ -94.52854824517155, 28.6116543300115 ] } },
{ "type": "Feature", "properties": { "longitude": -75.060499835659044, "latitude": 28.6116543300115, "Id": 274, "class": "maritime" }, "geometry": { "type": "Point", "coordinates": [ -75.060499835659044, 28.6116543300115 ] } },
{ "type": "Feature", "properties": { "longitude": -65.326475630902792, "latitude": 28.6116543300115, "Id": 275, "class": "maritime" }, "geometry": { "type": "Point", "coordinates": [ -65.326475630902792, 28.6116543300115 ] } },
{ "type": "Feature", "properties": { "longitude": -62.081800895984045, "latitude": 28.6116543300115, "Id": 276, "class": "maritime" }, "geometry": { "type": "Point", "coordinates": [ -62.081800895984045, 28.6116543300115 ] } },
{ "type": "Feature", "properties": { "longitude": -58.837126161065299, "latitude": 28.6116543300115, "Id": 277, "class": "maritime" }, "geometry": { "type": "Point", "coordinates": [ -58.837126161065299, 28.6116543300115 ] } },
{ "type": "Feature", "properties": { "longitude": -55.592451426146546, "latitude": 28.6116543300115, "Id": 278, "class": "maritime" }, "geometry": { "type": "Point", "coordinates": [ -55.592451426146546, 28.6116543300115 ] } },
{ "type": "Feature", "properties": { "longitude": -52.347776691227793, "latitude": 28.6116543300115, "Id": 279, "class": "maritime" }, "geometry": { "type": "Point", "coordinates": [ -52.347776691227793, 28.6116543300115 ] } },
{ "type": "Feature", "properties": { "longitude": -49.10310195630904, "latitude": 28.6116543300115, "Id": 280, "class": "maritime" }, "geometry": { "type": "Point", "coordinates": [ -49.10310195630904, 28.6116543300115 ] } },
{ "type": "Feature", "properties": { "longitude": -45.858427221390286, "latitude": 28.6116543300115, "Id": 281, "class": "maritime" }, "geometry": { "type": "Point", "coordinates": [ -45.858427221390286, 28.6116543300115 ] } },
{ "type": "Feature", "properties": { "longitude": -42.613752486471547, "latitude": 28.6116543300115, "Id": 282, "class": "maritime" }, "geometry": { "type": "Point", "coordinates": [ -42.61375248647154, 28.6116543300115 ] } },
{ "type": "Feature", "properties": { "longitude": -39.369077751552787, "latitude": 28.6116543300115, "Id": 283, "class": "maritime" }, "geometry": { "type": "Point", "coordinates": [ -39.369077751552787, 28.6116543300115 ] } },
{ "type": "Feature", "properties": { "longitude": -36.124403016634041, "latitude": 28.6116543300115, "Id": 284, "class": "maritime" }, "geometry": { "type": "Point", "coordinates": [ -36.124403016634041, 28.6116543300115 ] } },
{ "type": "Feature", "properties": { "longitude": -32.879728281715288, "latitude": 28.6116543300115, "Id": 285, "class": "maritime" }, "geometry": { "type": "Point", "coordinates": [ -32.879728281715288, 28.6116543300115 ] } },
{ "type": "Feature", "properties": { "longitude": -19.901029342040289, "latitude": 28.6116543300115, "Id": 286, "class": "maritime" }, "geometry": { "type": "Point", "coordinates": [ -19.901029342040289, 28.6116543300115 ] } },
{ "type": "Feature", "properties": { "longitude": -13.411679872202788, "latitude": 28.6116543300115, "Id": 287, "class": "maritime" }, "geometry": { "type": "Point", "coordinates": [ -13.411679872202788, 28.6116543300115 ] } },
{ "type": "Feature", "properties": { "longitude": 122.86465899438474, "latitude": 28.6116543300115, "Id": 288, "class": "maritime" }, "geometry": { "type": "Point", "coordinates": [ 122.86465899438474, 28.6116543300115 ] } },
{ "type": "Feature", "properties": { "longitude": 126.10933372930349, "latitude": 28.6116543300115, "Id": 289, "class": "maritime" }, "geometry": { "type": "Point", "coordinates": [ 126.109333729303486, 28.6116543300115 ] } },
{ "type": "Feature", "properties": { "longitude": 142.33270740389725, "latitude": 28.6116543300115, "Id": 290, "class": "maritime" }, "geometry": { "type": "Point", "coordinates": [ 142.332707403897246, 28.6116543300115 ] } },
{ "type": "Feature", "properties": { "longitude": 145.57738213881598, "latitude": 28.6116543300115, "Id": 291, "class": "maritime" }, "geometry": { "type": "Point", "coordinates": [ 145.577382138815977, 28.6116543300115 ] } },
{ "type": "Feature", "properties": { "longitude": 161.80075581340975, "latitude": 28.6116543300115, "Id": 292, "class": "maritime" }, "geometry": { "type": "Point", "coordinates": [ 161.800755813409751, 28.6116543300115 ] } },
{ "type": "Feature", "properties": { "longitude": -121.98279542960941, "latitude": 26.073197253333667, "Id": 293, "class": "maritime" }, "geometry": { "type": "Point", "coordinates": [ -121.982795429609411, 26.073197253333667 ] } },
{ "type": "Feature", "properties": { "longitude": -118.78395514515917, "latitude": 26.073197253333667, "Id": 294, "class": "maritime" }, "geometry": { "type": "Point", "coordinates": [ -118.783955145159169, 26.073197253333667 ] } },
{ "type": "Feature", "properties": { "longitude": -115.58511486070894, "latitude": 26.073197253333667, "Id": 295, "class": "maritime" }, "geometry": { "type": "Point", "coordinates": [ -115.585114860708941, 26.073197253333667 ] } },
{ "type": "Feature", "properties": { "longitude": -96.392073154007534, "latitude": 26.073197253333667, "Id": 296, "class": "maritime" }, "geometry": { "type": "Point", "coordinates": [ -96.392073154007534, 26.073197253333667 ] } },
{ "type": "Feature", "properties": { "longitude": -93.193232869557306, "latitude": 26.073197253333667, "Id": 297, "class": "maritime" }, "geometry": { "type": "Point", "coordinates": [ -93.193232869557306, 26.073197253333667 ] } },
{ "type": "Feature", "properties": { "longitude": -89.994392585107079, "latitude": 26.073197253333667, "Id": 298, "class": "maritime" }, "geometry": { "type": "Point", "coordinates": [ -89.994392585107065, 26.073197253333667 ] } },
{ "type": "Feature", "properties": { "longitude": -74.000191162855899, "latitude": 26.073197253333667, "Id": 299, "class": "maritime" }, "geometry": { "type": "Point", "coordinates": [ -74.000191162855899, 26.073197253333667 ] } },
{ "type": "Feature", "properties": { "longitude": -54.807149456154498, "latitude": 26.073197253333667, "Id": 300, "class": "maritime" }, "geometry": { "type": "Point", "coordinates": [ -54.807149456154498, 26.073197253333667 ] } },
{ "type": "Feature", "properties": { "longitude": -51.608309171704256, "latitude": 26.073197253333667, "Id": 301, "class": "maritime" }, "geometry": { "type": "Point", "coordinates": [ -51.608309171704256, 26.073197253333667 ] } },
{ "type": "Feature", "properties": { "longitude": -22.818746611652156, "latitude": 26.073197253333667, "Id": 302, "class": "maritime" }, "geometry": { "type": "Point", "coordinates": [ -22.818746611652156, 26.073197253333667 ] } },
{ "type": "Feature", "properties": { "longitude": -16.421066042751683, "latitude": 26.073197253333667, "Id": 303, "class": "maritime" }, "geometry": { "type": "Point", "coordinates": [ -16.421066042751683, 26.073197253333667 ] } },
{ "type": "Feature", "properties": { "longitude": 53.953420215153457, "latitude": 26.073197253333667, "Id": 304, "class": "maritime" }, "geometry": { "type": "Point", "coordinates": [ 53.953420215153457, 26.073197253333667 ] } },
{ "type": "Feature", "properties": { "longitude": 57.152260499603685, "latitude": 26.073197253333667, "Id": 305, "class": "maritime" }, "geometry": { "type": "Point", "coordinates": [ 57.152260499603692, 26.073197253333667 ] } },
{ "type": "Feature", "properties": { "longitude": 121.12906618860839, "latitude": 26.073197253333667, "Id": 306, "class": "maritime" }, "geometry": { "type": "Point", "coordinates": [ 121.129066188608391, 26.073197253333667 ] } },
{ "type": "Feature", "properties": { "longitude": 137.12326761085953, "latitude": 26.073197253333667, "Id": 307, "class": "maritime" }, "geometry": { "type": "Point", "coordinates": [ 137.123267610859529, 26.073197253333667 ] } },
{ "type": "Feature", "properties": { "longitude": -114.13755662005387, "latitude": 23.555465493916248, "Id": 308, "class": "maritime" }, "geometry": { "type": "Point", "coordinates": [ -114.137556620053871, 23.555465493916248 ] } },
{ "type": "Feature", "properties": { "longitude": -95.184883629681167, "latitude": 23.555465493916248, "Id": 309, "class": "maritime" }, "geometry": { "type": "Point", "coordinates": [ -95.184883629681167, 23.555465493916248 ] } },
{ "type": "Feature", "properties": { "longitude": -82.549768302766026, "latitude": 23.555465493916248, "Id": 310, "class": "maritime" }, "geometry": { "type": "Point", "coordinates": [ -82.549768302766026, 23.555465493916248 ] } },
{ "type": "Feature", "properties": { "longitude": -73.073431807579638, "latitude": 23.555465493916248, "Id": 311, "class": "maritime" }, "geometry": { "type": "Point", "coordinates": [ -73.073431807579638, 23.555465493916248 ] } },
{ "type": "Feature", "properties": { "longitude": -50.961979985478138, "latitude": 23.555465493916248, "Id": 312, "class": "maritime" }, "geometry": { "type": "Point", "coordinates": [ -50.961979985478138, 23.555465493916248 ] } },
{ "type": "Feature", "properties": { "longitude": -22.53297049991906, "latitude": 23.555465493916248, "Id": 313, "class": "maritime" }, "geometry": { "type": "Point", "coordinates": [ -22.53297049991906, 23.555465493916248 ] } },
{ "type": "Feature", "properties": { "longitude": -19.374191668190274, "latitude": 23.555465493916248, "Id": 314, "class": "maritime" }, "geometry": { "type": "Point", "coordinates": [ -19.374191668190274, 23.555465493916248 ] } },
{ "type": "Feature", "properties": { "longitude": 37.483827302927899, "latitude": 23.555465493916248, "Id": 315, "class": "maritime" }, "geometry": { "type": "Point", "coordinates": [ 37.483827302927892, 23.555465493916248 ] } },
{ "type": "Feature", "properties": { "longitude": 59.5952791250294, "latitude": 23.555465493916248, "Id": 316, "class": "maritime" }, "geometry": { "type": "Point", "coordinates": [ 59.5952791250294, 23.555465493916248 ] } },
{ "type": "Feature", "properties": { "longitude": 62.754057956758203, "latitude": 23.555465493916248, "Id": 317, "class": "maritime" }, "geometry": { "type": "Point", "coordinates": [ 62.754057956758203, 23.555465493916248 ] } },
{ "type": "Feature", "properties": { "longitude": 65.912836788486985, "latitude": 23.555465493916248, "Id": 318, "class": "maritime" }, "geometry": { "type": "Point", "coordinates": [ 65.912836788486985, 23.555465493916248 ] } },
{ "type": "Feature", "properties": { "longitude": 122.77085575960515, "latitude": 23.555465493916248, "Id": 319, "class": "maritime" }, "geometry": { "type": "Point", "coordinates": [ 122.770855759605155, 23.555465493916248 ] } },
{ "type": "Feature", "properties": { "longitude": 135.40597108652028, "latitude": 23.555465493916248, "Id": 320, "class": "maritime" }, "geometry": { "type": "Point", "coordinates": [ 135.405971086520282, 23.555465493916248 ] } },
{ "type": "Feature", "properties": { "longitude": 144.88230758170667, "latitude": 23.555465493916248, "Id": 321, "class": "maritime" }, "geometry": { "type": "Point", "coordinates": [ 144.882307581706669, 23.555465493916248 ] } },
{ "type": "Feature", "properties": { "longitude": 166.99375940380818, "latitude": 23.555465493916248, "Id": 322, "class": "maritime" }, "geometry": { "type": "Point", "coordinates": [ 166.993759403808184, 23.555465493916248 ] } },
{ "type": "Feature", "properties": { "longitude": -172.23372324231181, "latitude": 21.055948186680951, "Id": 323, "class": "maritime" }, "geometry": { "type": "Point", "coordinates": [ -172.233723242311811, 21.055948186680951 ] } },
{ "type": "Feature", "properties": { "longitude": -112.8788103151042, "latitude": 21.055948186680951, "Id": 324, "class": "maritime" }, "geometry": { "type": "Point", "coordinates": [ -112.878810315104204, 21.055948186680951 ] } },
{ "type": "Feature", "properties": { "longitude": -109.75486752946171, "latitude": 21.055948186680951, "Id": 325, "class": "maritime" }, "geometry": { "type": "Point", "coordinates": [ -109.754867529461706, 21.055948186680951 ] } },
{ "type": "Feature", "properties": { "longitude": -106.63092474381919, "latitude": 21.055948186680951, "Id": 326, "class": "maritime" }, "geometry": { "type": "Point", "coordinates": [ -106.630924743819207, 21.055948186680951 ] } },
{ "type": "Feature", "properties": { "longitude": -97.259096386891699, "latitude": 21.055948186680951, "Id": 327, "class": "maritime" }, "geometry": { "type": "Point", "coordinates": [ -97.259096386891699, 21.055948186680951 ] } },
{ "type": "Feature", "properties": { "longitude": -84.763325244321692, "latitude": 21.055948186680951, "Id": 328, "class": "maritime" }, "geometry": { "type": "Point", "coordinates": [ -84.763325244321692, 21.055948186680951 ] } },
{ "type": "Feature", "properties": { "longitude": -66.019668530466632, "latitude": 21.055948186680951, "Id": 329, "class": "maritime" }, "geometry": { "type": "Point", "coordinates": [ -66.019668530466632, 21.055948186680951 ] } },
{ "type": "Feature", "properties": { "longitude": -62.895725744824141, "latitude": 21.055948186680951, "Id": 330, "class": "maritime" }, "geometry": { "type": "Point", "coordinates": [ -62.895725744824141, 21.055948186680951 ] } },
{ "type": "Feature", "properties": { "longitude": -50.399954602254113, "latitude": 21.055948186680951, "Id": 331, "class": "maritime" }, "geometry": { "type": "Point", "coordinates": [ -50.399954602254113, 21.055948186680951 ] } },
{ "type": "Feature", "properties": { "longitude": -25.408412317114077, "latitude": 21.055948186680951, "Id": 332, "class": "maritime" }, "geometry": { "type": "Point", "coordinates": [ -25.408412317114077, 21.055948186680951 ] } },
{ "type": "Feature", "properties": { "longitude": -22.284469531471576, "latitude": 21.055948186680951, "Id": 333, "class": "maritime" }, "geometry": { "type": "Point", "coordinates": [ -22.284469531471576, 21.055948186680951 ] } },
{ "type": "Feature", "properties": { "longitude": -19.16052674582907, "latitude": 21.055948186680951, "Id": 334, "class": "maritime" }, "geometry": { "type": "Point", "coordinates": [ -19.16052674582907, 21.055948186680951 ] } },
{ "type": "Feature", "properties": { "longitude": 62.06198568087607, "latitude": 21.055948186680951, "Id": 335, "class": "maritime" }, "geometry": { "type": "Point", "coordinates": [ 62.06198568087607, 21.055948186680951 ] } },
{ "type": "Feature", "properties": { "longitude": 65.185928466518561, "latitude": 21.055948186680951, "Id": 336, "class": "maritime" }, "geometry": { "type": "Point", "coordinates": [ 65.185928466518561, 21.055948186680951 ] } },
{ "type": "Feature", "properties": { "longitude": 68.309871252161059, "latitude": 21.055948186680951, "Id": 337, "class": "maritime" }, "geometry": { "type": "Point", "coordinates": [ 68.309871252161059, 21.055948186680951 ] } },
{ "type": "Feature", "properties": { "longitude": 108.92112746551365, "latitude": 21.055948186680951, "Id": 338, "class": "maritime" }, "geometry": { "type": "Point", "coordinates": [ 108.921127465513649, 21.055948186680951 ] } },
{ "type": "Feature", "properties": { "longitude": 112.04507025115615, "latitude": 21.055948186680951, "Id": 339, "class": "maritime" }, "geometry": { "type": "Point", "coordinates": [ 112.045070251156147, 21.055948186680951 ] } },
{ "type": "Feature", "properties": { "longitude": 115.16901303679866, "latitude": 21.055948186680951, "Id": 340, "class": "maritime" }, "geometry": { "type": "Point", "coordinates": [ 115.16901303679866, 21.055948186680951 ] } },
{ "type": "Feature", "properties": { "longitude": 121.41689860808367, "latitude": 21.055948186680951, "Id": 341, "class": "maritime" }, "geometry": { "type": "Point", "coordinates": [ 121.416898608083656, 21.055948186680951 ] } },
{ "type": "Feature", "properties": { "longitude": 133.91266975065369, "latitude": 21.055948186680951, "Id": 342, "class": "maritime" }, "geometry": { "type": "Point", "coordinates": [ 133.912669750653691, 21.055948186680951 ] } },
{ "type": "Feature", "properties": { "longitude": 137.03661253629619, "latitude": 21.055948186680951, "Id": 343, "class": "maritime" }, "geometry": { "type": "Point", "coordinates": [ 137.03661253629619, 21.055948186680951 ] } },
{ "type": "Feature", "properties": { "longitude": 146.40844089322368, "latitude": 21.055948186680951, "Id": 344, "class": "maritime" }, "geometry": { "type": "Point", "coordinates": [ 146.408440893223684, 21.055948186680951 ] } },
{ "type": "Feature", "properties": { "longitude": 177.64786874964872, "latitude": 21.055948186680951, "Id": 345, "class": "maritime" }, "geometry": { "type": "Point", "coordinates": [ 177.647868749648751, 21.055948186680951 ] } },
{ "type": "Feature", "properties": { "longitude": -170.57648696174573, "latitude": 18.572322382883915, "Id": 346, "class": "maritime" }, "geometry": { "type": "Point", "coordinates": [ -170.576486961745729, 18.572322382883915 ] } },
{ "type": "Feature", "properties": { "longitude": -164.38871866860254, "latitude": 18.572322382883915, "Id": 347, "class": "maritime" }, "geometry": { "type": "Point", "coordinates": [ -164.388718668602536, 18.572322382883915 ] } },
{ "type": "Feature", "properties": { "longitude": -108.6988040303138, "latitude": 18.572322382883915, "Id": 348, "class": "maritime" }, "geometry": { "type": "Point", "coordinates": [ -108.698804030313795, 18.572322382883915 ] } },
{ "type": "Feature", "properties": { "longitude": -105.6049198837422, "latitude": 18.572322382883915, "Id": 349, "class": "maritime" }, "geometry": { "type": "Point", "coordinates": [ -105.604919883742198, 18.572322382883915 ] } },
{ "type": "Feature", "properties": { "longitude": -93.229383297455826, "latitude": 18.572322382883915, "Id": 350, "class": "maritime" }, "geometry": { "type": "Point", "coordinates": [ -93.229383297455826, 18.572322382883915 ] } },
{ "type": "Feature", "properties": { "longitude": -74.666078418026217, "latitude": 18.572322382883915, "Id": 351, "class": "maritime" }, "geometry": { "type": "Point", "coordinates": [ -74.666078418026231, 18.572322382883915 ] } },
{ "type": "Feature", "properties": { "longitude": -65.384425978311455, "latitude": 18.572322382883915, "Id": 352, "class": "maritime" }, "geometry": { "type": "Point", "coordinates": [ -65.384425978311455, 18.572322382883915 ] } },
{ "type": "Feature", "properties": { "longitude": -62.290541831739851, "latitude": 18.572322382883915, "Id": 353, "class": "maritime" }, "geometry": { "type": "Point", "coordinates": [ -62.290541831739851, 18.572322382883915 ] } },
{ "type": "Feature", "properties": { "longitude": -59.196657685168262, "latitude": 18.572322382883915, "Id": 354, "class": "maritime" }, "geometry": { "type": "Point", "coordinates": [ -59.196657685168262, 18.572322382883915 ] } },
{ "type": "Feature", "properties": { "longitude": -56.102773538596665, "latitude": 18.572322382883915, "Id": 355, "class": "maritime" }, "geometry": { "type": "Point", "coordinates": [ -56.102773538596665, 18.572322382883915 ] } },
{ "type": "Feature", "properties": { "longitude": -28.257816219452302, "latitude": 18.572322382883915, "Id": 356, "class": "maritime" }, "geometry": { "type": "Point", "coordinates": [ -28.257816219452302, 18.572322382883915 ] } },
{ "type": "Feature", "properties": { "longitude": -25.163932072880701, "latitude": 18.572322382883915, "Id": 357, "class": "maritime" }, "geometry": { "type": "Point", "coordinates": [ -25.163932072880701, 18.572322382883915 ] } },
{ "type": "Feature", "properties": { "longitude": -18.976163779737515, "latitude": 18.572322382883915, "Id": 358, "class": "maritime" }, "geometry": { "type": "Point", "coordinates": [ -18.976163779737515, 18.572322382883915 ] } },
{ "type": "Feature", "properties": { "longitude": 39.807635005122805, "latitude": 18.572322382883915, "Id": 359, "class": "maritime" }, "geometry": { "type": "Point", "coordinates": [ 39.807635005122812, 18.572322382883915 ] } },
{ "type": "Feature", "properties": { "longitude": 58.370939884552385, "latitude": 18.572322382883915, "Id": 360, "class": "maritime" }, "geometry": { "type": "Point", "coordinates": [ 58.370939884552385, 18.572322382883915 ] } },
{ "type": "Feature", "properties": { "longitude": 61.464824031123989, "latitude": 18.572322382883915, "Id": 361, "class": "maritime" }, "geometry": { "type": "Point", "coordinates": [ 61.464824031123989, 18.572322382883915 ] } },
{ "type": "Feature", "properties": { "longitude": 64.558708177695578, "latitude": 18.572322382883915, "Id": 362, "class": "maritime" }, "geometry": { "type": "Point", "coordinates": [ 64.558708177695578, 18.572322382883915 ] } },
{ "type": "Feature", "properties": { "longitude": 67.652592324267161, "latitude": 18.572322382883915, "Id": 363, "class": "maritime" }, "geometry": { "type": "Point", "coordinates": [ 67.652592324267161, 18.572322382883915 ] } },
{ "type": "Feature", "properties": { "longitude": 70.746476470838786, "latitude": 18.572322382883915, "Id": 364, "class": "maritime" }, "geometry": { "type": "Point", "coordinates": [ 70.746476470838786, 18.572322382883915 ] } },
{ "type": "Feature", "properties": { "longitude": 86.215897203696755, "latitude": 18.572322382883915, "Id": 365, "class": "maritime" }, "geometry": { "type": "Point", "coordinates": [ 86.215897203696755, 18.572322382883915 ] } },
{ "type": "Feature", "properties": { "longitude": 120.24862281598431, "latitude": 18.572322382883915, "Id": 366, "class": "maritime" }, "geometry": { "type": "Point", "coordinates": [ 120.248622815984305, 18.572322382883915 ] } },
{ "type": "Feature", "properties": { "longitude": 135.7180435488423, "latitude": 18.572322382883915, "Id": 367, "class": "maritime" }, "geometry": { "type": "Point", "coordinates": [ 135.718043548842303, 18.572322382883915 ] } },
{ "type": "Feature", "properties": { "longitude": 138.81192769541389, "latitude": 18.572322382883915, "Id": 368, "class": "maritime" }, "geometry": { "type": "Point", "coordinates": [ 138.811927695413885, 18.572322382883915 ] } },
{ "type": "Feature", "properties": { "longitude": 148.09358013512866, "latitude": 18.572322382883915, "Id": 369, "class": "maritime" }, "geometry": { "type": "Point", "coordinates": [ 148.093580135128661, 18.572322382883915 ] } },
{ "type": "Feature", "properties": { "longitude": -159.95774007243776, "latitude": 16.102420527566085, "Id": 370, "class": "maritime" }, "geometry": { "type": "Point", "coordinates": [ -159.957740072437758, 16.102420527566085 ] } },
{ "type": "Feature", "properties": { "longitude": -104.72948110949557, "latitude": 16.102420527566085, "Id": 371, "class": "maritime" }, "geometry": { "type": "Point", "coordinates": [ -104.729481109495566, 16.102420527566085 ] } },
{ "type": "Feature", "properties": { "longitude": -101.66124450044322, "latitude": 16.102420527566085, "Id": 372, "class": "maritime" }, "geometry": { "type": "Point", "coordinates": [ -101.661244500443217, 16.102420527566085 ] } },
{ "type": "Feature", "properties": { "longitude": -98.593007891390869, "latitude": 16.102420527566085, "Id": 373, "class": "maritime" }, "geometry": { "type": "Point", "coordinates": [ -98.593007891390869, 16.102420527566085 ] } },
{ "type": "Feature", "properties": { "longitude": -80.183588237076805, "latitude": 16.102420527566085, "Id": 374, "class": "maritime" }, "geometry": { "type": "Point", "coordinates": [ -80.183588237076805, 16.102420527566085 ] } },
{ "type": "Feature", "properties": { "longitude": -77.115351628024442, "latitude": 16.102420527566085, "Id": 375, "class": "maritime" }, "geometry": { "type": "Point", "coordinates": [ -77.115351628024456, 16.102420527566085 ] } },
{ "type": "Feature", "properties": { "longitude": -74.047115018972107, "latitude": 16.102420527566085, "Id": 376, "class": "maritime" }, "geometry": { "type": "Point", "coordinates": [ -74.047115018972107, 16.102420527566085 ] } },
{ "type": "Feature", "properties": { "longitude": -70.978878409919758, "latitude": 16.102420527566085, "Id": 377, "class": "maritime" }, "geometry": { "type": "Point", "coordinates": [ -70.978878409919758, 16.102420527566085 ] } },
{ "type": "Feature", "properties": { "longitude": -64.842405191815075, "latitude": 16.102420527566085, "Id": 378, "class": "maritime" }, "geometry": { "type": "Point", "coordinates": [ -64.842405191815075, 16.102420527566085 ] } },
{ "type": "Feature", "properties": { "longitude": -58.705931973710385, "latitude": 16.102420527566085, "Id": 379, "class": "maritime" }, "geometry": { "type": "Point", "coordinates": [ -58.705931973710385, 16.102420527566085 ] } },
{ "type": "Feature", "properties": { "longitude": -34.160039101291623, "latitude": 16.102420527566085, "Id": 380, "class": "maritime" }, "geometry": { "type": "Point", "coordinates": [ -34.160039101291623, 16.102420527566085 ] } },
{ "type": "Feature", "properties": { "longitude": -21.887092665082239, "latitude": 16.102420527566085, "Id": 381, "class": "maritime" }, "geometry": { "type": "Point", "coordinates": [ -21.887092665082239, 16.102420527566085 ] } },
{ "type": "Feature", "properties": { "longitude": -18.818856056029897, "latitude": 16.102420527566085, "Id": 382, "class": "maritime" }, "geometry": { "type": "Point", "coordinates": [ -18.818856056029897, 16.102420527566085 ] } },
{ "type": "Feature", "properties": { "longitude": 54.818822561226398, "latitude": 16.102420527566085, "Id": 383, "class": "maritime" }, "geometry": { "type": "Point", "coordinates": [ 54.818822561226398, 16.102420527566085 ] } },
{ "type": "Feature", "properties": { "longitude": 57.887059170278739, "latitude": 16.102420527566085, "Id": 384, "class": "maritime" }, "geometry": { "type": "Point", "coordinates": [ 57.887059170278739, 16.102420527566085 ] } },
{ "type": "Feature", "properties": { "longitude": 60.955295779331095, "latitude": 16.102420527566085, "Id": 385, "class": "maritime" }, "geometry": { "type": "Point", "coordinates": [ 60.955295779331095, 16.102420527566085 ] } },
{ "type": "Feature", "properties": { "longitude": 67.091768997435764, "latitude": 16.102420527566085, "Id": 386, "class": "maritime" }, "geometry": { "type": "Point", "coordinates": [ 67.091768997435764, 16.102420527566085 ] } },
{ "type": "Feature", "properties": { "longitude": 70.160005606488141, "latitude": 16.102420527566085, "Id": 387, "class": "maritime" }, "geometry": { "type": "Point", "coordinates": [ 70.160005606488141, 16.102420527566085 ] } },
{ "type": "Feature", "properties": { "longitude": 73.228242215540476, "latitude": 16.102420527566085, "Id": 388, "class": "maritime" }, "geometry": { "type": "Point", "coordinates": [ 73.228242215540476, 16.102420527566085 ] } },
{ "type": "Feature", "properties": { "longitude": 82.432952042697508, "latitude": 16.102420527566085, "Id": 389, "class": "maritime" }, "geometry": { "type": "Point", "coordinates": [ 82.432952042697508, 16.102420527566085 ] } },
{ "type": "Feature", "properties": { "longitude": 85.501188651749857, "latitude": 16.102420527566085, "Id": 390, "class": "maritime" }, "geometry": { "type": "Point", "coordinates": [ 85.501188651749857, 16.102420527566085 ] } },
{ "type": "Feature", "properties": { "longitude": 116.1835547422733, "latitude": 16.102420527566085, "Id": 391, "class": "maritime" }, "geometry": { "type": "Point", "coordinates": [ 116.183554742273301, 16.102420527566085 ] } },
{ "type": "Feature", "properties": { "longitude": 119.25179135132564, "latitude": 16.102420527566085, "Id": 392, "class": "maritime" }, "geometry": { "type": "Point", "coordinates": [ 119.251791351325636, 16.102420527566085 ] } },
{ "type": "Feature", "properties": { "longitude": 134.59297439658738, "latitude": 16.102420527566085, "Id": 393, "class": "maritime" }, "geometry": { "type": "Point", "coordinates": [ 134.59297439658738, 16.102420527566085 ] } },
{ "type": "Feature", "properties": { "longitude": 137.66121100563973, "latitude": 16.102420527566085, "Id": 394, "class": "maritime" }, "geometry": { "type": "Point", "coordinates": [ 137.661211005639728, 16.102420527566085 ] } },
{ "type": "Feature", "properties": { "longitude": 140.72944761469208, "latitude": 16.102420527566085, "Id": 395, "class": "maritime" }, "geometry": { "type": "Point", "coordinates": [ 140.729447614692077, 16.102420527566085 ] } },
{ "type": "Feature", "properties": { "longitude": -116.18123735832908, "latitude": 13.644203112651439, "Id": 396, "class": "maritime" }, "geometry": { "type": "Point", "coordinates": [ -116.181237358329085, 13.644203112651439 ] } },
{ "type": "Feature", "properties": { "longitude": -100.94772754039919, "latitude": 13.644203112651439, "Id": 397, "class": "maritime" }, "geometry": { "type": "Point", "coordinates": [ -100.947727540399185, 13.644203112651439 ] } },
{ "type": "Feature", "properties": { "longitude": -97.901025576813211, "latitude": 13.644203112651439, "Id": 398, "class": "maritime" }, "geometry": { "type": "Point", "coordinates": [ -97.901025576813211, 13.644203112651439 ] } },
{ "type": "Feature", "properties": { "longitude": -94.854323613227237, "latitude": 13.644203112651439, "Id": 399, "class": "maritime" }, "geometry": { "type": "Point", "coordinates": [ -94.854323613227237, 13.644203112651439 ] } },
{ "type": "Feature", "properties": { "longitude": -91.807621649641263, "latitude": 13.644203112651439, "Id": 400, "class": "maritime" }, "geometry": { "type": "Point", "coordinates": [ -91.807621649641263, 13.644203112651439 ] } },
{ "type": "Feature", "properties": { "longitude": -79.620813795297366, "latitude": 13.644203112651439, "Id": 401, "class": "maritime" }, "geometry": { "type": "Point", "coordinates": [ -79.620813795297366, 13.644203112651439 ] } },
{ "type": "Feature", "properties": { "longitude": -76.574111831711363, "latitude": 13.644203112651439, "Id": 402, "class": "maritime" }, "geometry": { "type": "Point", "coordinates": [ -76.574111831711363, 13.644203112651439 ] } },
{ "type": "Feature", "properties": { "longitude": -70.480707904539415, "latitude": 13.644203112651439, "Id": 403, "class": "maritime" }, "geometry": { "type": "Point", "coordinates": [ -70.480707904539415, 13.644203112651439 ] } },
{ "type": "Feature", "properties": { "longitude": -67.43400594095344, "latitude": 13.644203112651439, "Id": 404, "class": "maritime" }, "geometry": { "type": "Point", "coordinates": [ -67.43400594095344, 13.644203112651439 ] } },
{ "type": "Feature", "properties": { "longitude": -64.387303977367466, "latitude": 13.644203112651439, "Id": 405, "class": "maritime" }, "geometry": { "type": "Point", "coordinates": [ -64.387303977367466, 13.644203112651439 ] } },
{ "type": "Feature", "properties": { "longitude": -61.340602013781485, "latitude": 13.644203112651439, "Id": 406, "class": "maritime" }, "geometry": { "type": "Point", "coordinates": [ -61.340602013781485, 13.644203112651439 ] } },
{ "type": "Feature", "properties": { "longitude": -55.247198086609536, "latitude": 13.644203112651439, "Id": 407, "class": "maritime" }, "geometry": { "type": "Point", "coordinates": [ -55.247198086609536, 13.644203112651439 ] } },
{ "type": "Feature", "properties": { "longitude": -33.920284341507703, "latitude": 13.644203112651439, "Id": 408, "class": "maritime" }, "geometry": { "type": "Point", "coordinates": [ -33.920284341507703, 13.644203112651439 ] } },
{ "type": "Feature", "properties": { "longitude": -21.733476487163788, "latitude": 13.644203112651439, "Id": 409, "class": "maritime" }, "geometry": { "type": "Point", "coordinates": [ -21.733476487163788, 13.644203112651439 ] } },
{ "type": "Feature", "properties": { "longitude": -18.686774523577814, "latitude": 13.644203112651439, "Id": 410, "class": "maritime" }, "geometry": { "type": "Point", "coordinates": [ -18.68677452357781, 13.644203112651439 ] } },
{ "type": "Feature", "properties": { "longitude": 54.434072602485642, "latitude": 13.644203112651439, "Id": 411, "class": "maritime" }, "geometry": { "type": "Point", "coordinates": [ 54.434072602485642, 13.644203112651439 ] } },
{ "type": "Feature", "properties": { "longitude": 57.480774566071617, "latitude": 13.644203112651439, "Id": 412, "class": "maritime" }, "geometry": { "type": "Point", "coordinates": [ 57.480774566071617, 13.644203112651439 ] } },
{ "type": "Feature", "properties": { "longitude": 60.527476529657598, "latitude": 13.644203112651439, "Id": 413, "class": "maritime" }, "geometry": { "type": "Point", "coordinates": [ 60.527476529657598, 13.644203112651439 ] } },
{ "type": "Feature", "properties": { "longitude": 69.667582420415542, "latitude": 13.644203112651439, "Id": 414, "class": "maritime" }, "geometry": { "type": "Point", "coordinates": [ 69.667582420415542, 13.644203112651439 ] } },
{ "type": "Feature", "properties": { "longitude": 72.714284384001502, "latitude": 13.644203112651439, "Id": 415, "class": "maritime" }, "geometry": { "type": "Point", "coordinates": [ 72.714284384001502, 13.644203112651439 ] } },
{ "type": "Feature", "properties": { "longitude": 84.901092238345413, "latitude": 13.644203112651439, "Id": 416, "class": "maritime" }, "geometry": { "type": "Point", "coordinates": [ 84.901092238345413, 13.644203112651439 ] } },
{ "type": "Feature", "properties": { "longitude": 127.55491972854909, "latitude": 13.644203112651439, "Id": 417, "class": "maritime" }, "geometry": { "type": "Point", "coordinates": [ 127.554919728549095, 13.644203112651439 ] } },
{ "type": "Feature", "properties": { "longitude": 130.60162169213507, "latitude": 13.644203112651439, "Id": 418, "class": "maritime" }, "geometry": { "type": "Point", "coordinates": [ 130.601621692135069, 13.644203112651439 ] } },
{ "type": "Feature", "properties": { "longitude": 133.64832365572107, "latitude": 13.644203112651439, "Id": 419, "class": "maritime" }, "geometry": { "type": "Point", "coordinates": [ 133.648323655721072, 13.644203112651439 ] } },
{ "type": "Feature", "properties": { "longitude": 136.69502561930702, "latitude": 13.644203112651439, "Id": 420, "class": "maritime" }, "geometry": { "type": "Point", "coordinates": [ 136.695025619307017, 13.644203112651439 ] } },
{ "type": "Feature", "properties": { "longitude": 139.74172758289299, "latitude": 13.644203112651439, "Id": 421, "class": "maritime" }, "geometry": { "type": "Point", "coordinates": [ 139.741727582892992, 13.644203112651439 ] } },
{ "type": "Feature", "properties": { "longitude": 142.78842954647899, "latitude": 13.644203112651439, "Id": 422, "class": "maritime" }, "geometry": { "type": "Point", "coordinates": [ 142.788429546478994, 13.644203112651439 ] } },
{ "type": "Feature", "properties": { "longitude": 148.88183347365091, "latitude": 13.644203112651439, "Id": 423, "class": "maritime" }, "geometry": { "type": "Point", "coordinates": [ 148.881833473650914, 13.644203112651439 ] } },
{ "type": "Feature", "properties": { "longitude": -100.36251679516981, "latitude": 11.195735316089518, "Id": 424, "class": "maritime" }, "geometry": { "type": "Point", "coordinates": [ -100.36251679516981, 11.195735316089518 ] } },
{ "type": "Feature", "properties": { "longitude": -97.333477068961969, "latitude": 11.195735316089518, "Id": 425, "class": "maritime" }, "geometry": { "type": "Point", "coordinates": [ -97.333477068961969, 11.195735316089518 ] } },
{ "type": "Feature", "properties": { "longitude": -94.304437342754127, "latitude": 11.195735316089518, "Id": 426, "class": "maritime" }, "geometry": { "type": "Point", "coordinates": [ -94.304437342754127, 11.195735316089518 ] } },
{ "type": "Feature", "properties": { "longitude": -91.275397616546286, "latitude": 11.195735316089518, "Id": 427, "class": "maritime" }, "geometry": { "type": "Point", "coordinates": [ -91.275397616546286, 11.195735316089518 ] } },
{ "type": "Feature", "properties": { "longitude": -88.246357890338459, "latitude": 11.195735316089518, "Id": 428, "class": "maritime" }, "geometry": { "type": "Point", "coordinates": [ -88.246357890338459, 11.195735316089518 ] } },
{ "type": "Feature", "properties": { "longitude": -79.159238711714934, "latitude": 11.195735316089518, "Id": 429, "class": "maritime" }, "geometry": { "type": "Point", "coordinates": [ -79.159238711714934, 11.195735316089518 ] } },
{ "type": "Feature", "properties": { "longitude": -76.130198985507079, "latitude": 11.195735316089518, "Id": 430, "class": "maritime" }, "geometry": { "type": "Point", "coordinates": [ -76.130198985507079, 11.195735316089518 ] } },
{ "type": "Feature", "properties": { "longitude": -67.043079806883554, "latitude": 11.195735316089518, "Id": 431, "class": "maritime" }, "geometry": { "type": "Point", "coordinates": [ -67.043079806883554, 11.195735316089518 ] } },
{ "type": "Feature", "properties": { "longitude": -60.985000354467878, "latitude": 11.195735316089518, "Id": 432, "class": "maritime" }, "geometry": { "type": "Point", "coordinates": [ -60.985000354467878, 11.195735316089518 ] } },
{ "type": "Feature", "properties": { "longitude": -57.955960628260051, "latitude": 11.195735316089518, "Id": 433, "class": "maritime" }, "geometry": { "type": "Point", "coordinates": [ -57.955960628260044, 11.195735316089518 ] } },
{ "type": "Feature", "properties": { "longitude": -36.752682544805154, "latitude": 11.195735316089518, "Id": 434, "class": "maritime" }, "geometry": { "type": "Point", "coordinates": [ -36.752682544805154, 11.195735316089518 ] } },
{ "type": "Feature", "properties": { "longitude": -27.665563366181633, "latitude": 11.195735316089518, "Id": 435, "class": "maritime" }, "geometry": { "type": "Point", "coordinates": [ -27.665563366181633, 11.195735316089518 ] } },
{ "type": "Feature", "properties": { "longitude": -24.636523639973792, "latitude": 11.195735316089518, "Id": 436, "class": "maritime" }, "geometry": { "type": "Point", "coordinates": [ -24.636523639973792, 11.195735316089518 ] } },
{ "type": "Feature", "properties": { "longitude": -18.578444187558112, "latitude": 11.195735316089518, "Id": 437, "class": "maritime" }, "geometry": { "type": "Point", "coordinates": [ -18.578444187558112, 11.195735316089518 ] } },
{ "type": "Feature", "properties": { "longitude": 60.176588693845758, "latitude": 11.195735316089518, "Id": 438, "class": "maritime" }, "geometry": { "type": "Point", "coordinates": [ 60.176588693845758, 11.195735316089518 ] } },
{ "type": "Feature", "properties": { "longitude": 63.205628420053593, "latitude": 11.195735316089518, "Id": 439, "class": "maritime" }, "geometry": { "type": "Point", "coordinates": [ 63.205628420053593, 11.195735316089518 ] } },
{ "type": "Feature", "properties": { "longitude": 66.234668146261413, "latitude": 11.195735316089518, "Id": 440, "class": "maritime" }, "geometry": { "type": "Point", "coordinates": [ 66.234668146261413, 11.195735316089518 ] } },
{ "type": "Feature", "properties": { "longitude": 75.321787324884966, "latitude": 11.195735316089518, "Id": 441, "class": "maritime" }, "geometry": { "type": "Point", "coordinates": [ 75.321787324884966, 11.195735316089518 ] } },
{ "type": "Feature", "properties": { "longitude": 81.379866777300634, "latitude": 11.195735316089518, "Id": 442, "class": "maritime" }, "geometry": { "type": "Point", "coordinates": [ 81.379866777300634, 11.195735316089518 ] } },
{ "type": "Feature", "properties": { "longitude": 111.67026403937906, "latitude": 11.195735316089518, "Id": 443, "class": "maritime" }, "geometry": { "type": "Point", "coordinates": [ 111.670264039379049, 11.195735316089518 ] } },
{ "type": "Feature", "properties": { "longitude": 126.81546267041826, "latitude": 11.195735316089518, "Id": 444, "class": "maritime" }, "geometry": { "type": "Point", "coordinates": [ 126.815462670418256, 11.195735316089518 ] } },
{ "type": "Feature", "properties": { "longitude": 129.8445023966261, "latitude": 11.195735316089518, "Id": 445, "class": "maritime" }, "geometry": { "type": "Point", "coordinates": [ 129.844502396626098, 11.195735316089518 ] } },
{ "type": "Feature", "properties": { "longitude": 132.87354212283392, "latitude": 11.195735316089518, "Id": 446, "class": "maritime" }, "geometry": { "type": "Point", "coordinates": [ 132.873542122833925, 11.195735316089518 ] } },
{ "type": "Feature", "properties": { "longitude": 141.96066130145744, "latitude": 11.195735316089518, "Id": 447, "class": "maritime" }, "geometry": { "type": "Point", "coordinates": [ 141.960661301457435, 11.195735316089518 ] } },
{ "type": "Feature", "properties": { "longitude": 144.98970102766529, "latitude": 11.195735316089518, "Id": 448, "class": "maritime" }, "geometry": { "type": "Point", "coordinates": [ 144.989701027665291, 11.195735316089518 ] } },
{ "type": "Feature", "properties": { "longitude": -96.884235906283834, "latitude": 8.7551667116990135, "Id": 449, "class": "maritime" }, "geometry": { "type": "Point", "coordinates": [ -96.884235906283834, 8.755166711699014 ] } },
{ "type": "Feature", "properties": { "longitude": -90.854117426174454, "latitude": 8.7551667116990135, "Id": 450, "class": "maritime" }, "geometry": { "type": "Point", "coordinates": [ -90.85411742617444, 8.755166711699014 ] } },
{ "type": "Feature", "properties": { "longitude": -87.839058186119743, "latitude": 8.7551667116990135, "Id": 451, "class": "maritime" }, "geometry": { "type": "Point", "coordinates": [ -87.839058186119743, 8.755166711699014 ] } },
{ "type": "Feature", "properties": { "longitude": -84.823998946065046, "latitude": 8.7551667116990135, "Id": 452, "class": "maritime" }, "geometry": { "type": "Point", "coordinates": [ -84.823998946065046, 8.755166711699014 ] } },
{ "type": "Feature", "properties": { "longitude": -54.67340654551807, "latitude": 8.7551667116990135, "Id": 453, "class": "maritime" }, "geometry": { "type": "Point", "coordinates": [ -54.67340654551807, 8.755166711699014 ] } },
{ "type": "Feature", "properties": { "longitude": -51.658347305463373, "latitude": 8.7551667116990135, "Id": 454, "class": "maritime" }, "geometry": { "type": "Point", "coordinates": [ -51.658347305463373, 8.755166711699014 ] } },
{ "type": "Feature", "properties": { "longitude": -48.643288065408669, "latitude": 8.7551667116990135, "Id": 455, "class": "maritime" }, "geometry": { "type": "Point", "coordinates": [ -48.643288065408669, 8.755166711699014 ] } },
{ "type": "Feature", "properties": { "longitude": -24.52281414497109, "latitude": 8.7551667116990135, "Id": 456, "class": "maritime" }, "geometry": { "type": "Point", "coordinates": [ -24.522814144971086, 8.755166711699014 ] } },
{ "type": "Feature", "properties": { "longitude": -18.492695664861692, "latitude": 8.7551667116990135, "Id": 457, "class": "maritime" }, "geometry": { "type": "Point", "coordinates": [ -18.492695664861692, 8.755166711699014 ] } },
{ "type": "Feature", "properties": { "longitude": -15.477636424806994, "latitude": 8.7551667116990135, "Id": 458, "class": "maritime" }, "geometry": { "type": "Point", "coordinates": [ -15.477636424806994, 8.755166711699014 ] } },
{ "type": "Feature", "properties": { "longitude": 56.883785336505753, "latitude": 8.7551667116990135, "Id": 459, "class": "maritime" }, "geometry": { "type": "Point", "coordinates": [ 56.883785336505753, 8.755166711699014 ] } },
{ "type": "Feature", "properties": { "longitude": 59.898844576560457, "latitude": 8.7551667116990135, "Id": 460, "class": "maritime" }, "geometry": { "type": "Point", "coordinates": [ 59.898844576560457, 8.755166711699014 ] } },
{ "type": "Feature", "properties": { "longitude": 74.974140776833963, "latitude": 8.7551667116990135, "Id": 461, "class": "maritime" }, "geometry": { "type": "Point", "coordinates": [ 74.974140776833963, 8.755166711699014 ] } },
{ "type": "Feature", "properties": { "longitude": 120.20002937765442, "latitude": 8.7551667116990135, "Id": 462, "class": "maritime" }, "geometry": { "type": "Point", "coordinates": [ 120.200029377654417, 8.755166711699014 ] } },
{ "type": "Feature", "properties": { "longitude": 123.21508861770914, "latitude": 8.7551667116990135, "Id": 463, "class": "maritime" }, "geometry": { "type": "Point", "coordinates": [ 123.215088617709128, 8.755166711699014 ] } },
{ "type": "Feature", "properties": { "longitude": 129.24520709781851, "latitude": 8.7551667116990135, "Id": 464, "class": "maritime" }, "geometry": { "type": "Point", "coordinates": [ 129.245207097818508, 8.755166711699014 ] } },
{ "type": "Feature", "properties": { "longitude": 132.26026633787322, "latitude": 8.7551667116990135, "Id": 465, "class": "maritime" }, "geometry": { "type": "Point", "coordinates": [ 132.260266337873219, 8.755166711699014 ] } },
{ "type": "Feature", "properties": { "longitude": 135.2753255779279, "latitude": 8.7551667116990135, "Id": 466, "class": "maritime" }, "geometry": { "type": "Point", "coordinates": [ 135.275325577927902, 8.755166711699014 ] } },
{ "type": "Feature", "properties": { "longitude": 138.29038481798261, "latitude": 8.7551667116990135, "Id": 467, "class": "maritime" }, "geometry": { "type": "Point", "coordinates": [ 138.290384817982613, 8.755166711699014 ] } },
{ "type": "Feature", "properties": { "longitude": 141.3054440580373, "latitude": 8.7551667116990135, "Id": 468, "class": "maritime" }, "geometry": { "type": "Point", "coordinates": [ 141.305444058037295, 8.755166711699014 ] } },
{ "type": "Feature", "properties": { "longitude": 144.32050329809201, "latitude": 8.7551667116990135, "Id": 469, "class": "maritime" }, "geometry": { "type": "Point", "coordinates": [ 144.320503298092007, 8.755166711699014 ] } },
{ "type": "Feature", "properties": { "longitude": -93.543971412697175, "latitude": 6.3207133307523664, "Id": 470, "class": "maritime" }, "geometry": { "type": "Point", "coordinates": [ -93.543971412697175, 6.320713330752366 ] } },
{ "type": "Feature", "properties": { "longitude": -87.534743988403946, "latitude": 6.3207133307523664, "Id": 471, "class": "maritime" }, "geometry": { "type": "Point", "coordinates": [ -87.534743988403946, 6.320713330752366 ] } },
{ "type": "Feature", "properties": { "longitude": -81.525516564110717, "latitude": 6.3207133307523664, "Id": 472, "class": "maritime" }, "geometry": { "type": "Point", "coordinates": [ -81.525516564110717, 6.320713330752366 ] } },
{ "type": "Feature", "properties": { "longitude": -51.479379442644571, "latitude": 6.3207133307523664, "Id": 473, "class": "maritime" }, "geometry": { "type": "Point", "coordinates": [ -51.479379442644564, 6.320713330752366 ] } },
{ "type": "Feature", "properties": { "longitude": -48.47476573049795, "latitude": 6.3207133307523664, "Id": 474, "class": "maritime" }, "geometry": { "type": "Point", "coordinates": [ -48.47476573049795, 6.320713330752366 ] } },
{ "type": "Feature", "properties": { "longitude": -45.470152018351335, "latitude": 6.3207133307523664, "Id": 475, "class": "maritime" }, "geometry": { "type": "Point", "coordinates": [ -45.470152018351335, 6.320713330752366 ] } },
{ "type": "Feature", "properties": { "longitude": -39.460924594058106, "latitude": 6.3207133307523664, "Id": 476, "class": "maritime" }, "geometry": { "type": "Point", "coordinates": [ -39.460924594058106, 6.320713330752366 ] } },
{ "type": "Feature", "properties": { "longitude": -36.456310881911485, "latitude": 6.3207133307523664, "Id": 477, "class": "maritime" }, "geometry": { "type": "Point", "coordinates": [ -36.456310881911492, 6.320713330752366 ] } },
{ "type": "Feature", "properties": { "longitude": -27.442469745471648, "latitude": 6.3207133307523664, "Id": 478, "class": "maritime" }, "geometry": { "type": "Point", "coordinates": [ -27.442469745471648, 6.320713330752366 ] } },
{ "type": "Feature", "properties": { "longitude": -15.424014896885186, "latitude": 6.3207133307523664, "Id": 479, "class": "maritime" }, "geometry": { "type": "Point", "coordinates": [ -15.424014896885186, 6.320713330752366 ] } },
{ "type": "Feature", "properties": { "longitude": -12.419401184738575, "latitude": 6.3207133307523664, "Id": 480, "class": "maritime" }, "geometry": { "type": "Point", "coordinates": [ -12.419401184738575, 6.320713330752366 ] } },
{ "type": "Feature", "properties": { "longitude": 2.6036673759944988, "latitude": 6.3207133307523664, "Id": 481, "class": "maritime" }, "geometry": { "type": "Point", "coordinates": [ 2.603667375994499, 6.320713330752366 ] } },
{ "type": "Feature", "properties": { "longitude": 53.682100482486945, "latitude": 6.3207133307523664, "Id": 482, "class": "maritime" }, "geometry": { "type": "Point", "coordinates": [ 53.682100482486945, 6.320713330752366 ] } },
{ "type": "Feature", "properties": { "longitude": 56.686714194633559, "latitude": 6.3207133307523664, "Id": 483, "class": "maritime" }, "geometry": { "type": "Point", "coordinates": [ 56.686714194633559, 6.320713330752366 ] } },
{ "type": "Feature", "properties": { "longitude": 77.719010179659875, "latitude": 6.3207133307523664, "Id": 484, "class": "maritime" }, "geometry": { "type": "Point", "coordinates": [ 77.719010179659875, 6.320713330752366 ] } },
{ "type": "Feature", "properties": { "longitude": 89.737465028246319, "latitude": 6.3207133307523664, "Id": 485, "class": "maritime" }, "geometry": { "type": "Point", "coordinates": [ 89.737465028246319, 6.320713330752366 ] } },
{ "type": "Feature", "properties": { "longitude": 92.742078740392927, "latitude": 6.3207133307523664, "Id": 486, "class": "maritime" }, "geometry": { "type": "Point", "coordinates": [ 92.742078740392927, 6.320713330752366 ] } },
{ "type": "Feature", "properties": { "longitude": 95.746692452539548, "latitude": 6.3207133307523664, "Id": 487, "class": "maritime" }, "geometry": { "type": "Point", "coordinates": [ 95.746692452539548, 6.320713330752366 ] } },
{ "type": "Feature", "properties": { "longitude": 107.76514730112602, "latitude": 6.3207133307523664, "Id": 488, "class": "maritime" }, "geometry": { "type": "Point", "coordinates": [ 107.765147301126021, 6.320713330752366 ] } },
{ "type": "Feature", "properties": { "longitude": 119.78360214971248, "latitude": 6.3207133307523664, "Id": 489, "class": "maritime" }, "geometry": { "type": "Point", "coordinates": [ 119.783602149712479, 6.320713330752366 ] } },
{ "type": "Feature", "properties": { "longitude": 125.79282957400569, "latitude": 6.3207133307523664, "Id": 490, "class": "maritime" }, "geometry": { "type": "Point", "coordinates": [ 125.792829574005694, 6.320713330752366 ] } },
{ "type": "Feature", "properties": { "longitude": 128.79744328615232, "latitude": 6.3207133307523664, "Id": 491, "class": "maritime" }, "geometry": { "type": "Point", "coordinates": [ 128.797443286152316, 6.320713330752366 ] } },
{ "type": "Feature", "properties": { "longitude": 134.80667071044553, "latitude": 6.3207133307523664, "Id": 492, "class": "maritime" }, "geometry": { "type": "Point", "coordinates": [ 134.80667071044553, 6.320713330752366 ] } },
{ "type": "Feature", "properties": { "longitude": 137.81128442259217, "latitude": 6.3207133307523664, "Id": 493, "class": "maritime" }, "geometry": { "type": "Point", "coordinates": [ 137.811284422592166, 6.320713330752366 ] } },
{ "type": "Feature", "properties": { "longitude": 140.81589813473877, "latitude": 6.3207133307523664, "Id": 494, "class": "maritime" }, "geometry": { "type": "Point", "coordinates": [ 140.815898134738774, 6.320713330752366 ] } },
{ "type": "Feature", "properties": { "longitude": 143.82051184688541, "latitude": 6.3207133307523664, "Id": 495, "class": "maritime" }, "geometry": { "type": "Point", "coordinates": [ 143.82051184688541, 6.320713330752366 ] } },
{ "type": "Feature", "properties": { "longitude": -48.36154270771209, "latitude": 3.8906414973455559, "Id": 496, "class": "maritime" }, "geometry": { "type": "Point", "coordinates": [ -48.36154270771209, 3.890641497345556 ] } },
{ "type": "Feature", "properties": { "longitude": -45.363946903577336, "latitude": 3.8906414973455559, "Id": 497, "class": "maritime" }, "geometry": { "type": "Point", "coordinates": [ -45.363946903577336, 3.890641497345556 ] } },
{ "type": "Feature", "properties": { "longitude": -42.366351099442582, "latitude": 3.8906414973455559, "Id": 498, "class": "maritime" }, "geometry": { "type": "Point", "coordinates": [ -42.366351099442582, 3.890641497345556 ] } },
{ "type": "Feature", "properties": { "longitude": -39.368755295307835, "latitude": 3.8906414973455559, "Id": 499, "class": "maritime" }, "geometry": { "type": "Point", "coordinates": [ -39.368755295307828, 3.890641497345556 ] } },
{ "type": "Feature", "properties": { "longitude": -30.375967882903563, "latitude": 3.8906414973455559, "Id": 500, "class": "maritime" }, "geometry": { "type": "Point", "coordinates": [ -30.375967882903563, 3.890641497345556 ] } },
{ "type": "Feature", "properties": { "longitude": -27.378372078768809, "latitude": 3.8906414973455559, "Id": 501, "class": "maritime" }, "geometry": { "type": "Point", "coordinates": [ -27.378372078768809, 3.890641497345556 ] } },
{ "type": "Feature", "properties": { "longitude": -12.390393058095031, "latitude": 3.8906414973455559, "Id": 502, "class": "maritime" }, "geometry": { "type": "Point", "coordinates": [ -12.390393058095031, 3.890641497345556 ] } },
{ "type": "Feature", "properties": { "longitude": -9.3927972539602749, "latitude": 3.8906414973455559, "Id": 503, "class": "maritime" }, "geometry": { "type": "Point", "coordinates": [ -9.392797253960275, 3.890641497345556 ] } },
{ "type": "Feature", "properties": { "longitude": -6.3952014498255201, "latitude": 3.8906414973455559, "Id": 504, "class": "maritime" }, "geometry": { "type": "Point", "coordinates": [ -6.39520144982552, 3.890641497345556 ] } },
{ "type": "Feature", "properties": { "longitude": -3.3976056456907648, "latitude": 3.8906414973455559, "Id": 505, "class": "maritime" }, "geometry": { "type": "Point", "coordinates": [ -3.397605645690765, 3.890641497345556 ] } },
{ "type": "Feature", "properties": { "longitude": -0.40000984155600999, "latitude": 3.8906414973455559, "Id": 506, "class": "maritime" }, "geometry": { "type": "Point", "coordinates": [ -0.40000984155601, 3.890641497345556 ] } },
{ "type": "Feature", "properties": { "longitude": 2.5975859625787452, "latitude": 3.8906414973455559, "Id": 507, "class": "maritime" }, "geometry": { "type": "Point", "coordinates": [ 2.597585962578745, 3.890641497345556 ] } },
{ "type": "Feature", "properties": { "longitude": 5.5951817667135, "latitude": 3.8906414973455559, "Id": 508, "class": "maritime" }, "geometry": { "type": "Point", "coordinates": [ 5.5951817667135, 3.890641497345556 ] } },
{ "type": "Feature", "properties": { "longitude": 8.5927775708482557, "latitude": 3.8906414973455559, "Id": 509, "class": "maritime" }, "geometry": { "type": "Point", "coordinates": [ 8.592777570848256, 3.890641497345556 ] } },
{ "type": "Feature", "properties": { "longitude": 53.556714632869578, "latitude": 3.8906414973455559, "Id": 510, "class": "maritime" }, "geometry": { "type": "Point", "coordinates": [ 53.556714632869578, 3.890641497345556 ] } },
{ "type": "Feature", "properties": { "longitude": 56.554310437004339, "latitude": 3.8906414973455559, "Id": 511, "class": "maritime" }, "geometry": { "type": "Point", "coordinates": [ 56.554310437004332, 3.890641497345556 ] } },
{ "type": "Feature", "properties": { "longitude": 77.537481065947631, "latitude": 3.8906414973455559, "Id": 512, "class": "maritime" }, "geometry": { "type": "Point", "coordinates": [ 77.537481065947631, 3.890641497345556 ] } },
{ "type": "Feature", "properties": { "longitude": 80.535076870082378, "latitude": 3.8906414973455559, "Id": 513, "class": "maritime" }, "geometry": { "type": "Point", "coordinates": [ 80.535076870082378, 3.890641497345556 ] } },
{ "type": "Feature", "properties": { "longitude": 92.525460086621393, "latitude": 3.8906414973455559, "Id": 514, "class": "maritime" }, "geometry": { "type": "Point", "coordinates": [ 92.525460086621393, 3.890641497345556 ] } },
{ "type": "Feature", "properties": { "longitude": 119.50382232383419, "latitude": 3.8906414973455559, "Id": 515, "class": "maritime" }, "geometry": { "type": "Point", "coordinates": [ 119.5038223238342, 3.890641497345556 ] } },
{ "type": "Feature", "properties": { "longitude": 128.49660973623847, "latitude": 3.8906414973455559, "Id": 516, "class": "maritime" }, "geometry": { "type": "Point", "coordinates": [ 128.496609736238469, 3.890641497345556 ] } },
{ "type": "Feature", "properties": { "longitude": 137.48939714864275, "latitude": 3.8906414973455559, "Id": 517, "class": "maritime" }, "geometry": { "type": "Point", "coordinates": [ 137.489397148642752, 3.890641497345556 ] } },
{ "type": "Feature", "properties": { "longitude": 140.48699295277748, "latitude": 3.8906414973455559, "Id": 518, "class": "maritime" }, "geometry": { "type": "Point", "coordinates": [ 140.486992952777484, 3.890641497345556 ] } },
{ "type": "Feature", "properties": { "longitude": 143.48458875691225, "latitude": 3.8906414973455559, "Id": 519, "class": "maritime" }, "geometry": { "type": "Point", "coordinates": [ 143.484588756912245, 3.890641497345556 ] } },
{ "type": "Feature", "properties": { "longitude": 146.48218456104698, "latitude": 3.8906414973455559, "Id": 520, "class": "maritime" }, "geometry": { "type": "Point", "coordinates": [ 146.482184561046978, 3.890641497345556 ] } },
{ "type": "Feature", "properties": { "longitude": -81.235753016641425, "latitude": 1.463252960218705, "Id": 521, "class": "maritime" }, "geometry": { "type": "Point", "coordinates": [ -81.235753016641425, 1.463252960218705 ] } },
{ "type": "Feature", "properties": { "longitude": -48.302473414266302, "latitude": 1.463252960218705, "Id": 522, "class": "maritime" }, "geometry": { "type": "Point", "coordinates": [ -48.302473414266302, 1.463252960218705 ] } },
{ "type": "Feature", "properties": { "longitude": -45.30853890495947, "latitude": 1.463252960218705, "Id": 523, "class": "maritime" }, "geometry": { "type": "Point", "coordinates": [ -45.30853890495947, 1.463252960218705 ] } },
{ "type": "Feature", "properties": { "longitude": -42.314604395652651, "latitude": 1.463252960218705, "Id": 524, "class": "maritime" }, "geometry": { "type": "Point", "coordinates": [ -42.314604395652644, 1.463252960218705 ] } },
{ "type": "Feature", "properties": { "longitude": -39.320669886345819, "latitude": 1.463252960218705, "Id": 525, "class": "maritime" }, "geometry": { "type": "Point", "coordinates": [ -39.320669886345819, 1.463252960218705 ] } },
{ "type": "Feature", "properties": { "longitude": -30.338866358425335, "latitude": 1.463252960218705, "Id": 526, "class": "maritime" }, "geometry": { "type": "Point", "coordinates": [ -30.338866358425335, 1.463252960218705 ] } },
{ "type": "Feature", "properties": { "longitude": -27.34493184911851, "latitude": 1.463252960218705, "Id": 527, "class": "maritime" }, "geometry": { "type": "Point", "coordinates": [ -27.344931849118506, 1.463252960218705 ] } },
{ "type": "Feature", "properties": { "longitude": -12.375259302584363, "latitude": 1.463252960218705, "Id": 528, "class": "maritime" }, "geometry": { "type": "Point", "coordinates": [ -12.375259302584363, 1.463252960218705 ] } },
{ "type": "Feature", "properties": { "longitude": -9.3813247932775337, "latitude": 1.463252960218705, "Id": 529, "class": "maritime" }, "geometry": { "type": "Point", "coordinates": [ -9.381324793277534, 1.463252960218705 ] } },
{ "type": "Feature", "properties": { "longitude": -6.3873902839707064, "latitude": 1.463252960218705, "Id": 530, "class": "maritime" }, "geometry": { "type": "Point", "coordinates": [ -6.387390283970706, 1.463252960218705 ] } },
{ "type": "Feature", "properties": { "longitude": -3.393455774663876, "latitude": 1.463252960218705, "Id": 531, "class": "maritime" }, "geometry": { "type": "Point", "coordinates": [ -3.393455774663876, 1.463252960218705 ] } },
{ "type": "Feature", "properties": { "longitude": -0.39952126535704802, "latitude": 1.463252960218705, "Id": 532, "class": "maritime" }, "geometry": { "type": "Point", "coordinates": [ -0.399521265357048, 1.463252960218705 ] } },
{ "type": "Feature", "properties": { "longitude": 2.5944132439497798, "latitude": 1.463252960218705, "Id": 533, "class": "maritime" }, "geometry": { "type": "Point", "coordinates": [ 2.59441324394978, 1.463252960218705 ] } },
{ "type": "Feature", "properties": { "longitude": 5.5883477532566097, "latitude": 1.463252960218705, "Id": 534, "class": "maritime" }, "geometry": { "type": "Point", "coordinates": [ 5.588347753256609, 1.463252960218705 ] } },
{ "type": "Feature", "properties": { "longitude": 8.5822822625634387, "latitude": 1.463252960218705, "Id": 535, "class": "maritime" }, "geometry": { "type": "Point", "coordinates": [ 8.582282262563437, 1.463252960218705 ] } },
{ "type": "Feature", "properties": { "longitude": 50.497365392859038, "latitude": 1.463252960218705, "Id": 536, "class": "maritime" }, "geometry": { "type": "Point", "coordinates": [ 50.497365392859038, 1.463252960218705 ] } },
{ "type": "Feature", "properties": { "longitude": 53.491299902165864, "latitude": 1.463252960218705, "Id": 537, "class": "maritime" }, "geometry": { "type": "Point", "coordinates": [ 53.491299902165864, 1.463252960218705 ] } },
{ "type": "Feature", "properties": { "longitude": 56.485234411472689, "latitude": 1.463252960218705, "Id": 538, "class": "maritime" }, "geometry": { "type": "Point", "coordinates": [ 56.485234411472689, 1.463252960218705 ] } },
{ "type": "Feature", "properties": { "longitude": 77.442775976620496, "latitude": 1.463252960218705, "Id": 539, "class": "maritime" }, "geometry": { "type": "Point", "coordinates": [ 77.442775976620496, 1.463252960218705 ] } },
{ "type": "Feature", "properties": { "longitude": 89.418514013847798, "latitude": 1.463252960218705, "Id": 540, "class": "maritime" }, "geometry": { "type": "Point", "coordinates": [ 89.418514013847798, 1.463252960218705 ] } },
{ "type": "Feature", "properties": { "longitude": 104.38818656038195, "latitude": 1.463252960218705, "Id": 541, "class": "maritime" }, "geometry": { "type": "Point", "coordinates": [ 104.388186560381953, 1.463252960218705 ] } },
{ "type": "Feature", "properties": { "longitude": 119.3578591069161, "latitude": 1.463252960218705, "Id": 542, "class": "maritime" }, "geometry": { "type": "Point", "coordinates": [ 119.357859106916095, 1.463252960218705 ] } },
{ "type": "Feature", "properties": { "longitude": 125.34572812552975, "latitude": 1.463252960218705, "Id": 543, "class": "maritime" }, "geometry": { "type": "Point", "coordinates": [ 125.345728125529746, 1.463252960218705 ] } },
{ "type": "Feature", "properties": { "longitude": 134.32753165345022, "latitude": 1.463252960218705, "Id": 544, "class": "maritime" }, "geometry": { "type": "Point", "coordinates": [ 134.327531653450222, 1.463252960218705 ] } },
{ "type": "Feature", "properties": { "longitude": 140.31540067206387, "latitude": 1.463252960218705, "Id": 545, "class": "maritime" }, "geometry": { "type": "Point", "coordinates": [ 140.315400672063873, 1.463252960218705 ] } },
{ "type": "Feature", "properties": { "longitude": 143.30933518137073, "latitude": 1.463252960218705, "Id": 546, "class": "maritime" }, "geometry": { "type": "Point", "coordinates": [ 143.309335181370727, 1.463252960218705 ] } },
{ "type": "Feature", "properties": { "longitude": 152.29113870929118, "latitude": 1.463252960218705, "Id": 547, "class": "maritime" }, "geometry": { "type": "Point", "coordinates": [ 152.291138709291175, 1.463252960218705 ] } },
{ "type": "Feature", "properties": { "longitude": -87.213676595286884, "latitude": -0.96312908604115199, "Id": 548, "class": "maritime" }, "geometry": { "type": "Point", "coordinates": [ -87.213676595286884, -0.963129086041152 ] } },
{ "type": "Feature", "properties": { "longitude": -81.226490327406026, "latitude": -0.96312908604115199, "Id": 549, "class": "maritime" }, "geometry": { "type": "Point", "coordinates": [ -81.226490327406026, -0.963129086041152 ] } },
{ "type": "Feature", "properties": { "longitude": -48.296965854061312, "latitude": -0.96312908604115199, "Id": 550, "class": "maritime" }, "geometry": { "type": "Point", "coordinates": [ -48.296965854061312, -0.963129086041152 ] } },
{ "type": "Feature", "properties": { "longitude": -42.309779586180454, "latitude": -0.96312908604115199, "Id": 551, "class": "maritime" }, "geometry": { "type": "Point", "coordinates": [ -42.309779586180454, -0.963129086041152 ] } },
{ "type": "Feature", "properties": { "longitude": -39.316186452240025, "latitude": -0.96312908604115199, "Id": 552, "class": "maritime" }, "geometry": { "type": "Point", "coordinates": [ -39.316186452240025, -0.963129086041152 ] } },
{ "type": "Feature", "properties": { "longitude": -36.322593318299589, "latitude": -0.96312908604115199, "Id": 553, "class": "maritime" }, "geometry": { "type": "Point", "coordinates": [ -36.322593318299596, -0.963129086041152 ] } },
{ "type": "Feature", "properties": { "longitude": -9.3802551128357372, "latitude": -0.96312908604115199, "Id": 554, "class": "maritime" }, "geometry": { "type": "Point", "coordinates": [ -9.380255112835739, -0.963129086041152 ] } },
{ "type": "Feature", "properties": { "longitude": 2.5941174229259758, "latitude": -0.96312908604115199, "Id": 555, "class": "maritime" }, "geometry": { "type": "Point", "coordinates": [ 2.594117422925976, -0.963129086041152 ] } },
{ "type": "Feature", "properties": { "longitude": 8.5813036908068341, "latitude": -0.96312908604115199, "Id": 556, "class": "maritime" }, "geometry": { "type": "Point", "coordinates": [ 8.581303690806834, -0.963129086041152 ] } },
{ "type": "Feature", "properties": { "longitude": 50.491607565972835, "latitude": -0.96312908604115199, "Id": 557, "class": "maritime" }, "geometry": { "type": "Point", "coordinates": [ 50.491607565972835, -0.963129086041152 ] } },
{ "type": "Feature", "properties": { "longitude": 56.478793833853686, "latitude": -0.96312908604115199, "Id": 558, "class": "maritime" }, "geometry": { "type": "Point", "coordinates": [ 56.478793833853686, -0.963129086041152 ] } },
{ "type": "Feature", "properties": { "longitude": 65.459573235674966, "latitude": -0.96312908604115199, "Id": 559, "class": "maritime" }, "geometry": { "type": "Point", "coordinates": [ 65.459573235674966, -0.963129086041152 ] } },
{ "type": "Feature", "properties": { "longitude": 74.440352637496261, "latitude": -0.96312908604115199, "Id": 560, "class": "maritime" }, "geometry": { "type": "Point", "coordinates": [ 74.440352637496261, -0.963129086041152 ] } },
{ "type": "Feature", "properties": { "longitude": 77.433945771436697, "latitude": -0.96312908604115199, "Id": 561, "class": "maritime" }, "geometry": { "type": "Point", "coordinates": [ 77.433945771436697, -0.963129086041152 ] } },
{ "type": "Feature", "properties": { "longitude": 86.414725173257978, "latitude": -0.96312908604115199, "Id": 562, "class": "maritime" }, "geometry": { "type": "Point", "coordinates": [ 86.414725173257978, -0.963129086041152 ] } },
{ "type": "Feature", "properties": { "longitude": 92.401911441138836, "latitude": -0.96312908604115199, "Id": 563, "class": "maritime" }, "geometry": { "type": "Point", "coordinates": [ 92.401911441138836, -0.963129086041152 ] } },
{ "type": "Feature", "properties": { "longitude": 107.36987711084099, "latitude": -0.96312908604115199, "Id": 564, "class": "maritime" }, "geometry": { "type": "Point", "coordinates": [ 107.369877110840989, -0.963129086041152 ] } },
{ "type": "Feature", "properties": { "longitude": 140.29940158418569, "latitude": -0.96312908604115199, "Id": 565, "class": "maritime" }, "geometry": { "type": "Point", "coordinates": [ 140.299401584185688, -0.963129086041152 ] } },
{ "type": "Feature", "properties": { "longitude": 143.29299471812615, "latitude": -0.96312908604115199, "Id": 566, "class": "maritime" }, "geometry": { "type": "Point", "coordinates": [ 143.292994718126153, -0.963129086041152 ] } },
{ "type": "Feature", "properties": { "longitude": 152.2737741199474, "latitude": -0.96312908604115199, "Id": 567, "class": "maritime" }, "geometry": { "type": "Point", "coordinates": [ 152.273774119947404, -0.963129086041152 ] } },
{ "type": "Feature", "properties": { "longitude": -84.303784254606356, "latitude": -3.390173450947668, "Id": 568, "class": "maritime" }, "geometry": { "type": "Point", "coordinates": [ -84.303784254606356, -3.390173450947668 ] } },
{ "type": "Feature", "properties": { "longitude": -81.307215985642173, "latitude": -3.390173450947668, "Id": 569, "class": "maritime" }, "geometry": { "type": "Point", "coordinates": [ -81.307215985642173, -3.390173450947668 ] } },
{ "type": "Feature", "properties": { "longitude": -36.358691951179637, "latitude": -3.390173450947668, "Id": 570, "class": "maritime" }, "geometry": { "type": "Point", "coordinates": [ -36.358691951179644, -3.390173450947668 ] } },
{ "type": "Feature", "properties": { "longitude": -33.362123682215476, "latitude": -3.390173450947668, "Id": 571, "class": "maritime" }, "geometry": { "type": "Point", "coordinates": [ -33.362123682215476, -3.390173450947668 ] } },
{ "type": "Feature", "properties": { "longitude": -30.365555413251307, "latitude": -3.390173450947668, "Id": 572, "class": "maritime" }, "geometry": { "type": "Point", "coordinates": [ -30.365555413251307, -3.390173450947668 ] } },
{ "type": "Feature", "properties": { "longitude": -6.3930092615379541, "latitude": -3.390173450947668, "Id": 573, "class": "maritime" }, "geometry": { "type": "Point", "coordinates": [ -6.393009261537954, -3.390173450947668 ] } },
{ "type": "Feature", "properties": { "longitude": 5.5932638143187203, "latitude": -3.390173450947668, "Id": 574, "class": "maritime" }, "geometry": { "type": "Point", "coordinates": [ 5.593263814318719, -3.390173450947668 ] } },
{ "type": "Feature", "properties": { "longitude": 8.5898320832828894, "latitude": -3.390173450947668, "Id": 575, "class": "maritime" }, "geometry": { "type": "Point", "coordinates": [ 8.589832083282889, -3.390173450947668 ] } },
{ "type": "Feature", "properties": { "longitude": 47.545219579817086, "latitude": -3.390173450947668, "Id": 576, "class": "maritime" }, "geometry": { "type": "Point", "coordinates": [ 47.545219579817086, -3.390173450947668 ] } },
{ "type": "Feature", "properties": { "longitude": 50.541787848781254, "latitude": -3.390173450947668, "Id": 577, "class": "maritime" }, "geometry": { "type": "Point", "coordinates": [ 50.541787848781254, -3.390173450947668 ] } },
{ "type": "Feature", "properties": { "longitude": 53.538356117745415, "latitude": -3.390173450947668, "Id": 578, "class": "maritime" }, "geometry": { "type": "Point", "coordinates": [ 53.538356117745415, -3.390173450947668 ] } },
{ "type": "Feature", "properties": { "longitude": 65.524629193602081, "latitude": -3.390173450947668, "Id": 579, "class": "maritime" }, "geometry": { "type": "Point", "coordinates": [ 65.524629193602081, -3.390173450947668 ] } },
{ "type": "Feature", "properties": { "longitude": 71.517765731530432, "latitude": -3.390173450947668, "Id": 580, "class": "maritime" }, "geometry": { "type": "Point", "coordinates": [ 71.517765731530432, -3.390173450947668 ] } },
{ "type": "Feature", "properties": { "longitude": 80.50747053842295, "latitude": -3.390173450947668, "Id": 581, "class": "maritime" }, "geometry": { "type": "Point", "coordinates": [ 80.50747053842295, -3.390173450947668 ] } },
{ "type": "Feature", "properties": { "longitude": 83.504038807387104, "latitude": -3.390173450947668, "Id": 582, "class": "maritime" }, "geometry": { "type": "Point", "coordinates": [ 83.504038807387104, -3.390173450947668 ] } },
{ "type": "Feature", "properties": { "longitude": 107.47658495910046, "latitude": -3.390173450947668, "Id": 583, "class": "maritime" }, "geometry": { "type": "Point", "coordinates": [ 107.476584959100464, -3.390173450947668 ] } },
{ "type": "Feature", "properties": { "longitude": 116.46628976599298, "latitude": -3.390173450947668, "Id": 584, "class": "maritime" }, "geometry": { "type": "Point", "coordinates": [ 116.466289765992968, -3.390173450947668 ] } },
{ "type": "Feature", "properties": { "longitude": 122.45942630392132, "latitude": -3.390173450947668, "Id": 585, "class": "maritime" }, "geometry": { "type": "Point", "coordinates": [ 122.459426303921305, -3.390173450947668 ] } },
{ "type": "Feature", "properties": { "longitude": 125.45599457288547, "latitude": -3.390173450947668, "Id": 586, "class": "maritime" }, "geometry": { "type": "Point", "coordinates": [ 125.455994572885473, -3.390173450947668 ] } },
{ "type": "Feature", "properties": { "longitude": 131.44913111081382, "latitude": -3.390173450947668, "Id": 587, "class": "maritime" }, "geometry": { "type": "Point", "coordinates": [ 131.449131110813823, -3.390173450947668 ] } },
{ "type": "Feature", "properties": { "longitude": 146.43197245563465, "latitude": -3.390173450947668, "Id": 588, "class": "maritime" }, "geometry": { "type": "Point", "coordinates": [ 146.43197245563465, -3.390173450947668 ] } },
{ "type": "Feature", "properties": { "longitude": 152.42510899356299, "latitude": -3.390173450947668, "Id": 589, "class": "maritime" }, "geometry": { "type": "Point", "coordinates": [ 152.425108993562986, -3.390173450947668 ] } },
{ "type": "Feature", "properties": { "longitude": -81.47873804035234, "latitude": -5.819554202736426, "Id": 590, "class": "maritime" }, "geometry": { "type": "Point", "coordinates": [ -81.47873804035234, -5.819554202736426 ] } },
{ "type": "Feature", "properties": { "longitude": -33.432502921426895, "latitude": -5.819554202736426, "Id": 591, "class": "maritime" }, "geometry": { "type": "Point", "coordinates": [ -33.432502921426895, -5.819554202736426 ] } },
{ "type": "Feature", "properties": { "longitude": -30.429613226494055, "latitude": -5.819554202736426, "Id": 592, "class": "maritime" }, "geometry": { "type": "Point", "coordinates": [ -30.429613226494055, -5.819554202736426 ] } },
{ "type": "Feature", "properties": { "longitude": -6.4064956670313338, "latitude": -5.819554202736426, "Id": 593, "class": "maritime" }, "geometry": { "type": "Point", "coordinates": [ -6.406495667031333, -5.819554202736426 ] } },
{ "type": "Feature", "properties": { "longitude": 5.6050631127000283, "latitude": -5.819554202736426, "Id": 594, "class": "maritime" }, "geometry": { "type": "Point", "coordinates": [ 5.605063112700027, -5.819554202736426 ] } },
{ "type": "Feature", "properties": { "longitude": 8.6079528076328682, "latitude": -5.819554202736426, "Id": 595, "class": "maritime" }, "geometry": { "type": "Point", "coordinates": [ 8.607952807632868, -5.819554202736426 ] } },
{ "type": "Feature", "properties": { "longitude": 11.610842502565708, "latitude": -5.819554202736426, "Id": 596, "class": "maritime" }, "geometry": { "type": "Point", "coordinates": [ 11.610842502565708, -5.819554202736426 ] } },
{ "type": "Feature", "properties": { "longitude": 47.645518841759795, "latitude": -5.819554202736426, "Id": 597, "class": "maritime" }, "geometry": { "type": "Point", "coordinates": [ 47.645518841759788, -5.819554202736426 ] } },
{ "type": "Feature", "properties": { "longitude": 50.648408536692621, "latitude": -5.819554202736426, "Id": 598, "class": "maritime" }, "geometry": { "type": "Point", "coordinates": [ 50.648408536692628, -5.819554202736426 ] } },
{ "type": "Feature", "properties": { "longitude": 65.66285701135682, "latitude": -5.819554202736426, "Id": 599, "class": "maritime" }, "geometry": { "type": "Point", "coordinates": [ 65.66285701135682, -5.819554202736426 ] } },
{ "type": "Feature", "properties": { "longitude": 68.665746706289667, "latitude": -5.819554202736426, "Id": 600, "class": "maritime" }, "geometry": { "type": "Point", "coordinates": [ 68.665746706289667, -5.819554202736426 ] } },
{ "type": "Feature", "properties": { "longitude": 74.671526096155347, "latitude": -5.819554202736426, "Id": 601, "class": "maritime" }, "geometry": { "type": "Point", "coordinates": [ 74.671526096155347, -5.819554202736426 ] } },
{ "type": "Feature", "properties": { "longitude": 77.674415791088194, "latitude": -5.819554202736426, "Id": 602, "class": "maritime" }, "geometry": { "type": "Point", "coordinates": [ 77.674415791088194, -5.819554202736426 ] } },
{ "type": "Feature", "properties": { "longitude": 80.677305486021027, "latitude": -5.819554202736426, "Id": 603, "class": "maritime" }, "geometry": { "type": "Point", "coordinates": [ 80.677305486021027, -5.819554202736426 ] } },
{ "type": "Feature", "properties": { "longitude": 83.680195180953874, "latitude": -5.819554202736426, "Id": 604, "class": "maritime" }, "geometry": { "type": "Point", "coordinates": [ 83.680195180953874, -5.819554202736426 ] } },
{ "type": "Feature", "properties": { "longitude": 101.6975333505509, "latitude": -5.819554202736426, "Id": 605, "class": "maritime" }, "geometry": { "type": "Point", "coordinates": [ 101.697533350550898, -5.819554202736426 ] } },
{ "type": "Feature", "properties": { "longitude": 104.70042304548376, "latitude": -5.819554202736426, "Id": 606, "class": "maritime" }, "geometry": { "type": "Point", "coordinates": [ 104.70042304548376, -5.819554202736426 ] } },
{ "type": "Feature", "properties": { "longitude": 113.70909213028227, "latitude": -5.819554202736426, "Id": 607, "class": "maritime" }, "geometry": { "type": "Point", "coordinates": [ 113.709092130282272, -5.819554202736426 ] } },
{ "type": "Feature", "properties": { "longitude": 116.7119818252151, "latitude": -5.819554202736426, "Id": 608, "class": "maritime" }, "geometry": { "type": "Point", "coordinates": [ 116.711981825215105, -5.819554202736426 ] } },
{ "type": "Feature", "properties": { "longitude": 119.71487152014795, "latitude": -5.819554202736426, "Id": 609, "class": "maritime" }, "geometry": { "type": "Point", "coordinates": [ 119.714871520147952, -5.819554202736426 ] } },
{ "type": "Feature", "properties": { "longitude": 122.71776121508078, "latitude": -5.819554202736426, "Id": 610, "class": "maritime" }, "geometry": { "type": "Point", "coordinates": [ 122.717761215080785, -5.819554202736426 ] } },
{ "type": "Feature", "properties": { "longitude": -81.74278769319281, "latitude": -8.2529640513347005, "Id": 611, "class": "maritime" }, "geometry": { "type": "Point", "coordinates": [ -81.74278769319281, -8.252964051334699 ] } },
{ "type": "Feature", "properties": { "longitude": -33.540848251783132, "latitude": -8.2529640513347005, "Id": 612, "class": "maritime" }, "geometry": { "type": "Point", "coordinates": [ -33.540848251783132, -8.252964051334699 ] } },
{ "type": "Feature", "properties": { "longitude": -30.528227036695021, "latitude": -8.2529640513347005, "Id": 613, "class": "maritime" }, "geometry": { "type": "Point", "coordinates": [ -30.528227036695021, -8.252964051334699 ] } },
{ "type": "Feature", "properties": { "longitude": -27.515605821606915, "latitude": -8.2529640513347005, "Id": 614, "class": "maritime" }, "geometry": { "type": "Point", "coordinates": [ -27.515605821606915, -8.252964051334699 ] } },
{ "type": "Feature", "properties": { "longitude": -3.414636100902074, "latitude": -8.2529640513347005, "Id": 615, "class": "maritime" }, "geometry": { "type": "Point", "coordinates": [ -3.414636100902074, -8.252964051334699 ] } },
{ "type": "Feature", "properties": { "longitude": 5.6232275443622424, "latitude": -8.2529640513347005, "Id": 616, "class": "maritime" }, "geometry": { "type": "Point", "coordinates": [ 5.623227544362241, -8.252964051334699 ] } },
{ "type": "Feature", "properties": { "longitude": 8.6358487594503472, "latitude": -8.2529640513347005, "Id": 617, "class": "maritime" }, "geometry": { "type": "Point", "coordinates": [ 8.635848759450347, -8.252964051334699 ] } },
{ "type": "Feature", "properties": { "longitude": 11.648469974538452, "latitude": -8.2529640513347005, "Id": 618, "class": "maritime" }, "geometry": { "type": "Point", "coordinates": [ 11.648469974538452, -8.252964051334699 ] } },
{ "type": "Feature", "properties": { "longitude": 41.774682125419503, "latitude": -8.2529640513347005, "Id": 619, "class": "maritime" }, "geometry": { "type": "Point", "coordinates": [ 41.774682125419503, -8.252964051334699 ] } },
{ "type": "Feature", "properties": { "longitude": 44.787303340507613, "latitude": -8.2529640513347005, "Id": 620, "class": "maritime" }, "geometry": { "type": "Point", "coordinates": [ 44.787303340507613, -8.252964051334699 ] } },
{ "type": "Feature", "properties": { "longitude": 56.837788200860025, "latitude": -8.2529640513347005, "Id": 621, "class": "maritime" }, "geometry": { "type": "Point", "coordinates": [ 56.837788200860025, -8.252964051334699 ] } },
{ "type": "Feature", "properties": { "longitude": 59.850409415948135, "latitude": -8.2529640513347005, "Id": 622, "class": "maritime" }, "geometry": { "type": "Point", "coordinates": [ 59.850409415948135, -8.252964051334699 ] } },
{ "type": "Feature", "properties": { "longitude": 65.875651846124342, "latitude": -8.2529640513347005, "Id": 623, "class": "maritime" }, "geometry": { "type": "Point", "coordinates": [ 65.875651846124342, -8.252964051334699 ] } },
{ "type": "Feature", "properties": { "longitude": 68.888273061212459, "latitude": -8.2529640513347005, "Id": 624, "class": "maritime" }, "geometry": { "type": "Point", "coordinates": [ 68.888273061212459, -8.252964051334699 ] } },
{ "type": "Feature", "properties": { "longitude": 71.900894276300548, "latitude": -8.2529640513347005, "Id": 625, "class": "maritime" }, "geometry": { "type": "Point", "coordinates": [ 71.900894276300548, -8.252964051334699 ] } },
{ "type": "Feature", "properties": { "longitude": 74.913515491388665, "latitude": -8.2529640513347005, "Id": 626, "class": "maritime" }, "geometry": { "type": "Point", "coordinates": [ 74.913515491388665, -8.252964051334699 ] } },
{ "type": "Feature", "properties": { "longitude": 77.926136706476768, "latitude": -8.2529640513347005, "Id": 627, "class": "maritime" }, "geometry": { "type": "Point", "coordinates": [ 77.926136706476768, -8.252964051334699 ] } },
{ "type": "Feature", "properties": { "longitude": 102.02710642718159, "latitude": -8.2529640513347005, "Id": 628, "class": "maritime" }, "geometry": { "type": "Point", "coordinates": [ 102.027106427181593, -8.252964051334699 ] } },
{ "type": "Feature", "properties": { "longitude": 111.06497007244592, "latitude": -8.2529640513347005, "Id": 629, "class": "maritime" }, "geometry": { "type": "Point", "coordinates": [ 111.064970072445917, -8.252964051334699 ] } },
{ "type": "Feature", "properties": { "longitude": 135.16593979315076, "latitude": -8.2529640513347005, "Id": 630, "class": "maritime" }, "geometry": { "type": "Point", "coordinates": [ 135.165939793150756, -8.252964051334699 ] } },
{ "type": "Feature", "properties": { "longitude": 153.24166708367937, "latitude": -8.2529640513347005, "Id": 631, "class": "maritime" }, "geometry": { "type": "Point", "coordinates": [ 153.241667083679374, -8.252964051334699 ] } },
{ "type": "Feature", "properties": { "longitude": -79.076205871549803, "latitude": -10.69212818981817, "Id": 632, "class": "maritime" }, "geometry": { "type": "Point", "coordinates": [ -79.076205871549803, -10.69212818981817 ] } },
{ "type": "Feature", "properties": { "longitude": -33.688268933129066, "latitude": -10.69212818981817, "Id": 633, "class": "maritime" }, "geometry": { "type": "Point", "coordinates": [ -33.688268933129066, -10.69212818981817 ] } },
{ "type": "Feature", "properties": { "longitude": -27.636544008006297, "latitude": -10.69212818981817, "Id": 634, "class": "maritime" }, "geometry": { "type": "Point", "coordinates": [ -27.636544008006297, -10.69212818981817 ] } },
{ "type": "Feature", "properties": { "longitude": -24.610681545444908, "latitude": -10.69212818981817, "Id": 635, "class": "maritime" }, "geometry": { "type": "Point", "coordinates": [ -24.610681545444908, -10.69212818981817 ] } },
{ "type": "Feature", "properties": { "longitude": -0.403781844953852, "latitude": -10.69212818981817, "Id": 636, "class": "maritime" }, "geometry": { "type": "Point", "coordinates": [ -0.403781844953852, -10.69212818981817 ] } },
{ "type": "Feature", "properties": { "longitude": 51.035880018589651, "latitude": -10.69212818981817, "Id": 637, "class": "maritime" }, "geometry": { "type": "Point", "coordinates": [ 51.035880018589651, -10.69212818981817 ] } },
{ "type": "Feature", "properties": { "longitude": 57.087604943712407, "latitude": -10.69212818981817, "Id": 638, "class": "maritime" }, "geometry": { "type": "Point", "coordinates": [ 57.087604943712407, -10.69212818981817 ] } },
{ "type": "Feature", "properties": { "longitude": 63.139329868835183, "latitude": -10.69212818981817, "Id": 639, "class": "maritime" }, "geometry": { "type": "Point", "coordinates": [ 63.139329868835183, -10.69212818981817 ] } },
{ "type": "Feature", "properties": { "longitude": 66.165192331396554, "latitude": -10.69212818981817, "Id": 640, "class": "maritime" }, "geometry": { "type": "Point", "coordinates": [ 66.165192331396554, -10.69212818981817 ] } },
{ "type": "Feature", "properties": { "longitude": 69.191054793957946, "latitude": -10.69212818981817, "Id": 641, "class": "maritime" }, "geometry": { "type": "Point", "coordinates": [ 69.191054793957946, -10.69212818981817 ] } },
{ "type": "Feature", "properties": { "longitude": 72.216917256519324, "latitude": -10.69212818981817, "Id": 642, "class": "maritime" }, "geometry": { "type": "Point", "coordinates": [ 72.216917256519324, -10.69212818981817 ] } },
{ "type": "Feature", "properties": { "longitude": 75.242779719080715, "latitude": -10.69212818981817, "Id": 643, "class": "maritime" }, "geometry": { "type": "Point", "coordinates": [ 75.242779719080715, -10.69212818981817 ] } },
{ "type": "Feature", "properties": { "longitude": 78.268642181642093, "latitude": -10.69212818981817, "Id": 644, "class": "maritime" }, "geometry": { "type": "Point", "coordinates": [ 78.268642181642093, -10.69212818981817 ] } },
{ "type": "Feature", "properties": { "longitude": 93.397954494448996, "latitude": -10.69212818981817, "Id": 645, "class": "maritime" }, "geometry": { "type": "Point", "coordinates": [ 93.397954494448996, -10.69212818981817 ] } },
{ "type": "Feature", "properties": { "longitude": 96.423816957010374, "latitude": -10.69212818981817, "Id": 646, "class": "maritime" }, "geometry": { "type": "Point", "coordinates": [ 96.423816957010374, -10.69212818981817 ] } },
{ "type": "Feature", "properties": { "longitude": 99.449679419571765, "latitude": -10.69212818981817, "Id": 647, "class": "maritime" }, "geometry": { "type": "Point", "coordinates": [ 99.449679419571765, -10.69212818981817 ] } },
{ "type": "Feature", "properties": { "longitude": 132.73416650774698, "latitude": -10.69212818981817, "Id": 648, "class": "maritime" }, "geometry": { "type": "Point", "coordinates": [ 132.734166507746977, -10.69212818981817 ] } },
{ "type": "Feature", "properties": { "longitude": 135.76002897030835, "latitude": -10.69212818981817, "Id": 649, "class": "maritime" }, "geometry": { "type": "Point", "coordinates": [ 135.760028970308355, -10.69212818981817 ] } },
{ "type": "Feature", "properties": { "longitude": 138.78589143286976, "latitude": -10.69212818981817, "Id": 650, "class": "maritime" }, "geometry": { "type": "Point", "coordinates": [ 138.785891432869761, -10.69212818981817 ] } },
{ "type": "Feature", "properties": { "longitude": 141.81175389543111, "latitude": -10.69212818981817, "Id": 651, "class": "maritime" }, "geometry": { "type": "Point", "coordinates": [ 141.81175389543111, -10.69212818981817 ] } },
{ "type": "Feature", "properties": { "longitude": 153.91520374567662, "latitude": -10.69212818981817, "Id": 652, "class": "maritime" }, "geometry": { "type": "Point", "coordinates": [ 153.915203745676621, -10.69212818981817 ] } },
{ "type": "Feature", "properties": { "longitude": 156.94106620823803, "latitude": -10.69212818981817, "Id": 653, "class": "maritime" }, "geometry": { "type": "Point", "coordinates": [ 156.941066208238027, -10.69212818981817 ] } },
{ "type": "Feature", "properties": { "longitude": -79.517581982156386, "latitude": -13.138818947824873, "Id": 654, "class": "maritime" }, "geometry": { "type": "Point", "coordinates": [ -79.517581982156386, -13.138818947824873 ] } },
{ "type": "Feature", "properties": { "longitude": -33.876305232429083, "latitude": -13.138818947824873, "Id": 655, "class": "maritime" }, "geometry": { "type": "Point", "coordinates": [ -33.876305232429083, -13.138818947824873 ] } },
{ "type": "Feature", "properties": { "longitude": -21.705298099168466, "latitude": -13.138818947824873, "Id": 656, "class": "maritime" }, "geometry": { "type": "Point", "coordinates": [ -21.70529809916847, -13.138818947824873 ] } },
{ "type": "Feature", "properties": { "longitude": -18.662546315853319, "latitude": -13.138818947824873, "Id": 657, "class": "maritime" }, "geometry": { "type": "Point", "coordinates": [ -18.662546315853319, -13.138818947824873 ] } },
{ "type": "Feature", "properties": { "longitude": -0.40603561596240001, "latitude": -13.138818947824873, "Id": 658, "class": "maritime" }, "geometry": { "type": "Point", "coordinates": [ -0.4060356159624, -13.138818947824873 ] } },
{ "type": "Feature", "properties": { "longitude": 8.7222197339830583, "latitude": -13.138818947824873, "Id": 659, "class": "maritime" }, "geometry": { "type": "Point", "coordinates": [ 8.722219733983058, -13.138818947824873 ] } },
{ "type": "Feature", "properties": { "longitude": 42.19248935044974, "latitude": -13.138818947824873, "Id": 660, "class": "maritime" }, "geometry": { "type": "Point", "coordinates": [ 42.19248935044974, -13.138818947824873 ] } },
{ "type": "Feature", "properties": { "longitude": 60.449000050340658, "latitude": -13.138818947824873, "Id": 661, "class": "maritime" }, "geometry": { "type": "Point", "coordinates": [ 60.449000050340658, -13.138818947824873 ] } },
{ "type": "Feature", "properties": { "longitude": 63.491751833655805, "latitude": -13.138818947824873, "Id": 662, "class": "maritime" }, "geometry": { "type": "Point", "coordinates": [ 63.491751833655812, -13.138818947824873 ] } },
{ "type": "Feature", "properties": { "longitude": 66.534503616970966, "latitude": -13.138818947824873, "Id": 663, "class": "maritime" }, "geometry": { "type": "Point", "coordinates": [ 66.534503616970966, -13.138818947824873 ] } },
{ "type": "Feature", "properties": { "longitude": 69.57725540028612, "latitude": -13.138818947824873, "Id": 664, "class": "maritime" }, "geometry": { "type": "Point", "coordinates": [ 69.57725540028612, -13.138818947824873 ] } },
{ "type": "Feature", "properties": { "longitude": 72.620007183601274, "latitude": -13.138818947824873, "Id": 665, "class": "maritime" }, "geometry": { "type": "Point", "coordinates": [ 72.620007183601274, -13.138818947824873 ] } },
{ "type": "Feature", "properties": { "longitude": 75.662758966916428, "latitude": -13.138818947824873, "Id": 666, "class": "maritime" }, "geometry": { "type": "Point", "coordinates": [ 75.662758966916428, -13.138818947824873 ] } },
{ "type": "Feature", "properties": { "longitude": 93.919269666807324, "latitude": -13.138818947824873, "Id": 667, "class": "maritime" }, "geometry": { "type": "Point", "coordinates": [ 93.919269666807324, -13.138818947824873 ] } },
{ "type": "Feature", "properties": { "longitude": 96.962021450122478, "latitude": -13.138818947824873, "Id": 668, "class": "maritime" }, "geometry": { "type": "Point", "coordinates": [ 96.962021450122478, -13.138818947824873 ] } },
{ "type": "Feature", "properties": { "longitude": 121.30403571664371, "latitude": -13.138818947824873, "Id": 669, "class": "maritime" }, "geometry": { "type": "Point", "coordinates": [ 121.30403571664371, -13.138818947824873 ] } },
{ "type": "Feature", "properties": { "longitude": 154.77430533311036, "latitude": -13.138818947824873, "Id": 670, "class": "maritime" }, "geometry": { "type": "Point", "coordinates": [ 154.774305333110362, -13.138818947824873 ] } },
{ "type": "Feature", "properties": { "longitude": -80.059029776795398, "latitude": -15.594871652631417, "Id": 671, "class": "maritime" }, "geometry": { "type": "Point", "coordinates": [ -80.059029776795398, -15.594871652631417 ] } },
{ "type": "Feature", "properties": { "longitude": -76.995559415253354, "latitude": -15.594871652631417, "Id": 672, "class": "maritime" }, "geometry": { "type": "Point", "coordinates": [ -76.995559415253368, -15.594871652631417 ] } },
{ "type": "Feature", "properties": { "longitude": -37.170444715206891, "latitude": -15.594871652631417, "Id": 673, "class": "maritime" }, "geometry": { "type": "Point", "coordinates": [ -37.170444715206891, -15.594871652631417 ] } },
{ "type": "Feature", "properties": { "longitude": -34.106974353664853, "latitude": -15.594871652631417, "Id": 674, "class": "maritime" }, "geometry": { "type": "Point", "coordinates": [ -34.106974353664853, -15.594871652631417 ] } },
{ "type": "Feature", "properties": { "longitude": -18.789622545954668, "latitude": -15.594871652631417, "Id": 675, "class": "maritime" }, "geometry": { "type": "Point", "coordinates": [ -18.789622545954668, -15.594871652631417 ] } },
{ "type": "Feature", "properties": { "longitude": -15.72615218441263, "latitude": -15.594871652631417, "Id": 676, "class": "maritime" }, "geometry": { "type": "Point", "coordinates": [ -15.72615218441263, -15.594871652631417 ] } },
{ "type": "Feature", "properties": { "longitude": 2.6546699848395892, "latitude": -15.594871652631417, "Id": 677, "class": "maritime" }, "geometry": { "type": "Point", "coordinates": [ 2.654669984839589, -15.594871652631417 ] } },
{ "type": "Feature", "properties": { "longitude": 8.7816107079236634, "latitude": -15.594871652631417, "Id": 678, "class": "maritime" }, "geometry": { "type": "Point", "coordinates": [ 8.781610707923663, -15.594871652631417 ] } },
{ "type": "Feature", "properties": { "longitude": 42.47978468488607, "latitude": -15.594871652631417, "Id": 679, "class": "maritime" }, "geometry": { "type": "Point", "coordinates": [ 42.47978468488607, -15.594871652631417 ] } },
{ "type": "Feature", "properties": { "longitude": 57.797136492596245, "latitude": -15.594871652631417, "Id": 680, "class": "maritime" }, "geometry": { "type": "Point", "coordinates": [ 57.797136492596245, -15.594871652631417 ] } },
{ "type": "Feature", "properties": { "longitude": 60.86060685413829, "latitude": -15.594871652631417, "Id": 681, "class": "maritime" }, "geometry": { "type": "Point", "coordinates": [ 60.86060685413829, -15.594871652631417 ] } },
{ "type": "Feature", "properties": { "longitude": 63.924077215680327, "latitude": -15.594871652631417, "Id": 682, "class": "maritime" }, "geometry": { "type": "Point", "coordinates": [ 63.924077215680327, -15.594871652631417 ] } },
{ "type": "Feature", "properties": { "longitude": 66.987547577222358, "latitude": -15.594871652631417, "Id": 683, "class": "maritime" }, "geometry": { "type": "Point", "coordinates": [ 66.987547577222358, -15.594871652631417 ] } },
{ "type": "Feature", "properties": { "longitude": 70.051017938764403, "latitude": -15.594871652631417, "Id": 684, "class": "maritime" }, "geometry": { "type": "Point", "coordinates": [ 70.051017938764403, -15.594871652631417 ] } },
{ "type": "Feature", "properties": { "longitude": 94.558780831100691, "latitude": -15.594871652631417, "Id": 685, "class": "maritime" }, "geometry": { "type": "Point", "coordinates": [ 94.558780831100691, -15.594871652631417 ] } },
{ "type": "Feature", "properties": { "longitude": 152.76471770039939, "latitude": -15.594871652631417, "Id": 686, "class": "maritime" }, "geometry": { "type": "Point", "coordinates": [ 152.764717700399387, -15.594871652631417 ] } },
{ "type": "Feature", "properties": { "longitude": 158.89165842348345, "latitude": -15.594871652631417, "Id": 687, "class": "maritime" }, "geometry": { "type": "Point", "coordinates": [ 158.891658423483449, -15.594871652631417 ] } },
{ "type": "Feature", "properties": { "longitude": -77.618302662216948, "latitude": -18.062202158520233, "Id": 688, "class": "maritime" }, "geometry": { "type": "Point", "coordinates": [ -77.618302662216948, -18.062202158520233 ] } },
{ "type": "Feature", "properties": { "longitude": -74.530054826565859, "latitude": -18.062202158520233, "Id": 689, "class": "maritime" }, "geometry": { "type": "Point", "coordinates": [ -74.530054826565859, -18.062202158520233 ] } },
{ "type": "Feature", "properties": { "longitude": -71.44180699091477, "latitude": -18.062202158520233, "Id": 690, "class": "maritime" }, "geometry": { "type": "Point", "coordinates": [ -71.44180699091477, -18.062202158520233 ] } },
{ "type": "Feature", "properties": { "longitude": -37.471080798752801, "latitude": -18.062202158520233, "Id": 691, "class": "maritime" }, "geometry": { "type": "Point", "coordinates": [ -37.471080798752801, -18.062202158520233 ] } },
{ "type": "Feature", "properties": { "longitude": -22.029841620497361, "latitude": -18.062202158520233, "Id": 692, "class": "maritime" }, "geometry": { "type": "Point", "coordinates": [ -22.029841620497361, -18.062202158520233 ] } },
{ "type": "Feature", "properties": { "longitude": -15.85334594919518, "latitude": -18.062202158520233, "Id": 693, "class": "maritime" }, "geometry": { "type": "Point", "coordinates": [ -15.85334594919518, -18.062202158520233 ] } },
{ "type": "Feature", "properties": { "longitude": -12.765098113544093, "latitude": -18.062202158520233, "Id": 694, "class": "maritime" }, "geometry": { "type": "Point", "coordinates": [ -12.765098113544093, -18.062202158520233 ] } },
{ "type": "Feature", "properties": { "longitude": 2.6761410647113499, "latitude": -18.062202158520233, "Id": 695, "class": "maritime" }, "geometry": { "type": "Point", "coordinates": [ 2.67614106471135, -18.062202158520233 ] } },
{ "type": "Feature", "properties": { "longitude": 8.8526367360135279, "latitude": -18.062202158520233, "Id": 696, "class": "maritime" }, "geometry": { "type": "Point", "coordinates": [ 8.852636736013528, -18.062202158520233 ] } },
{ "type": "Feature", "properties": { "longitude": 39.73511509252441, "latitude": -18.062202158520233, "Id": 697, "class": "maritime" }, "geometry": { "type": "Point", "coordinates": [ 39.73511509252441, -18.062202158520233 ] } },
{ "type": "Feature", "properties": { "longitude": 55.176354270779854, "latitude": -18.062202158520233, "Id": 698, "class": "maritime" }, "geometry": { "type": "Point", "coordinates": [ 55.176354270779854, -18.062202158520233 ] } },
{ "type": "Feature", "properties": { "longitude": 58.264602106430942, "latitude": -18.062202158520233, "Id": 699, "class": "maritime" }, "geometry": { "type": "Point", "coordinates": [ 58.264602106430942, -18.062202158520233 ] } },
{ "type": "Feature", "properties": { "longitude": 61.352849942082031, "latitude": -18.062202158520233, "Id": 700, "class": "maritime" }, "geometry": { "type": "Point", "coordinates": [ 61.352849942082031, -18.062202158520233 ] } },
{ "type": "Feature", "properties": { "longitude": 64.44109777773312, "latitude": -18.062202158520233, "Id": 701, "class": "maritime" }, "geometry": { "type": "Point", "coordinates": [ 64.44109777773312, -18.062202158520233 ] } },
{ "type": "Feature", "properties": { "longitude": 67.529345613384208, "latitude": -18.062202158520233, "Id": 702, "class": "maritime" }, "geometry": { "type": "Point", "coordinates": [ 67.529345613384208, -18.062202158520233 ] } },
{ "type": "Feature", "properties": { "longitude": 73.7058412846864, "latitude": -18.062202158520233, "Id": 703, "class": "maritime" }, "geometry": { "type": "Point", "coordinates": [ 73.7058412846864, -18.062202158520233 ] } },
{ "type": "Feature", "properties": { "longitude": 86.058832627290741, "latitude": -18.062202158520233, "Id": 704, "class": "maritime" }, "geometry": { "type": "Point", "coordinates": [ 86.058832627290741, -18.062202158520233 ] } },
{ "type": "Feature", "properties": { "longitude": 113.85306314815054, "latitude": -18.062202158520233, "Id": 705, "class": "maritime" }, "geometry": { "type": "Point", "coordinates": [ 113.85306314815054, -18.062202158520233 ] } },
{ "type": "Feature", "properties": { "longitude": 116.94131098380163, "latitude": -18.062202158520233, "Id": 706, "class": "maritime" }, "geometry": { "type": "Point", "coordinates": [ 116.941310983801628, -18.062202158520233 ] } },
{ "type": "Feature", "properties": { "longitude": 154.00028501161469, "latitude": -18.062202158520233, "Id": 707, "class": "maritime" }, "geometry": { "type": "Point", "coordinates": [ 154.000285011614693, -18.062202158520233 ] } },
{ "type": "Feature", "properties": { "longitude": -78.350236899178981, "latitude": -20.542826598741691, "Id": 708, "class": "maritime" }, "geometry": { "type": "Point", "coordinates": [ -78.350236899178981, -20.542826598741691 ] } },
{ "type": "Feature", "properties": { "longitude": -75.232867139373312, "latitude": -20.542826598741691, "Id": 709, "class": "maritime" }, "geometry": { "type": "Point", "coordinates": [ -75.232867139373312, -20.542826598741691 ] } },
{ "type": "Feature", "properties": { "longitude": -72.115497379567628, "latitude": -20.542826598741691, "Id": 710, "class": "maritime" }, "geometry": { "type": "Point", "coordinates": [ -72.115497379567628, -20.542826598741691 ] } },
{ "type": "Feature", "properties": { "longitude": -37.82443002170519, "latitude": -20.542826598741691, "Id": 711, "class": "maritime" }, "geometry": { "type": "Point", "coordinates": [ -37.82443002170519, -20.542826598741691 ] } },
{ "type": "Feature", "properties": { "longitude": -12.88547194325978, "latitude": -20.542826598741691, "Id": 712, "class": "maritime" }, "geometry": { "type": "Point", "coordinates": [ -12.88547194325978, -20.542826598741691 ] } },
{ "type": "Feature", "properties": { "longitude": -9.7681021834541042, "latitude": -20.542826598741691, "Id": 713, "class": "maritime" }, "geometry": { "type": "Point", "coordinates": [ -9.768102183454104, -20.542826598741691 ] } },
{ "type": "Feature", "properties": { "longitude": 5.8187466155742804, "latitude": -20.542826598741691, "Id": 714, "class": "maritime" }, "geometry": { "type": "Point", "coordinates": [ 5.818746615574279, -20.542826598741691 ] } },
{ "type": "Feature", "properties": { "longitude": 12.053486135185633, "latitude": -20.542826598741691, "Id": 715, "class": "maritime" }, "geometry": { "type": "Point", "coordinates": [ 12.053486135185631, -20.542826598741691 ] } },
{ "type": "Feature", "properties": { "longitude": 52.579293012659427, "latitude": -20.542826598741691, "Id": 716, "class": "maritime" }, "geometry": { "type": "Point", "coordinates": [ 52.579293012659427, -20.542826598741691 ] } },
{ "type": "Feature", "properties": { "longitude": 55.696662772465096, "latitude": -20.542826598741691, "Id": 717, "class": "maritime" }, "geometry": { "type": "Point", "coordinates": [ 55.696662772465096, -20.542826598741691 ] } },
{ "type": "Feature", "properties": { "longitude": 58.81403253227078, "latitude": -20.542826598741691, "Id": 718, "class": "maritime" }, "geometry": { "type": "Point", "coordinates": [ 58.814032532270772, -20.542826598741691 ] } },
{ "type": "Feature", "properties": { "longitude": 65.048772051882125, "latitude": -20.542826598741691, "Id": 719, "class": "maritime" }, "geometry": { "type": "Point", "coordinates": [ 65.048772051882125, -20.542826598741691 ] } },
{ "type": "Feature", "properties": { "longitude": 80.635620850910513, "latitude": -20.542826598741691, "Id": 720, "class": "maritime" }, "geometry": { "type": "Point", "coordinates": [ 80.635620850910513, -20.542826598741691 ] } },
{ "type": "Feature", "properties": { "longitude": -41.385941999779767, "latitude": -23.03888404602186, "Id": 721, "class": "maritime" }, "geometry": { "type": "Point", "coordinates": [ -41.385941999779767, -23.03888404602186 ] } },
{ "type": "Feature", "properties": { "longitude": -38.234754588388832, "latitude": -23.03888404602186, "Id": 722, "class": "maritime" }, "geometry": { "type": "Point", "coordinates": [ -38.234754588388832, -23.03888404602186 ] } },
{ "type": "Feature", "properties": { "longitude": -35.083567176997903, "latitude": -23.03888404602186, "Id": 723, "class": "maritime" }, "geometry": { "type": "Point", "coordinates": [ -35.083567176997903, -23.03888404602186 ] } },
{ "type": "Feature", "properties": { "longitude": -28.781192354216032, "latitude": -23.03888404602186, "Id": 724, "class": "maritime" }, "geometry": { "type": "Point", "coordinates": [ -28.781192354216032, -23.03888404602186 ] } },
{ "type": "Feature", "properties": { "longitude": -9.8740678858704332, "latitude": -23.03888404602186, "Id": 725, "class": "maritime" }, "geometry": { "type": "Point", "coordinates": [ -9.874067885870433, -23.03888404602186 ] } },
{ "type": "Feature", "properties": { "longitude": -6.7228804744795019, "latitude": -23.03888404602186, "Id": 726, "class": "maritime" }, "geometry": { "type": "Point", "coordinates": [ -6.722880474479501, -23.03888404602186 ] } },
{ "type": "Feature", "properties": { "longitude": -3.5716930630885679, "latitude": -23.03888404602186, "Id": 727, "class": "maritime" }, "geometry": { "type": "Point", "coordinates": [ -3.571693063088568, -23.03888404602186 ] } },
{ "type": "Feature", "properties": { "longitude": 9.0330565824751652, "latitude": -23.03888404602186, "Id": 728, "class": "maritime" }, "geometry": { "type": "Point", "coordinates": [ 9.033056582475165, -23.03888404602186 ] } },
{ "type": "Feature", "properties": { "longitude": 12.184243993866097, "latitude": -23.03888404602186, "Id": 729, "class": "maritime" }, "geometry": { "type": "Point", "coordinates": [ 12.184243993866097, -23.03888404602186 ] } },
{ "type": "Feature", "properties": { "longitude": 37.393743284993555, "latitude": -23.03888404602186, "Id": 730, "class": "maritime" }, "geometry": { "type": "Point", "coordinates": [ 37.393743284993555, -23.03888404602186 ] } },
{ "type": "Feature", "properties": { "longitude": 49.99849293055729, "latitude": -23.03888404602186, "Id": 731, "class": "maritime" }, "geometry": { "type": "Point", "coordinates": [ 49.99849293055729, -23.03888404602186 ] } },
{ "type": "Feature", "properties": { "longitude": 53.149680341948226, "latitude": -23.03888404602186, "Id": 732, "class": "maritime" }, "geometry": { "type": "Point", "coordinates": [ 53.149680341948226, -23.03888404602186 ] } },
{ "type": "Feature", "properties": { "longitude": 56.300867753339155, "latitude": -23.03888404602186, "Id": 733, "class": "maritime" }, "geometry": { "type": "Point", "coordinates": [ 56.300867753339155, -23.03888404602186 ] } },
{ "type": "Feature", "properties": { "longitude": 59.452055164730091, "latitude": -23.03888404602186, "Id": 734, "class": "maritime" }, "geometry": { "type": "Point", "coordinates": [ 59.452055164730091, -23.03888404602186 ] } },
{ "type": "Feature", "properties": { "longitude": 62.603242576121026, "latitude": -23.03888404602186, "Id": 735, "class": "maritime" }, "geometry": { "type": "Point", "coordinates": [ 62.603242576121026, -23.03888404602186 ] } },
{ "type": "Feature", "properties": { "longitude": 75.207992221684762, "latitude": -23.03888404602186, "Id": 736, "class": "maritime" }, "geometry": { "type": "Point", "coordinates": [ 75.207992221684762, -23.03888404602186 ] } },
{ "type": "Feature", "properties": { "longitude": 113.02224115837596, "latitude": -23.03888404602186, "Id": 737, "class": "maritime" }, "geometry": { "type": "Point", "coordinates": [ 113.022241158375962, -23.03888404602186 ] } },
{ "type": "Feature", "properties": { "longitude": 153.98767750645806, "latitude": -23.03888404602186, "Id": 738, "class": "maritime" }, "geometry": { "type": "Point", "coordinates": [ 153.987677506458056, -23.03888404602186 ] } },
{ "type": "Feature", "properties": { "longitude": -76.988837938489638, "latitude": -25.552662950990161, "Id": 739, "class": "maritime" }, "geometry": { "type": "Point", "coordinates": [ -76.988837938489638, -25.552662950990161 ] } },
{ "type": "Feature", "properties": { "longitude": -73.798707290040355, "latitude": -25.552662950990161, "Id": 740, "class": "maritime" }, "geometry": { "type": "Point", "coordinates": [ -73.798707290040355, -25.552662950990161 ] } },
{ "type": "Feature", "properties": { "longitude": -48.277662102446101, "latitude": -25.552662950990161, "Id": 741, "class": "maritime" }, "geometry": { "type": "Point", "coordinates": [ -48.277662102446108, -25.552662950990161 ] } },
{ "type": "Feature", "properties": { "longitude": -45.087531453996831, "latitude": -25.552662950990161, "Id": 742, "class": "maritime" }, "geometry": { "type": "Point", "coordinates": [ -45.087531453996831, -25.552662950990161 ] } },
{ "type": "Feature", "properties": { "longitude": -41.897400805547555, "latitude": -25.552662950990161, "Id": 743, "class": "maritime" }, "geometry": { "type": "Point", "coordinates": [ -41.897400805547555, -25.552662950990161 ] } },
{ "type": "Feature", "properties": { "longitude": -38.707270157098264, "latitude": -25.552662950990161, "Id": 744, "class": "maritime" }, "geometry": { "type": "Point", "coordinates": [ -38.707270157098264, -25.552662950990161 ] } },
{ "type": "Feature", "properties": { "longitude": -35.517139508648988, "latitude": -25.552662950990161, "Id": 745, "class": "maritime" }, "geometry": { "type": "Point", "coordinates": [ -35.517139508648988, -25.552662950990161 ] } },
{ "type": "Feature", "properties": { "longitude": -32.327008860199705, "latitude": -25.552662950990161, "Id": 746, "class": "maritime" }, "geometry": { "type": "Point", "coordinates": [ -32.327008860199705, -25.552662950990161 ] } },
{ "type": "Feature", "properties": { "longitude": -29.136878211750425, "latitude": -25.552662950990161, "Id": 747, "class": "maritime" }, "geometry": { "type": "Point", "coordinates": [ -29.136878211750425, -25.552662950990161 ] } },
{ "type": "Feature", "properties": { "longitude": -22.756616914851861, "latitude": -25.552662950990161, "Id": 748, "class": "maritime" }, "geometry": { "type": "Point", "coordinates": [ -22.756616914851861, -25.552662950990161 ] } },
{ "type": "Feature", "properties": { "longitude": -19.566486266402578, "latitude": -25.552662950990161, "Id": 749, "class": "maritime" }, "geometry": { "type": "Point", "coordinates": [ -19.566486266402578, -25.552662950990161 ] } },
{ "type": "Feature", "properties": { "longitude": -6.8059636726054524, "latitude": -25.552662950990161, "Id": 750, "class": "maritime" }, "geometry": { "type": "Point", "coordinates": [ -6.805963672605452, -25.552662950990161 ] } },
{ "type": "Feature", "properties": { "longitude": -3.6158330241561711, "latitude": -25.552662950990161, "Id": 751, "class": "maritime" }, "geometry": { "type": "Point", "coordinates": [ -3.615833024156171, -25.552662950990161 ] } },
{ "type": "Feature", "properties": { "longitude": -0.42570237570689001, "latitude": -25.552662950990161, "Id": 752, "class": "maritime" }, "geometry": { "type": "Point", "coordinates": [ -0.42570237570689, -25.552662950990161 ] } },
{ "type": "Feature", "properties": { "longitude": 2.7644282727423919, "latitude": -25.552662950990161, "Id": 753, "class": "maritime" }, "geometry": { "type": "Point", "coordinates": [ 2.764428272742392, -25.552662950990161 ] } },
{ "type": "Feature", "properties": { "longitude": 9.1446895696409545, "latitude": -25.552662950990161, "Id": 754, "class": "maritime" }, "geometry": { "type": "Point", "coordinates": [ 9.144689569640954, -25.552662950990161 ] } },
{ "type": "Feature", "properties": { "longitude": 12.334820218090236, "latitude": -25.552662950990161, "Id": 755, "class": "maritime" }, "geometry": { "type": "Point", "coordinates": [ 12.334820218090236, -25.552662950990161 ] } },
{ "type": "Feature", "properties": { "longitude": 34.665734757235207, "latitude": -25.552662950990161, "Id": 756, "class": "maritime" }, "geometry": { "type": "Point", "coordinates": [ 34.665734757235207, -25.552662950990161 ] } },
{ "type": "Feature", "properties": { "longitude": 47.426257351032334, "latitude": -25.552662950990161, "Id": 757, "class": "maritime" }, "geometry": { "type": "Point", "coordinates": [ 47.426257351032334, -25.552662950990161 ] } },
{ "type": "Feature", "properties": { "longitude": 50.61638799948161, "latitude": -25.552662950990161, "Id": 758, "class": "maritime" }, "geometry": { "type": "Point", "coordinates": [ 50.61638799948161, -25.552662950990161 ] } },
{ "type": "Feature", "properties": { "longitude": 53.806518647930893, "latitude": -25.552662950990161, "Id": 759, "class": "maritime" }, "geometry": { "type": "Point", "coordinates": [ 53.806518647930893, -25.552662950990161 ] } },
{ "type": "Feature", "properties": { "longitude": 56.996649296380177, "latitude": -25.552662950990161, "Id": 760, "class": "maritime" }, "geometry": { "type": "Point", "coordinates": [ 56.996649296380177, -25.552662950990161 ] } },
{ "type": "Feature", "properties": { "longitude": 69.75717189017729, "latitude": -25.552662950990161, "Id": 761, "class": "maritime" }, "geometry": { "type": "Point", "coordinates": [ 69.75717189017729, -25.552662950990161 ] } },
{ "type": "Feature", "properties": { "longitude": 72.947302538626587, "latitude": -25.552662950990161, "Id": 762, "class": "maritime" }, "geometry": { "type": "Point", "coordinates": [ 72.947302538626587, -25.552662950990161 ] } },
{ "type": "Feature", "properties": { "longitude": 111.22887032001796, "latitude": -25.552662950990161, "Id": 763, "class": "maritime" }, "geometry": { "type": "Point", "coordinates": [ 111.228870320017975, -25.552662950990161 ] } },
{ "type": "Feature", "properties": { "longitude": 155.8906993983079, "latitude": -25.552662950990161, "Id": 764, "class": "maritime" }, "geometry": { "type": "Point", "coordinates": [ 155.890699398307902, -25.552662950990161 ] } },
{ "type": "Feature", "properties": { "longitude": -71.595599072376018, "latitude": -28.086632483779752, "Id": 765, "class": "maritime" }, "geometry": { "type": "Point", "coordinates": [ -71.595599072376018, -28.086632483779752 ] } },
{ "type": "Feature", "properties": { "longitude": -45.717800565916626, "latitude": -28.086632483779752, "Id": 766, "class": "maritime" }, "geometry": { "type": "Point", "coordinates": [ -45.717800565916626, -28.086632483779752 ] } },
{ "type": "Feature", "properties": { "longitude": -42.483075752609203, "latitude": -28.086632483779752, "Id": 767, "class": "maritime" }, "geometry": { "type": "Point", "coordinates": [ -42.483075752609203, -28.086632483779752 ] } },
{ "type": "Feature", "properties": { "longitude": -39.248350939301773, "latitude": -28.086632483779752, "Id": 768, "class": "maritime" }, "geometry": { "type": "Point", "coordinates": [ -39.248350939301773, -28.086632483779752 ] } },
{ "type": "Feature", "properties": { "longitude": -36.01362612599435, "latitude": -28.086632483779752, "Id": 769, "class": "maritime" }, "geometry": { "type": "Point", "coordinates": [ -36.01362612599435, -28.086632483779752 ] } },
{ "type": "Feature", "properties": { "longitude": -32.778901312686926, "latitude": -28.086632483779752, "Id": 770, "class": "maritime" }, "geometry": { "type": "Point", "coordinates": [ -32.778901312686926, -28.086632483779752 ] } },
{ "type": "Feature", "properties": { "longitude": -29.5441764993795, "latitude": -28.086632483779752, "Id": 771, "class": "maritime" }, "geometry": { "type": "Point", "coordinates": [ -29.5441764993795, -28.086632483779752 ] } },
{ "type": "Feature", "properties": { "longitude": -26.309451686072077, "latitude": -28.086632483779752, "Id": 772, "class": "maritime" }, "geometry": { "type": "Point", "coordinates": [ -26.309451686072077, -28.086632483779752 ] } },
{ "type": "Feature", "properties": { "longitude": -23.074726872764654, "latitude": -28.086632483779752, "Id": 773, "class": "maritime" }, "geometry": { "type": "Point", "coordinates": [ -23.074726872764654, -28.086632483779752 ] } },
{ "type": "Feature", "properties": { "longitude": -19.84000205945723, "latitude": -28.086632483779752, "Id": 774, "class": "maritime" }, "geometry": { "type": "Point", "coordinates": [ -19.84000205945723, -28.086632483779752 ] } },
{ "type": "Feature", "properties": { "longitude": -16.6052772461498, "latitude": -28.086632483779752, "Id": 775, "class": "maritime" }, "geometry": { "type": "Point", "coordinates": [ -16.6052772461498, -28.086632483779752 ] } },
{ "type": "Feature", "properties": { "longitude": -13.370552432842379, "latitude": -28.086632483779752, "Id": 776, "class": "maritime" }, "geometry": { "type": "Point", "coordinates": [ -13.370552432842379, -28.086632483779752 ] } },
{ "type": "Feature", "properties": { "longitude": -10.135827619534954, "latitude": -28.086632483779752, "Id": 777, "class": "maritime" }, "geometry": { "type": "Point", "coordinates": [ -10.135827619534954, -28.086632483779752 ] } },
{ "type": "Feature", "properties": { "longitude": -6.9011028062275299, "latitude": -28.086632483779752, "Id": 778, "class": "maritime" }, "geometry": { "type": "Point", "coordinates": [ -6.90110280622753, -28.086632483779752 ] } },
{ "type": "Feature", "properties": { "longitude": -3.666377992920105, "latitude": -28.086632483779752, "Id": 779, "class": "maritime" }, "geometry": { "type": "Point", "coordinates": [ -3.666377992920105, -28.086632483779752 ] } },
{ "type": "Feature", "properties": { "longitude": -0.43165317961268101, "latitude": -28.086632483779752, "Id": 780, "class": "maritime" }, "geometry": { "type": "Point", "coordinates": [ -0.431653179612681, -28.086632483779752 ] } },
{ "type": "Feature", "properties": { "longitude": 2.8030716336947439, "latitude": -28.086632483779752, "Id": 781, "class": "maritime" }, "geometry": { "type": "Point", "coordinates": [ 2.803071633694744, -28.086632483779752 ] } },
{ "type": "Feature", "properties": { "longitude": 6.0377964470021679, "latitude": -28.086632483779752, "Id": 782, "class": "maritime" }, "geometry": { "type": "Point", "coordinates": [ 6.037796447002168, -28.086632483779752 ] } },
{ "type": "Feature", "properties": { "longitude": 12.507246073617019, "latitude": -28.086632483779752, "Id": 783, "class": "maritime" }, "geometry": { "type": "Point", "coordinates": [ 12.507246073617019, -28.086632483779752 ] } },
{ "type": "Feature", "properties": { "longitude": 35.150319766768995, "latitude": -28.086632483779752, "Id": 784, "class": "maritime" }, "geometry": { "type": "Point", "coordinates": [ 35.150319766768995, -28.086632483779752 ] } },
{ "type": "Feature", "properties": { "longitude": 38.385044580076411, "latitude": -28.086632483779752, "Id": 785, "class": "maritime" }, "geometry": { "type": "Point", "coordinates": [ 38.385044580076411, -28.086632483779752 ] } },
{ "type": "Feature", "properties": { "longitude": 41.619769393383834, "latitude": -28.086632483779752, "Id": 786, "class": "maritime" }, "geometry": { "type": "Point", "coordinates": [ 41.619769393383834, -28.086632483779752 ] } },
{ "type": "Feature", "properties": { "longitude": 44.854494206691264, "latitude": -28.086632483779752, "Id": 787, "class": "maritime" }, "geometry": { "type": "Point", "coordinates": [ 44.854494206691264, -28.086632483779752 ] } },
{ "type": "Feature", "properties": { "longitude": 48.089219019998687, "latitude": -28.086632483779752, "Id": 788, "class": "maritime" }, "geometry": { "type": "Point", "coordinates": [ 48.089219019998687, -28.086632483779752 ] } },
{ "type": "Feature", "properties": { "longitude": 51.32394383330611, "latitude": -28.086632483779752, "Id": 789, "class": "maritime" }, "geometry": { "type": "Point", "coordinates": [ 51.32394383330611, -28.086632483779752 ] } },
{ "type": "Feature", "properties": { "longitude": 64.26284308653581, "latitude": -28.086632483779752, "Id": 790, "class": "maritime" }, "geometry": { "type": "Point", "coordinates": [ 64.26284308653581, -28.086632483779752 ] } },
{ "type": "Feature", "properties": { "longitude": 112.78371528614718, "latitude": -28.086632483779752, "Id": 791, "class": "maritime" }, "geometry": { "type": "Point", "coordinates": [ 112.783715286147185, -28.086632483779752 ] } },
{ "type": "Feature", "properties": { "longitude": 154.83513785914371, "latitude": -28.086632483779752, "Id": 792, "class": "maritime" }, "geometry": { "type": "Point", "coordinates": [ 154.835137859143714, -28.086632483779752 ] } },
{ "type": "Feature", "properties": { "longitude": -72.721932251402791, "latitude": -30.643480263658457, "Id": 793, "class": "maritime" }, "geometry": { "type": "Point", "coordinates": [ -72.721932251402777, -30.643480263658457 ] } },
{ "type": "Feature", "properties": { "longitude": -49.722640501468248, "latitude": -30.643480263658457, "Id": 794, "class": "maritime" }, "geometry": { "type": "Point", "coordinates": [ -49.722640501468248, -30.643480263658457 ] } },
{ "type": "Feature", "properties": { "longitude": -46.437027394334741, "latitude": -30.643480263658457, "Id": 795, "class": "maritime" }, "geometry": { "type": "Point", "coordinates": [ -46.437027394334741, -30.643480263658457 ] } },
{ "type": "Feature", "properties": { "longitude": -30.00896185866722, "latitude": -30.643480263658457, "Id": 796, "class": "maritime" }, "geometry": { "type": "Point", "coordinates": [ -30.00896185866722, -30.643480263658457 ] } },
{ "type": "Feature", "properties": { "longitude": -26.723348751533713, "latitude": -30.643480263658457, "Id": 797, "class": "maritime" }, "geometry": { "type": "Point", "coordinates": [ -26.723348751533713, -30.643480263658457 ] } },
{ "type": "Feature", "properties": { "longitude": -23.437735644400213, "latitude": -30.643480263658457, "Id": 798, "class": "maritime" }, "geometry": { "type": "Point", "coordinates": [ -23.437735644400213, -30.643480263658457 ] } },
{ "type": "Feature", "properties": { "longitude": -20.15212253726671, "latitude": -30.643480263658457, "Id": 799, "class": "maritime" }, "geometry": { "type": "Point", "coordinates": [ -20.152122537266706, -30.643480263658457 ] } },
{ "type": "Feature", "properties": { "longitude": -16.866509430133199, "latitude": -30.643480263658457, "Id": 800, "class": "maritime" }, "geometry": { "type": "Point", "coordinates": [ -16.866509430133199, -30.643480263658457 ] } },
{ "type": "Feature", "properties": { "longitude": -13.580896322999701, "latitude": -30.643480263658457, "Id": 801, "class": "maritime" }, "geometry": { "type": "Point", "coordinates": [ -13.580896322999699, -30.643480263658457 ] } },
{ "type": "Feature", "properties": { "longitude": -10.295283215866192, "latitude": -30.643480263658457, "Id": 802, "class": "maritime" }, "geometry": { "type": "Point", "coordinates": [ -10.295283215866192, -30.643480263658457 ] } },
{ "type": "Feature", "properties": { "longitude": -7.0096701087326903, "latitude": -30.643480263658457, "Id": 803, "class": "maritime" }, "geometry": { "type": "Point", "coordinates": [ -7.009670108732689, -30.643480263658457 ] } },
{ "type": "Feature", "properties": { "longitude": -3.7240570015991841, "latitude": -30.643480263658457, "Id": 804, "class": "maritime" }, "geometry": { "type": "Point", "coordinates": [ -3.724057001599184, -30.643480263658457 ] } },
{ "type": "Feature", "properties": { "longitude": -0.43844389446568, "latitude": -30.643480263658457, "Id": 805, "class": "maritime" }, "geometry": { "type": "Point", "coordinates": [ -0.43844389446568, -30.643480263658457 ] } },
{ "type": "Feature", "properties": { "longitude": 2.8471692126678239, "latitude": -30.643480263658457, "Id": 806, "class": "maritime" }, "geometry": { "type": "Point", "coordinates": [ 2.847169212667824, -30.643480263658457 ] } },
{ "type": "Feature", "properties": { "longitude": 6.1327823198013283, "latitude": -30.643480263658457, "Id": 807, "class": "maritime" }, "geometry": { "type": "Point", "coordinates": [ 6.132782319801328, -30.643480263658457 ] } },
{ "type": "Feature", "properties": { "longitude": 9.4183954269348327, "latitude": -30.643480263658457, "Id": 808, "class": "maritime" }, "geometry": { "type": "Point", "coordinates": [ 9.418395426934833, -30.643480263658457 ] } },
{ "type": "Feature", "properties": { "longitude": 12.704008534068338, "latitude": -30.643480263658457, "Id": 809, "class": "maritime" }, "geometry": { "type": "Point", "coordinates": [ 12.704008534068338, -30.643480263658457 ] } },
{ "type": "Feature", "properties": { "longitude": 15.989621641201841, "latitude": -30.643480263658457, "Id": 810, "class": "maritime" }, "geometry": { "type": "Point", "coordinates": [ 15.989621641201841, -30.643480263658457 ] } },
{ "type": "Feature", "properties": { "longitude": 32.417687176869364, "latitude": -30.643480263658457, "Id": 811, "class": "maritime" }, "geometry": { "type": "Point", "coordinates": [ 32.417687176869364, -30.643480263658457 ] } },
{ "type": "Feature", "properties": { "longitude": 35.703300284002864, "latitude": -30.643480263658457, "Id": 812, "class": "maritime" }, "geometry": { "type": "Point", "coordinates": [ 35.703300284002864, -30.643480263658457 ] } },
{ "type": "Feature", "properties": { "longitude": 38.988913391136371, "latitude": -30.643480263658457, "Id": 813, "class": "maritime" }, "geometry": { "type": "Point", "coordinates": [ 38.988913391136371, -30.643480263658457 ] } },
{ "type": "Feature", "properties": { "longitude": 42.274526498269879, "latitude": -30.643480263658457, "Id": 814, "class": "maritime" }, "geometry": { "type": "Point", "coordinates": [ 42.274526498269879, -30.643480263658457 ] } },
{ "type": "Feature", "properties": { "longitude": 45.560139605403386, "latitude": -30.643480263658457, "Id": 815, "class": "maritime" }, "geometry": { "type": "Point", "coordinates": [ 45.560139605403386, -30.643480263658457 ] } },
{ "type": "Feature", "properties": { "longitude": 52.131365819670386, "latitude": -30.643480263658457, "Id": 816, "class": "maritime" }, "geometry": { "type": "Point", "coordinates": [ 52.131365819670386, -30.643480263658457 ] } },
{ "type": "Feature", "properties": { "longitude": 58.702592033937407, "latitude": -30.643480263658457, "Id": 817, "class": "maritime" }, "geometry": { "type": "Point", "coordinates": [ 58.702592033937407, -30.643480263658457 ] } },
{ "type": "Feature", "properties": { "longitude": 114.55801485520698, "latitude": -30.643480263658457, "Id": 818, "class": "maritime" }, "geometry": { "type": "Point", "coordinates": [ 114.558014855206977, -30.643480263658457 ] } },
{ "type": "Feature", "properties": { "longitude": 153.98537214080901, "latitude": -30.643480263658457, "Id": 819, "class": "maritime" }, "geometry": { "type": "Point", "coordinates": [ 153.985372140809005, -30.643480263658457 ] } },
{ "type": "Feature", "properties": { "longitude": 170.41343767647655, "latitude": -30.643480263658457, "Id": 820, "class": "maritime" }, "geometry": { "type": "Point", "coordinates": [ 170.413437676476548, -30.643480263658457 ] } },
{ "type": "Feature", "properties": { "longitude": -74.005083122263542, "latitude": -33.226158472872044, "Id": 821, "class": "maritime" }, "geometry": { "type": "Point", "coordinates": [ -74.005083122263542, -33.226158472872044 ] } },
{ "type": "Feature", "properties": { "longitude": -50.59997760577388, "latitude": -33.226158472872044, "Id": 822, "class": "maritime" }, "geometry": { "type": "Point", "coordinates": [ -50.59997760577388, -33.226158472872044 ] } },
{ "type": "Feature", "properties": { "longitude": -47.256391103418217, "latitude": -33.226158472872044, "Id": 823, "class": "maritime" }, "geometry": { "type": "Point", "coordinates": [ -47.256391103418217, -33.226158472872044 ] } },
{ "type": "Feature", "properties": { "longitude": -43.912804601062547, "latitude": -33.226158472872044, "Id": 824, "class": "maritime" }, "geometry": { "type": "Point", "coordinates": [ -43.912804601062547, -33.226158472872044 ] } },
{ "type": "Feature", "properties": { "longitude": -40.569218098706877, "latitude": -33.226158472872044, "Id": 825, "class": "maritime" }, "geometry": { "type": "Point", "coordinates": [ -40.569218098706884, -33.226158472872044 ] } },
{ "type": "Feature", "properties": { "longitude": -33.882045093995544, "latitude": -33.226158472872044, "Id": 826, "class": "maritime" }, "geometry": { "type": "Point", "coordinates": [ -33.882045093995544, -33.226158472872044 ] } },
{ "type": "Feature", "properties": { "longitude": -30.538458591639881, "latitude": -33.226158472872044, "Id": 827, "class": "maritime" }, "geometry": { "type": "Point", "coordinates": [ -30.538458591639881, -33.226158472872044 ] } },
{ "type": "Feature", "properties": { "longitude": -27.194872089284207, "latitude": -33.226158472872044, "Id": 828, "class": "maritime" }, "geometry": { "type": "Point", "coordinates": [ -27.194872089284207, -33.226158472872044 ] } },
{ "type": "Feature", "properties": { "longitude": -23.85128558692854, "latitude": -33.226158472872044, "Id": 829, "class": "maritime" }, "geometry": { "type": "Point", "coordinates": [ -23.85128558692854, -33.226158472872044 ] } },
{ "type": "Feature", "properties": { "longitude": -20.507699084572874, "latitude": -33.226158472872044, "Id": 830, "class": "maritime" }, "geometry": { "type": "Point", "coordinates": [ -20.507699084572874, -33.226158472872044 ] } },
{ "type": "Feature", "properties": { "longitude": -17.164112582217204, "latitude": -33.226158472872044, "Id": 831, "class": "maritime" }, "geometry": { "type": "Point", "coordinates": [ -17.164112582217204, -33.226158472872044 ] } },
{ "type": "Feature", "properties": { "longitude": -13.820526079861541, "latitude": -33.226158472872044, "Id": 832, "class": "maritime" }, "geometry": { "type": "Point", "coordinates": [ -13.820526079861541, -33.226158472872044 ] } },
{ "type": "Feature", "properties": { "longitude": -10.47693957750587, "latitude": -33.226158472872044, "Id": 833, "class": "maritime" }, "geometry": { "type": "Point", "coordinates": [ -10.47693957750587, -33.226158472872044 ] } },
{ "type": "Feature", "properties": { "longitude": -7.1333530751502057, "latitude": -33.226158472872044, "Id": 834, "class": "maritime" }, "geometry": { "type": "Point", "coordinates": [ -7.133353075150205, -33.226158472872044 ] } },
{ "type": "Feature", "properties": { "longitude": -3.7897665727945369, "latitude": -33.226158472872044, "Id": 835, "class": "maritime" }, "geometry": { "type": "Point", "coordinates": [ -3.789766572794537, -33.226158472872044 ] } },
{ "type": "Feature", "properties": { "longitude": -0.44618007043886998, "latitude": -33.226158472872044, "Id": 836, "class": "maritime" }, "geometry": { "type": "Point", "coordinates": [ -0.44618007043887, -33.226158472872044 ] } },
{ "type": "Feature", "properties": { "longitude": 2.897406431916798, "latitude": -33.226158472872044, "Id": 837, "class": "maritime" }, "geometry": { "type": "Point", "coordinates": [ 2.897406431916798, -33.226158472872044 ] } },
{ "type": "Feature", "properties": { "longitude": 6.2409929342724659, "latitude": -33.226158472872044, "Id": 838, "class": "maritime" }, "geometry": { "type": "Point", "coordinates": [ 6.240992934272465, -33.226158472872044 ] } },
{ "type": "Feature", "properties": { "longitude": 9.5845794366281325, "latitude": -33.226158472872044, "Id": 839, "class": "maritime" }, "geometry": { "type": "Point", "coordinates": [ 9.584579436628132, -33.226158472872044 ] } },
{ "type": "Feature", "properties": { "longitude": 12.928165938983801, "latitude": -33.226158472872044, "Id": 840, "class": "maritime" }, "geometry": { "type": "Point", "coordinates": [ 12.928165938983801, -33.226158472872044 ] } },
{ "type": "Feature", "properties": { "longitude": 16.271752441339466, "latitude": -33.226158472872044, "Id": 841, "class": "maritime" }, "geometry": { "type": "Point", "coordinates": [ 16.271752441339466, -33.226158472872044 ] } },
{ "type": "Feature", "properties": { "longitude": 29.646098450762139, "latitude": -33.226158472872044, "Id": 842, "class": "maritime" }, "geometry": { "type": "Point", "coordinates": [ 29.646098450762139, -33.226158472872044 ] } },
{ "type": "Feature", "properties": { "longitude": 32.989684953117809, "latitude": -33.226158472872044, "Id": 843, "class": "maritime" }, "geometry": { "type": "Point", "coordinates": [ 32.989684953117809, -33.226158472872044 ] } },
{ "type": "Feature", "properties": { "longitude": 36.333271455473472, "latitude": -33.226158472872044, "Id": 844, "class": "maritime" }, "geometry": { "type": "Point", "coordinates": [ 36.333271455473472, -33.226158472872044 ] } },
{ "type": "Feature", "properties": { "longitude": 39.676857957829142, "latitude": -33.226158472872044, "Id": 845, "class": "maritime" }, "geometry": { "type": "Point", "coordinates": [ 39.676857957829142, -33.226158472872044 ] } },
{ "type": "Feature", "properties": { "longitude": 46.364030962540475, "latitude": -33.226158472872044, "Id": 846, "class": "maritime" }, "geometry": { "type": "Point", "coordinates": [ 46.364030962540475, -33.226158472872044 ] } },
{ "type": "Feature", "properties": { "longitude": 113.23576100965381, "latitude": -33.226158472872044, "Id": 847, "class": "maritime" }, "geometry": { "type": "Point", "coordinates": [ 113.235761009653814, -33.226158472872044 ] } },
{ "type": "Feature", "properties": { "longitude": 153.35879903792187, "latitude": -33.226158472872044, "Id": 848, "class": "maritime" }, "geometry": { "type": "Point", "coordinates": [ 153.358799037921841, -33.226158472872044 ] } },
{ "type": "Feature", "properties": { "longitude": 173.42031805205585, "latitude": -33.226158472872044, "Id": 849, "class": "maritime" }, "geometry": { "type": "Point", "coordinates": [ 173.420318052055848, -33.226158472872044 ] } },
{ "type": "Feature", "properties": { "longitude": -55.008980286711584, "latitude": -35.83794108896884, "Id": 850, "class": "maritime" }, "geometry": { "type": "Point", "coordinates": [ -55.008980286711584, -35.83794108896884 ] } },
{ "type": "Feature", "properties": { "longitude": -51.599356042634639, "latitude": -35.83794108896884, "Id": 851, "class": "maritime" }, "geometry": { "type": "Point", "coordinates": [ -51.599356042634639, -35.83794108896884 ] } },
{ "type": "Feature", "properties": { "longitude": -48.189731798557688, "latitude": -35.83794108896884, "Id": 852, "class": "maritime" }, "geometry": { "type": "Point", "coordinates": [ -48.189731798557688, -35.83794108896884 ] } },
{ "type": "Feature", "properties": { "longitude": -44.780107554480729, "latitude": -35.83794108896884, "Id": 853, "class": "maritime" }, "geometry": { "type": "Point", "coordinates": [ -44.780107554480729, -35.83794108896884 ] } },
{ "type": "Feature", "properties": { "longitude": -41.370483310403785, "latitude": -35.83794108896884, "Id": 854, "class": "maritime" }, "geometry": { "type": "Point", "coordinates": [ -41.370483310403785, -35.83794108896884 ] } },
{ "type": "Feature", "properties": { "longitude": -37.960859066326826, "latitude": -35.83794108896884, "Id": 855, "class": "maritime" }, "geometry": { "type": "Point", "coordinates": [ -37.960859066326826, -35.83794108896884 ] } },
{ "type": "Feature", "properties": { "longitude": -27.731986334095964, "latitude": -35.83794108896884, "Id": 856, "class": "maritime" }, "geometry": { "type": "Point", "coordinates": [ -27.731986334095964, -35.83794108896884 ] } },
{ "type": "Feature", "properties": { "longitude": -24.322362090019016, "latitude": -35.83794108896884, "Id": 857, "class": "maritime" }, "geometry": { "type": "Point", "coordinates": [ -24.322362090019016, -35.83794108896884 ] } },
{ "type": "Feature", "properties": { "longitude": -20.912737845942065, "latitude": -35.83794108896884, "Id": 858, "class": "maritime" }, "geometry": { "type": "Point", "coordinates": [ -20.912737845942065, -35.83794108896884 ] } },
{ "type": "Feature", "properties": { "longitude": -17.50311360186511, "latitude": -35.83794108896884, "Id": 859, "class": "maritime" }, "geometry": { "type": "Point", "coordinates": [ -17.50311360186511, -35.83794108896884 ] } },
{ "type": "Feature", "properties": { "longitude": -14.093489357788155, "latitude": -35.83794108896884, "Id": 860, "class": "maritime" }, "geometry": { "type": "Point", "coordinates": [ -14.093489357788155, -35.83794108896884 ] } },
{ "type": "Feature", "properties": { "longitude": -10.683865113711201, "latitude": -35.83794108896884, "Id": 861, "class": "maritime" }, "geometry": { "type": "Point", "coordinates": [ -10.683865113711201, -35.83794108896884 ] } },
{ "type": "Feature", "properties": { "longitude": -7.274240869634248, "latitude": -35.83794108896884, "Id": 862, "class": "maritime" }, "geometry": { "type": "Point", "coordinates": [ -7.274240869634248, -35.83794108896884 ] } },
{ "type": "Feature", "properties": { "longitude": -3.864616625557296, "latitude": -35.83794108896884, "Id": 863, "class": "maritime" }, "geometry": { "type": "Point", "coordinates": [ -3.864616625557296, -35.83794108896884 ] } },
{ "type": "Feature", "properties": { "longitude": -0.45499238148034199, "latitude": -35.83794108896884, "Id": 864, "class": "maritime" }, "geometry": { "type": "Point", "coordinates": [ -0.454992381480342, -35.83794108896884 ] } },
{ "type": "Feature", "properties": { "longitude": 2.954631862596611, "latitude": -35.83794108896884, "Id": 865, "class": "maritime" }, "geometry": { "type": "Point", "coordinates": [ 2.954631862596611, -35.83794108896884 ] } },
{ "type": "Feature", "properties": { "longitude": 6.3642561066735643, "latitude": -35.83794108896884, "Id": 866, "class": "maritime" }, "geometry": { "type": "Point", "coordinates": [ 6.364256106673563, -35.83794108896884 ] } },
{ "type": "Feature", "properties": { "longitude": 9.7738803507505168, "latitude": -35.83794108896884, "Id": 867, "class": "maritime" }, "geometry": { "type": "Point", "coordinates": [ 9.773880350750517, -35.83794108896884 ] } },
{ "type": "Feature", "properties": { "longitude": 13.183504594827472, "latitude": -35.83794108896884, "Id": 868, "class": "maritime" }, "geometry": { "type": "Point", "coordinates": [ 13.183504594827472, -35.83794108896884 ] } },
{ "type": "Feature", "properties": { "longitude": 16.593128838904423, "latitude": -35.83794108896884, "Id": 869, "class": "maritime" }, "geometry": { "type": "Point", "coordinates": [ 16.593128838904423, -35.83794108896884 ] } },
{ "type": "Feature", "properties": { "longitude": 20.002753082981375, "latitude": -35.83794108896884, "Id": 870, "class": "maritime" }, "geometry": { "type": "Point", "coordinates": [ 20.002753082981375, -35.83794108896884 ] } },
{ "type": "Feature", "properties": { "longitude": 23.412377327058326, "latitude": -35.83794108896884, "Id": 871, "class": "maritime" }, "geometry": { "type": "Point", "coordinates": [ 23.41237732705833, -35.83794108896884 ] } },
{ "type": "Feature", "properties": { "longitude": 26.822001571135281, "latitude": -35.83794108896884, "Id": 872, "class": "maritime" }, "geometry": { "type": "Point", "coordinates": [ 26.822001571135281, -35.83794108896884 ] } },
{ "type": "Feature", "properties": { "longitude": 30.231625815212237, "latitude": -35.83794108896884, "Id": 873, "class": "maritime" }, "geometry": { "type": "Point", "coordinates": [ 30.231625815212237, -35.83794108896884 ] } },
{ "type": "Feature", "properties": { "longitude": 33.641250059289192, "latitude": -35.83794108896884, "Id": 874, "class": "maritime" }, "geometry": { "type": "Point", "coordinates": [ 33.641250059289192, -35.83794108896884 ] } },
{ "type": "Feature", "properties": { "longitude": 43.870122791520046, "latitude": -35.83794108896884, "Id": 875, "class": "maritime" }, "geometry": { "type": "Point", "coordinates": [ 43.870122791520046, -35.83794108896884 ] } },
{ "type": "Feature", "properties": { "longitude": 118.88185616121302, "latitude": -35.83794108896884, "Id": 876, "class": "maritime" }, "geometry": { "type": "Point", "coordinates": [ 118.881856161213022, -35.83794108896884 ] } },
{ "type": "Feature", "properties": { "longitude": 122.29148040528997, "latitude": -35.83794108896884, "Id": 877, "class": "maritime" }, "geometry": { "type": "Point", "coordinates": [ 122.291480405289974, -35.83794108896884 ] } },
{ "type": "Feature", "properties": { "longitude": 135.92997738159778, "latitude": -35.83794108896884, "Id": 878, "class": "maritime" }, "geometry": { "type": "Point", "coordinates": [ 135.92997738159778, -35.83794108896884 ] } },
{ "type": "Feature", "properties": { "longitude": 176.84546831052123, "latitude": -35.83794108896884, "Id": 879, "class": "maritime" }, "geometry": { "type": "Point", "coordinates": [ 176.845468310521227, -35.83794108896884 ] } },
{ "type": "Feature", "properties": { "longitude": -77.133933861559214, "latitude": -38.482496054673746, "Id": 880, "class": "maritime" }, "geometry": { "type": "Point", "coordinates": [ -77.133933861559214, -38.482496054673746 ] } },
{ "type": "Feature", "properties": { "longitude": -56.224236641948885, "latitude": -38.482496054673746, "Id": 881, "class": "maritime" }, "geometry": { "type": "Point", "coordinates": [ -56.224236641948892, -38.482496054673746 ] } },
{ "type": "Feature", "properties": { "longitude": -52.739287105347174, "latitude": -38.482496054673746, "Id": 882, "class": "maritime" }, "geometry": { "type": "Point", "coordinates": [ -52.739287105347174, -38.482496054673746 ] } },
{ "type": "Feature", "properties": { "longitude": -49.254337568745456, "latitude": -38.482496054673746, "Id": 883, "class": "maritime" }, "geometry": { "type": "Point", "coordinates": [ -49.254337568745456, -38.482496054673746 ] } },
{ "type": "Feature", "properties": { "longitude": -45.769388032143738, "latitude": -38.482496054673746, "Id": 884, "class": "maritime" }, "geometry": { "type": "Point", "coordinates": [ -45.769388032143738, -38.482496054673746 ] } },
{ "type": "Feature", "properties": { "longitude": -42.284438495542013, "latitude": -38.482496054673746, "Id": 885, "class": "maritime" }, "geometry": { "type": "Point", "coordinates": [ -42.28443849554202, -38.482496054673746 ] } },
{ "type": "Feature", "properties": { "longitude": -35.314539422338576, "latitude": -38.482496054673746, "Id": 886, "class": "maritime" }, "geometry": { "type": "Point", "coordinates": [ -35.314539422338576, -38.482496054673746 ] } },
{ "type": "Feature", "properties": { "longitude": -31.829589885736855, "latitude": -38.482496054673746, "Id": 887, "class": "maritime" }, "geometry": { "type": "Point", "coordinates": [ -31.829589885736855, -38.482496054673746 ] } },
{ "type": "Feature", "properties": { "longitude": -28.344640349135133, "latitude": -38.482496054673746, "Id": 888, "class": "maritime" }, "geometry": { "type": "Point", "coordinates": [ -28.344640349135133, -38.482496054673746 ] } },
{ "type": "Feature", "properties": { "longitude": -24.859690812533415, "latitude": -38.482496054673746, "Id": 889, "class": "maritime" }, "geometry": { "type": "Point", "coordinates": [ -24.859690812533415, -38.482496054673746 ] } },
{ "type": "Feature", "properties": { "longitude": -21.374741275931694, "latitude": -38.482496054673746, "Id": 890, "class": "maritime" }, "geometry": { "type": "Point", "coordinates": [ -21.374741275931694, -38.482496054673746 ] } },
{ "type": "Feature", "properties": { "longitude": -7.4349431295248118, "latitude": -38.482496054673746, "Id": 891, "class": "maritime" }, "geometry": { "type": "Point", "coordinates": [ -7.434943129524811, -38.482496054673746 ] } },
{ "type": "Feature", "properties": { "longitude": -3.9499935929230898, "latitude": -38.482496054673746, "Id": 892, "class": "maritime" }, "geometry": { "type": "Point", "coordinates": [ -3.94999359292309, -38.482496054673746 ] } },
{ "type": "Feature", "properties": { "longitude": 3.0199054802803502, "latitude": -38.482496054673746, "Id": 893, "class": "maritime" }, "geometry": { "type": "Point", "coordinates": [ 3.01990548028035, -38.482496054673746 ] } },
{ "type": "Feature", "properties": { "longitude": 6.50485501688207, "latitude": -38.482496054673746, "Id": 894, "class": "maritime" }, "geometry": { "type": "Point", "coordinates": [ 6.50485501688207, -38.482496054673746 ] } },
{ "type": "Feature", "properties": { "longitude": 9.9898045534837916, "latitude": -38.482496054673746, "Id": 895, "class": "maritime" }, "geometry": { "type": "Point", "coordinates": [ 9.989804553483792, -38.482496054673746 ] } },
{ "type": "Feature", "properties": { "longitude": 138.93293740774743, "latitude": -38.482496054673746, "Id": 896, "class": "maritime" }, "geometry": { "type": "Point", "coordinates": [ 138.932937407747431, -38.482496054673746 ] } },
{ "type": "Feature", "properties": { "longitude": 149.3877860175526, "latitude": -38.482496054673746, "Id": 897, "class": "maritime" }, "geometry": { "type": "Point", "coordinates": [ 149.3877860175526, -38.482496054673746 ] } },
{ "type": "Feature", "properties": { "longitude": 173.78243277376467, "latitude": -38.482496054673746, "Id": 898, "class": "maritime" }, "geometry": { "type": "Point", "coordinates": [ 173.782432773764668, -38.482496054673746 ] } },
{ "type": "Feature", "properties": { "longitude": -75.469798804437417, "latitude": -41.163977832468731, "Id": 899, "class": "maritime" }, "geometry": { "type": "Point", "coordinates": [ -75.469798804437431, -41.163977832468724 ] } },
{ "type": "Feature", "properties": { "longitude": -57.614261298957992, "latitude": -41.163977832468731, "Id": 900, "class": "maritime" }, "geometry": { "type": "Point", "coordinates": [ -57.614261298957992, -41.163977832468724 ] } },
{ "type": "Feature", "properties": { "longitude": 149.50997376460361, "latitude": -41.163977832468731, "Id": 901, "class": "maritime" }, "geometry": { "type": "Point", "coordinates": [ 149.509973764603615, -41.163977832468724 ] } },
{ "type": "Feature", "properties": { "longitude": 174.50772627227485, "latitude": -41.163977832468731, "Id": 902, "class": "maritime" }, "geometry": { "type": "Point", "coordinates": [ 174.507726272274851, -41.163977832468724 ] } },
{ "type": "Feature", "properties": { "longitude": -59.210974032146019, "latitude": -43.887148293864747, "Id": 903, "class": "maritime" }, "geometry": { "type": "Point", "coordinates": [ -59.210974032146019, -43.887148293864747 ] } },
{ "type": "Feature", "properties": { "longitude": -79.978079871362894, "latitude": -46.657537848045742, "Id": 904, "class": "maritime" }, "geometry": { "type": "Point", "coordinates": [ -79.978079871362894, -46.657537848045742 ] } },
{ "type": "Feature", "properties": { "longitude": -76.193647880336087, "latitude": -46.657537848045742, "Id": 905, "class": "maritime" }, "geometry": { "type": "Point", "coordinates": [ -76.193647880336073, -46.657537848045742 ] } },
{ "type": "Feature", "properties": { "longitude": -61.055919916228817, "latitude": -46.657537848045742, "Id": 906, "class": "maritime" }, "geometry": { "type": "Point", "coordinates": [ -61.055919916228817, -46.657537848045742 ] } },
{ "type": "Feature", "properties": { "longitude": 169.79443153640679, "latitude": -46.657537848045742, "Id": 907, "class": "maritime" }, "geometry": { "type": "Point", "coordinates": [ 169.79443153640679, -46.657537848045742 ] } },
{ "type": "Feature", "properties": { "longitude": -63.204237606580229, "latitude": -49.481665163599935, "Id": 908, "class": "maritime" }, "geometry": { "type": "Point", "coordinates": [ -63.204237606580236, -49.481665163599935 ] } },
{ "type": "Feature", "properties": { "longitude": -73.001168846072247, "latitude": -55.324130873400811, "Id": 909, "class": "maritime" }, "geometry": { "type": "Point", "coordinates": [ -73.001168846072247, -55.324130873400804 ] } },
{ "type": "Feature", "properties": { "longitude": -64.479686447007367, "latitude": -55.324130873400811, "Id": 910, "class": "maritime" }, "geometry": { "type": "Point", "coordinates": [ -64.479686447007367, -55.324130873400804 ] } },
{ "type": "Feature", "properties": { "longitude": -176.6156, "latitude": 51.8808, "Id": 911, "class": "port" }, "geometry": { "type": "Point", "coordinates": [ -176.6156, 51.8808 ] } },
{ "type": "Feature", "properties": { "longitude": -175.2037, "latitude": -21.13267, "Id": 912, "class": "port" }, "geometry": { "type": "Point", "coordinates": [ -175.2037, -21.13267 ] } },
{ "type": "Feature", "properties": { "longitude": -174.3549, "latitude": -19.79967, "Id": 913, "class": "port" }, "geometry": { "type": "Point", "coordinates": [ -174.3549, -19.79967 ] } },
{ "type": "Feature", "properties": { "longitude": -174.0117438, "latitude": -18.66135737, "Id": 914, "class": "port" }, "geometry": { "type": "Point", "coordinates": [ -174.0117438, -18.66135737 ] } },
{ "type": "Feature", "properties": { "longitude": -173.2981, "latitude": 64.4511, "Id": 915, "class": "port" }, "geometry": { "type": "Point", "coordinates": [ -173.2981, 64.4511 ] } },
{ "type": "Feature", "properties": { "longitude": -171.7667, "latitude": -13.8167, "Id": 916, "class": "port" }, "geometry": { "type": "Point", "coordinates": [ -171.7667, -13.8167 ] } },
{ "type": "Feature", "properties": { "longitude": -170.6909, "latitude": -14.28117, "Id": 917, "class": "port" }, "geometry": { "type": "Point", "coordinates": [ -170.6909, -14.28117 ] } },
{ "type": "Feature", "properties": { "longitude": -166.5459169, "latitude": 53.89795387, "Id": 918, "class": "port" }, "geometry": { "type": "Point", "coordinates": [ -166.5459169, 53.89795387 ] } },
{ "type": "Feature", "properties": { "longitude": -165.4345085, "latitude": 64.49856173000001, "Id": 919, "class": "port" }, "geometry": { "type": "Point", "coordinates": [ -165.4345085, 64.49856173 ] } },
{ "type": "Feature", "properties": { "longitude": -159.7834777, "latitude": -21.2016624, "Id": 920, "class": "port" }, "geometry": { "type": "Point", "coordinates": [ -159.7834777, -21.2016624 ] } },
{ "type": "Feature", "properties": { "longitude": -159.35988, "latitude": 3.8573, "Id": 921, "class": "port" }, "geometry": { "type": "Point", "coordinates": [ -159.35988, 3.8573 ] } },
{ "type": "Feature", "properties": { "longitude": -159.35, "latitude": 21.95, "Id": 922, "class": "port" }, "geometry": { "type": "Point", "coordinates": [ -159.35, 21.95 ] } },
{ "type": "Feature", "properties": { "longitude": -158.005246, "latitude": 21.29861638, "Id": 923, "class": "port" }, "geometry": { "type": "Point", "coordinates": [ -158.005246, 21.29861638 ] } },
{ "type": "Feature", "properties": { "longitude": -156.7833, "latitude": 71.2833, "Id": 924, "class": "port" }, "geometry": { "type": "Point", "coordinates": [ -156.7833, 71.2833 ] } },
{ "type": "Feature", "properties": { "longitude": -152.4003, "latitude": 57.7872, "Id": 925, "class": "port" }, "geometry": { "type": "Point", "coordinates": [ -152.4003, 57.7872 ] } },
{ "type": "Feature", "properties": { "longitude": -151.7513, "latitude": -16.51117, "Id": 926, "class": "port" }, "geometry": { "type": "Point", "coordinates": [ -151.7513, -16.51117 ] } },
{ "type": "Feature", "properties": { "longitude": -151.4188783, "latitude": 59.6047541, "Id": 927, "class": "port" }, "geometry": { "type": "Point", "coordinates": [ -151.418878299999989, 59.6047541 ] } },
{ "type": "Feature", "properties": { "longitude": -151.263636, "latitude": 60.70688, "Id": 928, "class": "port" }, "geometry": { "type": "Point", "coordinates": [ -151.263636, 60.70688 ] } },
{ "type": "Feature", "properties": { "longitude": -149.8951731, "latitude": 61.22642103, "Id": 929, "class": "port" }, "geometry": { "type": "Point", "coordinates": [ -149.8951731, 61.22642103 ] } },
{ "type": "Feature", "properties": { "longitude": -149.5667, "latitude": -17.5333, "Id": 930, "class": "port" }, "geometry": { "type": "Point", "coordinates": [ -149.5667, -17.5333 ] } },
{ "type": "Feature", "properties": { "longitude": -146.3842231, "latitude": 61.10230849, "Id": 931, "class": "port" }, "geometry": { "type": "Point", "coordinates": [ -146.384223100000014, 61.10230849 ] } },
{ "type": "Feature", "properties": { "longitude": -139.7351, "latitude": 59.54633, "Id": 932, "class": "port" }, "geometry": { "type": "Point", "coordinates": [ -139.7351, 59.54633 ] } },
{ "type": "Feature", "properties": { "longitude": -136.7878, "latitude": 58.1161, "Id": 933, "class": "port" }, "geometry": { "type": "Point", "coordinates": [ -136.7878, 58.1161 ] } },
{ "type": "Feature", "properties": { "longitude": -135.3439, "latitude": 57.0517, "Id": 934, "class": "port" }, "geometry": { "type": "Point", "coordinates": [ -135.3439, 57.0517 ] } },
{ "type": "Feature", "properties": { "longitude": -135.3294494, "latitude": 59.45040169, "Id": 935, "class": "port" }, "geometry": { "type": "Point", "coordinates": [ -135.329449399999987, 59.45040169 ] } },
{ "type": "Feature", "properties": { "longitude": -134.5445382, "latitude": 58.34153508, "Id": 936, "class": "port" }, "geometry": { "type": "Point", "coordinates": [ -134.5445382, 58.34153508 ] } },
{ "type": "Feature", "properties": { "longitude": -132.8163, "latitude": 55.20363, "Id": 937, "class": "port" }, "geometry": { "type": "Point", "coordinates": [ -132.8163, 55.20363 ] } },
{ "type": "Feature", "properties": { "longitude": -130.2997016, "latitude": 54.2724405, "Id": 938, "class": "port" }, "geometry": { "type": "Point", "coordinates": [ -130.2997016, 54.2724405 ] } },
{ "type": "Feature", "properties": { "longitude": -130.0057, "latitude": 55.90553, "Id": 939, "class": "port" }, "geometry": { "type": "Point", "coordinates": [ -130.0057, 55.90553 ] } },
{ "type": "Feature", "properties": { "longitude": -128.8022, "latitude": 53.9981, "Id": 940, "class": "port" }, "geometry": { "type": "Point", "coordinates": [ -128.8022, 53.9981 ] } },
{ "type": "Feature", "properties": { "longitude": -126.9183, "latitude": 50.5472, "Id": 941, "class": "port" }, "geometry": { "type": "Point", "coordinates": [ -126.9183, 50.5472 ] } },
{ "type": "Feature", "properties": { "longitude": -126.122, "latitude": 49.65993, "Id": 942, "class": "port" }, "geometry": { "type": "Point", "coordinates": [ -126.122, 49.65993 ] } },
{ "type": "Feature", "properties": { "longitude": -125.2806, "latitude": 50.07413, "Id": 943, "class": "port" }, "geometry": { "type": "Point", "coordinates": [ -125.2806, 50.07413 ] } },
{ "type": "Feature", "properties": { "longitude": -124.8271, "latitude": 49.25053, "Id": 944, "class": "port" }, "geometry": { "type": "Point", "coordinates": [ -124.8271, 49.25053 ] } },
{ "type": "Feature", "properties": { "longitude": -124.75, "latitude": 70.1833, "Id": 945, "class": "port" }, "geometry": { "type": "Point", "coordinates": [ -124.75, 70.1833 ] } },
{ "type": "Feature", "properties": { "longitude": -124.5258, "latitude": 49.84573, "Id": 946, "class": "port" }, "geometry": { "type": "Point", "coordinates": [ -124.5258, 49.84573 ] } },
{ "type": "Feature", "properties": { "longitude": -124.2293628, "latitude": 43.41285418, "Id": 947, "class": "port" }, "geometry": { "type": "Point", "coordinates": [ -124.2293628, 43.41285418 ] } },
{ "type": "Feature", "properties": { "longitude": -124.1833, "latitude": 40.8, "Id": 948, "class": "port" }, "geometry": { "type": "Point", "coordinates": [ -124.1833, 40.8 ] } },
{ "type": "Feature", "properties": { "longitude": -124.0274924, "latitude": 46.93890344, "Id": 949, "class": "port" }, "geometry": { "type": "Point", "coordinates": [ -124.0274924, 46.93890344 ] } },
{ "type": "Feature", "properties": { "longitude": -123.8449, "latitude": 46.18873, "Id": 950, "class": "port" }, "geometry": { "type": "Point", "coordinates": [ -123.8449, 46.18873 ] } },
{ "type": "Feature", "properties": { "longitude": -123.2624651, "latitude": 48.94972894, "Id": 951, "class": "port" }, "geometry": { "type": "Point", "coordinates": [ -123.2624651, 48.94972894 ] } },
{ "type": "Feature", "properties": { "longitude": -123.0675, "latitude": 38.2772, "Id": 952, "class": "port" }, "geometry": { "type": "Point", "coordinates": [ -123.0675, 38.2772 ] } },
{ "type": "Feature", "properties": { "longitude": -122.9236995, "latitude": 45.89812863, "Id": 953, "class": "port" }, "geometry": { "type": "Point", "coordinates": [ -122.9236995, 45.89812863 ] } },
{ "type": "Feature", "properties": { "longitude": -122.5225509, "latitude": 47.48762782, "Id": 954, "class": "port" }, "geometry": { "type": "Point", "coordinates": [ -122.5225509, 47.48762782 ] } },
{ "type": "Feature", "properties": { "longitude": -121.9482886, "latitude": 37.87453628, "Id": 955, "class": "port" }, "geometry": { "type": "Point", "coordinates": [ -121.9482886, 37.87453628 ] } },
{ "type": "Feature", "properties": { "longitude": -119.4352466, "latitude": 34.28427144, "Id": 956, "class": "port" }, "geometry": { "type": "Point", "coordinates": [ -119.4352466, 34.28427144 ] } },
{ "type": "Feature", "properties": { "longitude": -118.3515419, "latitude": 33.82359564, "Id": 957, "class": "port" }, "geometry": { "type": "Point", "coordinates": [ -118.3515419, 33.82359564 ] } },
{ "type": "Feature", "properties": { "longitude": -117.1246382, "latitude": 32.53830417, "Id": 958, "class": "port" }, "geometry": { "type": "Point", "coordinates": [ -117.1246382, 32.53830417 ] } },
{ "type": "Feature", "properties": { "longitude": -116.6333, "latitude": 31.8667, "Id": 959, "class": "port" }, "geometry": { "type": "Point", "coordinates": [ -116.6333, 31.8667 ] } },
{ "type": "Feature", "properties": { "longitude": -115.2153, "latitude": 28.0578, "Id": 960, "class": "port" }, "geometry": { "type": "Point", "coordinates": [ -115.2153, 28.0578 ] } },
{ "type": "Feature", "properties": { "longitude": -115.05, "latitude": 67.8, "Id": 961, "class": "port" }, "geometry": { "type": "Point", "coordinates": [ -115.05, 67.8 ] } },
{ "type": "Feature", "properties": { "longitude": -112.2011545, "latitude": 27.26779513, "Id": 962, "class": "port" }, "geometry": { "type": "Point", "coordinates": [ -112.2011545, 27.26779513 ] } },
{ "type": "Feature", "properties": { "longitude": -112.115, "latitude": 24.78743, "Id": 963, "class": "port" }, "geometry": { "type": "Point", "coordinates": [ -112.115, 24.78743 ] } },
{ "type": "Feature", "properties": { "longitude": -110.9167, "latitude": 27.9167, "Id": 964, "class": "port" }, "geometry": { "type": "Point", "coordinates": [ -110.9167, 27.9167 ] } },
{ "type": "Feature", "properties": { "longitude": -110.4948436, "latitude": 24.26945377, "Id": 965, "class": "port" }, "geometry": { "type": "Point", "coordinates": [ -110.4948436, 24.26945377 ] } },
{ "type": "Feature", "properties": { "longitude": -109.4338, "latitude": -27.14787, "Id": 966, "class": "port" }, "geometry": { "type": "Point", "coordinates": [ -109.4338, -27.14787 ] } },
{ "type": "Feature", "properties": { "longitude": -109.0667, "latitude": 25.6, "Id": 967, "class": "port" }, "geometry": { "type": "Point", "coordinates": [ -109.0667, 25.6 ] } },
{ "type": "Feature", "properties": { "longitude": -106.4167, "latitude": 23.2, "Id": 968, "class": "port" }, "geometry": { "type": "Point", "coordinates": [ -106.4167, 23.2 ] } },
{ "type": "Feature", "properties": { "longitude": -105.2528, "latitude": 20.61033, "Id": 969, "class": "port" }, "geometry": { "type": "Point", "coordinates": [ -105.2528, 20.61033 ] } },
{ "type": "Feature", "properties": { "longitude": -105.0585, "latitude": 69.1135, "Id": 970, "class": "port" }, "geometry": { "type": "Point", "coordinates": [ -105.0585, 69.1135 ] } },
{ "type": "Feature", "properties": { "longitude": -104.3622, "latitude": 19.0553, "Id": 971, "class": "port" }, "geometry": { "type": "Point", "coordinates": [ -104.3622, 19.0553 ] } },
{ "type": "Feature", "properties": { "longitude": -102.2117, "latitude": 17.9214, "Id": 972, "class": "port" }, "geometry": { "type": "Point", "coordinates": [ -102.2117, 17.9214 ] } },
{ "type": "Feature", "properties": { "longitude": -99.87177916, "latitude": 16.8252259, "Id": 973, "class": "port" }, "geometry": { "type": "Point", "coordinates": [ -99.87177916, 16.8252259 ] } },
{ "type": "Feature", "properties": { "longitude": -97.8667, "latitude": 22.2167, "Id": 974, "class": "port" }, "geometry": { "type": "Point", "coordinates": [ -97.8667, 22.2167 ] } },
{ "type": "Feature", "properties": { "longitude": -97.4103, "latitude": 27.7908, "Id": 975, "class": "port" }, "geometry": { "type": "Point", "coordinates": [ -97.4103, 27.7908 ] } },
{ "type": "Feature", "properties": { "longitude": -97.4, "latitude": 20.95, "Id": 976, "class": "port" }, "geometry": { "type": "Point", "coordinates": [ -97.4, 20.95 ] } },
{ "type": "Feature", "properties": { "longitude": -97.4, "latitude": 25.95, "Id": 977, "class": "port" }, "geometry": { "type": "Point", "coordinates": [ -97.4, 25.95 ] } },
{ "type": "Feature", "properties": { "longitude": -96.5719, "latitude": 28.66163, "Id": 978, "class": "port" }, "geometry": { "type": "Point", "coordinates": [ -96.5719, 28.66163 ] } },
{ "type": "Feature", "properties": { "longitude": -96.1333, "latitude": 19.2, "Id": 979, "class": "port" }, "geometry": { "type": "Point", "coordinates": [ -96.1333, 19.2 ] } },
{ "type": "Feature", "properties": { "longitude": -95.8667, "latitude": 68.6167, "Id": 980, "class": "port" }, "geometry": { "type": "Point", "coordinates": [ -95.8667, 68.6167 ] } },
{ "type": "Feature", "properties": { "longitude": -95.5764, "latitude": 64.1511, "Id": 981, "class": "port" }, "geometry": { "type": "Point", "coordinates": [ -95.5764, 64.1511 ] } },
{ "type": "Feature", "properties": { "longitude": -95.3431, "latitude": 28.9411, "Id": 982, "class": "port" }, "geometry": { "type": "Point", "coordinates": [ -95.3431, 28.9411 ] } },
{ "type": "Feature", "properties": { "longitude": -95.2097, "latitude": 16.1711, "Id": 983, "class": "port" }, "geometry": { "type": "Point", "coordinates": [ -95.2097, 16.1711 ] } },
{ "type": "Feature", "properties": { "longitude": -95.01911287, "latitude": 29.55952294, "Id": 984, "class": "port" }, "geometry": { "type": "Point", "coordinates": [ -95.01911287, 29.55952294 ] } },
{ "type": "Feature", "properties": { "longitude": -94.8333, "latitude": 74.6833, "Id": 985, "class": "port" }, "geometry": { "type": "Point", "coordinates": [ -94.8333, 74.6833 ] } },
{ "type": "Feature", "properties": { "longitude": -94.6026, "latitude": 28.4969, "Id": 986, "class": "port" }, "geometry": { "type": "Point", "coordinates": [ -94.6026, 28.4969 ] } },
{ "type": "Feature", "properties": { "longitude": -94.42945496, "latitude": 18.14449957, "Id": 987, "class": "port" }, "geometry": { "type": "Point", "coordinates": [ -94.42945496, 18.14449957 ] } },
{ "type": "Feature", "properties": { "longitude": -94.14175837000001, "latitude": 58.77363836, "Id": 988, "class": "port" }, "geometry": { "type": "Point", "coordinates": [ -94.14175837, 58.77363836 ] } },
{ "type": "Feature", "properties": { "longitude": -94.05, "latitude": 61.1, "Id": 989, "class": "port" }, "geometry": { "type": "Point", "coordinates": [ -94.05, 61.1 ] } },
{ "type": "Feature", "properties": { "longitude": -93.72869081, "latitude": 30.02681352, "Id": 990, "class": "port" }, "geometry": { "type": "Point", "coordinates": [ -93.72869081, 30.02681352 ] } },
{ "type": "Feature", "properties": { "longitude": -93.6906, "latitude": 28.5409, "Id": 991, "class": "port" }, "geometry": { "type": "Point", "coordinates": [ -93.6906, 28.5409 ] } },
{ "type": "Feature", "properties": { "longitude": -93.5167, "latitude": 69.5333, "Id": 992, "class": "port" }, "geometry": { "type": "Point", "coordinates": [ -93.5167, 69.5333 ] } },
{ "type": "Feature", "properties": { "longitude": -93.17877531000001, "latitude": 18.61824194, "Id": 993, "class": "port" }, "geometry": { "type": "Point", "coordinates": [ -93.17877531, 18.61824194 ] } },
{ "type": "Feature", "properties": { "longitude": -92.5667, "latitude": 62.1667, "Id": 994, "class": "port" }, "geometry": { "type": "Point", "coordinates": [ -92.5667, 62.1667 ] } },
{ "type": "Feature", "properties": { "longitude": -92.4422, "latitude": 14.7372, "Id": 995, "class": "port" }, "geometry": { "type": "Point", "coordinates": [ -92.4422, 14.7372 ] } },
{ "type": "Feature", "properties": { "longitude": -92.2287, "latitude": 19.5375, "Id": 996, "class": "port" }, "geometry": { "type": "Point", "coordinates": [ -92.2287, 19.5375 ] } },
{ "type": "Feature", "properties": { "longitude": -92.0833, "latitude": 62.8, "Id": 997, "class": "port" }, "geometry": { "type": "Point", "coordinates": [ -92.0833, 62.8 ] } },
{ "type": "Feature", "properties": { "longitude": -92.06810201, "latitude": 46.76912652, "Id": 998, "class": "port" }, "geometry": { "type": "Point", "coordinates": [ -92.06810201, 46.76912652 ] } },
{ "type": "Feature", "properties": { "longitude": -92.0042838, "latitude": 20.1865928, "Id": 999, "class": "port" }, "geometry": { "type": "Point", "coordinates": [ -92.0042838, 20.1865928 ] } },
{ "type": "Feature", "properties": { "longitude": -91.8449, "latitude": 18.64803, "Id": 1000, "class": "port" }, "geometry": { "type": "Point", "coordinates": [ -91.8449, 18.64803 ] } },
{ "type": "Feature", "properties": { "longitude": -91.3682, "latitude": -0.26037, "Id": 1001, "class": "port" }, "geometry": { "type": "Point", "coordinates": [ -91.3682, -0.26037 ] } },
{ "type": "Feature", "properties": { "longitude": -91.257, "latitude": 47.27713, "Id": 1002, "class": "port" }, "geometry": { "type": "Point", "coordinates": [ -91.257, 47.27713 ] } },
{ "type": "Feature", "properties": { "longitude": -90.82498276, "latitude": 13.91213269, "Id": 1003, "class": "port" }, "geometry": { "type": "Point", "coordinates": [ -90.82498276, 13.91213269 ] } },
{ "type": "Feature", "properties": { "longitude": -90.7, "latitude": 63.3333, "Id": 1004, "class": "port" }, "geometry": { "type": "Point", "coordinates": [ -90.7, 63.3333 ] } },
{ "type": "Feature", "properties": { "longitude": -90.34504536, "latitude": 29.68718469, "Id": 1005, "class": "port" }, "geometry": { "type": "Point", "coordinates": [ -90.34504536, 29.68718469 ] } },
{ "type": "Feature", "properties": { "longitude": -89.8581, "latitude": 13.6036, "Id": 1006, "class": "port" }, "geometry": { "type": "Point", "coordinates": [ -89.8581, 13.6036 ] } },
{ "type": "Feature", "properties": { "longitude": -89.6667, "latitude": 21.2833, "Id": 1007, "class": "port" }, "geometry": { "type": "Point", "coordinates": [ -89.6667, 21.2833 ] } },
{ "type": "Feature", "properties": { "longitude": -89.6167, "latitude": -0.9, "Id": 1008, "class": "port" }, "geometry": { "type": "Point", "coordinates": [ -89.6167, -0.9 ] } },
{ "type": "Feature", "properties": { "longitude": -89.2414, "latitude": 48.43, "Id": 1009, "class": "port" }, "geometry": { "type": "Point", "coordinates": [ -89.2414, 48.43 ] } },
{ "type": "Feature", "properties": { "longitude": -88.67677157, "latitude": 15.76714843, "Id": 1010, "class": "port" }, "geometry": { "type": "Point", "coordinates": [ -88.67677157, 15.76714843 ] } },
{ "type": "Feature", "properties": { "longitude": -88.6038, "latitude": 47.23273, "Id": 1011, "class": "port" }, "geometry": { "type": "Point", "coordinates": [ -88.6038, 47.23273 ] } },
{ "type": "Feature", "properties": { "longitude": -88.59560102, "latitude": 30.46510686, "Id": 1012, "class": "port" }, "geometry": { "type": "Point", "coordinates": [ -88.59560102, 30.46510686 ] } },
{ "type": "Feature", "properties": { "longitude": -88.4244, "latitude": 16.5044, "Id": 1013, "class": "port" }, "geometry": { "type": "Point", "coordinates": [ -88.4244, 16.5044 ] } },
{ "type": "Feature", "properties": { "longitude": -88.1849, "latitude": 17.48543, "Id": 1014, "class": "port" }, "geometry": { "type": "Point", "coordinates": [ -88.1849, 17.48543 ] } },
{ "type": "Feature", "properties": { "longitude": -87.86924174000001, "latitude": 44.32029848, "Id": 1015, "class": "port" }, "geometry": { "type": "Point", "coordinates": [ -87.86924174, 44.32029848 ] } },
{ "type": "Feature", "properties": { "longitude": -87.8280842, "latitude": 42.87169115, "Id": 1016, "class": "port" }, "geometry": { "type": "Point", "coordinates": [ -87.8280842, 42.87169115 ] } },
{ "type": "Feature", "properties": { "longitude": -87.71775514, "latitude": 15.8043516, "Id": 1017, "class": "port" }, "geometry": { "type": "Point", "coordinates": [ -87.71775514, 15.8043516 ] } },
{ "type": "Feature", "properties": { "longitude": -87.64571315000001, "latitude": 13.37702117, "Id": 1018, "class": "port" }, "geometry": { "type": "Point", "coordinates": [ -87.64571315, 13.37702117 ] } },
{ "type": "Feature", "properties": { "longitude": -87.5974, "latitude": 45.07753, "Id": 1019, "class": "port" }, "geometry": { "type": "Point", "coordinates": [ -87.5974, 45.07753 ] } },
{ "type": "Feature", "properties": { "longitude": -87.38296838, "latitude": 41.72644261, "Id": 1020, "class": "port" }, "geometry": { "type": "Point", "coordinates": [ -87.38296838, 41.72644261 ] } },
{ "type": "Feature", "properties": { "longitude": -87.2167, "latitude": 30.4, "Id": 1021, "class": "port" }, "geometry": { "type": "Point", "coordinates": [ -87.2167, 30.4 ] } },
{ "type": "Feature", "properties": { "longitude": -87.06156102, "latitude": 20.53472381, "Id": 1022, "class": "port" }, "geometry": { "type": "Point", "coordinates": [ -87.06156102, 20.53472381 ] } },
{ "type": "Feature", "properties": { "longitude": -87.0564, "latitude": 45.75233, "Id": 1023, "class": "port" }, "geometry": { "type": "Point", "coordinates": [ -87.0564, 45.75233 ] } },
{ "type": "Feature", "properties": { "longitude": -86.98669787, "latitude": 12.34344879, "Id": 1024, "class": "port" }, "geometry": { "type": "Point", "coordinates": [ -86.98669787, 12.34344879 ] } },
{ "type": "Feature", "properties": { "longitude": -86.8313, "latitude": 15.76423, "Id": 1025, "class": "port" }, "geometry": { "type": "Point", "coordinates": [ -86.8313, 15.76423 ] } },
{ "type": "Feature", "properties": { "longitude": -86.6533, "latitude": 46.41213, "Id": 1026, "class": "port" }, "geometry": { "type": "Point", "coordinates": [ -86.6533, 46.41213 ] } },
{ "type": "Feature", "properties": { "longitude": -86.3963, "latitude": 48.74093, "Id": 1027, "class": "port" }, "geometry": { "type": "Point", "coordinates": [ -86.3963, 48.74093 ] } },
{ "type": "Feature", "properties": { "longitude": -86.23155611, "latitude": 43.15391164, "Id": 1028, "class": "port" }, "geometry": { "type": "Point", "coordinates": [ -86.23155611, 43.15391164 ] } },
{ "type": "Feature", "properties": { "longitude": -85.9333, "latitude": 79.9667, "Id": 1029, "class": "port" }, "geometry": { "type": "Point", "coordinates": [ -85.9333, 79.9667 ] } },
{ "type": "Feature", "properties": { "longitude": -85.93104579, "latitude": 16.230133, "Id": 1030, "class": "port" }, "geometry": { "type": "Point", "coordinates": [ -85.93104579, 16.230133 ] } },
{ "type": "Feature", "properties": { "longitude": -85.15, "latitude": 73.0333, "Id": 1031, "class": "port" }, "geometry": { "type": "Point", "coordinates": [ -85.15, 73.0333 ] } },
{ "type": "Feature", "properties": { "longitude": -84.84447437, "latitude": 45.53714311, "Id": 1032, "class": "port" }, "geometry": { "type": "Point", "coordinates": [ -84.84447437, 45.53714311 ] } },
{ "type": "Feature", "properties": { "longitude": -84.78217397, "latitude": 9.946236903000001, "Id": 1033, "class": "port" }, "geometry": { "type": "Point", "coordinates": [ -84.78217397, 9.946236903 ] } },
{ "type": "Feature", "properties": { "longitude": -84.347588, "latitude": 46.497712, "Id": 1034, "class": "port" }, "geometry": { "type": "Point", "coordinates": [ -84.347588, 46.497712 ] } },
{ "type": "Feature", "properties": { "longitude": -83.8158, "latitude": 45.42033, "Id": 1035, "class": "port" }, "geometry": { "type": "Point", "coordinates": [ -83.8158, 45.42033 ] } },
{ "type": "Feature", "properties": { "longitude": -83.75772, "latitude": 12.01501, "Id": 1036, "class": "port" }, "geometry": { "type": "Point", "coordinates": [ -83.75772, 12.01501 ] } },
{ "type": "Feature", "properties": { "longitude": -83.4897, "latitude": 41.7114, "Id": 1037, "class": "port" }, "geometry": { "type": "Point", "coordinates": [ -83.4897, 41.7114 ] } },
{ "type": "Feature", "properties": { "longitude": -83.38501, "latitude": 14.02004, "Id": 1038, "class": "port" }, "geometry": { "type": "Point", "coordinates": [ -83.38501, 14.02004 ] } },
{ "type": "Feature", "properties": { "longitude": -83.2729, "latitude": 44.66733, "Id": 1039, "class": "port" }, "geometry": { "type": "Point", "coordinates": [ -83.2729, 44.66733 ] } },
{ "type": "Feature", "properties": { "longitude": -83.1609, "latitude": 64.1334, "Id": 1040, "class": "port" }, "geometry": { "type": "Point", "coordinates": [ -83.1609, 64.1334 ] } },
{ "type": "Feature", "properties": { "longitude": -83.04904688000001, "latitude": 9.978143558, "Id": 1041, "class": "port" }, "geometry": { "type": "Point", "coordinates": [ -83.04904688, 9.978143558 ] } },
{ "type": "Feature", "properties": { "longitude": -83.0283606, "latitude": 8.45989176, "Id": 1042, "class": "port" }, "geometry": { "type": "Point", "coordinates": [ -83.0283606, 8.45989176 ] } },
{ "type": "Feature", "properties": { "longitude": -82.8833, "latitude": 76.4167, "Id": 1043, "class": "port" }, "geometry": { "type": "Point", "coordinates": [ -82.8833, 76.4167 ] } },
{ "type": "Feature", "properties": { "longitude": -82.75844854, "latitude": 23.04186226, "Id": 1044, "class": "port" }, "geometry": { "type": "Point", "coordinates": [ -82.75844854, 23.04186226 ] } },
{ "type": "Feature", "properties": { "longitude": -82.73488912000001, "latitude": 42.57151201, "Id": 1045, "class": "port" }, "geometry": { "type": "Point", "coordinates": [ -82.73488912, 42.57151201 ] } },
{ "type": "Feature", "properties": { "longitude": -82.51443288, "latitude": 27.64956102, "Id": 1046, "class": "port" }, "geometry": { "type": "Point", "coordinates": [ -82.51443288, 27.64956102 ] } },
{ "type": "Feature", "properties": { "longitude": -82.25921818, "latitude": 9.127998356000001, "Id": 1047, "class": "port" }, "geometry": { "type": "Point", "coordinates": [ -82.25921818, 9.127998356 ] } },
{ "type": "Feature", "properties": { "longitude": -81.99325411, "latitude": 41.53662775, "Id": 1048, "class": "port" }, "geometry": { "type": "Point", "coordinates": [ -81.99325411, 41.53662775 ] } },
{ "type": "Feature", "properties": { "longitude": -81.81, "latitude": 24.55323, "Id": 1049, "class": "port" }, "geometry": { "type": "Point", "coordinates": [ -81.81, 24.55323 ] } },
{ "type": "Feature", "properties": { "longitude": -81.7833, "latitude": 69.3667, "Id": 1050, "class": "port" }, "geometry": { "type": "Point", "coordinates": [ -81.7833, 69.3667 ] } },
{ "type": "Feature", "properties": { "longitude": -81.7558, "latitude": 43.7619, "Id": 1051, "class": "port" }, "geometry": { "type": "Point", "coordinates": [ -81.7558, 43.7619 ] } },
{ "type": "Feature", "properties": { "longitude": -81.53927, "latitude": 23.06364, "Id": 1052, "class": "port" }, "geometry": { "type": "Point", "coordinates": [ -81.53927, 23.06364 ] } },
{ "type": "Feature", "properties": { "longitude": -81.53675637000001, "latitude": 30.72418623, "Id": 1053, "class": "port" }, "geometry": { "type": "Point", "coordinates": [ -81.53675637, 30.72418623 ] } },
{ "type": "Feature", "properties": { "longitude": -81.367439, "latitude": 19.286932, "Id": 1054, "class": "port" }, "geometry": { "type": "Point", "coordinates": [ -81.367439, 19.286932 ] } },
{ "type": "Feature", "properties": { "longitude": -81.22251424, "latitude": -4.867254948, "Id": 1055, "class": "port" }, "geometry": { "type": "Point", "coordinates": [ -81.22251424, -4.867254948 ] } },
{ "type": "Feature", "properties": { "longitude": -81.2167, "latitude": 68.7667, "Id": 1056, "class": "port" }, "geometry": { "type": "Point", "coordinates": [ -81.2167, 68.7667 ] } },
{ "type": "Feature", "properties": { "longitude": -81.12441983, "latitude": 32.13809544, "Id": 1057, "class": "port" }, "geometry": { "type": "Point", "coordinates": [ -81.12441983, 32.13809544 ] } },
{ "type": "Feature", "properties": { "longitude": -80.9255, "latitude": 44.58433, "Id": 1058, "class": "port" }, "geometry": { "type": "Point", "coordinates": [ -80.9255, 44.58433 ] } },
{ "type": "Feature", "properties": { "longitude": -80.91674012, "latitude": -2.177998499, "Id": 1059, "class": "port" }, "geometry": { "type": "Point", "coordinates": [ -80.91674012, -2.177998499 ] } },
{ "type": "Feature", "properties": { "longitude": -80.9057, "latitude": 71.889, "Id": 1060, "class": "port" }, "geometry": { "type": "Point", "coordinates": [ -80.9057, 71.889 ] } },
{ "type": "Feature", "properties": { "longitude": -80.7167, "latitude": -0.95, "Id": 1061, "class": "port" }, "geometry": { "type": "Point", "coordinates": [ -80.7167, -0.95 ] } },
{ "type": "Feature", "properties": { "longitude": -80.694628, "latitude": 9.01982, "Id": 1062, "class": "port" }, "geometry": { "type": "Point", "coordinates": [ -80.694628, 9.01982 ] } },
{ "type": "Feature", "properties": { "longitude": -80.65406, "latitude": -3.66759, "Id": 1063, "class": "port" }, "geometry": { "type": "Point", "coordinates": [ -80.65406, -3.66759 ] } },
{ "type": "Feature", "properties": { "longitude": -80.45, "latitude": 22.15, "Id": 1064, "class": "port" }, "geometry": { "type": "Point", "coordinates": [ -80.45, 22.15 ] } },
{ "type": "Feature", "properties": { "longitude": -80.34024074, "latitude": 42.05384136, "Id": 1065, "class": "port" }, "geometry": { "type": "Point", "coordinates": [ -80.34024074, 42.05384136 ] } },
{ "type": "Feature", "properties": { "longitude": -80.3183, "latitude": 27.43893, "Id": 1066, "class": "port" }, "geometry": { "type": "Point", "coordinates": [ -80.3183, 27.43893 ] } },
{ "type": "Feature", "properties": { "longitude": -80.16079119, "latitude": 25.93726919, "Id": 1067, "class": "port" }, "geometry": { "type": "Point", "coordinates": [ -80.16079119, 25.93726919 ] } },
{ "type": "Feature", "properties": { "longitude": -80.0722, "latitude": 26.7739, "Id": 1068, "class": "port" }, "geometry": { "type": "Point", "coordinates": [ -80.0722, 26.7739 ] } },
{ "type": "Feature", "properties": { "longitude": -80.036, "latitude": 45.32993, "Id": 1069, "class": "port" }, "geometry": { "type": "Point", "coordinates": [ -80.036, 45.32993 ] } },
{ "type": "Feature", "properties": { "longitude": -79.9167, "latitude": 32.7833, "Id": 1070, "class": "port" }, "geometry": { "type": "Point", "coordinates": [ -79.9167, 32.7833 ] } },
{ "type": "Feature", "properties": { "longitude": -79.9073975, "latitude": -2.234416979, "Id": 1071, "class": "port" }, "geometry": { "type": "Point", "coordinates": [ -79.9073975, -2.234416979 ] } },
{ "type": "Feature", "properties": { "longitude": -79.86957, "latitude": -6.92758, "Id": 1072, "class": "port" }, "geometry": { "type": "Point", "coordinates": [ -79.86957, -6.92758 ] } },
{ "type": "Feature", "properties": { "longitude": -79.8053, "latitude": 19.7386, "Id": 1073, "class": "port" }, "geometry": { "type": "Point", "coordinates": [ -79.8053, 19.7386 ] } },
{ "type": "Feature", "properties": { "longitude": -79.74076726, "latitude": 9.092653688, "Id": 1074, "class": "port" }, "geometry": { "type": "Point", "coordinates": [ -79.74076726, 9.092653688 ] } },
{ "type": "Feature", "properties": { "longitude": -79.64808, "latitude": 0.98915, "Id": 1075, "class": "port" }, "geometry": { "type": "Point", "coordinates": [ -79.64808, 0.98915 ] } },
{ "type": "Feature", "properties": { "longitude": -79.52165596, "latitude": 43.12516331, "Id": 1076, "class": "port" }, "geometry": { "type": "Point", "coordinates": [ -79.52165596, 43.12516331 ] } },
{ "type": "Feature", "properties": { "longitude": -79.43635, "latitude": -7.69523, "Id": 1077, "class": "port" }, "geometry": { "type": "Point", "coordinates": [ -79.43635, -7.69523 ] } },
{ "type": "Feature", "properties": { "longitude": -79.3053, "latitude": 25.5903, "Id": 1078, "class": "port" }, "geometry": { "type": "Point", "coordinates": [ -79.3053, 25.5903 ] } },
{ "type": "Feature", "properties": { "longitude": -79.2167, "latitude": 56.5333, "Id": 1079, "class": "port" }, "geometry": { "type": "Point", "coordinates": [ -79.2167, 56.5333 ] } },
{ "type": "Feature", "properties": { "longitude": -79.0219, "latitude": -8.2189, "Id": 1080, "class": "port" }, "geometry": { "type": "Point", "coordinates": [ -79.0219, -8.2189 ] } },
{ "type": "Feature", "properties": { "longitude": -78.75, "latitude": 1.8167, "Id": 1081, "class": "port" }, "geometry": { "type": "Point", "coordinates": [ -78.75, 1.8167 ] } },
{ "type": "Feature", "properties": { "longitude": -78.74139919, "latitude": 43.87768197, "Id": 1082, "class": "port" }, "geometry": { "type": "Point", "coordinates": [ -78.74139919, 43.87768197 ] } },
{ "type": "Feature", "properties": { "longitude": -78.55734308, "latitude": -9.169327201, "Id": 1083, "class": "port" }, "geometry": { "type": "Point", "coordinates": [ -78.55734308, -9.169327201 ] } },
{ "type": "Feature", "properties": { "longitude": -78.4764811, "latitude": 26.56976796, "Id": 1084, "class": "port" }, "geometry": { "type": "Point", "coordinates": [ -78.4764811, 26.56976796 ] } },
{ "type": "Feature", "properties": { "longitude": -78.2, "latitude": 60.8, "Id": 1085, "class": "port" }, "geometry": { "type": "Point", "coordinates": [ -78.2, 60.8 ] } },
{ "type": "Feature", "properties": { "longitude": -78.17118, "latitude": -10.09738, "Id": 1086, "class": "port" }, "geometry": { "type": "Point", "coordinates": [ -78.17118, -10.09738 ] } },
{ "type": "Feature", "properties": { "longitude": -78.1, "latitude": 58.45, "Id": 1087, "class": "port" }, "geometry": { "type": "Point", "coordinates": [ -78.1, 58.45 ] } },
{ "type": "Feature", "properties": { "longitude": -77.9671, "latitude": 33.84303, "Id": 1088, "class": "port" }, "geometry": { "type": "Point", "coordinates": [ -77.9671, 33.84303 ] } },
{ "type": "Feature", "properties": { "longitude": -77.95, "latitude": 72.75, "Id": 1089, "class": "port" }, "geometry": { "type": "Point", "coordinates": [ -77.95, 72.75 ] } },
{ "type": "Feature", "properties": { "longitude": -77.9, "latitude": 62.4167, "Id": 1090, "class": "port" }, "geometry": { "type": "Point", "coordinates": [ -77.9, 62.4167 ] } },
{ "type": "Feature", "properties": { "longitude": -77.82028513, "latitude": 18.38800137, "Id": 1091, "class": "port" }, "geometry": { "type": "Point", "coordinates": [ -77.82028513, 18.38800137 ] } },
{ "type": "Feature", "properties": { "longitude": -77.75, "latitude": 55.2667, "Id": 1092, "class": "port" }, "geometry": { "type": "Point", "coordinates": [ -77.75, 55.2667 ] } },
{ "type": "Feature", "properties": { "longitude": -77.6167, "latitude": 20.7, "Id": 1093, "class": "port" }, "geometry": { "type": "Point", "coordinates": [ -77.6167, 20.7 ] } },
{ "type": "Feature", "properties": { "longitude": -77.6, "latitude": 43.2667, "Id": 1094, "class": "port" }, "geometry": { "type": "Point", "coordinates": [ -77.6, 43.2667 ] } },
{ "type": "Feature", "properties": { "longitude": -77.58615719, "latitude": 24.91875434, "Id": 1095, "class": "port" }, "geometry": { "type": "Point", "coordinates": [ -77.58615719, 24.91875434 ] } },
{ "type": "Feature", "properties": { "longitude": -77.40606675, "latitude": -11.4383431, "Id": 1096, "class": "port" }, "geometry": { "type": "Point", "coordinates": [ -77.40606675, -11.4383431 ] } },
{ "type": "Feature", "properties": { "longitude": -77.2835, "latitude": 37.30593, "Id": 1097, "class": "port" }, "geometry": { "type": "Point", "coordinates": [ -77.2835, 37.30593 ] } },
{ "type": "Feature", "properties": { "longitude": -77.2833, "latitude": 60.0333, "Id": 1098, "class": "port" }, "geometry": { "type": "Point", "coordinates": [ -77.2833, 60.0333 ] } },
{ "type": "Feature", "properties": { "longitude": -77.22777251, "latitude": 17.89989252, "Id": 1099, "class": "port" }, "geometry": { "type": "Point", "coordinates": [ -77.22777251, 17.89989252 ] } },
{ "type": "Feature", "properties": { "longitude": -77.21042, "latitude": 21.54402, "Id": 1100, "class": "port" }, "geometry": { "type": "Point", "coordinates": [ -77.21042, 21.54402 ] } },
{ "type": "Feature", "properties": { "longitude": -77.0667, "latitude": 3.8833, "Id": 1101, "class": "port" }, "geometry": { "type": "Point", "coordinates": [ -77.0667, 3.8833 ] } },
{ "type": "Feature", "properties": { "longitude": -76.73191, "latitude": 8.08929, "Id": 1102, "class": "port" }, "geometry": { "type": "Point", "coordinates": [ -76.73191, 8.08929 ] } },
{ "type": "Feature", "properties": { "longitude": -76.7211, "latitude": 34.7261, "Id": 1103, "class": "port" }, "geometry": { "type": "Point", "coordinates": [ -76.7211, 34.7261 ] } },
{ "type": "Feature", "properties": { "longitude": -76.5544, "latitude": 21.2892, "Id": 1104, "class": "port" }, "geometry": { "type": "Point", "coordinates": [ -76.5544, 21.2892 ] } },
{ "type": "Feature", "properties": { "longitude": -76.55, "latitude": 56.5333, "Id": 1105, "class": "port" }, "geometry": { "type": "Point", "coordinates": [ -76.55, 56.5333 ] } },
{ "type": "Feature", "properties": { "longitude": -76.55, "latitude": 64.2333, "Id": 1106, "class": "port" }, "geometry": { "type": "Point", "coordinates": [ -76.55, 64.2333 ] } },
{ "type": "Feature", "properties": { "longitude": -76.5167, "latitude": 43.4667, "Id": 1107, "class": "port" }, "geometry": { "type": "Point", "coordinates": [ -76.5167, 43.4667 ] } },
{ "type": "Feature", "properties": { "longitude": -76.46794098, "latitude": 38.8606222, "Id": 1108, "class": "port" }, "geometry": { "type": "Point", "coordinates": [ -76.46794098, 38.8606222 ] } },
{ "type": "Feature", "properties": { "longitude": -76.24189893, "latitude": 36.93166113, "Id": 1109, "class": "port" }, "geometry": { "type": "Point", "coordinates": [ -76.24189893, 36.93166113 ] } },
{ "type": "Feature", "properties": { "longitude": -76.20805826, "latitude": -13.60194273, "Id": 1110, "class": "port" }, "geometry": { "type": "Point", "coordinates": [ -76.20805826, -13.60194273 ] } },
{ "type": "Feature", "properties": { "longitude": -76.1928, "latitude": 24.88053, "Id": 1111, "class": "port" }, "geometry": { "type": "Point", "coordinates": [ -76.1928, 24.88053 ] } },
{ "type": "Feature", "properties": { "longitude": -75.8375, "latitude": 20.0056, "Id": 1112, "class": "port" }, "geometry": { "type": "Point", "coordinates": [ -75.8375, 20.0056 ] } },
{ "type": "Feature", "properties": { "longitude": -75.66669433, "latitude": 20.78363838, "Id": 1113, "class": "port" }, "geometry": { "type": "Point", "coordinates": [ -75.66669433, 20.78363838 ] } },
{ "type": "Feature", "properties": { "longitude": -75.6333, "latitude": 62.2, "Id": 1114, "class": "port" }, "geometry": { "type": "Point", "coordinates": [ -75.6333, 62.2 ] } },
{ "type": "Feature", "properties": { "longitude": -75.5819, "latitude": 9.5281, "Id": 1115, "class": "port" }, "geometry": { "type": "Point", "coordinates": [ -75.5819, 9.5281 ] } },
{ "type": "Feature", "properties": { "longitude": -75.55142408, "latitude": 44.60082935, "Id": 1116, "class": "port" }, "geometry": { "type": "Point", "coordinates": [ -75.55142408, 44.60082935 ] } },
{ "type": "Feature", "properties": { "longitude": -75.53552294000001, "latitude": 10.35154723, "Id": 1117, "class": "port" }, "geometry": { "type": "Point", "coordinates": [ -75.53552294, 10.35154723 ] } },
{ "type": "Feature", "properties": { "longitude": -75.5208, "latitude": 24.5067, "Id": 1118, "class": "port" }, "geometry": { "type": "Point", "coordinates": [ -75.5208, 24.5067 ] } },
{ "type": "Feature", "properties": { "longitude": -75.3333, "latitude": -50.3667, "Id": 1119, "class": "port" }, "geometry": { "type": "Point", "coordinates": [ -75.3333, -50.3667 ] } },
{ "type": "Feature", "properties": { "longitude": -75.2542, "latitude": -15.2375, "Id": 1120, "class": "port" }, "geometry": { "type": "Point", "coordinates": [ -75.2542, -15.2375 ] } },
{ "type": "Feature", "properties": { "longitude": -75.25301908, "latitude": 39.85917491, "Id": 1121, "class": "port" }, "geometry": { "type": "Point", "coordinates": [ -75.25301908, 39.85917491 ] } },
{ "type": "Feature", "properties": { "longitude": -75.1542, "latitude": 38.7939, "Id": 1122, "class": "port" }, "geometry": { "type": "Point", "coordinates": [ -75.1542, 38.7939 ] } },
{ "type": "Feature", "properties": { "longitude": -75.15218, "latitude": 19.99308, "Id": 1123, "class": "port" }, "geometry": { "type": "Point", "coordinates": [ -75.15218, 19.99308 ] } },
{ "type": "Feature", "properties": { "longitude": -74.9, "latitude": 20.6667, "Id": 1124, "class": "port" }, "geometry": { "type": "Point", "coordinates": [ -74.9, 20.6667 ] } },
{ "type": "Feature", "properties": { "longitude": -74.7223, "latitude": 62.16023, "Id": 1125, "class": "port" }, "geometry": { "type": "Point", "coordinates": [ -74.7223, 62.16023 ] } },
{ "type": "Feature", "properties": { "longitude": -74.52978675, "latitude": 11.08398079, "Id": 1126, "class": "port" }, "geometry": { "type": "Point", "coordinates": [ -74.52978675, 11.08398079 ] } },
{ "type": "Feature", "properties": { "longitude": -74.06717323, "latitude": 40.72669097, "Id": 1127, "class": "port" }, "geometry": { "type": "Point", "coordinates": [ -74.06717323, 40.72669097 ] } },
{ "type": "Feature", "properties": { "longitude": -73.8333, "latitude": -41.8667, "Id": 1128, "class": "port" }, "geometry": { "type": "Point", "coordinates": [ -73.8333, -41.8667 ] } },
{ "type": "Feature", "properties": { "longitude": -73.77079035, "latitude": 42.55931999, "Id": 1129, "class": "port" }, "geometry": { "type": "Point", "coordinates": [ -73.77079035, 42.55931999 ] } },
{ "type": "Feature", "properties": { "longitude": -73.6703, "latitude": 21.0558, "Id": 1130, "class": "port" }, "geometry": { "type": "Point", "coordinates": [ -73.6703, 21.0558 ] } },
{ "type": "Feature", "properties": { "longitude": -73.6162, "latitude": -16.2296, "Id": 1131, "class": "port" }, "geometry": { "type": "Point", "coordinates": [ -73.6162, -16.2296 ] } },
{ "type": "Feature", "properties": { "longitude": -73.5857354, "latitude": 45.58769688, "Id": 1132, "class": "port" }, "geometry": { "type": "Point", "coordinates": [ -73.5857354, 45.58769688 ] } },
{ "type": "Feature", "properties": { "longitude": -73.381642, "latitude": 11.261216, "Id": 1133, "class": "port" }, "geometry": { "type": "Point", "coordinates": [ -73.381642, 11.261216 ] } },
{ "type": "Feature", "properties": { "longitude": -73.33716168, "latitude": -39.84229161, "Id": 1134, "class": "port" }, "geometry": { "type": "Point", "coordinates": [ -73.33716168, -39.84229161 ] } },
{ "type": "Feature", "properties": { "longitude": -73.08811438, "latitude": -36.84233652, "Id": 1135, "class": "port" }, "geometry": { "type": "Point", "coordinates": [ -73.08811438, -36.84233652 ] } },
{ "type": "Feature", "properties": { "longitude": -73.06872984, "latitude": -41.62230902, "Id": 1136, "class": "port" }, "geometry": { "type": "Point", "coordinates": [ -73.06872984, -41.62230902 ] } },
{ "type": "Feature", "properties": { "longitude": -72.8930791, "latitude": 41.12548463, "Id": 1137, "class": "port" }, "geometry": { "type": "Point", "coordinates": [ -72.8930791, 41.12548463 ] } },
{ "type": "Feature", "properties": { "longitude": -72.83361582000001, "latitude": -45.47167587, "Id": 1138, "class": "port" }, "geometry": { "type": "Point", "coordinates": [ -72.83361582, -45.47167587 ] } },
{ "type": "Feature", "properties": { "longitude": -72.7037663, "latitude": 18.68376169, "Id": 1139, "class": "port" }, "geometry": { "type": "Point", "coordinates": [ -72.7037663, 18.68376169 ] } },
{ "type": "Feature", "properties": { "longitude": -72.5472902, "latitude": 46.33678809, "Id": 1140, "class": "port" }, "geometry": { "type": "Point", "coordinates": [ -72.5472902, 46.33678809 ] } },
{ "type": "Feature", "properties": { "longitude": -72.5097, "latitude": -51.73997, "Id": 1141, "class": "port" }, "geometry": { "type": "Point", "coordinates": [ -72.5097, -51.73997 ] } },
{ "type": "Feature", "properties": { "longitude": -72.32179739, "latitude": 21.68154772, "Id": 1142, "class": "port" }, "geometry": { "type": "Point", "coordinates": [ -72.32179739, 21.68154772 ] } },
{ "type": "Feature", "properties": { "longitude": -72.09052373, "latitude": 41.33944386, "Id": 1143, "class": "port" }, "geometry": { "type": "Point", "coordinates": [ -72.09052373, 41.33944386 ] } },
{ "type": "Feature", "properties": { "longitude": -72.07755972, "latitude": -17.00747892, "Id": 1144, "class": "port" }, "geometry": { "type": "Point", "coordinates": [ -72.07755972, -17.00747892 ] } },
{ "type": "Feature", "properties": { "longitude": -71.98618743, "latitude": 19.73469093, "Id": 1145, "class": "port" }, "geometry": { "type": "Point", "coordinates": [ -71.98618743, 19.73469093 ] } },
{ "type": "Feature", "properties": { "longitude": -71.97655542, "latitude": 12.26035969, "Id": 1146, "class": "port" }, "geometry": { "type": "Point", "coordinates": [ -71.97655542, 12.26035969 ] } },
{ "type": "Feature", "properties": { "longitude": -71.9593, "latitude": 61.6082, "Id": 1147, "class": "port" }, "geometry": { "type": "Point", "coordinates": [ -71.9593, 61.6082 ] } },
{ "type": "Feature", "properties": { "longitude": -71.710973, "latitude": -52.938772, "Id": 1148, "class": "port" }, "geometry": { "type": "Point", "coordinates": [ -71.710973, -52.938772 ] } },
{ "type": "Feature", "properties": { "longitude": -71.59907393, "latitude": -33.17167348, "Id": 1149, "class": "port" }, "geometry": { "type": "Point", "coordinates": [ -71.59907393, -33.17167348 ] } },
{ "type": "Feature", "properties": { "longitude": -71.53376734, "latitude": 10.55040613, "Id": 1150, "class": "port" }, "geometry": { "type": "Point", "coordinates": [ -71.53376734, 10.55040613 ] } },
{ "type": "Feature", "properties": { "longitude": -71.51069215, "latitude": -31.90975205, "Id": 1151, "class": "port" }, "geometry": { "type": "Point", "coordinates": [ -71.51069215, -31.90975205 ] } },
{ "type": "Feature", "properties": { "longitude": -71.4031, "latitude": -17.6547, "Id": 1152, "class": "port" }, "geometry": { "type": "Point", "coordinates": [ -71.4031, -17.6547 ] } },
{ "type": "Feature", "properties": { "longitude": -71.3333, "latitude": -29.95, "Id": 1153, "class": "port" }, "geometry": { "type": "Point", "coordinates": [ -71.3333, -29.95 ] } },
{ "type": "Feature", "properties": { "longitude": -71.25, "latitude": -28.4667, "Id": 1154, "class": "port" }, "geometry": { "type": "Point", "coordinates": [ -71.25, -28.4667 ] } },
{ "type": "Feature", "properties": { "longitude": -71.2079726, "latitude": 46.80208151, "Id": 1155, "class": "port" }, "geometry": { "type": "Point", "coordinates": [ -71.2079726, 46.80208151 ] } },
{ "type": "Feature", "properties": { "longitude": -71.1273, "latitude": 21.46073, "Id": 1156, "class": "port" }, "geometry": { "type": "Point", "coordinates": [ -71.1273, 21.46073 ] } },
{ "type": "Feature", "properties": { "longitude": -71.00146837, "latitude": 42.3364541, "Id": 1157, "class": "port" }, "geometry": { "type": "Point", "coordinates": [ -71.00146837, 42.3364541 ] } },
{ "type": "Feature", "properties": { "longitude": -70.99634204, "latitude": 41.70322761, "Id": 1158, "class": "port" }, "geometry": { "type": "Point", "coordinates": [ -70.99634204, 41.70322761 ] } },
{ "type": "Feature", "properties": { "longitude": -70.86121543, "latitude": -53.08114387, "Id": 1159, "class": "port" }, "geometry": { "type": "Point", "coordinates": [ -70.86121543, -53.08114387 ] } },
{ "type": "Feature", "properties": { "longitude": -70.85971866, "latitude": 48.37298362, "Id": 1160, "class": "port" }, "geometry": { "type": "Point", "coordinates": [ -70.85971866, 48.37298362 ] } },
{ "type": "Feature", "properties": { "longitude": -70.7694, "latitude": 43.0619, "Id": 1161, "class": "port" }, "geometry": { "type": "Point", "coordinates": [ -70.7694, 43.0619 ] } },
{ "type": "Feature", "properties": { "longitude": -70.73402141, "latitude": -26.60251999, "Id": 1162, "class": "port" }, "geometry": { "type": "Point", "coordinates": [ -70.73402141, -26.60251999 ] } },
{ "type": "Feature", "properties": { "longitude": -70.7028, "latitude": 19.8386, "Id": 1163, "class": "port" }, "geometry": { "type": "Point", "coordinates": [ -70.7028, 19.8386 ] } },
{ "type": "Feature", "properties": { "longitude": -70.40428369, "latitude": -23.21372586, "Id": 1164, "class": "port" }, "geometry": { "type": "Point", "coordinates": [ -70.40428369, -23.21372586 ] } },
{ "type": "Feature", "properties": { "longitude": -70.3333, "latitude": -18.4667, "Id": 1165, "class": "port" }, "geometry": { "type": "Point", "coordinates": [ -70.3333, -18.4667 ] } },
{ "type": "Feature", "properties": { "longitude": -70.2694, "latitude": 43.6619, "Id": 1166, "class": "port" }, "geometry": { "type": "Point", "coordinates": [ -70.2694, 43.6619 ] } },
{ "type": "Feature", "properties": { "longitude": -70.2333, "latitude": -22.0833, "Id": 1167, "class": "port" }, "geometry": { "type": "Point", "coordinates": [ -70.2333, -22.0833 ] } },
{ "type": "Feature", "properties": { "longitude": -70.2028, "latitude": -52.6478, "Id": 1168, "class": "port" }, "geometry": { "type": "Point", "coordinates": [ -70.2028, -52.6478 ] } },
{ "type": "Feature", "properties": { "longitude": -70.18805387, "latitude": -20.48248424, "Id": 1169, "class": "port" }, "geometry": { "type": "Point", "coordinates": [ -70.18805387, -20.48248424 ] } },
{ "type": "Feature", "properties": { "longitude": -70.144, "latitude": 47.61543, "Id": 1170, "class": "port" }, "geometry": { "type": "Point", "coordinates": [ -70.144, 47.61543 ] } },
{ "type": "Feature", "properties": { "longitude": -70.10855001, "latitude": 12.09694971, "Id": 1171, "class": "port" }, "geometry": { "type": "Point", "coordinates": [ -70.10855001, 12.09694971 ] } },
{ "type": "Feature", "properties": { "longitude": -70.06572207000001, "latitude": 18.38819101, "Id": 1172, "class": "port" }, "geometry": { "type": "Point", "coordinates": [ -70.06572207, 18.38819101 ] } },
{ "type": "Feature", "properties": { "longitude": -69.9333, "latitude": 58.7, "Id": 1173, "class": "port" }, "geometry": { "type": "Point", "coordinates": [ -69.9333, 58.7 ] } },
{ "type": "Feature", "properties": { "longitude": -69.8333, "latitude": 62.8667, "Id": 1174, "class": "port" }, "geometry": { "type": "Point", "coordinates": [ -69.8333, 62.8667 ] } },
{ "type": "Feature", "properties": { "longitude": -69.6167, "latitude": 61.0333, "Id": 1175, "class": "port" }, "geometry": { "type": "Point", "coordinates": [ -69.6167, 61.0333 ] } },
{ "type": "Feature", "properties": { "longitude": -69.6, "latitude": 59.3, "Id": 1176, "class": "port" }, "geometry": { "type": "Point", "coordinates": [ -69.6, 59.3 ] } },
{ "type": "Feature", "properties": { "longitude": -69.45885099, "latitude": 48.12781973, "Id": 1177, "class": "port" }, "geometry": { "type": "Point", "coordinates": [ -69.45885099, 48.12781973 ] } },
{ "type": "Feature", "properties": { "longitude": -69.2361, "latitude": 77.4669, "Id": 1178, "class": "port" }, "geometry": { "type": "Point", "coordinates": [ -69.2361, 77.4669 ] } },
{ "type": "Feature", "properties": { "longitude": -68.84969016, "latitude": 44.50856763, "Id": 1179, "class": "port" }, "geometry": { "type": "Point", "coordinates": [ -68.84969016, 44.50856763 ] } },
{ "type": "Feature", "properties": { "longitude": -68.8386, "latitude": 76.5403, "Id": 1180, "class": "port" }, "geometry": { "type": "Point", "coordinates": [ -68.8386, 76.5403 ] } },
{ "type": "Feature", "properties": { "longitude": -68.64788668, "latitude": 12.14214571, "Id": 1181, "class": "port" }, "geometry": { "type": "Point", "coordinates": [ -68.64788668, 12.14214571 ] } },
{ "type": "Feature", "properties": { "longitude": -68.5942, "latitude": 70.4679, "Id": 1182, "class": "port" }, "geometry": { "type": "Point", "coordinates": [ -68.5942, 70.4679 ] } },
{ "type": "Feature", "properties": { "longitude": -68.5242, "latitude": 63.7294, "Id": 1183, "class": "port" }, "geometry": { "type": "Point", "coordinates": [ -68.5242, 63.7294 ] } },
{ "type": "Feature", "properties": { "longitude": -68.51056642, "latitude": 48.48112807, "Id": 1184, "class": "port" }, "geometry": { "type": "Point", "coordinates": [ -68.51056642, 48.48112807 ] } },
{ "type": "Feature", "properties": { "longitude": -68.4356, "latitude": -50.0472, "Id": 1185, "class": "port" }, "geometry": { "type": "Point", "coordinates": [ -68.4356, -50.0472 ] } },
{ "type": "Feature", "properties": { "longitude": -68.2984, "latitude": -54.80327, "Id": 1186, "class": "port" }, "geometry": { "type": "Point", "coordinates": [ -68.2984, -54.80327 ] } },
{ "type": "Feature", "properties": { "longitude": -68.26028463, "latitude": -53.0725151, "Id": 1187, "class": "port" }, "geometry": { "type": "Point", "coordinates": [ -68.26028463, -53.0725151 ] } },
{ "type": "Feature", "properties": { "longitude": -68.14087582000001, "latitude": 49.23660125, "Id": 1188, "class": "port" }, "geometry": { "type": "Point", "coordinates": [ -68.14087582, 49.23660125 ] } },
{ "type": "Feature", "properties": { "longitude": -68.05995447, "latitude": 10.48479581, "Id": 1189, "class": "port" }, "geometry": { "type": "Point", "coordinates": [ -68.05995447, 10.48479581 ] } },
{ "type": "Feature", "properties": { "longitude": -67.6101, "latitude": -54.92937, "Id": 1190, "class": "port" }, "geometry": { "type": "Point", "coordinates": [ -67.6101, -54.92937 ] } },
{ "type": "Feature", "properties": { "longitude": -67.5877, "latitude": 48.85023, "Id": 1191, "class": "port" }, "geometry": { "type": "Point", "coordinates": [ -67.5877, 48.85023 ] } },
{ "type": "Feature", "properties": { "longitude": -67.49925121, "latitude": -46.15325669, "Id": 1192, "class": "port" }, "geometry": { "type": "Point", "coordinates": [ -67.49925121, -46.15325669 ] } },
{ "type": "Feature", "properties": { "longitude": -67.06093969, "latitude": 45.02596315, "Id": 1193, "class": "port" }, "geometry": { "type": "Point", "coordinates": [ -67.06093969, 45.02596315 ] } },
{ "type": "Feature", "properties": { "longitude": -66.99103003, "latitude": 10.60616085, "Id": 1194, "class": "port" }, "geometry": { "type": "Point", "coordinates": [ -66.99103003, 10.60616085 ] } },
{ "type": "Feature", "properties": { "longitude": -66.84464424, "latitude": 18.21203949, "Id": 1195, "class": "port" }, "geometry": { "type": "Point", "coordinates": [ -66.84464424, 18.21203949 ] } },
{ "type": "Feature", "properties": { "longitude": -66.65319419, "latitude": 50.1218529, "Id": 1196, "class": "port" }, "geometry": { "type": "Point", "coordinates": [ -66.65319419, 50.1218529 ] } },
{ "type": "Feature", "properties": { "longitude": -66.03310904, "latitude": 45.2331936, "Id": 1197, "class": "port" }, "geometry": { "type": "Point", "coordinates": [ -66.03310904, 45.2331936 ] } },
{ "type": "Feature", "properties": { "longitude": -65.95, "latitude": 58.6833, "Id": 1198, "class": "port" }, "geometry": { "type": "Point", "coordinates": [ -65.95, 58.6833 ] } },
{ "type": "Feature", "properties": { "longitude": -65.93638144000001, "latitude": 48.04533411, "Id": 1199, "class": "port" }, "geometry": { "type": "Point", "coordinates": [ -65.93638144, 48.04533411 ] } },
{ "type": "Feature", "properties": { "longitude": -65.8929, "latitude": -47.74737, "Id": 1200, "class": "port" }, "geometry": { "type": "Point", "coordinates": [ -65.8929, -47.74737 ] } },
{ "type": "Feature", "properties": { "longitude": -65.87181722, "latitude": 18.28517286, "Id": 1201, "class": "port" }, "geometry": { "type": "Point", "coordinates": [ -65.87181722, 18.28517286 ] } },
{ "type": "Feature", "properties": { "longitude": -65.75, "latitude": 66.1333, "Id": 1202, "class": "port" }, "geometry": { "type": "Point", "coordinates": [ -65.75, 66.1333 ] } },
{ "type": "Feature", "properties": { "longitude": -65.3193, "latitude": 43.74983, "Id": 1203, "class": "port" }, "geometry": { "type": "Point", "coordinates": [ -65.3193, 43.74983 ] } },
{ "type": "Feature", "properties": { "longitude": -65.0333, "latitude": -42.7667, "Id": 1204, "class": "port" }, "geometry": { "type": "Point", "coordinates": [ -65.0333, -42.7667 ] } },
{ "type": "Feature", "properties": { "longitude": -64.91745178, "latitude": 18.34129062, "Id": 1205, "class": "port" }, "geometry": { "type": "Point", "coordinates": [ -64.91745178, 18.34129062 ] } },
{ "type": "Feature", "properties": { "longitude": -64.79434173, "latitude": 17.72822707, "Id": 1206, "class": "port" }, "geometry": { "type": "Point", "coordinates": [ -64.79434173, 17.72822707 ] } },
{ "type": "Feature", "properties": { "longitude": -64.75349847, "latitude": 32.3507793, "Id": 1207, "class": "port" }, "geometry": { "type": "Point", "coordinates": [ -64.75349847, 32.3507793 ] } },
{ "type": "Feature", "properties": { "longitude": -64.5011, "latitude": 48.8467, "Id": 1208, "class": "port" }, "geometry": { "type": "Point", "coordinates": [ -64.5011, 48.8467 ] } },
{ "type": "Feature", "properties": { "longitude": -64.3543, "latitude": 49.80693, "Id": 1209, "class": "port" }, "geometry": { "type": "Point", "coordinates": [ -64.3543, 49.80693 ] } },
{ "type": "Feature", "properties": { "longitude": -64.315, "latitude": 44.38113, "Id": 1210, "class": "port" }, "geometry": { "type": "Point", "coordinates": [ -64.315, 44.38113 ] } },
{ "type": "Feature", "properties": { "longitude": -64.30226011000001, "latitude": 10.53471505, "Id": 1211, "class": "port" }, "geometry": { "type": "Point", "coordinates": [ -64.30226011, 10.53471505 ] } },
{ "type": "Feature", "properties": { "longitude": -64.0167, "latitude": 67.55, "Id": 1212, "class": "port" }, "geometry": { "type": "Point", "coordinates": [ -64.0167, 67.55 ] } },
{ "type": "Feature", "properties": { "longitude": -63.9184, "latitude": -8.76497, "Id": 1213, "class": "port" }, "geometry": { "type": "Point", "coordinates": [ -63.9184, -8.76497 ] } },
{ "type": "Feature", "properties": { "longitude": -63.7997, "latitude": 46.38863, "Id": 1214, "class": "port" }, "geometry": { "type": "Point", "coordinates": [ -63.7997, 46.38863 ] } },
{ "type": "Feature", "properties": { "longitude": -63.5985, "latitude": 50.23103, "Id": 1215, "class": "port" }, "geometry": { "type": "Point", "coordinates": [ -63.5985, 50.23103 ] } },
{ "type": "Feature", "properties": { "longitude": -63.5833, "latitude": 44.65, "Id": 1216, "class": "port" }, "geometry": { "type": "Point", "coordinates": [ -63.5833, 44.65 ] } },
{ "type": "Feature", "properties": { "longitude": -63.1342, "latitude": -4.1344, "Id": 1217, "class": "port" }, "geometry": { "type": "Point", "coordinates": [ -63.1342, -4.1344 ] } },
{ "type": "Feature", "properties": { "longitude": -63.1289, "latitude": 46.23053, "Id": 1218, "class": "port" }, "geometry": { "type": "Point", "coordinates": [ -63.1289, 46.23053 ] } },
{ "type": "Feature", "properties": { "longitude": -62.74222723, "latitude": 8.331275844, "Id": 1219, "class": "port" }, "geometry": { "type": "Point", "coordinates": [ -62.74222723, 8.331275844 ] } },
{ "type": "Feature", "properties": { "longitude": -62.5172, "latitude": 44.8456, "Id": 1220, "class": "port" }, "geometry": { "type": "Point", "coordinates": [ -62.5172, 44.8456 ] } },
{ "type": "Feature", "properties": { "longitude": -62.47403266, "latitude": 17.45357345, "Id": 1221, "class": "port" }, "geometry": { "type": "Point", "coordinates": [ -62.47403266, 17.45357345 ] } },
{ "type": "Feature", "properties": { "longitude": -62.2933, "latitude": 10.5703, "Id": 1222, "class": "port" }, "geometry": { "type": "Point", "coordinates": [ -62.2933, 10.5703 ] } },
{ "type": "Feature", "properties": { "longitude": -62.2467, "latitude": 46.34373, "Id": 1223, "class": "port" }, "geometry": { "type": "Point", "coordinates": [ -62.2467, 46.34373 ] } },
{ "type": "Feature", "properties": { "longitude": -62.20023447, "latitude": -38.81346781, "Id": 1224, "class": "port" }, "geometry": { "type": "Point", "coordinates": [ -62.20023447, -38.81346781 ] } },
{ "type": "Feature", "properties": { "longitude": -62.1506, "latitude": 8.7522, "Id": 1225, "class": "port" }, "geometry": { "type": "Point", "coordinates": [ -62.1506, 8.7522 ] } },
{ "type": "Feature", "properties": { "longitude": -61.6833, "latitude": 56.55, "Id": 1226, "class": "port" }, "geometry": { "type": "Point", "coordinates": [ -61.6833, 56.55 ] } },
{ "type": "Feature", "properties": { "longitude": -61.63239878, "latitude": 16.11564611, "Id": 1227, "class": "port" }, "geometry": { "type": "Point", "coordinates": [ -61.63239878, 16.11564611 ] } },
{ "type": "Feature", "properties": { "longitude": -61.43783832, "latitude": 12.61194666, "Id": 1228, "class": "port" }, "geometry": { "type": "Point", "coordinates": [ -61.43783832, 12.61194666 ] } },
{ "type": "Feature", "properties": { "longitude": -61.40398146, "latitude": 10.35075303, "Id": 1229, "class": "port" }, "geometry": { "type": "Point", "coordinates": [ -61.40398146, 10.35075303 ] } },
{ "type": "Feature", "properties": { "longitude": -61.389, "latitude": 15.31194, "Id": 1230, "class": "port" }, "geometry": { "type": "Point", "coordinates": [ -61.389, 15.31194 ] } },
{ "type": "Feature", "properties": { "longitude": -61.3669, "latitude": 45.6125, "Id": 1231, "class": "port" }, "geometry": { "type": "Point", "coordinates": [ -61.3669, 45.6125 ] } },
{ "type": "Feature", "properties": { "longitude": -61.01514814, "latitude": 14.15190533, "Id": 1232, "class": "port" }, "geometry": { "type": "Point", "coordinates": [ -61.01514814, 14.15190533 ] } },
{ "type": "Feature", "properties": { "longitude": -60.61710373, "latitude": -31.6861778, "Id": 1233, "class": "port" }, "geometry": { "type": "Point", "coordinates": [ -60.61710373, -31.6861778 ] } },
{ "type": "Feature", "properties": { "longitude": -60.3574, "latitude": 53.36033, "Id": 1234, "class": "port" }, "geometry": { "type": "Point", "coordinates": [ -60.3574, 53.36033 ] } },
{ "type": "Feature", "properties": { "longitude": -60.2004, "latitude": 55.45553, "Id": 1235, "class": "port" }, "geometry": { "type": "Point", "coordinates": [ -60.2004, 55.45553 ] } },
{ "type": "Feature", "properties": { "longitude": -60.08328056, "latitude": 46.24016489, "Id": 1236, "class": "port" }, "geometry": { "type": "Point", "coordinates": [ -60.08328056, 46.24016489 ] } },
{ "type": "Feature", "properties": { "longitude": -60.0167, "latitude": -3.1333, "Id": 1237, "class": "port" }, "geometry": { "type": "Point", "coordinates": [ -60.0167, -3.1333 ] } },
{ "type": "Feature", "properties": { "longitude": -59.6331, "latitude": 13.1036, "Id": 1238, "class": "port" }, "geometry": { "type": "Point", "coordinates": [ -59.6331, 13.1036 ] } },
{ "type": "Feature", "properties": { "longitude": -59.2851, "latitude": -29.14577, "Id": 1239, "class": "port" }, "geometry": { "type": "Point", "coordinates": [ -59.2851, -29.14577 ] } },
{ "type": "Feature", "properties": { "longitude": -59.15314692, "latitude": -33.87625094, "Id": 1240, "class": "port" }, "geometry": { "type": "Point", "coordinates": [ -59.15314692, -33.87625094 ] } },
{ "type": "Feature", "properties": { "longitude": -59.1331, "latitude": 47.5797, "Id": 1241, "class": "port" }, "geometry": { "type": "Point", "coordinates": [ -59.1331, 47.5797 ] } },
{ "type": "Feature", "properties": { "longitude": -58.9004594, "latitude": -27.49179846, "Id": 1242, "class": "port" }, "geometry": { "type": "Point", "coordinates": [ -58.9004594, -27.49179846 ] } },
{ "type": "Feature", "properties": { "longitude": -58.7, "latitude": -38.6, "Id": 1243, "class": "port" }, "geometry": { "type": "Point", "coordinates": [ -58.7, -38.6 ] } },
{ "type": "Feature", "properties": { "longitude": -58.45, "latitude": -3.15, "Id": 1244, "class": "port" }, "geometry": { "type": "Point", "coordinates": [ -58.45, -3.15 ] } },
{ "type": "Feature", "properties": { "longitude": -58.4419, "latitude": 48.50733, "Id": 1245, "class": "port" }, "geometry": { "type": "Point", "coordinates": [ -58.4419, 48.50733 ] } },
{ "type": "Feature", "properties": { "longitude": -58.4167, "latitude": 54.1833, "Id": 1246, "class": "port" }, "geometry": { "type": "Point", "coordinates": [ -58.4167, 54.1833 ] } },
{ "type": "Feature", "properties": { "longitude": -58.3306, "latitude": -33.11967, "Id": 1247, "class": "port" }, "geometry": { "type": "Point", "coordinates": [ -58.3306, -33.11967 ] } },
{ "type": "Feature", "properties": { "longitude": -58.2161, "latitude": -20.2389, "Id": 1248, "class": "port" }, "geometry": { "type": "Point", "coordinates": [ -58.2161, -20.2389 ] } },
{ "type": "Feature", "properties": { "longitude": -58.213, "latitude": -32.49557, "Id": 1249, "class": "port" }, "geometry": { "type": "Point", "coordinates": [ -58.213, -32.49557 ] } },
{ "type": "Feature", "properties": { "longitude": -58.1994, "latitude": 6.8183, "Id": 1250, "class": "port" }, "geometry": { "type": "Point", "coordinates": [ -58.1994, 6.8183 ] } },
{ "type": "Feature", "properties": { "longitude": -58.1598, "latitude": -26.18157, "Id": 1251, "class": "port" }, "geometry": { "type": "Point", "coordinates": [ -58.1598, -26.18157 ] } },
{ "type": "Feature", "properties": { "longitude": -57.9658, "latitude": 48.9633, "Id": 1252, "class": "port" }, "geometry": { "type": "Point", "coordinates": [ -57.9658, 48.9633 ] } },
{ "type": "Feature", "properties": { "longitude": -57.7073665, "latitude": -18.98142376, "Id": 1253, "class": "port" }, "geometry": { "type": "Point", "coordinates": [ -57.7073665, -18.98142376 ] } },
{ "type": "Feature", "properties": { "longitude": -57.6465, "latitude": -25.27847, "Id": 1254, "class": "port" }, "geometry": { "type": "Point", "coordinates": [ -57.6465, -25.27847 ] } },
{ "type": "Feature", "properties": { "longitude": -57.5475, "latitude": -38.00017, "Id": 1255, "class": "port" }, "geometry": { "type": "Point", "coordinates": [ -57.5475, -38.00017 ] } },
{ "type": "Feature", "properties": { "longitude": -57.50353123, "latitude": 6.292064333, "Id": 1256, "class": "port" }, "geometry": { "type": "Point", "coordinates": [ -57.50353123, 6.292064333 ] } },
{ "type": "Feature", "properties": { "longitude": -57.0013, "latitude": 5.94973, "Id": 1257, "class": "port" }, "geometry": { "type": "Point", "coordinates": [ -57.0013, 5.94973 ] } },
{ "type": "Feature", "properties": { "longitude": -56.741207, "latitude": -35.194456, "Id": 1258, "class": "port" }, "geometry": { "type": "Point", "coordinates": [ -56.741207, -35.194456 ] } },
{ "type": "Feature", "properties": { "longitude": -56.3989, "latitude": -1.4669, "Id": 1259, "class": "port" }, "geometry": { "type": "Point", "coordinates": [ -56.3989, -1.4669 ] } },
{ "type": "Feature", "properties": { "longitude": -56.185115, "latitude": -34.905502, "Id": 1260, "class": "port" }, "geometry": { "type": "Point", "coordinates": [ -56.185115, -34.905502 ] } },
{ "type": "Feature", "properties": { "longitude": -56.1489, "latitude": 72.7872, "Id": 1261, "class": "port" }, "geometry": { "type": "Point", "coordinates": [ -56.1489, 72.7872 ] } },
{ "type": "Feature", "properties": { "longitude": -56.0975, "latitude": -2.1638, "Id": 1262, "class": "port" }, "geometry": { "type": "Point", "coordinates": [ -56.0975, -2.1638 ] } },
{ "type": "Feature", "properties": { "longitude": -56.0957, "latitude": 49.49733, "Id": 1263, "class": "port" }, "geometry": { "type": "Point", "coordinates": [ -56.0957, 49.49733 ] } },
{ "type": "Feature", "properties": { "longitude": -56.01381493, "latitude": 46.94392467, "Id": 1264, "class": "port" }, "geometry": { "type": "Point", "coordinates": [ -56.01381493, 46.94392467 ] } },
{ "type": "Feature", "properties": { "longitude": -55.5333, "latitude": 72.15, "Id": 1265, "class": "port" }, "geometry": { "type": "Point", "coordinates": [ -55.5333, 72.15 ] } },
{ "type": "Feature", "properties": { "longitude": -55.19468474, "latitude": 49.20017467, "Id": 1266, "class": "port" }, "geometry": { "type": "Point", "coordinates": [ -55.19468474, 49.20017467 ] } },
{ "type": "Feature", "properties": { "longitude": -55.1615, "latitude": 47.16523, "Id": 1267, "class": "port" }, "geometry": { "type": "Point", "coordinates": [ -55.1615, 47.16523 ] } },
{ "type": "Feature", "properties": { "longitude": -55.11891275, "latitude": 5.71225315, "Id": 1268, "class": "port" }, "geometry": { "type": "Point", "coordinates": [ -55.11891275, 5.71225315 ] } },
{ "type": "Feature", "properties": { "longitude": -54.82847119, "latitude": -34.92649848, "Id": 1269, "class": "port" }, "geometry": { "type": "Point", "coordinates": [ -54.82847119, -34.92649848 ] } },
{ "type": "Feature", "properties": { "longitude": -54.7167, "latitude": -2.4167, "Id": 1270, "class": "port" }, "geometry": { "type": "Point", "coordinates": [ -54.7167, -2.4167 ] } },
{ "type": "Feature", "properties": { "longitude": -53.7333, "latitude": 67.95, "Id": 1271, "class": "port" }, "geometry": { "type": "Point", "coordinates": [ -53.7333, 67.95 ] } },
{ "type": "Feature", "properties": { "longitude": -53.6692, "latitude": 66.9425, "Id": 1272, "class": "port" }, "geometry": { "type": "Point", "coordinates": [ -53.6692, 66.9425 ] } },
{ "type": "Feature", "properties": { "longitude": -53.5481, "latitude": 68.6189, "Id": 1273, "class": "port" }, "geometry": { "type": "Point", "coordinates": [ -53.5481, 68.6189 ] } },
{ "type": "Feature", "properties": { "longitude": -53.5467, "latitude": 69.2469, "Id": 1274, "class": "port" }, "geometry": { "type": "Point", "coordinates": [ -53.5467, 69.2469 ] } },
{ "type": "Feature", "properties": { "longitude": -53.46695878, "latitude": 47.53845476, "Id": 1275, "class": "port" }, "geometry": { "type": "Point", "coordinates": [ -53.46695878, 47.53845476 ] } },
{ "type": "Feature", "properties": { "longitude": -53.09928205, "latitude": 65.6145711, "Id": 1276, "class": "port" }, "geometry": { "type": "Point", "coordinates": [ -53.09928205, 65.6145711 ] } },
{ "type": "Feature", "properties": { "longitude": -52.8739, "latitude": 68.7089, "Id": 1277, "class": "port" }, "geometry": { "type": "Point", "coordinates": [ -52.8739, 68.7089 ] } },
{ "type": "Feature", "properties": { "longitude": -52.46330198, "latitude": 5.001964918, "Id": 1278, "class": "port" }, "geometry": { "type": "Point", "coordinates": [ -52.46330198, 5.001964918 ] } },
{ "type": "Feature", "properties": { "longitude": -52.1206, "latitude": 70.6747, "Id": 1279, "class": "port" }, "geometry": { "type": "Point", "coordinates": [ -52.1206, 70.6747 ] } },
{ "type": "Feature", "properties": { "longitude": -51.64362084, "latitude": 63.94544666, "Id": 1280, "class": "port" }, "geometry": { "type": "Point", "coordinates": [ -51.64362084, 63.94544666 ] } },
{ "type": "Feature", "properties": { "longitude": -51.2975, "latitude": -30.125, "Id": 1281, "class": "port" }, "geometry": { "type": "Point", "coordinates": [ -51.2975, -30.125 ] } },
{ "type": "Feature", "properties": { "longitude": -51.1667, "latitude": -0.05, "Id": 1282, "class": "port" }, "geometry": { "type": "Point", "coordinates": [ -51.1667, -0.05 ] } },
{ "type": "Feature", "properties": { "longitude": -51.13860797, "latitude": 69.01982718, "Id": 1283, "class": "port" }, "geometry": { "type": "Point", "coordinates": [ -51.13860797, 69.01982718 ] } },
{ "type": "Feature", "properties": { "longitude": -50.95, "latitude": 66.9667, "Id": 1284, "class": "port" }, "geometry": { "type": "Point", "coordinates": [ -50.95, 66.9667 ] } },
{ "type": "Feature", "properties": { "longitude": -50.1333, "latitude": -29.9833, "Id": 1285, "class": "port" }, "geometry": { "type": "Point", "coordinates": [ -50.1333, -29.9833 ] } },
{ "type": "Feature", "properties": { "longitude": -49.6725, "latitude": 61.9961, "Id": 1286, "class": "port" }, "geometry": { "type": "Point", "coordinates": [ -49.6725, 61.9961 ] } },
{ "type": "Feature", "properties": { "longitude": -48.655, "latitude": -26.90537, "Id": 1287, "class": "port" }, "geometry": { "type": "Point", "coordinates": [ -48.655, -26.90537 ] } },
{ "type": "Feature", "properties": { "longitude": -48.6467, "latitude": -26.2406, "Id": 1288, "class": "port" }, "geometry": { "type": "Point", "coordinates": [ -48.6467, -26.2406 ] } },
{ "type": "Feature", "properties": { "longitude": -48.63183143, "latitude": -1.499438865, "Id": 1289, "class": "port" }, "geometry": { "type": "Point", "coordinates": [ -48.63183143, -1.499438865 ] } },
{ "type": "Feature", "properties": { "longitude": -48.42202591, "latitude": -25.55902906, "Id": 1290, "class": "port" }, "geometry": { "type": "Point", "coordinates": [ -48.42202591, -25.55902906 ] } },
{ "type": "Feature", "properties": { "longitude": -48.1, "latitude": 61.2333, "Id": 1291, "class": "port" }, "geometry": { "type": "Point", "coordinates": [ -48.1, 61.2333 ] } },
{ "type": "Feature", "properties": { "longitude": -46.3461, "latitude": -23.9397, "Id": 1292, "class": "port" }, "geometry": { "type": "Point", "coordinates": [ -46.3461, -23.9397 ] } },
{ "type": "Feature", "properties": { "longitude": -46.04400644, "latitude": 60.81277896, "Id": 1293, "class": "port" }, "geometry": { "type": "Point", "coordinates": [ -46.04400644, 60.81277896 ] } },
{ "type": "Feature", "properties": { "longitude": -45.4342, "latitude": 61.145, "Id": 1294, "class": "port" }, "geometry": { "type": "Point", "coordinates": [ -45.4342, 61.145 ] } },
{ "type": "Feature", "properties": { "longitude": -45.38978639, "latitude": -23.81108426, "Id": 1295, "class": "port" }, "geometry": { "type": "Point", "coordinates": [ -45.38978639, -23.81108426 ] } },
{ "type": "Feature", "properties": { "longitude": -45.2408, "latitude": 60.1397, "Id": 1296, "class": "port" }, "geometry": { "type": "Point", "coordinates": [ -45.2408, 60.1397 ] } },
{ "type": "Feature", "properties": { "longitude": -44.24898831, "latitude": -2.449773553, "Id": 1297, "class": "port" }, "geometry": { "type": "Point", "coordinates": [ -44.24898831, -2.449773553 ] } },
{ "type": "Feature", "properties": { "longitude": -43.71825989, "latitude": -22.94446571, "Id": 1298, "class": "port" }, "geometry": { "type": "Point", "coordinates": [ -43.71825989, -22.94446571 ] } },
{ "type": "Feature", "properties": { "longitude": -42.0167, "latitude": -22.9667, "Id": 1299, "class": "port" }, "geometry": { "type": "Point", "coordinates": [ -42.0167, -22.9667 ] } },
{ "type": "Feature", "properties": { "longitude": -41.782758, "latitude": -22.383713, "Id": 1300, "class": "port" }, "geometry": { "type": "Point", "coordinates": [ -41.782758, -22.383713 ] } },
{ "type": "Feature", "properties": { "longitude": -41.0114, "latitude": -21.8558, "Id": 1301, "class": "port" }, "geometry": { "type": "Point", "coordinates": [ -41.0114, -21.8558 ] } },
{ "type": "Feature", "properties": { "longitude": -40.29977112, "latitude": -20.31221561, "Id": 1302, "class": "port" }, "geometry": { "type": "Point", "coordinates": [ -40.29977112, -20.31221561 ] } },
{ "type": "Feature", "properties": { "longitude": -39.0167, "latitude": -14.7833, "Id": 1303, "class": "port" }, "geometry": { "type": "Point", "coordinates": [ -39.0167, -14.7833 ] } },
{ "type": "Feature", "properties": { "longitude": -38.68642237, "latitude": -3.63209894, "Id": 1304, "class": "port" }, "geometry": { "type": "Point", "coordinates": [ -38.68642237, -3.63209894 ] } },
{ "type": "Feature", "properties": { "longitude": -38.55457031, "latitude": -12.84144886, "Id": 1305, "class": "port" }, "geometry": { "type": "Point", "coordinates": [ -38.55457031, -12.84144886 ] } },
{ "type": "Feature", "properties": { "longitude": -37.6331, "latitude": 65.6175, "Id": 1306, "class": "port" }, "geometry": { "type": "Point", "coordinates": [ -37.6331, 65.6175 ] } },
{ "type": "Feature", "properties": { "longitude": -37.044686, "latitude": -4.818788, "Id": 1307, "class": "port" }, "geometry": { "type": "Point", "coordinates": [ -37.044686, -4.818788 ] } },
{ "type": "Feature", "properties": { "longitude": -36.9267, "latitude": -10.8528, "Id": 1308, "class": "port" }, "geometry": { "type": "Point", "coordinates": [ -36.9267, -10.8528 ] } },
{ "type": "Feature", "properties": { "longitude": -36.51, "latitude": -54.2983, "Id": 1309, "class": "port" }, "geometry": { "type": "Point", "coordinates": [ -36.51, -54.2983 ] } },
{ "type": "Feature", "properties": { "longitude": -35.7333, "latitude": -9.6667, "Id": 1310, "class": "port" }, "geometry": { "type": "Point", "coordinates": [ -35.7333, -9.6667 ] } },
{ "type": "Feature", "properties": { "longitude": -35.2, "latitude": -5.7833, "Id": 1311, "class": "port" }, "geometry": { "type": "Point", "coordinates": [ -35.2, -5.7833 ] } },
{ "type": "Feature", "properties": { "longitude": -34.91319743, "latitude": -8.225842341, "Id": 1312, "class": "port" }, "geometry": { "type": "Point", "coordinates": [ -34.91319743, -8.225842341 ] } },
{ "type": "Feature", "properties": { "longitude": -34.8333, "latitude": -6.9667, "Id": 1313, "class": "port" }, "geometry": { "type": "Point", "coordinates": [ -34.8333, -6.9667 ] } },
{ "type": "Feature", "properties": { "longitude": -31.1814, "latitude": 39.37753, "Id": 1314, "class": "port" }, "geometry": { "type": "Point", "coordinates": [ -31.1814, 39.37753 ] } },
{ "type": "Feature", "properties": { "longitude": -28.627, "latitude": 38.53473, "Id": 1315, "class": "port" }, "geometry": { "type": "Point", "coordinates": [ -28.627, 38.53473 ] } },
{ "type": "Feature", "properties": { "longitude": -27.05, "latitude": 38.7167, "Id": 1316, "class": "port" }, "geometry": { "type": "Point", "coordinates": [ -27.05, 38.7167 ] } },
{ "type": "Feature", "properties": { "longitude": -25.6628022, "latitude": 37.67488446, "Id": 1317, "class": "port" }, "geometry": { "type": "Point", "coordinates": [ -25.6628022, 37.67488446 ] } },
{ "type": "Feature", "properties": { "longitude": -25.1509, "latitude": 36.94233, "Id": 1318, "class": "port" }, "geometry": { "type": "Point", "coordinates": [ -25.1509, 36.94233 ] } },
{ "type": "Feature", "properties": { "longitude": -25.03884204, "latitude": 16.94855309, "Id": 1319, "class": "port" }, "geometry": { "type": "Point", "coordinates": [ -25.03884204, 16.94855309 ] } },
{ "type": "Feature", "properties": { "longitude": -24.4233, "latitude": 14.9206, "Id": 1320, "class": "port" }, "geometry": { "type": "Point", "coordinates": [ -24.4233, 14.9206 ] } },
{ "type": "Feature", "properties": { "longitude": -24.29, "latitude": 16.5711, "Id": 1321, "class": "port" }, "geometry": { "type": "Point", "coordinates": [ -24.29, 16.5711 ] } },
{ "type": "Feature", "properties": { "longitude": -23.9833, "latitude": 65.5833, "Id": 1322, "class": "port" }, "geometry": { "type": "Point", "coordinates": [ -23.9833, 65.5833 ] } },
{ "type": "Feature", "properties": { "longitude": -23.5139, "latitude": 14.91053, "Id": 1323, "class": "port" }, "geometry": { "type": "Point", "coordinates": [ -23.5139, 14.91053 ] } },
{ "type": "Feature", "properties": { "longitude": -23.1239, "latitude": 66.07, "Id": 1324, "class": "port" }, "geometry": { "type": "Point", "coordinates": [ -23.1239, 66.07 ] } },
{ "type": "Feature", "properties": { "longitude": -22.95333678, "latitude": 16.46795331, "Id": 1325, "class": "port" }, "geometry": { "type": "Point", "coordinates": [ -22.95333678, 16.46795331 ] } },
{ "type": "Feature", "properties": { "longitude": -22.7167, "latitude": 65.0833, "Id": 1326, "class": "port" }, "geometry": { "type": "Point", "coordinates": [ -22.7167, 65.0833 ] } },
{ "type": "Feature", "properties": { "longitude": -21.95622897, "latitude": 64.08728885, "Id": 1327, "class": "port" }, "geometry": { "type": "Point", "coordinates": [ -21.95622897, 64.08728885 ] } },
{ "type": "Feature", "properties": { "longitude": -20.27169243, "latitude": 63.44532124, "Id": 1328, "class": "port" }, "geometry": { "type": "Point", "coordinates": [ -20.27169243, 63.44532124 ] } },
{ "type": "Feature", "properties": { "longitude": -18.49057926, "latitude": 65.92874944, "Id": 1329, "class": "port" }, "geometry": { "type": "Point", "coordinates": [ -18.49057926, 65.92874944 ] } },
{ "type": "Feature", "properties": { "longitude": -17.764575, "latitude": 28.683989, "Id": 1330, "class": "port" }, "geometry": { "type": "Point", "coordinates": [ -17.764575, 28.683989 ] } },
{ "type": "Feature", "properties": { "longitude": -17.39310751, "latitude": 14.61996706, "Id": 1331, "class": "port" }, "geometry": { "type": "Point", "coordinates": [ -17.39310751, 14.61996706 ] } },
{ "type": "Feature", "properties": { "longitude": -17.1113, "latitude": 28.0958, "Id": 1332, "class": "port" }, "geometry": { "type": "Point", "coordinates": [ -17.1113, 28.0958 ] } },
{ "type": "Feature", "properties": { "longitude": -17.05234702, "latitude": 20.86949849, "Id": 1333, "class": "port" }, "geometry": { "type": "Point", "coordinates": [ -17.05234702, 20.86949849 ] } },
{ "type": "Feature", "properties": { "longitude": -16.63518579, "latitude": 32.83724254, "Id": 1334, "class": "port" }, "geometry": { "type": "Point", "coordinates": [ -16.63518579, 32.83724254 ] } },
{ "type": "Feature", "properties": { "longitude": -16.5667, "latitude": 13.45, "Id": 1335, "class": "port" }, "geometry": { "type": "Point", "coordinates": [ -16.5667, 13.45 ] } },
{ "type": "Feature", "properties": { "longitude": -16.27232372, "latitude": 14.13113442, "Id": 1336, "class": "port" }, "geometry": { "type": "Point", "coordinates": [ -16.27232372, 14.13113442 ] } },
{ "type": "Feature", "properties": { "longitude": -16.2586, "latitude": 12.58853, "Id": 1337, "class": "port" }, "geometry": { "type": "Point", "coordinates": [ -16.2586, 12.58853 ] } },
{ "type": "Feature", "properties": { "longitude": -16.2333, "latitude": 28.4667, "Id": 1338, "class": "port" }, "geometry": { "type": "Point", "coordinates": [ -16.2333, 28.4667 ] } },
{ "type": "Feature", "properties": { "longitude": -16.0211, "latitude": 17.9881, "Id": 1339, "class": "port" }, "geometry": { "type": "Point", "coordinates": [ -16.0211, 17.9881 ] } },
{ "type": "Feature", "properties": { "longitude": -15.94824, "latitude": 23.67927, "Id": 1340, "class": "port" }, "geometry": { "type": "Point", "coordinates": [ -15.94824, 23.67927 ] } },
{ "type": "Feature", "properties": { "longitude": -15.584323, "latitude": 11.86322, "Id": 1341, "class": "port" }, "geometry": { "type": "Point", "coordinates": [ -15.584323, 11.86322 ] } },
{ "type": "Feature", "properties": { "longitude": -15.44853489, "latitude": 27.96267703, "Id": 1342, "class": "port" }, "geometry": { "type": "Point", "coordinates": [ -15.44853489, 27.96267703 ] } },
{ "type": "Feature", "properties": { "longitude": -15.3333, "latitude": 66.2, "Id": 1343, "class": "port" }, "geometry": { "type": "Point", "coordinates": [ -15.3333, 66.2 ] } },
{ "type": "Feature", "properties": { "longitude": -15.2036, "latitude": 64.2536, "Id": 1344, "class": "port" }, "geometry": { "type": "Point", "coordinates": [ -15.2036, 64.2536 ] } },
{ "type": "Feature", "properties": { "longitude": -14.8217, "latitude": 65.7558, "Id": 1345, "class": "port" }, "geometry": { "type": "Point", "coordinates": [ -14.8217, 65.7558 ] } },
{ "type": "Feature", "properties": { "longitude": -14.6125, "latitude": 10.664, "Id": 1346, "class": "port" }, "geometry": { "type": "Point", "coordinates": [ -14.6125, 10.664 ] } },
{ "type": "Feature", "properties": { "longitude": -14.4206, "latitude": -7.9186, "Id": 1347, "class": "port" }, "geometry": { "type": "Point", "coordinates": [ -14.4206, -7.9186 ] } },
{ "type": "Feature", "properties": { "longitude": -14.0328322, "latitude": 64.98262055, "Id": 1348, "class": "port" }, "geometry": { "type": "Point", "coordinates": [ -14.0328322, 64.98262055 ] } },
{ "type": "Feature", "properties": { "longitude": -13.76170393, "latitude": 9.483368678, "Id": 1349, "class": "port" }, "geometry": { "type": "Point", "coordinates": [ -13.76170393, 9.483368678 ] } },
{ "type": "Feature", "properties": { "longitude": -13.70039562, "latitude": 28.7245499, "Id": 1350, "class": "port" }, "geometry": { "type": "Point", "coordinates": [ -13.70039562, 28.7245499 ] } },
{ "type": "Feature", "properties": { "longitude": -13.4369, "latitude": 27.0908, "Id": 1351, "class": "port" }, "geometry": { "type": "Point", "coordinates": [ -13.4369, 27.0908 ] } },
{ "type": "Feature", "properties": { "longitude": -13.14110576, "latitude": 8.541841222, "Id": 1352, "class": "port" }, "geometry": { "type": "Point", "coordinates": [ -13.14110576, 8.541841222 ] } },
{ "type": "Feature", "properties": { "longitude": -12.32, "latitude": -37.0436, "Id": 1353, "class": "port" }, "geometry": { "type": "Point", "coordinates": [ -12.32, -37.0436 ] } },
{ "type": "Feature", "properties": { "longitude": -11.3509, "latitude": 28.478, "Id": 1354, "class": "port" }, "geometry": { "type": "Point", "coordinates": [ -11.3509, 28.478 ] } },
{ "type": "Feature", "properties": { "longitude": -10.8167, "latitude": 6.3167, "Id": 1355, "class": "port" }, "geometry": { "type": "Point", "coordinates": [ -10.8167, 6.3167 ] } },
{ "type": "Feature", "properties": { "longitude": -10.0361, "latitude": 5.8681, "Id": 1356, "class": "port" }, "geometry": { "type": "Point", "coordinates": [ -10.0361, 5.8681 ] } },
{ "type": "Feature", "properties": { "longitude": -9.742293787, "latitude": 51.68632559, "Id": 1357, "class": "port" }, "geometry": { "type": "Point", "coordinates": [ -9.742293787, 51.68632559 ] } },
{ "type": "Feature", "properties": { "longitude": -9.5992, "latitude": 30.4318, "Id": 1358, "class": "port" }, "geometry": { "type": "Point", "coordinates": [ -9.5992, 30.4318 ] } },
{ "type": "Feature", "properties": { "longitude": -9.2361, "latitude": 32.2939, "Id": 1359, "class": "port" }, "geometry": { "type": "Point", "coordinates": [ -9.2361, 32.2939 ] } },
{ "type": "Feature", "properties": { "longitude": -9.203776913, "latitude": 52.86134779, "Id": 1360, "class": "port" }, "geometry": { "type": "Point", "coordinates": [ -9.203776913, 52.86134779 ] } },
{ "type": "Feature", "properties": { "longitude": -9.062106589000001, "latitude": 38.4274472, "Id": 1361, "class": "port" }, "geometry": { "type": "Point", "coordinates": [ -9.062106589, 38.4274472 ] } },
{ "type": "Feature", "properties": { "longitude": -9.0309, "latitude": 4.99673, "Id": 1362, "class": "port" }, "geometry": { "type": "Point", "coordinates": [ -9.0309, 4.99673 ] } },
{ "type": "Feature", "properties": { "longitude": -8.9014094240000023, "latitude": 41.21366946, "Id": 1363, "class": "port" }, "geometry": { "type": "Point", "coordinates": [ -8.901409424, 41.21366946 ] } },
{ "type": "Feature", "properties": { "longitude": -8.566575166, "latitude": 33.20064257, "Id": 1364, "class": "port" }, "geometry": { "type": "Point", "coordinates": [ -8.566575166, 33.20064257 ] } },
{ "type": "Feature", "properties": { "longitude": -8.45, "latitude": 54.63423, "Id": 1365, "class": "port" }, "geometry": { "type": "Point", "coordinates": [ -8.45, 54.63423 ] } },
{ "type": "Feature", "properties": { "longitude": -8.405886166, "latitude": 51.80327531, "Id": 1366, "class": "port" }, "geometry": { "type": "Point", "coordinates": [ -8.405886166, 51.80327531 ] } },
{ "type": "Feature", "properties": { "longitude": -7.936259758, "latitude": 43.60107025, "Id": 1367, "class": "port" }, "geometry": { "type": "Point", "coordinates": [ -7.936259758, 43.60107025 ] } },
{ "type": "Feature", "properties": { "longitude": -7.73786795, "latitude": 37.14922771, "Id": 1368, "class": "port" }, "geometry": { "type": "Point", "coordinates": [ -7.73786795, 37.14922771 ] } },
{ "type": "Feature", "properties": { "longitude": -7.503151033, "latitude": 33.64601884, "Id": 1369, "class": "port" }, "geometry": { "type": "Point", "coordinates": [ -7.503151033, 33.64601884 ] } },
{ "type": "Feature", "properties": { "longitude": -7.20231476, "latitude": 57.47027182, "Id": 1370, "class": "port" }, "geometry": { "type": "Point", "coordinates": [ -7.20231476, 57.47027182 ] } },
{ "type": "Feature", "properties": { "longitude": -6.892296599, "latitude": 61.96166655, "Id": 1371, "class": "port" }, "geometry": { "type": "Point", "coordinates": [ -6.892296599, 61.96166655 ] } },
{ "type": "Feature", "properties": { "longitude": -6.64243, "latitude": 4.757869, "Id": 1372, "class": "port" }, "geometry": { "type": "Point", "coordinates": [ -6.64243, 4.757869 ] } },
{ "type": "Feature", "properties": { "longitude": -6.415614442, "latitude": 55.16342081, "Id": 1373, "class": "port" }, "geometry": { "type": "Point", "coordinates": [ -6.415614442, 55.16342081 ] } },
{ "type": "Feature", "properties": { "longitude": -6.390503882, "latitude": 53.06624346, "Id": 1374, "class": "port" }, "geometry": { "type": "Point", "coordinates": [ -6.390503882, 53.06624346 ] } },
{ "type": "Feature", "properties": { "longitude": -6.309311056, "latitude": 36.64997774, "Id": 1375, "class": "port" }, "geometry": { "type": "Point", "coordinates": [ -6.309311056, 36.64997774 ] } },
{ "type": "Feature", "properties": { "longitude": -6.3017, "latitude": 49.9303, "Id": 1376, "class": "port" }, "geometry": { "type": "Point", "coordinates": [ -6.3017, 49.9303 ] } },
{ "type": "Feature", "properties": { "longitude": -6.152, "latitude": 35.20493, "Id": 1377, "class": "port" }, "geometry": { "type": "Point", "coordinates": [ -6.152, 35.20493 ] } },
{ "type": "Feature", "properties": { "longitude": -5.995906382, "latitude": 37.36860373, "Id": 1378, "class": "port" }, "geometry": { "type": "Point", "coordinates": [ -5.995906382, 37.36860373 ] } },
{ "type": "Feature", "properties": { "longitude": -5.859385314, "latitude": 43.5478853, "Id": 1379, "class": "port" }, "geometry": { "type": "Point", "coordinates": [ -5.859385314, 43.5478853 ] } },
{ "type": "Feature", "properties": { "longitude": -5.129909657, "latitude": 36.25386289, "Id": 1380, "class": "port" }, "geometry": { "type": "Point", "coordinates": [ -5.129909657, 36.25386289 ] } },
{ "type": "Feature", "properties": { "longitude": -4.848341497, "latitude": 51.68993842, "Id": 1381, "class": "port" }, "geometry": { "type": "Point", "coordinates": [ -4.848341497, 51.68993842 ] } },
{ "type": "Feature", "properties": { "longitude": -4.629704208, "latitude": 56.33511285, "Id": 1382, "class": "port" }, "geometry": { "type": "Point", "coordinates": [ -4.629704208, 56.33511285 ] } },
{ "type": "Feature", "properties": { "longitude": -4.561938324, "latitude": 54.20337488, "Id": 1383, "class": "port" }, "geometry": { "type": "Point", "coordinates": [ -4.561938324, 54.20337488 ] } },
{ "type": "Feature", "properties": { "longitude": -4.528992111, "latitude": 50.31923377, "Id": 1384, "class": "port" }, "geometry": { "type": "Point", "coordinates": [ -4.528992111, 50.31923377 ] } },
{ "type": "Feature", "properties": { "longitude": -4.368833881, "latitude": 53.29007918, "Id": 1385, "class": "port" }, "geometry": { "type": "Point", "coordinates": [ -4.368833881, 53.29007918 ] } },
{ "type": "Feature", "properties": { "longitude": -4.333972371, "latitude": 48.11148617, "Id": 1386, "class": "port" }, "geometry": { "type": "Point", "coordinates": [ -4.333972371, 48.11148617 ] } },
{ "type": "Feature", "properties": { "longitude": -4.176300669, "latitude": 57.60178632, "Id": 1387, "class": "port" }, "geometry": { "type": "Point", "coordinates": [ -4.176300669, 57.60178632 ] } },
{ "type": "Feature", "properties": { "longitude": -3.9833, "latitude": 48.72633, "Id": 1388, "class": "port" }, "geometry": { "type": "Point", "coordinates": [ -3.9833, 48.72633 ] } },
{ "type": "Feature", "properties": { "longitude": -3.981744768, "latitude": 5.27773124, "Id": 1389, "class": "port" }, "geometry": { "type": "Point", "coordinates": [ -3.981744768, 5.27773124 ] } },
{ "type": "Feature", "properties": { "longitude": -3.519079784, "latitude": 54.71395885, "Id": 1390, "class": "port" }, "geometry": { "type": "Point", "coordinates": [ -3.519079784, 54.71395885 ] } },
{ "type": "Feature", "properties": { "longitude": -3.5, "latitude": 57.7, "Id": 1391, "class": "port" }, "geometry": { "type": "Point", "coordinates": [ -3.5, 57.7 ] } },
{ "type": "Feature", "properties": { "longitude": -3.274125678, "latitude": 51.49673917, "Id": 1392, "class": "port" }, "geometry": { "type": "Point", "coordinates": [ -3.274125678, 51.49673917 ] } },
{ "type": "Feature", "properties": { "longitude": -3.2175, "latitude": 54.115, "Id": 1393, "class": "port" }, "geometry": { "type": "Point", "coordinates": [ -3.2175, 54.115 ] } },
{ "type": "Feature", "properties": { "longitude": -3.085450671, "latitude": 47.58357153, "Id": 1394, "class": "port" }, "geometry": { "type": "Point", "coordinates": [ -3.085450671, 47.58357153 ] } },
{ "type": "Feature", "properties": { "longitude": -3.026634247, "latitude": 48.71159705, "Id": 1395, "class": "port" }, "geometry": { "type": "Point", "coordinates": [ -3.026634247, 48.71159705 ] } },
{ "type": "Feature", "properties": { "longitude": -3.005863876, "latitude": 58.76263653, "Id": 1396, "class": "port" }, "geometry": { "type": "Point", "coordinates": [ -3.005863876, 58.76263653 ] } },
{ "type": "Feature", "properties": { "longitude": -2.980438496, "latitude": 53.42835648, "Id": 1397, "class": "port" }, "geometry": { "type": "Point", "coordinates": [ -2.980438496, 53.42835648 ] } },
{ "type": "Feature", "properties": { "longitude": -2.9536411, "latitude": 4.458813107, "Id": 1398, "class": "port" }, "geometry": { "type": "Point", "coordinates": [ -2.9536411, 4.458813107 ] } },
{ "type": "Feature", "properties": { "longitude": -2.933051091, "latitude": 35.28082825, "Id": 1399, "class": "port" }, "geometry": { "type": "Point", "coordinates": [ -2.933051091, 35.28082825 ] } },
{ "type": "Feature", "properties": { "longitude": -2.607891546, "latitude": 36.87785335, "Id": 1400, "class": "port" }, "geometry": { "type": "Point", "coordinates": [ -2.607891546, 36.87785335 ] } },
{ "type": "Feature", "properties": { "longitude": -2.576885401, "latitude": 43.4147294, "Id": 1401, "class": "port" }, "geometry": { "type": "Point", "coordinates": [ -2.576885401, 43.4147294 ] } },
{ "type": "Feature", "properties": { "longitude": -2.509764221, "latitude": 57.67052721, "Id": 1402, "class": "port" }, "geometry": { "type": "Point", "coordinates": [ -2.509764221, 57.67052721 ] } },
{ "type": "Feature", "properties": { "longitude": -2.008564398, "latitude": 35.10525787, "Id": 1403, "class": "port" }, "geometry": { "type": "Point", "coordinates": [ -2.008564398, 35.10525787 ] } },
{ "type": "Feature", "properties": { "longitude": -2.0006, "latitude": 59.4331, "Id": 1404, "class": "port" }, "geometry": { "type": "Point", "coordinates": [ -2.0006, 59.4331 ] } },
{ "type": "Feature", "properties": { "longitude": -1.951859016, "latitude": 57.34173602, "Id": 1405, "class": "port" }, "geometry": { "type": "Point", "coordinates": [ -1.951859016, 57.34173602 ] } },
{ "type": "Feature", "properties": { "longitude": -1.897566221, "latitude": 49.35443369, "Id": 1406, "class": "port" }, "geometry": { "type": "Point", "coordinates": [ -1.897566221, 49.35443369 ] } },
{ "type": "Feature", "properties": { "longitude": -1.863478459, "latitude": 47.27130822, "Id": 1407, "class": "port" }, "geometry": { "type": "Point", "coordinates": [ -1.863478459, 47.27130822 ] } },
{ "type": "Feature", "properties": { "longitude": -1.795493, "latitude": 46.492958, "Id": 1408, "class": "port" }, "geometry": { "type": "Point", "coordinates": [ -1.795493, 46.492958 ] } },
{ "type": "Feature", "properties": { "longitude": -1.721720877, "latitude": 4.910431731, "Id": 1409, "class": "port" }, "geometry": { "type": "Point", "coordinates": [ -1.721720877, 4.910431731 ] } },
{ "type": "Feature", "properties": { "longitude": -1.360188797, "latitude": 50.74226412, "Id": 1410, "class": "port" }, "geometry": { "type": "Point", "coordinates": [ -1.360188797, 50.74226412 ] } },
{ "type": "Feature", "properties": { "longitude": -1.150328103, "latitude": 60.08376311, "Id": 1411, "class": "port" }, "geometry": { "type": "Point", "coordinates": [ -1.150328103, 60.08376311 ] } },
{ "type": "Feature", "properties": { "longitude": -0.891041029, "latitude": 45.54915202, "Id": 1412, "class": "port" }, "geometry": { "type": "Point", "coordinates": [ -0.891041029, 45.54915202 ] } },
{ "type": "Feature", "properties": { "longitude": -0.759579282, "latitude": 54.31409129, "Id": 1413, "class": "port" }, "geometry": { "type": "Point", "coordinates": [ -0.759579282, 54.31409129 ] } },
{ "type": "Feature", "properties": { "longitude": -0.687547135, "latitude": 37.98431025, "Id": 1414, "class": "port" }, "geometry": { "type": "Point", "coordinates": [ -0.687547135, 37.98431025 ] } },
{ "type": "Feature", "properties": { "longitude": -0.286914521, "latitude": 35.81802804, "Id": 1415, "class": "port" }, "geometry": { "type": "Point", "coordinates": [ -0.286914521, 35.81802804 ] } },
{ "type": "Feature", "properties": { "longitude": -0.101720978, "latitude": 39.37896758, "Id": 1416, "class": "port" }, "geometry": { "type": "Point", "coordinates": [ -0.101720978, 39.37896758 ] } },
{ "type": "Feature", "properties": { "longitude": 0.0167, "latitude": 5.6167, "Id": 1417, "class": "port" }, "geometry": { "type": "Point", "coordinates": [ 0.0167, 5.6167 ] } },
{ "type": "Feature", "properties": { "longitude": 0.0333, "latitude": 53.0147, "Id": 1418, "class": "port" }, "geometry": { "type": "Point", "coordinates": [ 0.0333, 53.0147 ] } },
{ "type": "Feature", "properties": { "longitude": 0.503428219, "latitude": 49.58873278, "Id": 1419, "class": "port" }, "geometry": { "type": "Point", "coordinates": [ 0.503428219, 49.58873278 ] } },
{ "type": "Feature", "properties": { "longitude": 0.55, "latitude": 40.5708, "Id": 1420, "class": "port" }, "geometry": { "type": "Point", "coordinates": [ 0.55, 40.5708 ] } },
{ "type": "Feature", "properties": { "longitude": 0.9523, "latitude": 5.336, "Id": 1421, "class": "port" }, "geometry": { "type": "Point", "coordinates": [ 0.9523, 5.336 ] } },
{ "type": "Feature", "properties": { "longitude": 1.3061, "latitude": 36.51813, "Id": 1422, "class": "port" }, "geometry": { "type": "Point", "coordinates": [ 1.3061, 36.51813 ] } },
{ "type": "Feature", "properties": { "longitude": 1.399842039, "latitude": 6.167031738, "Id": 1423, "class": "port" }, "geometry": { "type": "Point", "coordinates": [ 1.399842039, 6.167031738 ] } },
{ "type": "Feature", "properties": { "longitude": 1.45, "latitude": 38.7, "Id": 1424, "class": "port" }, "geometry": { "type": "Point", "coordinates": [ 1.45, 38.7 ] } },
{ "type": "Feature", "properties": { "longitude": 1.709770666, "latitude": 41.23528148, "Id": 1425, "class": "port" }, "geometry": { "type": "Point", "coordinates": [ 1.709770666, 41.23528148 ] } },
{ "type": "Feature", "properties": { "longitude": 2.329083137, "latitude": 48.90296077, "Id": 1426, "class": "port" }, "geometry": { "type": "Point", "coordinates": [ 2.329083137, 48.90296077 ] } },
{ "type": "Feature", "properties": { "longitude": 2.4172, "latitude": 6.3517, "Id": 1427, "class": "port" }, "geometry": { "type": "Point", "coordinates": [ 2.4172, 6.3517 ] } },
{ "type": "Feature", "properties": { "longitude": 2.480253557, "latitude": 61.13745005, "Id": 1428, "class": "port" }, "geometry": { "type": "Point", "coordinates": [ 2.480253557, 61.13745005 ] } },
{ "type": "Feature", "properties": { "longitude": 2.77666054, "latitude": 51.59927291, "Id": 1429, "class": "port" }, "geometry": { "type": "Point", "coordinates": [ 2.77666054, 51.59927291 ] } },
{ "type": "Feature", "properties": { "longitude": 2.881802506, "latitude": 39.69637584, "Id": 1430, "class": "port" }, "geometry": { "type": "Point", "coordinates": [ 2.881802506, 39.69637584 ] } },
{ "type": "Feature", "properties": { "longitude": 3.027521638, "latitude": 36.79794534, "Id": 1431, "class": "port" }, "geometry": { "type": "Point", "coordinates": [ 3.027521638, 36.79794534 ] } },
{ "type": "Feature", "properties": { "longitude": 3.0485, "latitude": 50.63673, "Id": 1432, "class": "port" }, "geometry": { "type": "Point", "coordinates": [ 3.0485, 50.63673 ] } },
{ "type": "Feature", "properties": { "longitude": 3.104321013, "latitude": 42.44107747, "Id": 1433, "class": "port" }, "geometry": { "type": "Point", "coordinates": [ 3.104321013, 42.44107747 ] } },
{ "type": "Feature", "properties": { "longitude": 3.384090465, "latitude": 6.442980175, "Id": 1434, "class": "port" }, "geometry": { "type": "Point", "coordinates": [ 3.384090465, 6.442980175 ] } },
{ "type": "Feature", "properties": { "longitude": 4.2667, "latitude": 39.8833, "Id": 1435, "class": "port" }, "geometry": { "type": "Point", "coordinates": [ 4.2667, 39.8833 ] } },
{ "type": "Feature", "properties": { "longitude": 5.084249577, "latitude": 36.75561591, "Id": 1436, "class": "port" }, "geometry": { "type": "Point", "coordinates": [ 5.084249577, 36.75561591 ] } },
{ "type": "Feature", "properties": { "longitude": 5.239456643, "latitude": 5.646796778, "Id": 1437, "class": "port" }, "geometry": { "type": "Point", "coordinates": [ 5.239456643, 5.646796778 ] } },
{ "type": "Feature", "properties": { "longitude": 5.249554897, "latitude": 43.36553195, "Id": 1438, "class": "port" }, "geometry": { "type": "Point", "coordinates": [ 5.249554897, 43.36553195 ] } },
{ "type": "Feature", "properties": { "longitude": 5.4167, "latitude": 53.1833, "Id": 1439, "class": "port" }, "geometry": { "type": "Point", "coordinates": [ 5.4167, 53.1833 ] } },
{ "type": "Feature", "properties": { "longitude": 5.6, "latitude": 4.25, "Id": 1440, "class": "port" }, "geometry": { "type": "Point", "coordinates": [ 5.6, 4.25 ] } },
{ "type": "Feature", "properties": { "longitude": 5.644690083, "latitude": 50.73837522, "Id": 1441, "class": "port" }, "geometry": { "type": "Point", "coordinates": [ 5.644690083, 50.73837522 ] } },
{ "type": "Feature", "properties": { "longitude": 5.645172962, "latitude": 62.10259902, "Id": 1442, "class": "port" }, "geometry": { "type": "Point", "coordinates": [ 5.645172962, 62.10259902 ] } },
{ "type": "Feature", "properties": { "longitude": 5.834846789, "latitude": 36.8353752, "Id": 1443, "class": "port" }, "geometry": { "type": "Point", "coordinates": [ 5.834846789, 36.8353752 ] } },
{ "type": "Feature", "properties": { "longitude": 5.926874663, "latitude": 61.30338958, "Id": 1444, "class": "port" }, "geometry": { "type": "Point", "coordinates": [ 5.926874663, 61.30338958 ] } },
{ "type": "Feature", "properties": { "longitude": 6.097118463, "latitude": 59.818359, "Id": 1445, "class": "port" }, "geometry": { "type": "Point", "coordinates": [ 6.097118463, 59.818359 ] } },
{ "type": "Feature", "properties": { "longitude": 6.261200017, "latitude": 4.193684823, "Id": 1446, "class": "port" }, "geometry": { "type": "Point", "coordinates": [ 6.261200017, 4.193684823 ] } },
{ "type": "Feature", "properties": { "longitude": 6.473538057, "latitude": 51.63380371, "Id": 1447, "class": "port" }, "geometry": { "type": "Point", "coordinates": [ 6.473538057, 51.63380371 ] } },
{ "type": "Feature", "properties": { "longitude": 6.7371, "latitude": 0.34523, "Id": 1448, "class": "port" }, "geometry": { "type": "Point", "coordinates": [ 6.7371, 0.34523 ] } },
{ "type": "Feature", "properties": { "longitude": 6.7683, "latitude": 52.2811, "Id": 1449, "class": "port" }, "geometry": { "type": "Point", "coordinates": [ 6.7683, 52.2811 ] } },
{ "type": "Feature", "properties": { "longitude": 6.908138709, "latitude": 36.88293116, "Id": 1450, "class": "port" }, "geometry": { "type": "Point", "coordinates": [ 6.908138709, 36.88293116 ] } },
{ "type": "Feature", "properties": { "longitude": 6.968262624, "latitude": 53.42719159, "Id": 1451, "class": "port" }, "geometry": { "type": "Point", "coordinates": [ 6.968262624, 53.42719159 ] } },
{ "type": "Feature", "properties": { "longitude": 7.045831628, "latitude": 62.61814587, "Id": 1452, "class": "port" }, "geometry": { "type": "Point", "coordinates": [ 7.045831628, 62.61814587 ] } },
{ "type": "Feature", "properties": { "longitude": 7.076609437, "latitude": 4.319990153, "Id": 1453, "class": "port" }, "geometry": { "type": "Point", "coordinates": [ 7.076609437, 4.319990153 ] } },
{ "type": "Feature", "properties": { "longitude": 7.593992722, "latitude": 47.56648654, "Id": 1454, "class": "port" }, "geometry": { "type": "Point", "coordinates": [ 7.593992722, 47.56648654 ] } },
{ "type": "Feature", "properties": { "longitude": 7.699259, "latitude": 64.393719, "Id": 1455, "class": "port" }, "geometry": { "type": "Point", "coordinates": [ 7.699259, 64.393719 ] } },
{ "type": "Feature", "properties": { "longitude": 7.7333, "latitude": 63.1167, "Id": 1456, "class": "port" }, "geometry": { "type": "Point", "coordinates": [ 7.7333, 63.1167 ] } },
{ "type": "Feature", "properties": { "longitude": 7.766011146, "latitude": 48.57607273, "Id": 1457, "class": "port" }, "geometry": { "type": "Point", "coordinates": [ 7.766011146, 48.57607273 ] } },
{ "type": "Feature", "properties": { "longitude": 7.776293345, "latitude": 36.94687652, "Id": 1458, "class": "port" }, "geometry": { "type": "Point", "coordinates": [ 7.776293345, 36.94687652 ] } },
{ "type": "Feature", "properties": { "longitude": 7.889, "latitude": 54.1814, "Id": 1459, "class": "port" }, "geometry": { "type": "Point", "coordinates": [ 7.889, 54.1814 ] } },
{ "type": "Feature", "properties": { "longitude": 8.01859105, "latitude": 58.11660399, "Id": 1460, "class": "port" }, "geometry": { "type": "Point", "coordinates": [ 8.01859105, 58.11660399 ] } },
{ "type": "Feature", "properties": { "longitude": 8.13400794, "latitude": 44.02837314, "Id": 1461, "class": "port" }, "geometry": { "type": "Point", "coordinates": [ 8.13400794, 44.02837314 ] } },
{ "type": "Feature", "properties": { "longitude": 8.341701, "latitude": 40.828371, "Id": 1462, "class": "port" }, "geometry": { "type": "Point", "coordinates": [ 8.341701, 40.828371 ] } },
{ "type": "Feature", "properties": { "longitude": 8.4189, "latitude": 55.4653, "Id": 1463, "class": "port" }, "geometry": { "type": "Point", "coordinates": [ 8.4189, 55.4653 ] } },
{ "type": "Feature", "properties": { "longitude": 8.588386, "latitude": 39.906182, "Id": 1464, "class": "port" }, "geometry": { "type": "Point", "coordinates": [ 8.588386, 39.906182 ] } },
{ "type": "Feature", "properties": { "longitude": 8.719824076, "latitude": 39.1386768, "Id": 1465, "class": "port" }, "geometry": { "type": "Point", "coordinates": [ 8.719824076, 39.1386768 ] } },
{ "type": "Feature", "properties": { "longitude": 8.720975047, "latitude": 4.126272182, "Id": 1466, "class": "port" }, "geometry": { "type": "Point", "coordinates": [ 8.720975047, 4.126272182 ] } },
{ "type": "Feature", "properties": { "longitude": 8.741617436, "latitude": 56.78880225, "Id": 1467, "class": "port" }, "geometry": { "type": "Point", "coordinates": [ 8.741617436, 56.78880225 ] } },
{ "type": "Feature", "properties": { "longitude": 8.75, "latitude": 41.9167, "Id": 1468, "class": "port" }, "geometry": { "type": "Point", "coordinates": [ 8.75, 41.9167 ] } },
{ "type": "Feature", "properties": { "longitude": 8.781165, "latitude": -0.772646, "Id": 1469, "class": "port" }, "geometry": { "type": "Point", "coordinates": [ 8.781165, -0.772646 ] } },
{ "type": "Feature", "properties": { "longitude": 8.900758477, "latitude": 63.35778813, "Id": 1470, "class": "port" }, "geometry": { "type": "Point", "coordinates": [ 8.900758477, 63.35778813 ] } },
{ "type": "Feature", "properties": { "longitude": 9.2858, "latitude": 41.5947, "Id": 1471, "class": "port" }, "geometry": { "type": "Point", "coordinates": [ 9.2858, 41.5947 ] } },
{ "type": "Feature", "properties": { "longitude": 9.484275705, "latitude": 0.336393124, "Id": 1472, "class": "port" }, "geometry": { "type": "Point", "coordinates": [ 9.484275705, 0.336393124 ] } },
{ "type": "Feature", "properties": { "longitude": 9.57085074, "latitude": 40.96059215, "Id": 1473, "class": "port" }, "geometry": { "type": "Point", "coordinates": [ 9.57085074, 40.96059215 ] } },
{ "type": "Feature", "properties": { "longitude": 9.743333368, "latitude": 1.842046935, "Id": 1474, "class": "port" }, "geometry": { "type": "Point", "coordinates": [ 9.743333368, 1.842046935 ] } },
{ "type": "Feature", "properties": { "longitude": 9.856796756, "latitude": 43.17390066, "Id": 1475, "class": "port" }, "geometry": { "type": "Point", "coordinates": [ 9.856796756, 43.17390066 ] } },
{ "type": "Feature", "properties": { "longitude": 9.9366, "latitude": 52.1652, "Id": 1476, "class": "port" }, "geometry": { "type": "Point", "coordinates": [ 9.9366, 52.1652 ] } },
{ "type": "Feature", "properties": { "longitude": 10.0572541, "latitude": 36.98621422, "Id": 1477, "class": "port" }, "geometry": { "type": "Point", "coordinates": [ 10.0572541, 36.98621422 ] } },
{ "type": "Feature", "properties": { "longitude": 10.07214665, "latitude": 59.12684642, "Id": 1478, "class": "port" }, "geometry": { "type": "Point", "coordinates": [ 10.07214665, 59.12684642 ] } },
{ "type": "Feature", "properties": { "longitude": 10.09335084, "latitude": 34.07146309, "Id": 1479, "class": "port" }, "geometry": { "type": "Point", "coordinates": [ 10.09335084, 34.07146309 ] } },
{ "type": "Feature", "properties": { "longitude": 10.65, "latitude": 35.8333, "Id": 1480, "class": "port" }, "geometry": { "type": "Point", "coordinates": [ 10.65, 35.8333 ] } },
{ "type": "Feature", "properties": { "longitude": 10.7667, "latitude": 34.7333, "Id": 1481, "class": "port" }, "geometry": { "type": "Point", "coordinates": [ 10.7667, 34.7333 ] } },
{ "type": "Feature", "properties": { "longitude": 10.79181266, "latitude": 64.02419541, "Id": 1482, "class": "port" }, "geometry": { "type": "Point", "coordinates": [ 10.79181266, 64.02419541 ] } },
{ "type": "Feature", "properties": { "longitude": 10.82616043, "latitude": 55.55023913, "Id": 1483, "class": "port" }, "geometry": { "type": "Point", "coordinates": [ 10.82616043, 55.55023913 ] } },
{ "type": "Feature", "properties": { "longitude": 11.02890705, "latitude": 42.4465852, "Id": 1484, "class": "port" }, "geometry": { "type": "Point", "coordinates": [ 11.02890705, 42.4465852 ] } },
{ "type": "Feature", "properties": { "longitude": 11.0864, "latitude": 36.8433, "Id": 1485, "class": "port" }, "geometry": { "type": "Point", "coordinates": [ 11.0864, 36.8433 ] } },
{ "type": "Feature", "properties": { "longitude": 11.1167, "latitude": 33.5, "Id": 1486, "class": "port" }, "geometry": { "type": "Point", "coordinates": [ 11.1167, 33.5 ] } },
{ "type": "Feature", "properties": { "longitude": 11.2805, "latitude": -5.9342, "Id": 1487, "class": "port" }, "geometry": { "type": "Point", "coordinates": [ 11.2805, -5.9342 ] } },
{ "type": "Feature", "properties": { "longitude": 11.4031, "latitude": 34.2928, "Id": 1488, "class": "port" }, "geometry": { "type": "Point", "coordinates": [ 11.4031, 34.2928 ] } },
{ "type": "Feature", "properties": { "longitude": 11.5131, "latitude": 56.7151, "Id": 1489, "class": "port" }, "geometry": { "type": "Point", "coordinates": [ 11.5131, 56.7151 ] } },
{ "type": "Feature", "properties": { "longitude": 11.6864, "latitude": -7.6519, "Id": 1490, "class": "port" }, "geometry": { "type": "Point", "coordinates": [ 11.6864, -7.6519 ] } },
{ "type": "Feature", "properties": { "longitude": 11.9364, "latitude": 36.86, "Id": 1491, "class": "port" }, "geometry": { "type": "Point", "coordinates": [ 11.9364, 36.86 ] } },
{ "type": "Feature", "properties": { "longitude": 12.0367, "latitude": 33.8592, "Id": 1492, "class": "port" }, "geometry": { "type": "Point", "coordinates": [ 12.0367, 33.8592 ] } },
{ "type": "Feature", "properties": { "longitude": 12.04093923, "latitude": -5.328438345, "Id": 1493, "class": "port" }, "geometry": { "type": "Point", "coordinates": [ 12.04093923, -5.328438345 ] } },
{ "type": "Feature", "properties": { "longitude": 12.1411, "latitude": -15.19487, "Id": 1494, "class": "port" }, "geometry": { "type": "Point", "coordinates": [ 12.1411, -15.19487 ] } },
{ "type": "Feature", "properties": { "longitude": 12.22016114, "latitude": 41.77374875, "Id": 1495, "class": "port" }, "geometry": { "type": "Point", "coordinates": [ 12.22016114, 41.77374875 ] } },
{ "type": "Feature", "properties": { "longitude": 12.30194286, "latitude": 44.98722347, "Id": 1496, "class": "port" }, "geometry": { "type": "Point", "coordinates": [ 12.30194286, 44.98722347 ] } },
{ "type": "Feature", "properties": { "longitude": 12.3287, "latitude": 37.93513, "Id": 1497, "class": "port" }, "geometry": { "type": "Point", "coordinates": [ 12.3287, 37.93513 ] } },
{ "type": "Feature", "properties": { "longitude": 12.36667, "latitude": -6.83305, "Id": 1498, "class": "port" }, "geometry": { "type": "Point", "coordinates": [ 12.36667, -6.83305 ] } },
{ "type": "Feature", "properties": { "longitude": 12.6033, "latitude": 35.4931, "Id": 1499, "class": "port" }, "geometry": { "type": "Point", "coordinates": [ 12.6033, 35.4931 ] } },
{ "type": "Feature", "properties": { "longitude": 12.65, "latitude": 33.9, "Id": 1500, "class": "port" }, "geometry": { "type": "Point", "coordinates": [ 12.65, 33.9 ] } },
{ "type": "Feature", "properties": { "longitude": 12.6595, "latitude": -7.7089, "Id": 1501, "class": "port" }, "geometry": { "type": "Point", "coordinates": [ 12.6595, -7.7089 ] } },
{ "type": "Feature", "properties": { "longitude": 12.66630305, "latitude": 65.86299357, "Id": 1502, "class": "port" }, "geometry": { "type": "Point", "coordinates": [ 12.66630305, 65.86299357 ] } },
{ "type": "Feature", "properties": { "longitude": 12.73275577, "latitude": 32.86832798, "Id": 1503, "class": "port" }, "geometry": { "type": "Point", "coordinates": [ 12.73275577, 32.86832798 ] } },
{ "type": "Feature", "properties": { "longitude": 13.2583872, "latitude": -5.853445286, "Id": 1504, "class": "port" }, "geometry": { "type": "Point", "coordinates": [ 13.2583872, -5.853445286 ] } },
{ "type": "Feature", "properties": { "longitude": 13.3186821, "latitude": -8.642143517, "Id": 1505, "class": "port" }, "geometry": { "type": "Point", "coordinates": [ 13.3186821, -8.642143517 ] } },
{ "type": "Feature", "properties": { "longitude": 13.44232676, "latitude": 41.26493454, "Id": 1506, "class": "port" }, "geometry": { "type": "Point", "coordinates": [ 13.44232676, 41.26493454 ] } },
{ "type": "Feature", "properties": { "longitude": 13.46322346, "latitude": 43.62344347, "Id": 1507, "class": "port" }, "geometry": { "type": "Point", "coordinates": [ 13.46322346, 43.62344347 ] } },
{ "type": "Feature", "properties": { "longitude": 13.52885923, "latitude": 38.0501244, "Id": 1508, "class": "port" }, "geometry": { "type": "Point", "coordinates": [ 13.52885923, 38.0501244 ] } },
{ "type": "Feature", "properties": { "longitude": 13.5667, "latitude": -12.3333, "Id": 1509, "class": "port" }, "geometry": { "type": "Point", "coordinates": [ 13.5667, -12.3333 ] } },
{ "type": "Feature", "properties": { "longitude": 13.6786473, "latitude": 59.2449268, "Id": 1510, "class": "port" }, "geometry": { "type": "Point", "coordinates": [ 13.6786473, 59.2449268 ] } },
{ "type": "Feature", "properties": { "longitude": 13.78450152, "latitude": 54.07817177, "Id": 1511, "class": "port" }, "geometry": { "type": "Point", "coordinates": [ 13.78450152, 54.07817177 ] } },
{ "type": "Feature", "properties": { "longitude": 13.8333, "latitude": 55.4333, "Id": 1512, "class": "port" }, "geometry": { "type": "Point", "coordinates": [ 13.8333, 55.4333 ] } },
{ "type": "Feature", "properties": { "longitude": 13.88687344, "latitude": 37.15854054, "Id": 1513, "class": "port" }, "geometry": { "type": "Point", "coordinates": [ 13.88687344, 37.15854054 ] } },
{ "type": "Feature", "properties": { "longitude": 14.04038635, "latitude": 45.18254727, "Id": 1514, "class": "port" }, "geometry": { "type": "Point", "coordinates": [ 14.04038635, 45.18254727 ] } },
{ "type": "Feature", "properties": { "longitude": 14.08681509, "latitude": 68.17618818, "Id": 1515, "class": "port" }, "geometry": { "type": "Point", "coordinates": [ 14.08681509, 68.17618818 ] } },
{ "type": "Feature", "properties": { "longitude": 14.22501739, "latitude": 78.06656563, "Id": 1516, "class": "port" }, "geometry": { "type": "Point", "coordinates": [ 14.22501739, 78.06656563 ] } },
{ "type": "Feature", "properties": { "longitude": 14.2592033, "latitude": 32.66673759, "Id": 1517, "class": "port" }, "geometry": { "type": "Point", "coordinates": [ 14.2592033, 32.66673759 ] } },
{ "type": "Feature", "properties": { "longitude": 14.27619969, "latitude": 67.00220774, "Id": 1518, "class": "port" }, "geometry": { "type": "Point", "coordinates": [ 14.27619969, 67.00220774 ] } },
{ "type": "Feature", "properties": { "longitude": 14.3969439, "latitude": 40.74206869, "Id": 1519, "class": "port" }, "geometry": { "type": "Point", "coordinates": [ 14.3969439, 40.74206869 ] } },
{ "type": "Feature", "properties": { "longitude": 14.40336989, "latitude": 35.95413381, "Id": 1520, "class": "port" }, "geometry": { "type": "Point", "coordinates": [ 14.40336989, 35.95413381 ] } },
{ "type": "Feature", "properties": { "longitude": 14.4872, "latitude": -22.9561, "Id": 1521, "class": "port" }, "geometry": { "type": "Point", "coordinates": [ 14.4872, -22.9561 ] } },
{ "type": "Feature", "properties": { "longitude": 14.57080087, "latitude": 56.06157239, "Id": 1522, "class": "port" }, "geometry": { "type": "Point", "coordinates": [ 14.57080087, 56.06157239 ] } },
{ "type": "Feature", "properties": { "longitude": 14.70344863, "latitude": 42.17920588, "Id": 1523, "class": "port" }, "geometry": { "type": "Point", "coordinates": [ 14.70344863, 42.17920588 ] } },
{ "type": "Feature", "properties": { "longitude": 14.89595446, "latitude": 55.15261921, "Id": 1524, "class": "port" }, "geometry": { "type": "Point", "coordinates": [ 14.89595446, 55.15261921 ] } },
{ "type": "Feature", "properties": { "longitude": 15.07707076, "latitude": 37.0844333, "Id": 1525, "class": "port" }, "geometry": { "type": "Point", "coordinates": [ 15.07707076, 37.0844333 ] } },
{ "type": "Feature", "properties": { "longitude": 15.15, "latitude": -26.65, "Id": 1526, "class": "port" }, "geometry": { "type": "Point", "coordinates": [ 15.15, -26.65 ] } },
{ "type": "Feature", "properties": { "longitude": 15.2194, "latitude": 32.36626, "Id": 1527, "class": "port" }, "geometry": { "type": "Point", "coordinates": [ 15.2194, 32.36626 ] } },
{ "type": "Feature", "properties": { "longitude": 15.26003516, "latitude": 44.08960878, "Id": 1528, "class": "port" }, "geometry": { "type": "Point", "coordinates": [ 15.26003516, 44.08960878 ] } },
{ "type": "Feature", "properties": { "longitude": 15.4206, "latitude": 68.7053, "Id": 1529, "class": "port" }, "geometry": { "type": "Point", "coordinates": [ 15.4206, 68.7053 ] } },
{ "type": "Feature", "properties": { "longitude": 15.47204264, "latitude": 38.48590008, "Id": 1530, "class": "port" }, "geometry": { "type": "Point", "coordinates": [ 15.47204264, 38.48590008 ] } },
{ "type": "Feature", "properties": { "longitude": 15.47549382, "latitude": 67.06983228, "Id": 1531, "class": "port" }, "geometry": { "type": "Point", "coordinates": [ 15.47549382, 67.06983228 ] } },
{ "type": "Feature", "properties": { "longitude": 15.5751, "latitude": 54.1728, "Id": 1532, "class": "port" }, "geometry": { "type": "Point", "coordinates": [ 15.5751, 54.1728 ] } },
{ "type": "Feature", "properties": { "longitude": 15.6278, "latitude": 78.2261, "Id": 1533, "class": "port" }, "geometry": { "type": "Point", "coordinates": [ 15.6278, 78.2261 ] } },
{ "type": "Feature", "properties": { "longitude": 15.65191861, "latitude": 56.06646758, "Id": 1534, "class": "port" }, "geometry": { "type": "Point", "coordinates": [ 15.65191861, 56.06646758 ] } },
{ "type": "Feature", "properties": { "longitude": 16.04369297, "latitude": 41.75931351, "Id": 1535, "class": "port" }, "geometry": { "type": "Point", "coordinates": [ 16.04369297, 41.75931351 ] } },
{ "type": "Feature", "properties": { "longitude": 16.33959926, "latitude": 43.40386697, "Id": 1536, "class": "port" }, "geometry": { "type": "Point", "coordinates": [ 16.33959926, 43.40386697 ] } },
{ "type": "Feature", "properties": { "longitude": 16.57129807, "latitude": 57.46756577, "Id": 1537, "class": "port" }, "geometry": { "type": "Point", "coordinates": [ 16.57129807, 57.46756577 ] } },
{ "type": "Feature", "properties": { "longitude": 16.8021089, "latitude": 68.71481859, "Id": 1538, "class": "port" }, "geometry": { "type": "Point", "coordinates": [ 16.8021089, 68.71481859 ] } },
{ "type": "Feature", "properties": { "longitude": 17.02670697, "latitude": 40.90877656, "Id": 1539, "class": "port" }, "geometry": { "type": "Point", "coordinates": [ 17.02670697, 40.90877656 ] } },
{ "type": "Feature", "properties": { "longitude": 17.1167, "latitude": 58.6667, "Id": 1540, "class": "port" }, "geometry": { "type": "Point", "coordinates": [ 17.1167, 58.6667 ] } },
{ "type": "Feature", "properties": { "longitude": 17.12711, "latitude": 39.080793, "Id": 1541, "class": "port" }, "geometry": { "type": "Point", "coordinates": [ 17.12711, 39.080793 ] } },
{ "type": "Feature", "properties": { "longitude": 17.20587916, "latitude": 61.06222976, "Id": 1542, "class": "port" }, "geometry": { "type": "Point", "coordinates": [ 17.20587916, 61.06222976 ] } },
{ "type": "Feature", "properties": { "longitude": 17.4333, "latitude": 43.05, "Id": 1543, "class": "port" }, "geometry": { "type": "Point", "coordinates": [ 17.4333, 43.05 ] } },
{ "type": "Feature", "properties": { "longitude": 17.60192981, "latitude": 59.34165312, "Id": 1544, "class": "port" }, "geometry": { "type": "Point", "coordinates": [ 17.60192981, 59.34165312 ] } },
{ "type": "Feature", "properties": { "longitude": 17.62753104, "latitude": 62.47229914, "Id": 1545, "class": "port" }, "geometry": { "type": "Point", "coordinates": [ 17.62753104, 62.47229914 ] } },
{ "type": "Feature", "properties": { "longitude": 18.1480146, "latitude": 40.27504182, "Id": 1546, "class": "port" }, "geometry": { "type": "Point", "coordinates": [ 18.1480146, 40.27504182 ] } },
{ "type": "Feature", "properties": { "longitude": 18.41879737, "latitude": -34.15181124, "Id": 1547, "class": "port" }, "geometry": { "type": "Point", "coordinates": [ 18.41879737, -34.15181124 ] } },
{ "type": "Feature", "properties": { "longitude": 18.47951166, "latitude": 30.58355466, "Id": 1548, "class": "port" }, "geometry": { "type": "Point", "coordinates": [ 18.47951166, 30.58355466 ] } },
{ "type": "Feature", "properties": { "longitude": 18.54403464, "latitude": 54.55960807, "Id": 1549, "class": "port" }, "geometry": { "type": "Point", "coordinates": [ 18.54403464, 54.55960807 ] } },
{ "type": "Feature", "properties": { "longitude": 18.62710091, "latitude": 60.12018376, "Id": 1550, "class": "port" }, "geometry": { "type": "Point", "coordinates": [ 18.62710091, 60.12018376 ] } },
{ "type": "Feature", "properties": { "longitude": 18.69737281, "latitude": 57.7584065, "Id": 1551, "class": "port" }, "geometry": { "type": "Point", "coordinates": [ 18.69737281, 57.7584065 ] } },
{ "type": "Feature", "properties": { "longitude": 18.93697836, "latitude": 63.30542829, "Id": 1552, "class": "port" }, "geometry": { "type": "Point", "coordinates": [ 18.93697836, 63.30542829 ] } },
{ "type": "Feature", "properties": { "longitude": 18.9495562, "latitude": 42.09066719, "Id": 1553, "class": "port" }, "geometry": { "type": "Point", "coordinates": [ 18.9495562, 42.09066719 ] } },
{ "type": "Feature", "properties": { "longitude": 19.0886, "latitude": 74.2872, "Id": 1554, "class": "port" }, "geometry": { "type": "Point", "coordinates": [ 19.0886, 74.2872 ] } },
{ "type": "Feature", "properties": { "longitude": 19.19194254, "latitude": 69.49125944, "Id": 1555, "class": "port" }, "geometry": { "type": "Point", "coordinates": [ 19.19194254, 69.49125944 ] } },
{ "type": "Feature", "properties": { "longitude": 19.5, "latitude": 40.4667, "Id": 1556, "class": "port" }, "geometry": { "type": "Point", "coordinates": [ 19.5, 40.4667 ] } },
{ "type": "Feature", "properties": { "longitude": 19.5894, "latitude": 30.4133, "Id": 1557, "class": "port" }, "geometry": { "type": "Point", "coordinates": [ 19.5894, 30.4133 ] } },
{ "type": "Feature", "properties": { "longitude": 19.7553, "latitude": 69.8525, "Id": 1558, "class": "port" }, "geometry": { "type": "Point", "coordinates": [ 19.7553, 69.8525 ] } },
{ "type": "Feature", "properties": { "longitude": 19.9333, "latitude": 60.1, "Id": 1559, "class": "port" }, "geometry": { "type": "Point", "coordinates": [ 19.9333, 60.1 ] } },
{ "type": "Feature", "properties": { "longitude": 20.0056, "latitude": -35.0931, "Id": 1560, "class": "port" }, "geometry": { "type": "Point", "coordinates": [ 20.0056, -35.0931 ] } },
{ "type": "Feature", "properties": { "longitude": 20.05, "latitude": 32.1167, "Id": 1561, "class": "port" }, "geometry": { "type": "Point", "coordinates": [ 20.05, 32.1167 ] } },
{ "type": "Feature", "properties": { "longitude": 20.20889759, "latitude": 54.77221344, "Id": 1562, "class": "port" }, "geometry": { "type": "Point", "coordinates": [ 20.20889759, 54.77221344 ] } },
{ "type": "Feature", "properties": { "longitude": 20.3333, "latitude": 63.7, "Id": 1563, "class": "port" }, "geometry": { "type": "Point", "coordinates": [ 20.3333, 63.7 ] } },
{ "type": "Feature", "properties": { "longitude": 20.66031649, "latitude": 38.65494116, "Id": 1564, "class": "port" }, "geometry": { "type": "Point", "coordinates": [ 20.66031649, 38.65494116 ] } },
{ "type": "Feature", "properties": { "longitude": 20.9709, "latitude": 70.03053, "Id": 1565, "class": "port" }, "geometry": { "type": "Point", "coordinates": [ 20.9709, 70.03053 ] } },
{ "type": "Feature", "properties": { "longitude": 21.01055083, "latitude": 56.52356085, "Id": 1566, "class": "port" }, "geometry": { "type": "Point", "coordinates": [ 21.01055083, 56.52356085 ] } },
{ "type": "Feature", "properties": { "longitude": 21.1167, "latitude": 55.7167, "Id": 1567, "class": "port" }, "geometry": { "type": "Point", "coordinates": [ 21.1167, 55.7167 ] } },
{ "type": "Feature", "properties": { "longitude": 21.26374469, "latitude": 64.67634442000001, "Id": 1568, "class": "port" }, "geometry": { "type": "Point", "coordinates": [ 21.26374469, 64.67634442 ] } },
{ "type": "Feature", "properties": { "longitude": 21.43471297, "latitude": 61.2272848, "Id": 1569, "class": "port" }, "geometry": { "type": "Point", "coordinates": [ 21.43471297, 61.2272848 ] } },
{ "type": "Feature", "properties": { "longitude": 21.4997, "latitude": 65.27553, "Id": 1570, "class": "port" }, "geometry": { "type": "Point", "coordinates": [ 21.4997, 65.27553 ] } },
{ "type": "Feature", "properties": { "longitude": 21.5558, "latitude": 63.1008, "Id": 1571, "class": "port" }, "geometry": { "type": "Point", "coordinates": [ 21.5558, 63.1008 ] } },
{ "type": "Feature", "properties": { "longitude": 21.89156383, "latitude": 36.93936819, "Id": 1572, "class": "port" }, "geometry": { "type": "Point", "coordinates": [ 21.89156383, 36.93936819 ] } },
{ "type": "Feature", "properties": { "longitude": 22.1728, "latitude": -34.1928, "Id": 1573, "class": "port" }, "geometry": { "type": "Point", "coordinates": [ 22.1728, -34.1928 ] } },
{ "type": "Feature", "properties": { "longitude": 22.18236801, "latitude": 60.39309915, "Id": 1574, "class": "port" }, "geometry": { "type": "Point", "coordinates": [ 22.18236801, 60.39309915 ] } },
{ "type": "Feature", "properties": { "longitude": 22.3989, "latitude": 58.2164, "Id": 1575, "class": "port" }, "geometry": { "type": "Point", "coordinates": [ 22.3989, 58.2164 ] } },
{ "type": "Feature", "properties": { "longitude": 22.40522143, "latitude": 32.83985784, "Id": 1576, "class": "port" }, "geometry": { "type": "Point", "coordinates": [ 22.40522143, 32.83985784 ] } },
{ "type": "Feature", "properties": { "longitude": 22.86977729, "latitude": 63.78837138, "Id": 1577, "class": "port" }, "geometry": { "type": "Point", "coordinates": [ 22.86977729, 63.78837138 ] } },
{ "type": "Feature", "properties": { "longitude": 23.0222861, "latitude": 59.97364388, "Id": 1578, "class": "port" }, "geometry": { "type": "Point", "coordinates": [ 23.0222861, 59.97364388 ] } },
{ "type": "Feature", "properties": { "longitude": 23.07837386, "latitude": 40.45615646, "Id": 1579, "class": "port" }, "geometry": { "type": "Point", "coordinates": [ 23.07837386, 40.45615646 ] } },
{ "type": "Feature", "properties": { "longitude": 23.27320178, "latitude": 69.98463832, "Id": 1580, "class": "port" }, "geometry": { "type": "Point", "coordinates": [ 23.27320178, 69.98463832 ] } },
{ "type": "Feature", "properties": { "longitude": 23.28591101, "latitude": 65.80778213000001, "Id": 1581, "class": "port" }, "geometry": { "type": "Point", "coordinates": [ 23.28591101, 65.80778213 ] } },
{ "type": "Feature", "properties": { "longitude": 23.5211, "latitude": 58.9522, "Id": 1582, "class": "port" }, "geometry": { "type": "Point", "coordinates": [ 23.5211, 58.9522 ] } },
{ "type": "Feature", "properties": { "longitude": 23.6703024, "latitude": 70.66711087, "Id": 1583, "class": "port" }, "geometry": { "type": "Point", "coordinates": [ 23.6703024, 70.66711087 ] } },
{ "type": "Feature", "properties": { "longitude": 23.7064, "latitude": 40.6778, "Id": 1584, "class": "port" }, "geometry": { "type": "Point", "coordinates": [ 23.7064, 40.6778 ] } },
{ "type": "Feature", "properties": { "longitude": 23.72999559, "latitude": 64.21313657, "Id": 1585, "class": "port" }, "geometry": { "type": "Point", "coordinates": [ 23.72999559, 64.21313657 ] } },
{ "type": "Feature", "properties": { "longitude": 23.85696367, "latitude": 37.77043613, "Id": 1586, "class": "port" }, "geometry": { "type": "Point", "coordinates": [ 23.85696367, 37.77043613 ] } },
{ "type": "Feature", "properties": { "longitude": 23.9868293, "latitude": 32.0848658, "Id": 1587, "class": "port" }, "geometry": { "type": "Point", "coordinates": [ 23.9868293, 32.0848658 ] } },
{ "type": "Feature", "properties": { "longitude": 24.1628, "latitude": 65.7639, "Id": 1588, "class": "port" }, "geometry": { "type": "Point", "coordinates": [ 24.1628, 65.7639 ] } },
{ "type": "Feature", "properties": { "longitude": 24.22592181, "latitude": 57.30455934, "Id": 1589, "class": "port" }, "geometry": { "type": "Point", "coordinates": [ 24.22592181, 57.30455934 ] } },
{ "type": "Feature", "properties": { "longitude": 24.4167, "latitude": 64.6833, "Id": 1590, "class": "port" }, "geometry": { "type": "Point", "coordinates": [ 24.4167, 64.6833 ] } },
{ "type": "Feature", "properties": { "longitude": 24.4923, "latitude": 58.37313, "Id": 1591, "class": "port" }, "geometry": { "type": "Point", "coordinates": [ 24.4923, 58.37313 ] } },
{ "type": "Feature", "properties": { "longitude": 24.63887158, "latitude": 35.18553303, "Id": 1592, "class": "port" }, "geometry": { "type": "Point", "coordinates": [ 24.63887158, 35.18553303 ] } },
{ "type": "Feature", "properties": { "longitude": 24.6632, "latitude": 59.4531, "Id": 1593, "class": "port" }, "geometry": { "type": "Point", "coordinates": [ 24.6632, 59.4531 ] } },
{ "type": "Feature", "properties": { "longitude": 24.74096683, "latitude": 40.85630602, "Id": 1594, "class": "port" }, "geometry": { "type": "Point", "coordinates": [ 24.74096683, 40.85630602 ] } },
{ "type": "Feature", "properties": { "longitude": 24.83439673, "latitude": 60.12093163, "Id": 1595, "class": "port" }, "geometry": { "type": "Point", "coordinates": [ 24.83439673, 60.12093163 ] } },
{ "type": "Feature", "properties": { "longitude": 25.0903, "latitude": 70.1361, "Id": 1596, "class": "port" }, "geometry": { "type": "Point", "coordinates": [ 25.0903, 70.1361 ] } },
{ "type": "Feature", "properties": { "longitude": 25.11289638, "latitude": 39.73551095, "Id": 1597, "class": "port" }, "geometry": { "type": "Point", "coordinates": [ 25.11289638, 39.73551095 ] } },
{ "type": "Feature", "properties": { "longitude": 25.4, "latitude": 65.0167, "Id": 1598, "class": "port" }, "geometry": { "type": "Point", "coordinates": [ 25.4, 65.0167 ] } },
{ "type": "Feature", "properties": { "longitude": 25.73192409, "latitude": -33.92562935, "Id": 1599, "class": "port" }, "geometry": { "type": "Point", "coordinates": [ 25.73192409, -33.92562935 ] } },
{ "type": "Feature", "properties": { "longitude": 25.8833, "latitude": 40.8333, "Id": 1600, "class": "port" }, "geometry": { "type": "Point", "coordinates": [ 25.8833, 40.8333 ] } },
{ "type": "Feature", "properties": { "longitude": 25.9493, "latitude": 43.85683, "Id": 1601, "class": "port" }, "geometry": { "type": "Point", "coordinates": [ 25.9493, 43.85683 ] } },
{ "type": "Feature", "properties": { "longitude": 25.970207, "latitude": 70.982291, "Id": 1602, "class": "port" }, "geometry": { "type": "Point", "coordinates": [ 25.970207, 70.982291 ] } },
{ "type": "Feature", "properties": { "longitude": 26.21875285, "latitude": 38.34683402, "Id": 1603, "class": "port" }, "geometry": { "type": "Point", "coordinates": [ 26.21875285, 38.34683402 ] } },
{ "type": "Feature", "properties": { "longitude": 26.2739, "latitude": 60.4333, "Id": 1604, "class": "port" }, "geometry": { "type": "Point", "coordinates": [ 26.2739, 60.4333 ] } },
{ "type": "Feature", "properties": { "longitude": 26.5333, "latitude": 59.5333, "Id": 1605, "class": "port" }, "geometry": { "type": "Point", "coordinates": [ 26.5333, 59.5333 ] } },
{ "type": "Feature", "properties": { "longitude": 26.568, "latitude": 31.5015, "Id": 1606, "class": "port" }, "geometry": { "type": "Point", "coordinates": [ 26.568, 31.5015 ] } },
{ "type": "Feature", "properties": { "longitude": 26.95672384, "latitude": 60.46427094, "Id": 1607, "class": "port" }, "geometry": { "type": "Point", "coordinates": [ 26.95672384, 60.46427094 ] } },
{ "type": "Feature", "properties": { "longitude": 26.96300542, "latitude": 37.86236648, "Id": 1608, "class": "port" }, "geometry": { "type": "Point", "coordinates": [ 26.96300542, 37.86236648 ] } },
{ "type": "Feature", "properties": { "longitude": 27.01473532, "latitude": 40.4342767, "Id": 1609, "class": "port" }, "geometry": { "type": "Point", "coordinates": [ 27.01473532, 40.4342767 ] } },
{ "type": "Feature", "properties": { "longitude": 27.2481, "latitude": 44.12513, "Id": 1610, "class": "port" }, "geometry": { "type": "Point", "coordinates": [ 27.2481, 44.12513 ] } },
{ "type": "Feature", "properties": { "longitude": 27.68022416, "latitude": 42.36594937, "Id": 1611, "class": "port" }, "geometry": { "type": "Point", "coordinates": [ 27.68022416, 42.36594937 ] } },
{ "type": "Feature", "properties": { "longitude": 27.7575, "latitude": 71.0197, "Id": 1612, "class": "port" }, "geometry": { "type": "Point", "coordinates": [ 27.7575, 71.0197 ] } },
{ "type": "Feature", "properties": { "longitude": 27.9242, "latitude": -33.0425, "Id": 1613, "class": "port" }, "geometry": { "type": "Point", "coordinates": [ 27.9242, -33.0425 ] } },
{ "type": "Feature", "properties": { "longitude": 28.00605892, "latitude": 59.54063967, "Id": 1614, "class": "port" }, "geometry": { "type": "Point", "coordinates": [ 28.00605892, 59.54063967 ] } },
{ "type": "Feature", "properties": { "longitude": 28.18090973, "latitude": 36.49674226, "Id": 1615, "class": "port" }, "geometry": { "type": "Point", "coordinates": [ 28.18090973, 36.49674226 ] } },
{ "type": "Feature", "properties": { "longitude": 28.43232404, "latitude": 43.90510495, "Id": 1616, "class": "port" }, "geometry": { "type": "Point", "coordinates": [ 28.43232404, 43.90510495 ] } },
{ "type": "Feature", "properties": { "longitude": 28.46291988, "latitude": 60.63256415, "Id": 1617, "class": "port" }, "geometry": { "type": "Point", "coordinates": [ 28.46291988, 60.63256415 ] } },
{ "type": "Feature", "properties": { "longitude": 28.8744, "latitude": 30.9917, "Id": 1618, "class": "port" }, "geometry": { "type": "Point", "coordinates": [ 28.8744, 30.9917 ] } },
{ "type": "Feature", "properties": { "longitude": 28.88163311, "latitude": 45.33265993, "Id": 1619, "class": "port" }, "geometry": { "type": "Point", "coordinates": [ 28.88163311, 45.33265993 ] } },
{ "type": "Feature", "properties": { "longitude": 29.02926375, "latitude": 36.69143505, "Id": 1620, "class": "port" }, "geometry": { "type": "Point", "coordinates": [ 29.02926375, 36.69143505 ] } },
{ "type": "Feature", "properties": { "longitude": 29.18275806, "latitude": 40.78885519, "Id": 1621, "class": "port" }, "geometry": { "type": "Point", "coordinates": [ 29.18275806, 40.78885519 ] } },
{ "type": "Feature", "properties": { "longitude": 29.7333, "latitude": 70.6333, "Id": 1622, "class": "port" }, "geometry": { "type": "Point", "coordinates": [ 29.7333, 70.6333 ] } },
{ "type": "Feature", "properties": { "longitude": 29.8585713, "latitude": 36.22341268, "Id": 1623, "class": "port" }, "geometry": { "type": "Point", "coordinates": [ 29.8585713, 36.22341268 ] } },
{ "type": "Feature", "properties": { "longitude": 29.8929271, "latitude": 59.97583139, "Id": 1624, "class": "port" }, "geometry": { "type": "Point", "coordinates": [ 29.8929271, 59.97583139 ] } },
{ "type": "Feature", "properties": { "longitude": 29.91023231, "latitude": 31.18058672, "Id": 1625, "class": "port" }, "geometry": { "type": "Point", "coordinates": [ 29.91023231, 31.18058672 ] } },
{ "type": "Feature", "properties": { "longitude": 30.05440382, "latitude": 69.73118881000001, "Id": 1626, "class": "port" }, "geometry": { "type": "Point", "coordinates": [ 30.05440382, 69.73118881 ] } },
{ "type": "Feature", "properties": { "longitude": 30.60874, "latitude": 36.83621, "Id": 1627, "class": "port" }, "geometry": { "type": "Point", "coordinates": [ 30.60874, 36.83621 ] } },
{ "type": "Feature", "properties": { "longitude": 30.6719, "latitude": 41.1132, "Id": 1628, "class": "port" }, "geometry": { "type": "Point", "coordinates": [ 30.6719, 41.1132 ] } },
{ "type": "Feature", "properties": { "longitude": 30.69841964, "latitude": 46.40086657, "Id": 1629, "class": "port" }, "geometry": { "type": "Point", "coordinates": [ 30.69841964, 46.40086657 ] } },
{ "type": "Feature", "properties": { "longitude": 30.9583, "latitude": 70.2861, "Id": 1630, "class": "port" }, "geometry": { "type": "Point", "coordinates": [ 30.9583, 70.2861 ] } },
{ "type": "Feature", "properties": { "longitude": 31.0667, "latitude": -29.8667, "Id": 1631, "class": "port" }, "geometry": { "type": "Point", "coordinates": [ 31.0667, -29.8667 ] } },
{ "type": "Feature", "properties": { "longitude": 31.75, "latitude": 31.4833, "Id": 1632, "class": "port" }, "geometry": { "type": "Point", "coordinates": [ 31.75, 31.4833 ] } },
{ "type": "Feature", "properties": { "longitude": 31.9238974, "latitude": 41.52230027, "Id": 1633, "class": "port" }, "geometry": { "type": "Point", "coordinates": [ 31.9238974, 41.52230027 ] } },
{ "type": "Feature", "properties": { "longitude": 31.96370201, "latitude": 46.86107937, "Id": 1634, "class": "port" }, "geometry": { "type": "Point", "coordinates": [ 31.96370201, 46.86107937 ] } },
{ "type": "Feature", "properties": { "longitude": 32.0179, "latitude": 36.54713, "Id": 1635, "class": "port" }, "geometry": { "type": "Point", "coordinates": [ 32.0179, 36.54713 ] } },
{ "type": "Feature", "properties": { "longitude": 32.0922, "latitude": -28.7911, "Id": 1636, "class": "port" }, "geometry": { "type": "Point", "coordinates": [ 32.0922, -28.7911 ] } },
{ "type": "Feature", "properties": { "longitude": 32.33361354, "latitude": 31.25036423, "Id": 1637, "class": "port" }, "geometry": { "type": "Point", "coordinates": [ 32.33361354, 31.25036423 ] } },
{ "type": "Feature", "properties": { "longitude": 32.4256, "latitude": 66.9683, "Id": 1638, "class": "port" }, "geometry": { "type": "Point", "coordinates": [ 32.4256, 66.9683 ] } },
{ "type": "Feature", "properties": { "longitude": 32.52521063, "latitude": -25.96563872, "Id": 1639, "class": "port" }, "geometry": { "type": "Point", "coordinates": [ 32.52521063, -25.96563872 ] } },
{ "type": "Feature", "properties": { "longitude": 32.6, "latitude": 46.6167, "Id": 1640, "class": "port" }, "geometry": { "type": "Point", "coordinates": [ 32.6, 46.6167 ] } },
{ "type": "Feature", "properties": { "longitude": 32.81459125, "latitude": 29.28675464, "Id": 1641, "class": "port" }, "geometry": { "type": "Point", "coordinates": [ 32.81459125, 29.28675464 ] } },
{ "type": "Feature", "properties": { "longitude": 32.8577, "latitude": 36.05263, "Id": 1642, "class": "port" }, "geometry": { "type": "Point", "coordinates": [ 32.8577, 36.05263 ] } },
{ "type": "Feature", "properties": { "longitude": 33.22443564, "latitude": 35.01189904, "Id": 1643, "class": "port" }, "geometry": { "type": "Point", "coordinates": [ 33.22443564, 35.01189904 ] } },
{ "type": "Feature", "properties": { "longitude": 33.31173026, "latitude": 68.92467991, "Id": 1644, "class": "port" }, "geometry": { "type": "Point", "coordinates": [ 33.31173026, 68.92467991 ] } },
{ "type": "Feature", "properties": { "longitude": 33.7507, "latitude": 41.98453, "Id": 1645, "class": "port" }, "geometry": { "type": "Point", "coordinates": [ 33.7507, 41.98453 ] } },
{ "type": "Feature", "properties": { "longitude": 33.78157902, "latitude": 36.24578553, "Id": 1646, "class": "port" }, "geometry": { "type": "Point", "coordinates": [ 33.78157902, 36.24578553 ] } },
{ "type": "Feature", "properties": { "longitude": 33.83082084, "latitude": 44.53172223, "Id": 1647, "class": "port" }, "geometry": { "type": "Point", "coordinates": [ 33.83082084, 44.53172223 ] } },
{ "type": "Feature", "properties": { "longitude": 34.17268781, "latitude": 26.39672483, "Id": 1648, "class": "port" }, "geometry": { "type": "Point", "coordinates": [ 34.17268781, 26.39672483 ] } },
{ "type": "Feature", "properties": { "longitude": 34.3667, "latitude": 66.6667, "Id": 1649, "class": "port" }, "geometry": { "type": "Point", "coordinates": [ 34.3667, 66.6667 ] } },
{ "type": "Feature", "properties": { "longitude": 34.57536243, "latitude": 31.7420549, "Id": 1650, "class": "port" }, "geometry": { "type": "Point", "coordinates": [ 34.57536243, 31.7420549 ] } },
{ "type": "Feature", "properties": { "longitude": 34.6333, "latitude": 36.8, "Id": 1651, "class": "port" }, "geometry": { "type": "Point", "coordinates": [ 34.6333, 36.8 ] } },
{ "type": "Feature", "properties": { "longitude": 34.79115531, "latitude": 64.52895393, "Id": 1652, "class": "port" }, "geometry": { "type": "Point", "coordinates": [ 34.79115531, 64.52895393 ] } },
{ "type": "Feature", "properties": { "longitude": 34.8333, "latitude": -19.8333, "Id": 1653, "class": "port" }, "geometry": { "type": "Point", "coordinates": [ 34.8333, -19.8333 ] } },
{ "type": "Feature", "properties": { "longitude": 34.94963392, "latitude": 32.64207056, "Id": 1654, "class": "port" }, "geometry": { "type": "Point", "coordinates": [ 34.94963392, 32.64207056 ] } },
{ "type": "Feature", "properties": { "longitude": 34.97947992, "latitude": 29.53792613, "Id": 1655, "class": "port" }, "geometry": { "type": "Point", "coordinates": [ 34.97947992, 29.53792613 ] } },
{ "type": "Feature", "properties": { "longitude": 35.08096394, "latitude": 48.17579408, "Id": 1656, "class": "port" }, "geometry": { "type": "Point", "coordinates": [ 35.08096394, 48.17579408 ] } },
{ "type": "Feature", "properties": { "longitude": 35.14748017, "latitude": 42.02362124, "Id": 1657, "class": "port" }, "geometry": { "type": "Point", "coordinates": [ 35.14748017, 42.02362124 ] } },
{ "type": "Feature", "properties": { "longitude": 35.3922, "latitude": 45.0264, "Id": 1658, "class": "port" }, "geometry": { "type": "Point", "coordinates": [ 35.3922, 45.0264 ] } },
{ "type": "Feature", "properties": { "longitude": 35.64513872, "latitude": 27.44391547, "Id": 1659, "class": "port" }, "geometry": { "type": "Point", "coordinates": [ 35.64513872, 27.44391547 ] } },
{ "type": "Feature", "properties": { "longitude": 35.66775368, "latitude": 34.45594071, "Id": 1660, "class": "port" }, "geometry": { "type": "Point", "coordinates": [ 35.66775368, 34.45594071 ] } },
{ "type": "Feature", "properties": { "longitude": 35.7097, "latitude": 65.0347, "Id": 1661, "class": "port" }, "geometry": { "type": "Point", "coordinates": [ 35.7097, 65.0347 ] } },
{ "type": "Feature", "properties": { "longitude": 36.04917416, "latitude": 36.76096542, "Id": 1662, "class": "port" }, "geometry": { "type": "Point", "coordinates": [ 36.04917416, 36.76096542 ] } },
{ "type": "Feature", "properties": { "longitude": 36.35, "latitude": 41.3, "Id": 1663, "class": "port" }, "geometry": { "type": "Point", "coordinates": [ 36.35, 41.3 ] } },
{ "type": "Feature", "properties": { "longitude": 36.60390241, "latitude": 45.30140412, "Id": 1664, "class": "port" }, "geometry": { "type": "Point", "coordinates": [ 36.60390241, 45.30140412 ] } },
{ "type": "Feature", "properties": { "longitude": 36.7833, "latitude": 46.75, "Id": 1665, "class": "port" }, "geometry": { "type": "Point", "coordinates": [ 36.7833, 46.75 ] } },
{ "type": "Feature", "properties": { "longitude": 36.921858, "latitude": -17.850264, "Id": 1666, "class": "port" }, "geometry": { "type": "Point", "coordinates": [ 36.921858, -17.850264 ] } },
{ "type": "Feature", "properties": { "longitude": 37.2936, "latitude": 41.1281, "Id": 1667, "class": "port" }, "geometry": { "type": "Point", "coordinates": [ 37.2936, 41.1281 ] } },
{ "type": "Feature", "properties": { "longitude": 37.294642, "latitude": 19.36931347, "Id": 1668, "class": "port" }, "geometry": { "type": "Point", "coordinates": [ 37.294642, 19.36931347 ] } },
{ "type": "Feature", "properties": { "longitude": 37.4833, "latitude": 47.05, "Id": 1669, "class": "port" }, "geometry": { "type": "Point", "coordinates": [ 37.4833, 47.05 ] } },
{ "type": "Feature", "properties": { "longitude": 37.492626, "latitude": 44.98268989, "Id": 1670, "class": "port" }, "geometry": { "type": "Point", "coordinates": [ 37.492626, 44.98268989 ] } },
{ "type": "Feature", "properties": { "longitude": 38.06277198, "latitude": 24.0760135, "Id": 1671, "class": "port" }, "geometry": { "type": "Point", "coordinates": [ 38.06277198, 24.0760135 ] } },
{ "type": "Feature", "properties": { "longitude": 38.26710157, "latitude": 46.73826983, "Id": 1672, "class": "port" }, "geometry": { "type": "Point", "coordinates": [ 38.26710157, 46.73826983 ] } },
{ "type": "Feature", "properties": { "longitude": 38.61342003, "latitude": 40.95575377, "Id": 1673, "class": "port" }, "geometry": { "type": "Point", "coordinates": [ 38.61342003, 40.95575377 ] } },
{ "type": "Feature", "properties": { "longitude": 38.9094, "latitude": 47.2214, "Id": 1674, "class": "port" }, "geometry": { "type": "Point", "coordinates": [ 38.9094, 47.2214 ] } },
{ "type": "Feature", "properties": { "longitude": 39.04095895, "latitude": 22.63934669, "Id": 1675, "class": "port" }, "geometry": { "type": "Point", "coordinates": [ 39.04095895, 22.63934669 ] } },
{ "type": "Feature", "properties": { "longitude": 39.0667, "latitude": 44.1, "Id": 1676, "class": "port" }, "geometry": { "type": "Point", "coordinates": [ 39.0667, 44.1 ] } },
{ "type": "Feature", "properties": { "longitude": 39.1167, "latitude": -5.0833, "Id": 1677, "class": "port" }, "geometry": { "type": "Point", "coordinates": [ 39.1167, -5.0833 ] } },
{ "type": "Feature", "properties": { "longitude": 39.1667, "latitude": 21.4667, "Id": 1678, "class": "port" }, "geometry": { "type": "Point", "coordinates": [ 39.1667, 21.4667 ] } },
{ "type": "Feature", "properties": { "longitude": 39.22323845, "latitude": -6.390317324, "Id": 1679, "class": "port" }, "geometry": { "type": "Point", "coordinates": [ 39.22323845, -6.390317324 ] } },
{ "type": "Feature", "properties": { "longitude": 39.4667, "latitude": 15.6167, "Id": 1680, "class": "port" }, "geometry": { "type": "Point", "coordinates": [ 39.4667, 15.6167 ] } },
{ "type": "Feature", "properties": { "longitude": 39.5161, "latitude": 68.05543, "Id": 1681, "class": "port" }, "geometry": { "type": "Point", "coordinates": [ 39.5161, 68.05543 ] } },
{ "type": "Feature", "properties": { "longitude": 39.5169, "latitude": -8.93277, "Id": 1682, "class": "port" }, "geometry": { "type": "Point", "coordinates": [ 39.5169, -8.93277 ] } },
{ "type": "Feature", "properties": { "longitude": 39.65, "latitude": -5.3667, "Id": 1683, "class": "port" }, "geometry": { "type": "Point", "coordinates": [ 39.65, -5.3667 ] } },
{ "type": "Feature", "properties": { "longitude": 39.68051793, "latitude": 41.03120175, "Id": 1684, "class": "port" }, "geometry": { "type": "Point", "coordinates": [ 39.68051793, 41.03120175 ] } },
{ "type": "Feature", "properties": { "longitude": 39.7167, "latitude": 47.1667, "Id": 1685, "class": "port" }, "geometry": { "type": "Point", "coordinates": [ 39.7167, 47.1667 ] } },
{ "type": "Feature", "properties": { "longitude": 39.7303, "latitude": 43.56843, "Id": 1686, "class": "port" }, "geometry": { "type": "Point", "coordinates": [ 39.7303, 43.56843 ] } },
{ "type": "Feature", "properties": { "longitude": 39.7552166, "latitude": -3.85451992, "Id": 1687, "class": "port" }, "geometry": { "type": "Point", "coordinates": [ 39.7552166, -3.85451992 ] } },
{ "type": "Feature", "properties": { "longitude": 39.884471, "latitude": 57.626074, "Id": 1688, "class": "port" }, "geometry": { "type": "Point", "coordinates": [ 39.884471, 57.626074 ] } },
{ "type": "Feature", "properties": { "longitude": 39.89906387, "latitude": 64.72369192, "Id": 1689, "class": "port" }, "geometry": { "type": "Point", "coordinates": [ 39.89906387, 64.72369192 ] } },
{ "type": "Feature", "properties": { "longitude": 40.2, "latitude": -10.2667, "Id": 1690, "class": "port" }, "geometry": { "type": "Point", "coordinates": [ 40.2, -10.2667 ] } },
{ "type": "Feature", "properties": { "longitude": 40.5, "latitude": -12.9667, "Id": 1691, "class": "port" }, "geometry": { "type": "Point", "coordinates": [ 40.5, -12.9667 ] } },
{ "type": "Feature", "properties": { "longitude": 40.53567657, "latitude": 64.54925926, "Id": 1692, "class": "port" }, "geometry": { "type": "Point", "coordinates": [ 40.53567657, 64.54925926 ] } },
{ "type": "Feature", "properties": { "longitude": 40.62035064, "latitude": 47.47930573, "Id": 1693, "class": "port" }, "geometry": { "type": "Point", "coordinates": [ 40.62035064, 47.47930573 ] } },
{ "type": "Feature", "properties": { "longitude": 40.6667, "latitude": -14.5333, "Id": 1694, "class": "port" }, "geometry": { "type": "Point", "coordinates": [ 40.6667, -14.5333 ] } },
{ "type": "Feature", "properties": { "longitude": 40.90331, "latitude": -2.26912, "Id": 1695, "class": "port" }, "geometry": { "type": "Point", "coordinates": [ 40.90331, -2.26912 ] } },
{ "type": "Feature", "properties": { "longitude": 41.59791209, "latitude": 41.79618862, "Id": 1696, "class": "port" }, "geometry": { "type": "Point", "coordinates": [ 41.59791209, 41.79618862 ] } },
{ "type": "Feature", "properties": { "longitude": 41.7447, "latitude": 13.9703, "Id": 1697, "class": "port" }, "geometry": { "type": "Point", "coordinates": [ 41.7447, 13.9703 ] } },
{ "type": "Feature", "properties": { "longitude": 42.202766, "latitude": 47.500493, "Id": 1698, "class": "port" }, "geometry": { "type": "Point", "coordinates": [ 42.202766, 47.500493 ] } },
{ "type": "Feature", "properties": { "longitude": 42.5345, "latitude": 16.89833, "Id": 1699, "class": "port" }, "geometry": { "type": "Point", "coordinates": [ 42.5345, 16.89833 ] } },
{ "type": "Feature", "properties": { "longitude": 42.55, "latitude": -0.3667, "Id": 1700, "class": "port" }, "geometry": { "type": "Point", "coordinates": [ 42.55, -0.3667 ] } },
{ "type": "Feature", "properties": { "longitude": 42.81715708, "latitude": 15.04816894, "Id": 1701, "class": "port" }, "geometry": { "type": "Point", "coordinates": [ 42.81715708, 15.04816894 ] } },
{ "type": "Feature", "properties": { "longitude": 43.0115786, "latitude": 11.69513455, "Id": 1702, "class": "port" }, "geometry": { "type": "Point", "coordinates": [ 43.0115786, 11.69513455 ] } },
{ "type": "Feature", "properties": { "longitude": 43.540541, "latitude": 48.681398, "Id": 1703, "class": "port" }, "geometry": { "type": "Point", "coordinates": [ 43.540541, 48.681398 ] } },
{ "type": "Feature", "properties": { "longitude": 43.66442, "latitude": -23.37752, "Id": 1704, "class": "port" }, "geometry": { "type": "Point", "coordinates": [ 43.66442, -23.37752 ] } },
{ "type": "Feature", "properties": { "longitude": 44.005, "latitude": 56.3342, "Id": 1705, "class": "port" }, "geometry": { "type": "Point", "coordinates": [ 44.005, 56.3342 ] } },
{ "type": "Feature", "properties": { "longitude": 44.39271, "latitude": -12.16744, "Id": 1706, "class": "port" }, "geometry": { "type": "Point", "coordinates": [ 44.39271, -12.16744 ] } },
{ "type": "Feature", "properties": { "longitude": 44.77425, "latitude": 1.71447, "Id": 1707, "class": "port" }, "geometry": { "type": "Point", "coordinates": [ 44.77425, 1.71447 ] } },
{ "type": "Feature", "properties": { "longitude": 44.9789, "latitude": 12.7867, "Id": 1708, "class": "port" }, "geometry": { "type": "Point", "coordinates": [ 44.9789, 12.7867 ] } },
{ "type": "Feature", "properties": { "longitude": 45.0167, "latitude": 10.45, "Id": 1709, "class": "port" }, "geometry": { "type": "Point", "coordinates": [ 45.0167, 10.45 ] } },
{ "type": "Feature", "properties": { "longitude": 45.23305, "latitude": -12.77864, "Id": 1710, "class": "port" }, "geometry": { "type": "Point", "coordinates": [ 45.23305, -12.77864 ] } },
{ "type": "Feature", "properties": { "longitude": 45.33836, "latitude": 2.02372, "Id": 1711, "class": "port" }, "geometry": { "type": "Point", "coordinates": [ 45.33836, 2.02372 ] } },
{ "type": "Feature", "properties": { "longitude": 46.0167, "latitude": 51.5333, "Id": 1712, "class": "port" }, "geometry": { "type": "Point", "coordinates": [ 46.0167, 51.5333 ] } },
{ "type": "Feature", "properties": { "longitude": 46.25121297, "latitude": -15.64884969, "Id": 1713, "class": "port" }, "geometry": { "type": "Point", "coordinates": [ 46.25121297, -15.64884969 ] } },
{ "type": "Feature", "properties": { "longitude": 46.96575, "latitude": -25.06523, "Id": 1714, "class": "port" }, "geometry": { "type": "Point", "coordinates": [ 46.96575, -25.06523 ] } },
{ "type": "Feature", "properties": { "longitude": 47.4683, "latitude": 43.0022, "Id": 1715, "class": "port" }, "geometry": { "type": "Point", "coordinates": [ 47.4683, 43.0022 ] } },
{ "type": "Feature", "properties": { "longitude": 48.05, "latitude": 46.35, "Id": 1716, "class": "port" }, "geometry": { "type": "Point", "coordinates": [ 48.05, 46.35 ] } },
{ "type": "Feature", "properties": { "longitude": 48.2657, "latitude": -13.40017, "Id": 1717, "class": "port" }, "geometry": { "type": "Point", "coordinates": [ 48.2657, -13.40017 ] } },
{ "type": "Feature", "properties": { "longitude": 48.42995798, "latitude": 29.99567823, "Id": 1718, "class": "port" }, "geometry": { "type": "Point", "coordinates": [ 48.42995798, 29.99567823 ] } },
{ "type": "Feature", "properties": { "longitude": 48.4667, "latitude": 53.1667, "Id": 1719, "class": "port" }, "geometry": { "type": "Point", "coordinates": [ 48.4667, 53.1667 ] } },
{ "type": "Feature", "properties": { "longitude": 48.54047771, "latitude": 28.6512028, "Id": 1720, "class": "port" }, "geometry": { "type": "Point", "coordinates": [ 48.54047771, 28.6512028 ] } },
{ "type": "Feature", "properties": { "longitude": 48.8467, "latitude": 67.6353, "Id": 1721, "class": "port" }, "geometry": { "type": "Point", "coordinates": [ 48.8467, 67.6353 ] } },
{ "type": "Feature", "properties": { "longitude": 49.09539137, "latitude": 30.47289386, "Id": 1722, "class": "port" }, "geometry": { "type": "Point", "coordinates": [ 49.09539137, 30.47289386 ] } },
{ "type": "Feature", "properties": { "longitude": 49.123329, "latitude": 55.787894, "Id": 1723, "class": "port" }, "geometry": { "type": "Point", "coordinates": [ 49.123329, 55.787894 ] } },
{ "type": "Feature", "properties": { "longitude": 49.17983, "latitude": 11.29184, "Id": 1724, "class": "port" }, "geometry": { "type": "Point", "coordinates": [ 49.17983, 11.29184 ] } },
{ "type": "Feature", "properties": { "longitude": 49.186823, "latitude": 27.498399, "Id": 1725, "class": "port" }, "geometry": { "type": "Point", "coordinates": [ 49.186823, 27.498399 ] } },
{ "type": "Feature", "properties": { "longitude": 49.28513, "latitude": -12.27509, "Id": 1726, "class": "port" }, "geometry": { "type": "Point", "coordinates": [ 49.28513, -12.27509 ] } },
{ "type": "Feature", "properties": { "longitude": 49.30805941, "latitude": 14.62517813, "Id": 1727, "class": "port" }, "geometry": { "type": "Point", "coordinates": [ 49.30805941, 14.62517813 ] } },
{ "type": "Feature", "properties": { "longitude": 49.4167, "latitude": -18.1667, "Id": 1728, "class": "port" }, "geometry": { "type": "Point", "coordinates": [ 49.4167, -18.1667 ] } },
{ "type": "Feature", "properties": { "longitude": 49.46727, "latitude": 37.4766, "Id": 1729, "class": "port" }, "geometry": { "type": "Point", "coordinates": [ 49.46727, 37.4766 ] } },
{ "type": "Feature", "properties": { "longitude": 49.8822, "latitude": 40.3953, "Id": 1730, "class": "port" }, "geometry": { "type": "Point", "coordinates": [ 49.8822, 40.3953 ] } },
{ "type": "Feature", "properties": { "longitude": 49.9333, "latitude": 53.1, "Id": 1731, "class": "port" }, "geometry": { "type": "Point", "coordinates": [ 49.9333, 53.1 ] } },
{ "type": "Feature", "properties": { "longitude": 50.00626, "latitude": -13.3542, "Id": 1732, "class": "port" }, "geometry": { "type": "Point", "coordinates": [ 50.00626, -13.3542 ] } },
{ "type": "Feature", "properties": { "longitude": 50.17924001, "latitude": 26.62422285, "Id": 1733, "class": "port" }, "geometry": { "type": "Point", "coordinates": [ 50.17924001, 26.62422285 ] } },
{ "type": "Feature", "properties": { "longitude": 50.59021929, "latitude": 29.0873144, "Id": 1734, "class": "port" }, "geometry": { "type": "Point", "coordinates": [ 50.59021929, 29.0873144 ] } },
{ "type": "Feature", "properties": { "longitude": 51.16513, "latitude": 43.62732, "Id": 1735, "class": "port" }, "geometry": { "type": "Point", "coordinates": [ 51.16513, 43.62732 ] } },
{ "type": "Feature", "properties": { "longitude": 51.5537651, "latitude": 25.39081799, "Id": 1736, "class": "port" }, "geometry": { "type": "Point", "coordinates": [ 51.5537651, 25.39081799 ] } },
{ "type": "Feature", "properties": { "longitude": 51.8478, "latitude": 26.6741, "Id": 1737, "class": "port" }, "geometry": { "type": "Point", "coordinates": [ 51.8478, 26.6741 ] } },
{ "type": "Feature", "properties": { "longitude": 52.0211, "latitude": 67.6425, "Id": 1738, "class": "port" }, "geometry": { "type": "Point", "coordinates": [ 52.0211, 67.6425 ] } },
{ "type": "Feature", "properties": { "longitude": 52.15, "latitude": 15.8167, "Id": 1739, "class": "port" }, "geometry": { "type": "Point", "coordinates": [ 52.15, 15.8167 ] } },
{ "type": "Feature", "properties": { "longitude": 52.389288, "latitude": 55.730569, "Id": 1740, "class": "port" }, "geometry": { "type": "Point", "coordinates": [ 52.389288, 55.730569 ] } },
{ "type": "Feature", "properties": { "longitude": 52.41527931, "latitude": 25.66498159, "Id": 1741, "class": "port" }, "geometry": { "type": "Point", "coordinates": [ 52.41527931, 25.66498159 ] } },
{ "type": "Feature", "properties": { "longitude": 52.48575098, "latitude": 27.56580819, "Id": 1742, "class": "port" }, "geometry": { "type": "Point", "coordinates": [ 52.48575098, 27.56580819 ] } },
{ "type": "Feature", "properties": { "longitude": 52.532818, "latitude": 36.686728, "Id": 1743, "class": "port" }, "geometry": { "type": "Point", "coordinates": [ 52.532818, 36.686728 ] } },
{ "type": "Feature", "properties": { "longitude": 52.7311, "latitude": -7.0019, "Id": 1744, "class": "port" }, "geometry": { "type": "Point", "coordinates": [ 52.7311, -7.0019 ] } },
{ "type": "Feature", "properties": { "longitude": 52.96299579, "latitude": 24.79332895, "Id": 1745, "class": "port" }, "geometry": { "type": "Point", "coordinates": [ 52.96299579, 24.79332895 ] } },
{ "type": "Feature", "properties": { "longitude": 53.01155248, "latitude": 40.00103541, "Id": 1746, "class": "port" }, "geometry": { "type": "Point", "coordinates": [ 53.01155248, 40.00103541 ] } },
{ "type": "Feature", "properties": { "longitude": 53.06761434, "latitude": 67.65030754, "Id": 1747, "class": "port" }, "geometry": { "type": "Point", "coordinates": [ 53.06761434, 67.65030754 ] } },
{ "type": "Feature", "properties": { "longitude": 53.3301, "latitude": 26.79463, "Id": 1748, "class": "port" }, "geometry": { "type": "Point", "coordinates": [ 53.3301, 26.79463 ] } },
{ "type": "Feature", "properties": { "longitude": 53.840029, "latitude": 38.058799, "Id": 1749, "class": "port" }, "geometry": { "type": "Point", "coordinates": [ 53.840029, 38.058799 ] } },
{ "type": "Feature", "properties": { "longitude": 53.995389, "latitude": 16.941487, "Id": 1750, "class": "port" }, "geometry": { "type": "Point", "coordinates": [ 53.995389, 16.941487 ] } },
{ "type": "Feature", "properties": { "longitude": 54.00491, "latitude": 26.56285, "Id": 1751, "class": "port" }, "geometry": { "type": "Point", "coordinates": [ 54.00491, 26.56285 ] } },
{ "type": "Feature", "properties": { "longitude": 54.73850843, "latitude": 25.79692584, "Id": 1752, "class": "port" }, "geometry": { "type": "Point", "coordinates": [ 54.73850843, 25.79692584 ] } },
{ "type": "Feature", "properties": { "longitude": 54.79738462, "latitude": 24.81886099, "Id": 1753, "class": "port" }, "geometry": { "type": "Point", "coordinates": [ 54.79738462, 24.81886099 ] } },
{ "type": "Feature", "properties": { "longitude": 54.8859, "latitude": 26.56263, "Id": 1754, "class": "port" }, "geometry": { "type": "Point", "coordinates": [ 54.8859, 26.56263 ] } },
{ "type": "Feature", "properties": { "longitude": 55.26827072, "latitude": -20.92389689, "Id": 1755, "class": "port" }, "geometry": { "type": "Point", "coordinates": [ 55.26827072, -20.92389689 ] } },
{ "type": "Feature", "properties": { "longitude": 55.6401377, "latitude": -4.459089572, "Id": 1756, "class": "port" }, "geometry": { "type": "Point", "coordinates": [ 55.6401377, -4.459089572 ] } },
{ "type": "Feature", "properties": { "longitude": 56.16312268, "latitude": 26.5726017, "Id": 1757, "class": "port" }, "geometry": { "type": "Point", "coordinates": [ 56.16312268, 26.5726017 ] } },
{ "type": "Feature", "properties": { "longitude": 56.2656, "latitude": -7.1686, "Id": 1758, "class": "port" }, "geometry": { "type": "Point", "coordinates": [ 56.2656, -7.1686 ] } },
{ "type": "Feature", "properties": { "longitude": 56.36503284, "latitude": 25.27127136, "Id": 1759, "class": "port" }, "geometry": { "type": "Point", "coordinates": [ 56.36503284, 25.27127136 ] } },
{ "type": "Feature", "properties": { "longitude": 56.6656, "latitude": -10.4361, "Id": 1760, "class": "port" }, "geometry": { "type": "Point", "coordinates": [ 56.6656, -10.4361 ] } },
{ "type": "Feature", "properties": { "longitude": 57.49912765, "latitude": -20.14706893, "Id": 1761, "class": "port" }, "geometry": { "type": "Point", "coordinates": [ 57.49912765, -20.14706893 ] } },
{ "type": "Feature", "properties": { "longitude": 57.71325, "latitude": 19.6623, "Id": 1762, "class": "port" }, "geometry": { "type": "Point", "coordinates": [ 57.71325, 19.6623 ] } },
{ "type": "Feature", "properties": { "longitude": 57.7825, "latitude": 25.6403, "Id": 1763, "class": "port" }, "geometry": { "type": "Point", "coordinates": [ 57.7825, 25.6403 ] } },
{ "type": "Feature", "properties": { "longitude": 58.02685613, "latitude": 68.81243696, "Id": 1764, "class": "port" }, "geometry": { "type": "Point", "coordinates": [ 58.02685613, 68.81243696 ] } },
{ "type": "Feature", "properties": { "longitude": 58.4821353, "latitude": 23.61077467, "Id": 1765, "class": "port" }, "geometry": { "type": "Point", "coordinates": [ 58.4821353, 23.61077467 ] } },
{ "type": "Feature", "properties": { "longitude": 58.87074, "latitude": 20.65893, "Id": 1766, "class": "port" }, "geometry": { "type": "Point", "coordinates": [ 58.87074, 20.65893 ] } },
{ "type": "Feature", "properties": { "longitude": 59.46720681, "latitude": 22.61920379, "Id": 1767, "class": "port" }, "geometry": { "type": "Point", "coordinates": [ 59.46720681, 22.61920379 ] } },
{ "type": "Feature", "properties": { "longitude": 60.59897605, "latitude": 25.31625609, "Id": 1768, "class": "port" }, "geometry": { "type": "Point", "coordinates": [ 60.59897605, 25.31625609 ] } },
{ "type": "Feature", "properties": { "longitude": 61.6241311, "latitude": 69.76307415, "Id": 1769, "class": "port" }, "geometry": { "type": "Point", "coordinates": [ 61.6241311, 69.76307415 ] } },
{ "type": "Feature", "properties": { "longitude": 67.02641649, "latitude": 24.87129475, "Id": 1770, "class": "port" }, "geometry": { "type": "Point", "coordinates": [ 67.02641649, 24.87129475 ] } },
{ "type": "Feature", "properties": { "longitude": 68.6356, "latitude": 23.4231, "Id": 1771, "class": "port" }, "geometry": { "type": "Point", "coordinates": [ 68.6356, 23.4231 ] } },
{ "type": "Feature", "properties": { "longitude": 69.6, "latitude": 21.6333, "Id": 1772, "class": "port" }, "geometry": { "type": "Point", "coordinates": [ 69.6, 21.6333 ] } },
{ "type": "Feature", "properties": { "longitude": 69.71824474, "latitude": 22.60852523, "Id": 1773, "class": "port" }, "geometry": { "type": "Point", "coordinates": [ 69.71824474, 22.60852523 ] } },
{ "type": "Feature", "properties": { "longitude": 70.52130216, "latitude": 20.83024972, "Id": 1774, "class": "port" }, "geometry": { "type": "Point", "coordinates": [ 70.52130216, 20.83024972 ] } },
{ "type": "Feature", "properties": { "longitude": 71.47729588, "latitude": 20.90782022, "Id": 1775, "class": "port" }, "geometry": { "type": "Point", "coordinates": [ 71.47729588, 20.90782022 ] } },
{ "type": "Feature", "properties": { "longitude": 71.97094381, "latitude": 71.3633168, "Id": 1776, "class": "port" }, "geometry": { "type": "Point", "coordinates": [ 71.97094381, 71.3633168 ] } },
{ "type": "Feature", "properties": { "longitude": 72.33489335, "latitude": 21.61864673, "Id": 1777, "class": "port" }, "geometry": { "type": "Point", "coordinates": [ 72.33489335, 21.61864673 ] } },
{ "type": "Feature", "properties": { "longitude": 72.42, "latitude": -7.3019, "Id": 1778, "class": "port" }, "geometry": { "type": "Point", "coordinates": [ 72.42, -7.3019 ] } },
{ "type": "Feature", "properties": { "longitude": 72.64, "latitude": 10.57, "Id": 1779, "class": "port" }, "geometry": { "type": "Point", "coordinates": [ 72.64, 10.57 ] } },
{ "type": "Feature", "properties": { "longitude": 72.67685774, "latitude": 21.04450609, "Id": 1780, "class": "port" }, "geometry": { "type": "Point", "coordinates": [ 72.67685774, 21.04450609 ] } },
{ "type": "Feature", "properties": { "longitude": 72.91030432, "latitude": 67.67641031, "Id": 1781, "class": "port" }, "geometry": { "type": "Point", "coordinates": [ 72.91030432, 67.67641031 ] } },
{ "type": "Feature", "properties": { "longitude": 72.9399192, "latitude": 18.64349317, "Id": 1782, "class": "port" }, "geometry": { "type": "Point", "coordinates": [ 72.9399192, 18.64349317 ] } },
{ "type": "Feature", "properties": { "longitude": 73.1685, "latitude": -0.68307, "Id": 1783, "class": "port" }, "geometry": { "type": "Point", "coordinates": [ 73.1685, -0.68307 ] } },
{ "type": "Feature", "properties": { "longitude": 73.23898812, "latitude": 17.28016576, "Id": 1784, "class": "port" }, "geometry": { "type": "Point", "coordinates": [ 73.23898812, 17.28016576 ] } },
{ "type": "Feature", "properties": { "longitude": 73.5, "latitude": 4.1667, "Id": 1785, "class": "port" }, "geometry": { "type": "Point", "coordinates": [ 73.5, 4.1667 ] } },
{ "type": "Feature", "properties": { "longitude": 73.67, "latitude": 10.81, "Id": 1786, "class": "port" }, "geometry": { "type": "Point", "coordinates": [ 73.67, 10.81 ] } },
{ "type": "Feature", "properties": { "longitude": 73.72567372, "latitude": 15.58622091, "Id": 1787, "class": "port" }, "geometry": { "type": "Point", "coordinates": [ 73.72567372, 15.58622091 ] } },
{ "type": "Feature", "properties": { "longitude": 73.8419, "latitude": 70.9988, "Id": 1788, "class": "port" }, "geometry": { "type": "Point", "coordinates": [ 73.8419, 70.9988 ] } },
{ "type": "Feature", "properties": { "longitude": 74.1167, "latitude": 14.8167, "Id": 1789, "class": "port" }, "geometry": { "type": "Point", "coordinates": [ 74.1167, 14.8167 ] } },
{ "type": "Feature", "properties": { "longitude": 74.81661258, "latitude": 12.84145158, "Id": 1790, "class": "port" }, "geometry": { "type": "Point", "coordinates": [ 74.81661258, 12.84145158 ] } },
{ "type": "Feature", "properties": { "longitude": 76.2333, "latitude": 9.9667, "Id": 1791, "class": "port" }, "geometry": { "type": "Point", "coordinates": [ 76.2333, 9.9667 ] } },
{ "type": "Feature", "properties": { "longitude": 77.6881, "latitude": 67.6853, "Id": 1792, "class": "port" }, "geometry": { "type": "Point", "coordinates": [ 77.6881, 67.6853 ] } },
{ "type": "Feature", "properties": { "longitude": 78.1667, "latitude": 8.8, "Id": 1793, "class": "port" }, "geometry": { "type": "Point", "coordinates": [ 78.1667, 8.8 ] } },
{ "type": "Feature", "properties": { "longitude": 79.731575, "latitude": 8.034866, "Id": 1794, "class": "port" }, "geometry": { "type": "Point", "coordinates": [ 79.731575, 8.034866 ] } },
{ "type": "Feature", "properties": { "longitude": 79.80708232000001, "latitude": 11.24667095, "Id": 1795, "class": "port" }, "geometry": { "type": "Point", "coordinates": [ 79.80708232, 11.24667095 ] } },
{ "type": "Feature", "properties": { "longitude": 79.85, "latitude": 6.95, "Id": 1796, "class": "port" }, "geometry": { "type": "Point", "coordinates": [ 79.85, 6.95 ] } },
{ "type": "Feature", "properties": { "longitude": 80.1167, "latitude": 14.2833, "Id": 1797, "class": "port" }, "geometry": { "type": "Point", "coordinates": [ 80.1167, 14.2833 ] } },
{ "type": "Feature", "properties": { "longitude": 80.32799541, "latitude": 13.26055467, "Id": 1798, "class": "port" }, "geometry": { "type": "Point", "coordinates": [ 80.32799541, 13.26055467 ] } },
{ "type": "Feature", "properties": { "longitude": 80.41959755000001, "latitude": 5.884173012, "Id": 1799, "class": "port" }, "geometry": { "type": "Point", "coordinates": [ 80.41959755, 5.884173012 ] } },
{ "type": "Feature", "properties": { "longitude": 80.42316868, "latitude": 73.50372855000001, "Id": 1800, "class": "port" }, "geometry": { "type": "Point", "coordinates": [ 80.42316868, 73.50372855 ] } },
{ "type": "Feature", "properties": { "longitude": 81.1192, "latitude": 6.1311, "Id": 1801, "class": "port" }, "geometry": { "type": "Point", "coordinates": [ 81.1192, 6.1311 ] } },
{ "type": "Feature", "properties": { "longitude": 81.2167, "latitude": 8.55, "Id": 1802, "class": "port" }, "geometry": { "type": "Point", "coordinates": [ 81.2167, 8.55 ] } },
{ "type": "Feature", "properties": { "longitude": 82.29471242, "latitude": 16.96914415, "Id": 1803, "class": "port" }, "geometry": { "type": "Point", "coordinates": [ 82.29471242, 16.96914415 ] } },
{ "type": "Feature", "properties": { "longitude": 83.27253203, "latitude": 17.65990994, "Id": 1804, "class": "port" }, "geometry": { "type": "Point", "coordinates": [ 83.27253203, 17.65990994 ] } },
{ "type": "Feature", "properties": { "longitude": 84.92, "latitude": 19.27, "Id": 1805, "class": "port" }, "geometry": { "type": "Point", "coordinates": [ 84.92, 19.27 ] } },
{ "type": "Feature", "properties": { "longitude": 86.17167206000001, "latitude": 69.39841121000001, "Id": 1806, "class": "port" }, "geometry": { "type": "Point", "coordinates": [ 86.17167206, 69.39841121 ] } },
{ "type": "Feature", "properties": { "longitude": 86.58217422, "latitude": 67.45739068, "Id": 1807, "class": "port" }, "geometry": { "type": "Point", "coordinates": [ 86.58217422, 67.45739068 ] } },
{ "type": "Feature", "properties": { "longitude": 86.7103, "latitude": 20.244, "Id": 1808, "class": "port" }, "geometry": { "type": "Point", "coordinates": [ 86.7103, 20.244 ] } },
{ "type": "Feature", "properties": { "longitude": 86.9628, "latitude": 20.8233, "Id": 1809, "class": "port" }, "geometry": { "type": "Point", "coordinates": [ 86.9628, 20.8233 ] } },
{ "type": "Feature", "properties": { "longitude": 88.19243756, "latitude": 22.30118365, "Id": 1810, "class": "port" }, "geometry": { "type": "Point", "coordinates": [ 88.19243756, 22.30118365 ] } },
{ "type": "Feature", "properties": { "longitude": 89.56113179, "latitude": 22.53452367, "Id": 1811, "class": "port" }, "geometry": { "type": "Point", "coordinates": [ 89.56113179, 22.53452367 ] } },
{ "type": "Feature", "properties": { "longitude": 90.27897, "latitude": 21.98919, "Id": 1812, "class": "port" }, "geometry": { "type": "Point", "coordinates": [ 90.27897, 21.98919 ] } },
{ "type": "Feature", "properties": { "longitude": 90.47984911, "latitude": 23.63066561, "Id": 1813, "class": "port" }, "geometry": { "type": "Point", "coordinates": [ 90.47984911, 23.63066561 ] } },
{ "type": "Feature", "properties": { "longitude": 91.7961112, "latitude": 22.32937298, "Id": 1814, "class": "port" }, "geometry": { "type": "Point", "coordinates": [ 91.7961112, 22.32937298 ] } },
{ "type": "Feature", "properties": { "longitude": 92.75, "latitude": 11.6833, "Id": 1815, "class": "port" }, "geometry": { "type": "Point", "coordinates": [ 92.75, 11.6833 ] } },
{ "type": "Feature", "properties": { "longitude": 95.28428584, "latitude": 5.664908531, "Id": 1816, "class": "port" }, "geometry": { "type": "Point", "coordinates": [ 95.28428584, 5.664908531 ] } },
{ "type": "Feature", "properties": { "longitude": 96.1333, "latitude": 4.1333, "Id": 1817, "class": "port" }, "geometry": { "type": "Point", "coordinates": [ 96.1333, 4.1333 ] } },
{ "type": "Feature", "properties": { "longitude": 96.21424857, "latitude": 16.7197159, "Id": 1818, "class": "port" }, "geometry": { "type": "Point", "coordinates": [ 96.21424857, 16.7197159 ] } },
{ "type": "Feature", "properties": { "longitude": 96.4036, "latitude": 2.45556, "Id": 1819, "class": "port" }, "geometry": { "type": "Point", "coordinates": [ 96.4036, 2.45556 ] } },
{ "type": "Feature", "properties": { "longitude": 97.09191813, "latitude": 5.21457565, "Id": 1820, "class": "port" }, "geometry": { "type": "Point", "coordinates": [ 97.09191813, 5.21457565 ] } },
{ "type": "Feature", "properties": { "longitude": 97.60955, "latitude": 1.3059, "Id": 1821, "class": "port" }, "geometry": { "type": "Point", "coordinates": [ 97.60955, 1.3059 ] } },
{ "type": "Feature", "properties": { "longitude": 98.31709759, "latitude": 4.131212302, "Id": 1822, "class": "port" }, "geometry": { "type": "Point", "coordinates": [ 98.31709759, 4.131212302 ] } },
{ "type": "Feature", "properties": { "longitude": 98.4, "latitude": 7.8333, "Id": 1823, "class": "port" }, "geometry": { "type": "Point", "coordinates": [ 98.4, 7.8333 ] } },
{ "type": "Feature", "properties": { "longitude": 98.5772, "latitude": 9.9692, "Id": 1824, "class": "port" }, "geometry": { "type": "Point", "coordinates": [ 98.5772, 9.9692 ] } },
{ "type": "Feature", "properties": { "longitude": 98.7667, "latitude": 1.7333, "Id": 1825, "class": "port" }, "geometry": { "type": "Point", "coordinates": [ 98.7667, 1.7333 ] } },
{ "type": "Feature", "properties": { "longitude": 99.4608, "latitude": 3.3675, "Id": 1826, "class": "port" }, "geometry": { "type": "Point", "coordinates": [ 99.4608, 3.3675 ] } },
{ "type": "Feature", "properties": { "longitude": 99.59478202, "latitude": 11.20231453, "Id": 1827, "class": "port" }, "geometry": { "type": "Point", "coordinates": [ 99.59478202, 11.20231453 ] } },
{ "type": "Feature", "properties": { "longitude": 99.7667, "latitude": 6.4333, "Id": 1828, "class": "port" }, "geometry": { "type": "Point", "coordinates": [ 99.7667, 6.4333 ] } },
{ "type": "Feature", "properties": { "longitude": 99.78373956, "latitude": 9.11325841, "Id": 1829, "class": "port" }, "geometry": { "type": "Point", "coordinates": [ 99.78373956, 9.11325841 ] } },
{ "type": "Feature", "properties": { "longitude": 100.3464139, "latitude": 5.414099258, "Id": 1830, "class": "port" }, "geometry": { "type": "Point", "coordinates": [ 100.3464139, 5.414099258 ] } },
{ "type": "Feature", "properties": { "longitude": 100.3944, "latitude": -1.0169, "Id": 1831, "class": "port" }, "geometry": { "type": "Point", "coordinates": [ 100.3944, -1.0169 ] } },
{ "type": "Feature", "properties": { "longitude": 100.5833, "latitude": 7.2167, "Id": 1832, "class": "port" }, "geometry": { "type": "Point", "coordinates": [ 100.5833, 7.2167 ] } },
{ "type": "Feature", "properties": { "longitude": 100.6778, "latitude": 4.2678, "Id": 1833, "class": "port" }, "geometry": { "type": "Point", "coordinates": [ 100.6778, 4.2678 ] } },
{ "type": "Feature", "properties": { "longitude": 100.9262516, "latitude": 13.11389984, "Id": 1834, "class": "port" }, "geometry": { "type": "Point", "coordinates": [ 100.9262516, 13.11389984 ] } },
{ "type": "Feature", "properties": { "longitude": 101.3874507, "latitude": 3.000860896, "Id": 1835, "class": "port" }, "geometry": { "type": "Point", "coordinates": [ 101.3874507, 3.000860896 ] } },
{ "type": "Feature", "properties": { "longitude": 101.4915903, "latitude": 0.597896401, "Id": 1836, "class": "port" }, "geometry": { "type": "Point", "coordinates": [ 101.4915903, 0.597896401 ] } },
{ "type": "Feature", "properties": { "longitude": 101.8153704, "latitude": 1.532269237, "Id": 1837, "class": "port" }, "geometry": { "type": "Point", "coordinates": [ 101.8153704, 1.532269237 ] } },
{ "type": "Feature", "properties": { "longitude": 102.0308135, "latitude": 6.331523394, "Id": 1838, "class": "port" }, "geometry": { "type": "Point", "coordinates": [ 102.0308135, 6.331523394 ] } },
{ "type": "Feature", "properties": { "longitude": 102.0371489, "latitude": 2.343429347, "Id": 1839, "class": "port" }, "geometry": { "type": "Point", "coordinates": [ 102.0371489, 2.343429347 ] } },
{ "type": "Feature", "properties": { "longitude": 102.25, "latitude": -3.7833, "Id": 1840, "class": "port" }, "geometry": { "type": "Point", "coordinates": [ 102.25, -3.7833 ] } },
{ "type": "Feature", "properties": { "longitude": 103.1458728, "latitude": 5.344143744, "Id": 1841, "class": "port" }, "geometry": { "type": "Point", "coordinates": [ 103.1458728, 5.344143744 ] } },
{ "type": "Feature", "properties": { "longitude": 103.1539, "latitude": -0.3308, "Id": 1842, "class": "port" }, "geometry": { "type": "Point", "coordinates": [ 103.1539, -0.3308 ] } },
{ "type": "Feature", "properties": { "longitude": 103.3953, "latitude": 3.9675, "Id": 1843, "class": "port" }, "geometry": { "type": "Point", "coordinates": [ 103.3953, 3.9675 ] } },
{ "type": "Feature", "properties": { "longitude": 103.4387858, "latitude": 4.671267517, "Id": 1844, "class": "port" }, "geometry": { "type": "Point", "coordinates": [ 103.4387858, 4.671267517 ] } },
{ "type": "Feature", "properties": { "longitude": 103.5164374, "latitude": 10.61638605, "Id": 1845, "class": "port" }, "geometry": { "type": "Point", "coordinates": [ 103.5164374, 10.61638605 ] } },
{ "type": "Feature", "properties": { "longitude": 103.6197, "latitude": -1.58677, "Id": 1846, "class": "port" }, "geometry": { "type": "Point", "coordinates": [ 103.6197, -1.58677 ] } },
{ "type": "Feature", "properties": { "longitude": 104.0776035, "latitude": 1.185595732, "Id": 1847, "class": "port" }, "geometry": { "type": "Point", "coordinates": [ 104.0776035, 1.185595732 ] } },
{ "type": "Feature", "properties": { "longitude": 104.5956, "latitude": -5.5347, "Id": 1848, "class": "port" }, "geometry": { "type": "Point", "coordinates": [ 104.5956, -5.5347 ] } },
{ "type": "Feature", "properties": { "longitude": 104.7622, "latitude": 2.9672, "Id": 1849, "class": "port" }, "geometry": { "type": "Point", "coordinates": [ 104.7622, 2.9672 ] } },
{ "type": "Feature", "properties": { "longitude": 104.8115619, "latitude": -2.994312732, "Id": 1850, "class": "port" }, "geometry": { "type": "Point", "coordinates": [ 104.8115619, -2.994312732 ] } },
{ "type": "Feature", "properties": { "longitude": 105.0772611, "latitude": -2.129075637, "Id": 1851, "class": "port" }, "geometry": { "type": "Point", "coordinates": [ 105.0772611, -2.129075637 ] } },
{ "type": "Feature", "properties": { "longitude": 105.3067111, "latitude": -5.461338398, "Id": 1852, "class": "port" }, "geometry": { "type": "Point", "coordinates": [ 105.3067111, -5.461338398 ] } },
{ "type": "Feature", "properties": { "longitude": 105.7458, "latitude": -10.4028, "Id": 1853, "class": "port" }, "geometry": { "type": "Point", "coordinates": [ 105.7458, -10.4028 ] } },
{ "type": "Feature", "properties": { "longitude": 105.781674, "latitude": 19.04450697, "Id": 1854, "class": "port" }, "geometry": { "type": "Point", "coordinates": [ 105.781674, 19.04450697 ] } },
{ "type": "Feature", "properties": { "longitude": 105.7958, "latitude": 10.0528, "Id": 1855, "class": "port" }, "geometry": { "type": "Point", "coordinates": [ 105.7958, 10.0528 ] } },
{ "type": "Feature", "properties": { "longitude": 106.0019668, "latitude": -1.873992127, "Id": 1856, "class": "port" }, "geometry": { "type": "Point", "coordinates": [ 106.0019668, -1.873992127 ] } },
{ "type": "Feature", "properties": { "longitude": 106.3294, "latitude": -5.2514, "Id": 1857, "class": "port" }, "geometry": { "type": "Point", "coordinates": [ 106.3294, -5.2514 ] } },
{ "type": "Feature", "properties": { "longitude": 106.4016585, "latitude": -6.976711727, "Id": 1858, "class": "port" }, "geometry": { "type": "Point", "coordinates": [ 106.4016585, -6.976711727 ] } },
{ "type": "Feature", "properties": { "longitude": 106.4294, "latitude": 18.105, "Id": 1859, "class": "port" }, "geometry": { "type": "Point", "coordinates": [ 106.4294, 18.105 ] } },
{ "type": "Feature", "properties": { "longitude": 106.4326002, "latitude": -5.99350487, "Id": 1860, "class": "port" }, "geometry": { "type": "Point", "coordinates": [ 106.4326002, -5.99350487 ] } },
{ "type": "Feature", "properties": { "longitude": 106.50538, "latitude": 9.635698, "Id": 1861, "class": "port" }, "geometry": { "type": "Point", "coordinates": [ 106.50538, 9.635698 ] } },
{ "type": "Feature", "properties": { "longitude": 106.8333655, "latitude": 10.57810105, "Id": 1862, "class": "port" }, "geometry": { "type": "Point", "coordinates": [ 106.8333655, 10.57810105 ] } },
{ "type": "Feature", "properties": { "longitude": 106.9974534, "latitude": 20.95734524, "Id": 1863, "class": "port" }, "geometry": { "type": "Point", "coordinates": [ 106.9974534, 20.95734524 ] } },
{ "type": "Feature", "properties": { "longitude": 107.6401, "latitude": -2.75897, "Id": 1864, "class": "port" }, "geometry": { "type": "Point", "coordinates": [ 107.6401, -2.75897 ] } },
{ "type": "Feature", "properties": { "longitude": 108.1847, "latitude": 16.07063, "Id": 1865, "class": "port" }, "geometry": { "type": "Point", "coordinates": [ 108.1847, 16.07063 ] } },
{ "type": "Feature", "properties": { "longitude": 108.28931, "latitude": -2.85196, "Id": 1866, "class": "port" }, "geometry": { "type": "Point", "coordinates": [ 108.28931, -2.85196 ] } },
{ "type": "Feature", "properties": { "longitude": 108.322, "latitude": 22.8001, "Id": 1867, "class": "port" }, "geometry": { "type": "Point", "coordinates": [ 108.322, 22.8001 ] } },
{ "type": "Feature", "properties": { "longitude": 108.4881396, "latitude": -6.51283615, "Id": 1868, "class": "port" }, "geometry": { "type": "Point", "coordinates": [ 108.4881396, -6.51283615 ] } },
{ "type": "Feature", "properties": { "longitude": 108.6167, "latitude": 19.1, "Id": 1869, "class": "port" }, "geometry": { "type": "Point", "coordinates": [ 108.6167, 19.1 ] } },
{ "type": "Feature", "properties": { "longitude": 108.8251558, "latitude": 21.60891811, "Id": 1870, "class": "port" }, "geometry": { "type": "Point", "coordinates": [ 108.8251558, 21.60891811 ] } },
{ "type": "Feature", "properties": { "longitude": 108.8297, "latitude": 15.3525, "Id": 1871, "class": "port" }, "geometry": { "type": "Point", "coordinates": [ 108.8297, 15.3525 ] } },
{ "type": "Feature", "properties": { "longitude": 108.98, "latitude": 10.5361, "Id": 1872, "class": "port" }, "geometry": { "type": "Point", "coordinates": [ 108.98, 10.5361 ] } },
{ "type": "Feature", "properties": { "longitude": 109.0445105, "latitude": -7.711031169, "Id": 1873, "class": "port" }, "geometry": { "type": "Point", "coordinates": [ 109.0445105, -7.711031169 ] } },
{ "type": "Feature", "properties": { "longitude": 109.1699675, "latitude": 11.92847759, "Id": 1874, "class": "port" }, "geometry": { "type": "Point", "coordinates": [ 109.1699675, 11.92847759 ] } },
{ "type": "Feature", "properties": { "longitude": 109.1833, "latitude": 19.7333, "Id": 1875, "class": "port" }, "geometry": { "type": "Point", "coordinates": [ 109.1833, 19.7333 ] } },
{ "type": "Feature", "properties": { "longitude": 109.2636111, "latitude": 13.76578132, "Id": 1876, "class": "port" }, "geometry": { "type": "Point", "coordinates": [ 109.2636111, 13.76578132 ] } },
{ "type": "Feature", "properties": { "longitude": 109.3333, "latitude": -0.0167, "Id": 1877, "class": "port" }, "geometry": { "type": "Point", "coordinates": [ 109.3333, -0.0167 ] } },
{ "type": "Feature", "properties": { "longitude": 109.45, "latitude": 18.3167, "Id": 1878, "class": "port" }, "geometry": { "type": "Point", "coordinates": [ 109.45, 18.3167 ] } },
{ "type": "Feature", "properties": { "longitude": 109.6969, "latitude": 21.5058, "Id": 1879, "class": "port" }, "geometry": { "type": "Point", "coordinates": [ 109.6969, 21.5058 ] } },
{ "type": "Feature", "properties": { "longitude": 109.9969, "latitude": -1.8336, "Id": 1880, "class": "port" }, "geometry": { "type": "Point", "coordinates": [ 109.9969, -1.8336 ] } },
{ "type": "Feature", "properties": { "longitude": 110.1842278, "latitude": 20.10489816, "Id": 1881, "class": "port" }, "geometry": { "type": "Point", "coordinates": [ 110.1842278, 20.10489816 ] } },
{ "type": "Feature", "properties": { "longitude": 110.4, "latitude": 21.2, "Id": 1882, "class": "port" }, "geometry": { "type": "Point", "coordinates": [ 110.4, 21.2 ] } },
{ "type": "Feature", "properties": { "longitude": 110.421201, "latitude": 1.573218717, "Id": 1883, "class": "port" }, "geometry": { "type": "Point", "coordinates": [ 110.421201, 1.573218717 ] } },
{ "type": "Feature", "properties": { "longitude": 110.4277984, "latitude": -6.948355033, "Id": 1884, "class": "port" }, "geometry": { "type": "Point", "coordinates": [ 110.4277984, -6.948355033 ] } },
{ "type": "Feature", "properties": { "longitude": 110.7480519, "latitude": 19.42056569, "Id": 1885, "class": "port" }, "geometry": { "type": "Point", "coordinates": [ 110.7480519, 19.42056569 ] } },
{ "type": "Feature", "properties": { "longitude": 111.0308, "latitude": 21.5058, "Id": 1886, "class": "port" }, "geometry": { "type": "Point", "coordinates": [ 111.0308, 21.5058 ] } },
{ "type": "Feature", "properties": { "longitude": 111.5368258, "latitude": 2.212602641, "Id": 1887, "class": "port" }, "geometry": { "type": "Point", "coordinates": [ 111.5368258, 2.212602641 ] } },
{ "type": "Feature", "properties": { "longitude": 111.7167, "latitude": -2.75, "Id": 1888, "class": "port" }, "geometry": { "type": "Point", "coordinates": [ 111.7167, -2.75 ] } },
{ "type": "Feature", "properties": { "longitude": 112.3644, "latitude": 16.8378, "Id": 1889, "class": "port" }, "geometry": { "type": "Point", "coordinates": [ 112.3644, 16.8378 ] } },
{ "type": "Feature", "properties": { "longitude": 112.5918685, "latitude": -6.871338793, "Id": 1890, "class": "port" }, "geometry": { "type": "Point", "coordinates": [ 112.5918685, -6.871338793 ] } },
{ "type": "Feature", "properties": { "longitude": 113.0311567, "latitude": 3.300884259, "Id": 1891, "class": "port" }, "geometry": { "type": "Point", "coordinates": [ 113.0311567, 3.300884259 ] } },
{ "type": "Feature", "properties": { "longitude": 113.4153, "latitude": -26.13757, "Id": 1892, "class": "port" }, "geometry": { "type": "Point", "coordinates": [ 113.4153, -26.13757 ] } },
{ "type": "Feature", "properties": { "longitude": 113.6093572, "latitude": -7.682189577, "Id": 1893, "class": "port" }, "geometry": { "type": "Point", "coordinates": [ 113.6093572, -7.682189577 ] } },
{ "type": "Feature", "properties": { "longitude": 113.6879506, "latitude": 22.55453129, "Id": 1894, "class": "port" }, "geometry": { "type": "Point", "coordinates": [ 113.6879506, 22.55453129 ] } },
{ "type": "Feature", "properties": { "longitude": 114.0618463, "latitude": 4.523100267, "Id": 1895, "class": "port" }, "geometry": { "type": "Point", "coordinates": [ 114.0618463, 4.523100267 ] } },
{ "type": "Feature", "properties": { "longitude": 114.1878726, "latitude": -22.07386902, "Id": 1896, "class": "port" }, "geometry": { "type": "Point", "coordinates": [ 114.1878726, -22.07386902 ] } },
{ "type": "Feature", "properties": { "longitude": 114.2667, "latitude": 30.5833, "Id": 1897, "class": "port" }, "geometry": { "type": "Point", "coordinates": [ 114.2667, 30.5833 ] } },
{ "type": "Feature", "properties": { "longitude": 114.5255853, "latitude": -3.523662099, "Id": 1898, "class": "port" }, "geometry": { "type": "Point", "coordinates": [ 114.5255853, -3.523662099 ] } },
{ "type": "Feature", "properties": { "longitude": 114.6, "latitude": -28.7833, "Id": 1899, "class": "port" }, "geometry": { "type": "Point", "coordinates": [ 114.6, -28.7833 ] } },
{ "type": "Feature", "properties": { "longitude": 114.6100792, "latitude": -8.17354769, "Id": 1900, "class": "port" }, "geometry": { "type": "Point", "coordinates": [ 114.6100792, -8.17354769 ] } },
{ "type": "Feature", "properties": { "longitude": 115.045297, "latitude": -21.56130468, "Id": 1901, "class": "port" }, "geometry": { "type": "Point", "coordinates": [ 115.045297, -21.56130468 ] } },
{ "type": "Feature", "properties": { "longitude": 115.1481, "latitude": 30.20933, "Id": 1902, "class": "port" }, "geometry": { "type": "Point", "coordinates": [ 115.1481, 30.20933 ] } },
{ "type": "Feature", "properties": { "longitude": 115.2553166, "latitude": 5.084761772, "Id": 1903, "class": "port" }, "geometry": { "type": "Point", "coordinates": [ 115.2553166, 5.084761772 ] } },
{ "type": "Feature", "properties": { "longitude": 115.48, "latitude": -3.82, "Id": 1904, "class": "port" }, "geometry": { "type": "Point", "coordinates": [ 115.48, -3.82 ] } },
{ "type": "Feature", "properties": { "longitude": 115.5735726, "latitude": -20.71867156, "Id": 1905, "class": "port" }, "geometry": { "type": "Point", "coordinates": [ 115.5735726, -20.71867156 ] } },
{ "type": "Feature", "properties": { "longitude": 115.6333, "latitude": -33.3167, "Id": 1906, "class": "port" }, "geometry": { "type": "Point", "coordinates": [ 115.6333, -33.3167 ] } },
{ "type": "Feature", "properties": { "longitude": 115.6527977, "latitude": -32.08842844, "Id": 1907, "class": "port" }, "geometry": { "type": "Point", "coordinates": [ 115.6527977, -32.08842844 ] } },
{ "type": "Feature", "properties": { "longitude": 115.9831, "latitude": 29.7342, "Id": 1908, "class": "port" }, "geometry": { "type": "Point", "coordinates": [ 115.9831, 29.7342 ] } },
{ "type": "Feature", "properties": { "longitude": 116.0636499, "latitude": -8.662631471, "Id": 1909, "class": "port" }, "geometry": { "type": "Point", "coordinates": [ 116.0636499, -8.662631471 ] } },
{ "type": "Feature", "properties": { "longitude": 116.073457, "latitude": 5.980408, "Id": 1910, "class": "port" }, "geometry": { "type": "Point", "coordinates": [ 116.073457, 5.980408 ] } },
{ "type": "Feature", "properties": { "longitude": 116.269531, "latitude": -3.636503786, "Id": 1911, "class": "port" }, "geometry": { "type": "Point", "coordinates": [ 116.269531, -3.636503786 ] } },
{ "type": "Feature", "properties": { "longitude": 116.5944418, "latitude": -20.35642263, "Id": 1912, "class": "port" }, "geometry": { "type": "Point", "coordinates": [ 116.5944418, -20.35642263 ] } },
{ "type": "Feature", "properties": { "longitude": 116.6375307, "latitude": 23.24796085, "Id": 1913, "class": "port" }, "geometry": { "type": "Point", "coordinates": [ 116.6375307, 23.24796085 ] } },
{ "type": "Feature", "properties": { "longitude": 116.8167, "latitude": -1.25, "Id": 1914, "class": "port" }, "geometry": { "type": "Point", "coordinates": [ 116.8167, -1.25 ] } },
{ "type": "Feature", "properties": { "longitude": 117.1167, "latitude": -0.5167, "Id": 1915, "class": "port" }, "geometry": { "type": "Point", "coordinates": [ 117.1167, -0.5167 ] } },
{ "type": "Feature", "properties": { "longitude": 117.4309175, "latitude": 30.69833644, "Id": 1916, "class": "port" }, "geometry": { "type": "Point", "coordinates": [ 117.4309175, 30.69833644 ] } },
{ "type": "Feature", "properties": { "longitude": 117.4658, "latitude": 8.5022, "Id": 1917, "class": "port" }, "geometry": { "type": "Point", "coordinates": [ 117.4658, 8.5022 ] } },
{ "type": "Feature", "properties": { "longitude": 117.5325, "latitude": -1.0003, "Id": 1918, "class": "port" }, "geometry": { "type": "Point", "coordinates": [ 117.5325, -1.0003 ] } },
{ "type": "Feature", "properties": { "longitude": 117.5696811, "latitude": 23.79030664, "Id": 1919, "class": "port" }, "geometry": { "type": "Point", "coordinates": [ 117.5696811, 23.79030664 ] } },
{ "type": "Feature", "properties": { "longitude": 117.7109582, "latitude": 3.379074042, "Id": 1920, "class": "port" }, "geometry": { "type": "Point", "coordinates": [ 117.7109582, 3.379074042 ] } },
{ "type": "Feature", "properties": { "longitude": 117.732126, "latitude": 0.476136816, "Id": 1921, "class": "port" }, "geometry": { "type": "Point", "coordinates": [ 117.732126, 0.476136816 ] } },
{ "type": "Feature", "properties": { "longitude": 117.7500388, "latitude": 38.76085335, "Id": 1922, "class": "port" }, "geometry": { "type": "Point", "coordinates": [ 117.7500388, 38.76085335 ] } },
{ "type": "Feature", "properties": { "longitude": 117.8861631, "latitude": -35.02350041, "Id": 1923, "class": "port" }, "geometry": { "type": "Point", "coordinates": [ 117.8861631, -35.02350041 ] } },
{ "type": "Feature", "properties": { "longitude": 118.0667, "latitude": 24.45, "Id": 1924, "class": "port" }, "geometry": { "type": "Point", "coordinates": [ 118.0667, 24.45 ] } },
{ "type": "Feature", "properties": { "longitude": 118.1165736, "latitude": 5.817704509, "Id": 1925, "class": "port" }, "geometry": { "type": "Point", "coordinates": [ 118.1165736, 5.817704509 ] } },
{ "type": "Feature", "properties": { "longitude": 118.1522324, "latitude": 4.629638348, "Id": 1926, "class": "port" }, "geometry": { "type": "Point", "coordinates": [ 118.1522324, 4.629638348 ] } },
{ "type": "Feature", "properties": { "longitude": 118.1966, "latitude": 9.4674, "Id": 1927, "class": "port" }, "geometry": { "type": "Point", "coordinates": [ 118.1966, 9.4674 ] } },
{ "type": "Feature", "properties": { "longitude": 118.1994, "latitude": 1.6836, "Id": 1928, "class": "port" }, "geometry": { "type": "Point", "coordinates": [ 118.1994, 1.6836 ] } },
{ "type": "Feature", "properties": { "longitude": 118.5318984, "latitude": 31.72196428, "Id": 1929, "class": "port" }, "geometry": { "type": "Point", "coordinates": [ 118.5318984, 31.72196428 ] } },
{ "type": "Feature", "properties": { "longitude": 118.5833, "latitude": -20.3167, "Id": 1930, "class": "port" }, "geometry": { "type": "Point", "coordinates": [ 118.5833, -20.3167 ] } },
{ "type": "Feature", "properties": { "longitude": 118.71591, "latitude": -8.44602, "Id": 1931, "class": "port" }, "geometry": { "type": "Point", "coordinates": [ 118.71591, -8.44602 ] } },
{ "type": "Feature", "properties": { "longitude": 118.7661, "latitude": 9.7525, "Id": 1932, "class": "port" }, "geometry": { "type": "Point", "coordinates": [ 118.7661, 9.7525 ] } },
{ "type": "Feature", "properties": { "longitude": 118.7827141, "latitude": 39.06933119, "Id": 1933, "class": "port" }, "geometry": { "type": "Point", "coordinates": [ 118.7827141, 39.06933119 ] } },
{ "type": "Feature", "properties": { "longitude": 118.8665683, "latitude": 24.96212979, "Id": 1934, "class": "port" }, "geometry": { "type": "Point", "coordinates": [ 118.8665683, 24.96212979 ] } },
{ "type": "Feature", "properties": { "longitude": 118.9161, "latitude": 37.2769, "Id": 1935, "class": "port" }, "geometry": { "type": "Point", "coordinates": [ 118.9161, 37.2769 ] } },
{ "type": "Feature", "properties": { "longitude": 118.9828, "latitude": 38.0939, "Id": 1936, "class": "port" }, "geometry": { "type": "Point", "coordinates": [ 118.9828, 38.0939 ] } },
{ "type": "Feature", "properties": { "longitude": 119.500302, "latitude": 25.70573505, "Id": 1937, "class": "port" }, "geometry": { "type": "Point", "coordinates": [ 119.500302, 25.70573505 ] } },
{ "type": "Feature", "properties": { "longitude": 119.5371587, "latitude": -4.574588118, "Id": 1938, "class": "port" }, "geometry": { "type": "Point", "coordinates": [ 119.5371587, -4.574588118 ] } },
{ "type": "Feature", "properties": { "longitude": 119.5627167, "latitude": 23.53494486, "Id": 1939, "class": "port" }, "geometry": { "type": "Point", "coordinates": [ 119.5627167, 23.53494486 ] } },
{ "type": "Feature", "properties": { "longitude": 119.5756436, "latitude": 34.91925161, "Id": 1940, "class": "port" }, "geometry": { "type": "Point", "coordinates": [ 119.5756436, 34.91925161 ] } },
{ "type": "Feature", "properties": { "longitude": 119.6494406, "latitude": 26.4451232, "Id": 1941, "class": "port" }, "geometry": { "type": "Point", "coordinates": [ 119.6494406, 26.4451232 ] } },
{ "type": "Feature", "properties": { "longitude": 119.6831626, "latitude": 39.93930651, "Id": 1942, "class": "port" }, "geometry": { "type": "Point", "coordinates": [ 119.6831626, 39.93930651 ] } },
{ "type": "Feature", "properties": { "longitude": 119.6997, "latitude": 4.8344, "Id": 1943, "class": "port" }, "geometry": { "type": "Point", "coordinates": [ 119.6997, 4.8344 ] } },
{ "type": "Feature", "properties": { "longitude": 119.7853904, "latitude": -0.674449437, "Id": 1944, "class": "port" }, "geometry": { "type": "Point", "coordinates": [ 119.7853904, -0.674449437 ] } },
{ "type": "Feature", "properties": { "longitude": 119.9664, "latitude": -5.5514, "Id": 1945, "class": "port" }, "geometry": { "type": "Point", "coordinates": [ 119.9664, -5.5514 ] } },
{ "type": "Feature", "properties": { "longitude": 120.1016397, "latitude": 37.57710755, "Id": 1946, "class": "port" }, "geometry": { "type": "Point", "coordinates": [ 120.1016397, 37.57710755 ] } },
{ "type": "Feature", "properties": { "longitude": 120.1709978, "latitude": 16.07776363, "Id": 1947, "class": "port" }, "geometry": { "type": "Point", "coordinates": [ 120.1709978, 16.07776363 ] } },
{ "type": "Feature", "properties": { "longitude": 120.2130124, "latitude": 30.23503867, "Id": 1948, "class": "port" }, "geometry": { "type": "Point", "coordinates": [ 120.2130124, 30.23503867 ] } },
{ "type": "Feature", "properties": { "longitude": 120.2166991, "latitude": 35.97177874, "Id": 1949, "class": "port" }, "geometry": { "type": "Point", "coordinates": [ 120.2166991, 35.97177874 ] } },
{ "type": "Feature", "properties": { "longitude": 120.25055, "latitude": -9.63969, "Id": 1950, "class": "port" }, "geometry": { "type": "Point", "coordinates": [ 120.25055, -9.63969 ] } },
{ "type": "Feature", "properties": { "longitude": 120.256266, "latitude": 23.748531, "Id": 1951, "class": "port" }, "geometry": { "type": "Point", "coordinates": [ 120.256266, 23.748531 ] } },
{ "type": "Feature", "properties": { "longitude": 120.3126398, "latitude": 22.72941719, "Id": 1952, "class": "port" }, "geometry": { "type": "Point", "coordinates": [ 120.3126398, 22.72941719 ] } },
{ "type": "Feature", "properties": { "longitude": 120.335176, "latitude": 33.31009729, "Id": 1953, "class": "port" }, "geometry": { "type": "Point", "coordinates": [ 120.335176, 33.31009729 ] } },
{ "type": "Feature", "properties": { "longitude": 120.4, "latitude": 27.1908, "Id": 1954, "class": "port" }, "geometry": { "type": "Point", "coordinates": [ 120.4, 27.1908 ] } },
{ "type": "Feature", "properties": { "longitude": 120.510106, "latitude": 18.002948, "Id": 1955, "class": "port" }, "geometry": { "type": "Point", "coordinates": [ 120.510106, 18.002948 ] } },
{ "type": "Feature", "properties": { "longitude": 120.75516, "latitude": -1.38242, "Id": 1956, "class": "port" }, "geometry": { "type": "Point", "coordinates": [ 120.75516, -1.38242 ] } },
{ "type": "Feature", "properties": { "longitude": 120.8333, "latitude": 21.9558, "Id": 1957, "class": "port" }, "geometry": { "type": "Point", "coordinates": [ 120.8333, 21.9558 ] } },
{ "type": "Feature", "properties": { "longitude": 120.9811269, "latitude": 14.0329984, "Id": 1958, "class": "port" }, "geometry": { "type": "Point", "coordinates": [ 120.9811269, 14.0329984 ] } },
{ "type": "Feature", "properties": { "longitude": 121.0, "latitude": 6.05, "Id": 1959, "class": "port" }, "geometry": { "type": "Point", "coordinates": [ 121.0, 6.05 ] } },
{ "type": "Feature", "properties": { "longitude": 121.0413378, "latitude": -2.698113326, "Id": 1960, "class": "port" }, "geometry": { "type": "Point", "coordinates": [ 121.0413378, -2.698113326 ] } },
{ "type": "Feature", "properties": { "longitude": 121.0417962, "latitude": 40.72535, "Id": 1961, "class": "port" }, "geometry": { "type": "Point", "coordinates": [ 121.0417962, 40.72535 ] } },
{ "type": "Feature", "properties": { "longitude": 121.1088804, "latitude": 28.26809322, "Id": 1962, "class": "port" }, "geometry": { "type": "Point", "coordinates": [ 121.1088804, 28.26809322 ] } },
{ "type": "Feature", "properties": { "longitude": 121.2669, "latitude": 36.6933, "Id": 1963, "class": "port" }, "geometry": { "type": "Point", "coordinates": [ 121.2669, 36.6933 ] } },
{ "type": "Feature", "properties": { "longitude": 121.3333, "latitude": -1.9833, "Id": 1964, "class": "port" }, "geometry": { "type": "Point", "coordinates": [ 121.3333, -1.9833 ] } },
{ "type": "Feature", "properties": { "longitude": 121.3468469, "latitude": 31.22940971, "Id": 1965, "class": "port" }, "geometry": { "type": "Point", "coordinates": [ 121.3468469, 31.22940971 ] } },
{ "type": "Feature", "properties": { "longitude": 121.3836, "latitude": 12.0533, "Id": 1966, "class": "port" }, "geometry": { "type": "Point", "coordinates": [ 121.3836, 12.0533 ] } },
{ "type": "Feature", "properties": { "longitude": 121.45, "latitude": 37.55, "Id": 1967, "class": "port" }, "geometry": { "type": "Point", "coordinates": [ 121.45, 37.55 ] } },
{ "type": "Feature", "properties": { "longitude": 121.5897198, "latitude": -4.1989725150000012, "Id": 1968, "class": "port" }, "geometry": { "type": "Point", "coordinates": [ 121.5897198, -4.198972515 ] } },
{ "type": "Feature", "properties": { "longitude": 121.634628, "latitude": 38.91495802, "Id": 1969, "class": "port" }, "geometry": { "type": "Point", "coordinates": [ 121.634628, 38.91495802 ] } },
{ "type": "Feature", "properties": { "longitude": 121.6507, "latitude": 18.35633, "Id": 1970, "class": "port" }, "geometry": { "type": "Point", "coordinates": [ 121.6507, 18.35633 ] } },
{ "type": "Feature", "properties": { "longitude": 121.662, "latitude": -8.85255, "Id": 1971, "class": "port" }, "geometry": { "type": "Point", "coordinates": [ 121.662, -8.85255 ] } },
{ "type": "Feature", "properties": { "longitude": 121.7445592, "latitude": 24.55034354, "Id": 1972, "class": "port" }, "geometry": { "type": "Point", "coordinates": [ 121.7445592, 24.55034354 ] } },
{ "type": "Feature", "properties": { "longitude": 121.9, "latitude": -33.8667, "Id": 1973, "class": "port" }, "geometry": { "type": "Point", "coordinates": [ 121.9, -33.8667 ] } },
{ "type": "Feature", "properties": { "longitude": 122.0002647, "latitude": 6.776286579, "Id": 1974, "class": "port" }, "geometry": { "type": "Point", "coordinates": [ 122.0002647, 6.776286579 ] } },
{ "type": "Feature", "properties": { "longitude": 122.0836763, "latitude": 40.49219904, "Id": 1975, "class": "port" }, "geometry": { "type": "Point", "coordinates": [ 122.0836763, 40.49219904 ] } },
{ "type": "Feature", "properties": { "longitude": 122.2189, "latitude": -8.61517, "Id": 1976, "class": "port" }, "geometry": { "type": "Point", "coordinates": [ 122.2189, -8.61517 ] } },
{ "type": "Feature", "properties": { "longitude": 122.2269, "latitude": -17.97557, "Id": 1977, "class": "port" }, "geometry": { "type": "Point", "coordinates": [ 122.2269, -17.97557 ] } },
{ "type": "Feature", "properties": { "longitude": 122.27159, "latitude": 12.57789, "Id": 1978, "class": "port" }, "geometry": { "type": "Point", "coordinates": [ 122.27159, 12.57789 ] } },
{ "type": "Feature", "properties": { "longitude": 122.3839, "latitude": 39.3775, "Id": 1979, "class": "port" }, "geometry": { "type": "Point", "coordinates": [ 122.3839, 39.3775 ] } },
{ "type": "Feature", "properties": { "longitude": 122.4622481, "latitude": 37.13167366, "Id": 1980, "class": "port" }, "geometry": { "type": "Point", "coordinates": [ 122.4622481, 37.13167366 ] } },
{ "type": "Feature", "properties": { "longitude": 122.5182391, "latitude": -4.192294205, "Id": 1981, "class": "port" }, "geometry": { "type": "Point", "coordinates": [ 122.5182391, -4.192294205 ] } },
{ "type": "Feature", "properties": { "longitude": 122.6023266, "latitude": 11.59624974, "Id": 1982, "class": "port" }, "geometry": { "type": "Point", "coordinates": [ 122.6023266, 11.59624974 ] } },
{ "type": "Feature", "properties": { "longitude": 122.6072316, "latitude": -5.486866897, "Id": 1983, "class": "port" }, "geometry": { "type": "Point", "coordinates": [ 122.6072316, -5.486866897 ] } },
{ "type": "Feature", "properties": { "longitude": 122.766866, "latitude": 10.63290215, "Id": 1984, "class": "port" }, "geometry": { "type": "Point", "coordinates": [ 122.766866, 10.63290215 ] } },
{ "type": "Feature", "properties": { "longitude": 122.8, "latitude": -0.95, "Id": 1985, "class": "port" }, "geometry": { "type": "Point", "coordinates": [ 122.8, -0.95 ] } },
{ "type": "Feature", "properties": { "longitude": 123.0172, "latitude": 39.6608, "Id": 1986, "class": "port" }, "geometry": { "type": "Point", "coordinates": [ 123.0172, 39.6608 ] } },
{ "type": "Feature", "properties": { "longitude": 123.04123, "latitude": 13.50873, "Id": 1987, "class": "port" }, "geometry": { "type": "Point", "coordinates": [ 123.04123, 13.50873 ] } },
{ "type": "Feature", "properties": { "longitude": 123.06938, "latitude": 0.49764, "Id": 1988, "class": "port" }, "geometry": { "type": "Point", "coordinates": [ 123.06938, 0.49764 ] } },
{ "type": "Feature", "properties": { "longitude": 123.49923, "latitude": -1.5905, "Id": 1989, "class": "port" }, "geometry": { "type": "Point", "coordinates": [ 123.49923, -1.5905 ] } },
{ "type": "Feature", "properties": { "longitude": 123.5833, "latitude": -10.1667, "Id": 1990, "class": "port" }, "geometry": { "type": "Point", "coordinates": [ 123.5833, -10.1667 ] } },
{ "type": "Feature", "properties": { "longitude": 123.6855, "latitude": -16.11767, "Id": 1991, "class": "port" }, "geometry": { "type": "Point", "coordinates": [ 123.6855, -16.11767 ] } },
{ "type": "Feature", "properties": { "longitude": 123.793202, "latitude": 13.01536962, "Id": 1992, "class": "port" }, "geometry": { "type": "Point", "coordinates": [ 123.793202, 13.01536962 ] } },
{ "type": "Feature", "properties": { "longitude": 124.083608, "latitude": 10.42152899, "Id": 1993, "class": "port" }, "geometry": { "type": "Point", "coordinates": [ 124.083608, 10.42152899 ] } },
{ "type": "Feature", "properties": { "longitude": 124.15, "latitude": 39.8167, "Id": 1994, "class": "port" }, "geometry": { "type": "Point", "coordinates": [ 124.15, 39.8167 ] } },
{ "type": "Feature", "properties": { "longitude": 124.2511, "latitude": 7.3519, "Id": 1995, "class": "port" }, "geometry": { "type": "Point", "coordinates": [ 124.2511, 7.3519 ] } },
{ "type": "Feature", "properties": { "longitude": 125.0116529, "latitude": 1.466409923, "Id": 1996, "class": "port" }, "geometry": { "type": "Point", "coordinates": [ 125.0116529, 1.466409923 ] } },
{ "type": "Feature", "properties": { "longitude": 125.0822014, "latitude": 9.119982855, "Id": 1997, "class": "port" }, "geometry": { "type": "Point", "coordinates": [ 125.0822014, 9.119982855 ] } },
{ "type": "Feature", "properties": { "longitude": 125.2833, "latitude": 24.8, "Id": 1998, "class": "port" }, "geometry": { "type": "Point", "coordinates": [ 125.2833, 24.8 ] } },
{ "type": "Feature", "properties": { "longitude": 125.3681, "latitude": 5.5014, "Id": 1999, "class": "port" }, "geometry": { "type": "Point", "coordinates": [ 125.3681, 5.5014 ] } },
{ "type": "Feature", "properties": { "longitude": 125.3840047, "latitude": 6.24066122, "Id": 2000, "class": "port" }, "geometry": { "type": "Point", "coordinates": [ 125.3840047, 6.24066122 ] } },
{ "type": "Feature", "properties": { "longitude": 125.4014, "latitude": 38.7439, "Id": 2001, "class": "port" }, "geometry": { "type": "Point", "coordinates": [ 125.4014, 38.7439 ] } },
{ "type": "Feature", "properties": { "longitude": 125.6167, "latitude": 7.0667, "Id": 2002, "class": "port" }, "geometry": { "type": "Point", "coordinates": [ 125.6167, 7.0667 ] } },
{ "type": "Feature", "properties": { "longitude": 125.6206346, "latitude": -8.54553286, "Id": 2003, "class": "port" }, "geometry": { "type": "Point", "coordinates": [ 125.6206346, -8.54553286 ] } },
{ "type": "Feature", "properties": { "longitude": 126.23625, "latitude": 6.93925, "Id": 2004, "class": "port" }, "geometry": { "type": "Point", "coordinates": [ 126.23625, 6.93925 ] } },
{ "type": "Feature", "properties": { "longitude": 126.3838309, "latitude": 34.77178174, "Id": 2005, "class": "port" }, "geometry": { "type": "Point", "coordinates": [ 126.3838309, 34.77178174 ] } },
{ "type": "Feature", "properties": { "longitude": 126.4654592, "latitude": 33.75458846, "Id": 2006, "class": "port" }, "geometry": { "type": "Point", "coordinates": [ 126.4654592, 33.75458846 ] } },
{ "type": "Feature", "properties": { "longitude": 126.6261187, "latitude": 37.15972765, "Id": 2007, "class": "port" }, "geometry": { "type": "Point", "coordinates": [ 126.6261187, 37.15972765 ] } },
{ "type": "Feature", "properties": { "longitude": 126.6756154, "latitude": 35.96596453, "Id": 2008, "class": "port" }, "geometry": { "type": "Point", "coordinates": [ 126.6756154, 35.96596453 ] } },
{ "type": "Feature", "properties": { "longitude": 126.8683, "latitude": 4.2511, "Id": 2009, "class": "port" }, "geometry": { "type": "Point", "coordinates": [ 126.8683, 4.2511 ] } },
{ "type": "Feature", "properties": { "longitude": 127.2428423, "latitude": -3.30069114, "Id": 2010, "class": "port" }, "geometry": { "type": "Point", "coordinates": [ 127.2428423, -3.30069114 ] } },
{ "type": "Feature", "properties": { "longitude": 127.38809, "latitude": 0.78066, "Id": 2011, "class": "port" }, "geometry": { "type": "Point", "coordinates": [ 127.38809, 0.78066 ] } },
{ "type": "Feature", "properties": { "longitude": 127.47193, "latitude": -0.62641, "Id": 2012, "class": "port" }, "geometry": { "type": "Point", "coordinates": [ 127.47193, -0.62641 ] } },
{ "type": "Feature", "properties": { "longitude": 127.8734368, "latitude": 26.41615252, "Id": 2013, "class": "port" }, "geometry": { "type": "Point", "coordinates": [ 127.8734368, 26.41615252 ] } },
{ "type": "Feature", "properties": { "longitude": 127.9688572, "latitude": 0.458753978, "Id": 2014, "class": "port" }, "geometry": { "type": "Point", "coordinates": [ 127.9688572, 0.458753978 ] } },
{ "type": "Feature", "properties": { "longitude": 128.1, "latitude": -15.4667, "Id": 2015, "class": "port" }, "geometry": { "type": "Point", "coordinates": [ 128.1, -15.4667 ] } },
{ "type": "Feature", "properties": { "longitude": 128.1667, "latitude": -3.6833, "Id": 2016, "class": "port" }, "geometry": { "type": "Point", "coordinates": [ 128.1667, -3.6833 ] } },
{ "type": "Feature", "properties": { "longitude": 128.6393671, "latitude": 35.1855871, "Id": 2017, "class": "port" }, "geometry": { "type": "Point", "coordinates": [ 128.639367099999987, 35.1855871 ] } },
{ "type": "Feature", "properties": { "longitude": 128.8719838, "latitude": 71.63854377, "Id": 2018, "class": "port" }, "geometry": { "type": "Point", "coordinates": [ 128.87198380000001, 71.63854377 ] } },
{ "type": "Feature", "properties": { "longitude": 129.1280203, "latitude": 37.53909857, "Id": 2019, "class": "port" }, "geometry": { "type": "Point", "coordinates": [ 129.1280203, 37.53909857 ] } },
{ "type": "Feature", "properties": { "longitude": 129.3, "latitude": 34.2, "Id": 2020, "class": "port" }, "geometry": { "type": "Point", "coordinates": [ 129.3, 34.2 ] } },
{ "type": "Feature", "properties": { "longitude": 129.4192, "latitude": -0.05, "Id": 2021, "class": "port" }, "geometry": { "type": "Point", "coordinates": [ 129.4192, -0.05 ] } },
{ "type": "Feature", "properties": { "longitude": 130.42435, "latitude": -11.421117, "Id": 2022, "class": "port" }, "geometry": { "type": "Point", "coordinates": [ 130.42435, -11.421117 ] } },
{ "type": "Feature", "properties": { "longitude": 130.50113, "latitude": -3.10408, "Id": 2023, "class": "port" }, "geometry": { "type": "Point", "coordinates": [ 130.50113, -3.10408 ] } },
{ "type": "Feature", "properties": { "longitude": 130.85, "latitude": -12.4667, "Id": 2024, "class": "port" }, "geometry": { "type": "Point", "coordinates": [ 130.85, -12.4667 ] } },
{ "type": "Feature", "properties": { "longitude": 130.9877755, "latitude": 30.65449998, "Id": 2025, "class": "port" }, "geometry": { "type": "Point", "coordinates": [ 130.9877755, 30.65449998 ] } },
{ "type": "Feature", "properties": { "longitude": 131.1132371, "latitude": 42.71956959, "Id": 2026, "class": "port" }, "geometry": { "type": "Point", "coordinates": [ 131.1132371, 42.71956959 ] } },
{ "type": "Feature", "properties": { "longitude": 131.12411, "latitude": -1.040766942, "Id": 2027, "class": "port" }, "geometry": { "type": "Point", "coordinates": [ 131.12411, -1.040766942 ] } },
{ "type": "Feature", "properties": { "longitude": 131.925, "latitude": 43.133, "Id": 2028, "class": "port" }, "geometry": { "type": "Point", "coordinates": [ 131.925, 43.133 ] } },
{ "type": "Feature", "properties": { "longitude": 131.9794075, "latitude": 32.91717785, "Id": 2029, "class": "port" }, "geometry": { "type": "Point", "coordinates": [ 131.9794075, 32.91717785 ] } },
{ "type": "Feature", "properties": { "longitude": 132.0833, "latitude": 34.9, "Id": 2030, "class": "port" }, "geometry": { "type": "Point", "coordinates": [ 132.0833, 34.9 ] } },
{ "type": "Feature", "properties": { "longitude": 132.2833, "latitude": -2.9333, "Id": 2031, "class": "port" }, "geometry": { "type": "Point", "coordinates": [ 132.2833, -2.9333 ] } },
{ "type": "Feature", "properties": { "longitude": 132.3569213, "latitude": 33.53127496, "Id": 2032, "class": "port" }, "geometry": { "type": "Point", "coordinates": [ 132.35692130000001, 33.53127496 ] } },
{ "type": "Feature", "properties": { "longitude": 132.9833981, "latitude": 42.77409631, "Id": 2033, "class": "port" }, "geometry": { "type": "Point", "coordinates": [ 132.983398099999988, 42.77409631 ] } },
{ "type": "Feature", "properties": { "longitude": 133.02, "latitude": -5.6681, "Id": 2034, "class": "port" }, "geometry": { "type": "Point", "coordinates": [ 133.02, -5.6681 ] } },
{ "type": "Feature", "properties": { "longitude": 133.1449001, "latitude": 35.4986211, "Id": 2035, "class": "port" }, "geometry": { "type": "Point", "coordinates": [ 133.1449001, 35.4986211 ] } },
{ "type": "Feature", "properties": { "longitude": 133.3223, "latitude": 36.19203, "Id": 2036, "class": "port" }, "geometry": { "type": "Point", "coordinates": [ 133.3223, 36.19203 ] } },
{ "type": "Feature", "properties": { "longitude": 133.5935539, "latitude": -32.16248643, "Id": 2037, "class": "port" }, "geometry": { "type": "Point", "coordinates": [ 133.593553899999989, -32.16248643 ] } },
{ "type": "Feature", "properties": { "longitude": 134.0833, "latitude": -0.8667, "Id": 2038, "class": "port" }, "geometry": { "type": "Point", "coordinates": [ 134.0833, -0.8667 ] } },
{ "type": "Feature", "properties": { "longitude": 134.1879, "latitude": 35.5411, "Id": 2039, "class": "port" }, "geometry": { "type": "Point", "coordinates": [ 134.1879, 35.5411 ] } },
{ "type": "Feature", "properties": { "longitude": 134.2372, "latitude": -5.7514, "Id": 2040, "class": "port" }, "geometry": { "type": "Point", "coordinates": [ 134.2372, -5.7514 ] } },
{ "type": "Feature", "properties": { "longitude": 134.4567, "latitude": 7.33151, "Id": 2041, "class": "port" }, "geometry": { "type": "Point", "coordinates": [ 134.4567, 7.33151 ] } },
{ "type": "Feature", "properties": { "longitude": 135.452444, "latitude": 35.50486084, "Id": 2042, "class": "port" }, "geometry": { "type": "Point", "coordinates": [ 135.452444, 35.50486084 ] } },
{ "type": "Feature", "properties": { "longitude": 135.85, "latitude": -34.7167, "Id": 2043, "class": "port" }, "geometry": { "type": "Point", "coordinates": [ 135.85, -34.7167 ] } },
{ "type": "Feature", "properties": { "longitude": 136.414681, "latitude": -13.852835, "Id": 2044, "class": "port" }, "geometry": { "type": "Point", "coordinates": [ 136.414681, -13.852835 ] } },
{ "type": "Feature", "properties": { "longitude": 136.5378, "latitude": -15.3542, "Id": 2045, "class": "port" }, "geometry": { "type": "Point", "coordinates": [ 136.5378, -15.3542 ] } },
{ "type": "Feature", "properties": { "longitude": 136.7, "latitude": -12.2, "Id": 2046, "class": "port" }, "geometry": { "type": "Point", "coordinates": [ 136.7, -12.2 ] } },
{ "type": "Feature", "properties": { "longitude": 136.8883887, "latitude": 36.70841717, "Id": 2047, "class": "port" }, "geometry": { "type": "Point", "coordinates": [ 136.8883887, 36.70841717 ] } },
{ "type": "Feature", "properties": { "longitude": 136.9028552, "latitude": 34.74243786, "Id": 2048, "class": "port" }, "geometry": { "type": "Point", "coordinates": [ 136.9028552, 34.74243786 ] } },
{ "type": "Feature", "properties": { "longitude": 137.0268001, "latitude": 37.40194779, "Id": 2049, "class": "port" }, "geometry": { "type": "Point", "coordinates": [ 137.0268001, 37.40194779 ] } },
{ "type": "Feature", "properties": { "longitude": 137.7758004, "latitude": -34.47680188, "Id": 2050, "class": "port" }, "geometry": { "type": "Point", "coordinates": [ 137.7758004, -34.47680188 ] } },
{ "type": "Feature", "properties": { "longitude": 137.8058785, "latitude": -33.0733871, "Id": 2051, "class": "port" }, "geometry": { "type": "Point", "coordinates": [ 137.8058785, -33.0733871 ] } },
{ "type": "Feature", "properties": { "longitude": 137.85, "latitude": 37.0333, "Id": 2052, "class": "port" }, "geometry": { "type": "Point", "coordinates": [ 137.85, 37.0333 ] } },
{ "type": "Feature", "properties": { "longitude": 138.12541, "latitude": 9.51578, "Id": 2053, "class": "port" }, "geometry": { "type": "Point", "coordinates": [ 138.12541, 9.51578 ] } },
{ "type": "Feature", "properties": { "longitude": 138.5613, "latitude": 38.08793, "Id": 2054, "class": "port" }, "geometry": { "type": "Point", "coordinates": [ 138.5613, 38.08793 ] } },
{ "type": "Feature", "properties": { "longitude": 138.5883, "latitude": -34.8594, "Id": 2055, "class": "port" }, "geometry": { "type": "Point", "coordinates": [ 138.5883, -34.8594 ] } },
{ "type": "Feature", "properties": { "longitude": 139.3454459, "latitude": 34.92698486, "Id": 2056, "class": "port" }, "geometry": { "type": "Point", "coordinates": [ 139.345445899999987, 34.92698486 ] } },
{ "type": "Feature", "properties": { "longitude": 139.4553, "latitude": 42.1783, "Id": 2057, "class": "port" }, "geometry": { "type": "Point", "coordinates": [ 139.4553, 42.1783 ] } },
{ "type": "Feature", "properties": { "longitude": 139.8219, "latitude": 33.0925, "Id": 2058, "class": "port" }, "geometry": { "type": "Point", "coordinates": [ 139.8219, 33.0925 ] } },
{ "type": "Feature", "properties": { "longitude": 139.855, "latitude": 38.9167, "Id": 2059, "class": "port" }, "geometry": { "type": "Point", "coordinates": [ 139.855, 38.9167 ] } },
{ "type": "Feature", "properties": { "longitude": 139.9280887, "latitude": 40.04738205, "Id": 2060, "class": "port" }, "geometry": { "type": "Point", "coordinates": [ 139.928088699999989, 40.04738205 ] } },
{ "type": "Feature", "properties": { "longitude": 140.2608886, "latitude": 49.03187011, "Id": 2061, "class": "port" }, "geometry": { "type": "Point", "coordinates": [ 140.260888599999987, 49.03187011 ] } },
{ "type": "Feature", "properties": { "longitude": 140.39086, "latitude": -8.47877, "Id": 2062, "class": "port" }, "geometry": { "type": "Point", "coordinates": [ 140.39086, -8.47877 ] } },
{ "type": "Feature", "properties": { "longitude": 140.7443735, "latitude": 36.34423888, "Id": 2063, "class": "port" }, "geometry": { "type": "Point", "coordinates": [ 140.7443735, 36.34423888 ] } },
{ "type": "Feature", "properties": { "longitude": 140.7618013, "latitude": 43.09188064, "Id": 2064, "class": "port" }, "geometry": { "type": "Point", "coordinates": [ 140.7618013, 43.09188064 ] } },
{ "type": "Feature", "properties": { "longitude": 140.7722, "latitude": 53.1481, "Id": 2065, "class": "port" }, "geometry": { "type": "Point", "coordinates": [ 140.7722, 53.1481 ] } },
{ "type": "Feature", "properties": { "longitude": 140.7965162, "latitude": 51.48234669, "Id": 2066, "class": "port" }, "geometry": { "type": "Point", "coordinates": [ 140.796516200000013, 51.48234669 ] } },
{ "type": "Feature", "properties": { "longitude": 140.8333, "latitude": -17.4833, "Id": 2067, "class": "port" }, "geometry": { "type": "Point", "coordinates": [ 140.8333, -17.4833 ] } },
{ "type": "Feature", "properties": { "longitude": 140.9667, "latitude": 42.3333, "Id": 2068, "class": "port" }, "geometry": { "type": "Point", "coordinates": [ 140.9667, 42.3333 ] } },
{ "type": "Feature", "properties": { "longitude": 141.0094267, "latitude": -2.610073382, "Id": 2069, "class": "port" }, "geometry": { "type": "Point", "coordinates": [ 141.0094267, -2.610073382 ] } },
{ "type": "Feature", "properties": { "longitude": 141.4882643, "latitude": 39.6020285, "Id": 2070, "class": "port" }, "geometry": { "type": "Point", "coordinates": [ 141.4882643, 39.6020285 ] } },
{ "type": "Feature", "properties": { "longitude": 141.5173, "latitude": 52.21223, "Id": 2071, "class": "port" }, "geometry": { "type": "Point", "coordinates": [ 141.5173, 52.21223 ] } },
{ "type": "Feature", "properties": { "longitude": 141.6333, "latitude": 42.6333, "Id": 2072, "class": "port" }, "geometry": { "type": "Point", "coordinates": [ 141.6333, 42.6333 ] } },
{ "type": "Feature", "properties": { "longitude": 141.6333, "latitude": 43.95, "Id": 2073, "class": "port" }, "geometry": { "type": "Point", "coordinates": [ 141.6333, 43.95 ] } },
{ "type": "Feature", "properties": { "longitude": 141.6392, "latitude": -38.3439, "Id": 2074, "class": "port" }, "geometry": { "type": "Point", "coordinates": [ 141.6392, -38.3439 ] } },
{ "type": "Feature", "properties": { "longitude": 141.8667, "latitude": -12.6667, "Id": 2075, "class": "port" }, "geometry": { "type": "Point", "coordinates": [ 141.8667, -12.6667 ] } },
{ "type": "Feature", "properties": { "longitude": 141.8889287, "latitude": 45.59564647, "Id": 2076, "class": "port" }, "geometry": { "type": "Point", "coordinates": [ 141.8889287, 45.59564647 ] } },
{ "type": "Feature", "properties": { "longitude": 141.9537815, "latitude": 46.8546865, "Id": 2077, "class": "port" }, "geometry": { "type": "Point", "coordinates": [ 141.9537815, 46.8546865 ] } },
{ "type": "Feature", "properties": { "longitude": 142.1056894, "latitude": 49.35047591, "Id": 2078, "class": "port" }, "geometry": { "type": "Point", "coordinates": [ 142.105689399999989, 49.35047591 ] } },
{ "type": "Feature", "properties": { "longitude": 142.1561, "latitude": 50.9139, "Id": 2079, "class": "port" }, "geometry": { "type": "Point", "coordinates": [ 142.1561, 50.9139 ] } },
{ "type": "Feature", "properties": { "longitude": 142.2228389, "latitude": 26.88296858, "Id": 2080, "class": "port" }, "geometry": { "type": "Point", "coordinates": [ 142.2228389, 26.88296858 ] } },
{ "type": "Feature", "properties": { "longitude": 142.6394, "latitude": 54.315, "Id": 2081, "class": "port" }, "geometry": { "type": "Point", "coordinates": [ 142.6394, 54.315 ] } },
{ "type": "Feature", "properties": { "longitude": 142.7667, "latitude": 46.6167, "Id": 2082, "class": "port" }, "geometry": { "type": "Point", "coordinates": [ 142.7667, 46.6167 ] } },
{ "type": "Feature", "properties": { "longitude": 143.2, "latitude": 59.3667, "Id": 2083, "class": "port" }, "geometry": { "type": "Point", "coordinates": [ 143.2, 59.3667 ] } },
{ "type": "Feature", "properties": { "longitude": 143.2023, "latitude": -9.06877, "Id": 2084, "class": "port" }, "geometry": { "type": "Point", "coordinates": [ 143.2023, -9.06877 ] } },
{ "type": "Feature", "properties": { "longitude": 143.3, "latitude": 42.25, "Id": 2085, "class": "port" }, "geometry": { "type": "Point", "coordinates": [ 143.3, 42.25 ] } },
{ "type": "Feature", "properties": { "longitude": 143.6257, "latitude": -3.56017, "Id": 2086, "class": "port" }, "geometry": { "type": "Point", "coordinates": [ 143.6257, -3.56017 ] } },
{ "type": "Feature", "properties": { "longitude": 144.2833, "latitude": 44.0167, "Id": 2087, "class": "port" }, "geometry": { "type": "Point", "coordinates": [ 144.2833, 44.0167 ] } },
{ "type": "Feature", "properties": { "longitude": 144.3667, "latitude": -38.15, "Id": 2088, "class": "port" }, "geometry": { "type": "Point", "coordinates": [ 144.3667, -38.15 ] } },
{ "type": "Feature", "properties": { "longitude": 144.6067, "latitude": -8.1022, "Id": 2089, "class": "port" }, "geometry": { "type": "Point", "coordinates": [ 144.6067, -8.1022 ] } },
{ "type": "Feature", "properties": { "longitude": 144.6146249, "latitude": 43.00928656, "Id": 2090, "class": "port" }, "geometry": { "type": "Point", "coordinates": [ 144.6146249, 43.00928656 ] } },
{ "type": "Feature", "properties": { "longitude": 144.6599078, "latitude": 13.45738435, "Id": 2091, "class": "port" }, "geometry": { "type": "Point", "coordinates": [ 144.659907800000013, 13.45738435 ] } },
{ "type": "Feature", "properties": { "longitude": 145.0811823, "latitude": -38.10090306, "Id": 2092, "class": "port" }, "geometry": { "type": "Point", "coordinates": [ 145.0811823, -38.10090306 ] } },
{ "type": "Feature", "properties": { "longitude": 145.1436, "latitude": 14.13943, "Id": 2093, "class": "port" }, "geometry": { "type": "Point", "coordinates": [ 145.1436, 14.13943 ] } },
{ "type": "Feature", "properties": { "longitude": 145.3521, "latitude": -14.95467, "Id": 2094, "class": "port" }, "geometry": { "type": "Point", "coordinates": [ 145.3521, -14.95467 ] } },
{ "type": "Feature", "properties": { "longitude": 145.3727564, "latitude": -40.81146298, "Id": 2095, "class": "port" }, "geometry": { "type": "Point", "coordinates": [ 145.372756399999986, -40.81146298 ] } },
{ "type": "Feature", "properties": { "longitude": 145.5757, "latitude": 43.32713, "Id": 2096, "class": "port" }, "geometry": { "type": "Point", "coordinates": [ 145.5757, 43.32713 ] } },
{ "type": "Feature", "properties": { "longitude": 145.6886484, "latitude": 15.08516961, "Id": 2097, "class": "port" }, "geometry": { "type": "Point", "coordinates": [ 145.6886484, 15.08516961 ] } },
{ "type": "Feature", "properties": { "longitude": 145.7833, "latitude": -16.9167, "Id": 2098, "class": "port" }, "geometry": { "type": "Point", "coordinates": [ 145.7833, -16.9167 ] } },
{ "type": "Feature", "properties": { "longitude": 146.019017, "latitude": -5.40013607, "Id": 2099, "class": "port" }, "geometry": { "type": "Point", "coordinates": [ 146.019017, -5.40013607 ] } },
{ "type": "Feature", "properties": { "longitude": 146.2072, "latitude": -17.6047, "Id": 2100, "class": "port" }, "geometry": { "type": "Point", "coordinates": [ 146.2072, -17.6047 ] } },
{ "type": "Feature", "properties": { "longitude": 146.3307, "latitude": -18.53027, "Id": 2101, "class": "port" }, "geometry": { "type": "Point", "coordinates": [ 146.3307, -18.53027 ] } },
{ "type": "Feature", "properties": { "longitude": 146.6661109, "latitude": -41.15179726, "Id": 2102, "class": "port" }, "geometry": { "type": "Point", "coordinates": [ 146.6661109, -41.15179726 ] } },
{ "type": "Feature", "properties": { "longitude": 146.8167, "latitude": -19.2667, "Id": 2103, "class": "port" }, "geometry": { "type": "Point", "coordinates": [ 146.8167, -19.2667 ] } },
{ "type": "Feature", "properties": { "longitude": 147.0239, "latitude": -6.735, "Id": 2104, "class": "port" }, "geometry": { "type": "Point", "coordinates": [ 147.0239, -6.735 ] } },
{ "type": "Feature", "properties": { "longitude": 147.3333, "latitude": -42.8833, "Id": 2105, "class": "port" }, "geometry": { "type": "Point", "coordinates": [ 147.3333, -42.8833 ] } },
{ "type": "Feature", "properties": { "longitude": 147.3709283, "latitude": -1.997959531, "Id": 2106, "class": "port" }, "geometry": { "type": "Point", "coordinates": [ 147.3709283, -1.997959531 ] } },
{ "type": "Feature", "properties": { "longitude": 148.4869, "latitude": -8.89757, "Id": 2107, "class": "port" }, "geometry": { "type": "Point", "coordinates": [ 148.4869, -8.89757 ] } },
{ "type": "Feature", "properties": { "longitude": 149.2704443, "latitude": -21.20683512, "Id": 2108, "class": "port" }, "geometry": { "type": "Point", "coordinates": [ 149.2704443, -21.20683512 ] } },
{ "type": "Feature", "properties": { "longitude": 149.9167, "latitude": -37.0667, "Id": 2109, "class": "port" }, "geometry": { "type": "Point", "coordinates": [ 149.9167, -37.0667 ] } },
{ "type": "Feature", "properties": { "longitude": 150.1501, "latitude": -5.54977, "Id": 2110, "class": "port" }, "geometry": { "type": "Point", "coordinates": [ 150.1501, -5.54977 ] } },
{ "type": "Feature", "properties": { "longitude": 150.45, "latitude": -10.3167, "Id": 2111, "class": "port" }, "geometry": { "type": "Point", "coordinates": [ 150.45, -10.3167 ] } },
{ "type": "Feature", "properties": { "longitude": 150.7885, "latitude": -2.58267, "Id": 2112, "class": "port" }, "geometry": { "type": "Point", "coordinates": [ 150.7885, -2.58267 ] } },
{ "type": "Feature", "properties": { "longitude": 150.9734271, "latitude": 59.58111926, "Id": 2113, "class": "port" }, "geometry": { "type": "Point", "coordinates": [ 150.9734271, 59.58111926 ] } },
{ "type": "Feature", "properties": { "longitude": 151.00915, "latitude": -5.30783, "Id": 2114, "class": "port" }, "geometry": { "type": "Point", "coordinates": [ 151.00915, -5.30783 ] } },
{ "type": "Feature", "properties": { "longitude": 151.25, "latitude": -23.85, "Id": 2115, "class": "port" }, "geometry": { "type": "Point", "coordinates": [ 151.25, -23.85 ] } },
{ "type": "Feature", "properties": { "longitude": 151.5157816, "latitude": -33.54287477, "Id": 2116, "class": "port" }, "geometry": { "type": "Point", "coordinates": [ 151.5157816, -33.54287477 ] } },
{ "type": "Feature", "properties": { "longitude": 151.83988, "latitude": 7.4455, "Id": 2117, "class": "port" }, "geometry": { "type": "Point", "coordinates": [ 151.83988, 7.4455 ] } },
{ "type": "Feature", "properties": { "longitude": 152.1422, "latitude": -11.2531, "Id": 2118, "class": "port" }, "geometry": { "type": "Point", "coordinates": [ 152.1422, -11.2531 ] } },
{ "type": "Feature", "properties": { "longitude": 152.3677, "latitude": -24.86077, "Id": 2119, "class": "port" }, "geometry": { "type": "Point", "coordinates": [ 152.3677, -24.86077 ] } },
{ "type": "Feature", "properties": { "longitude": 152.5756, "latitude": -4.3344, "Id": 2120, "class": "port" }, "geometry": { "type": "Point", "coordinates": [ 152.5756, -4.3344 ] } },
{ "type": "Feature", "properties": { "longitude": 153.0425, "latitude": 48.0133, "Id": 2121, "class": "port" }, "geometry": { "type": "Point", "coordinates": [ 153.0425, 48.0133 ] } },
{ "type": "Feature", "properties": { "longitude": 153.1008464, "latitude": -27.45705527, "Id": 2122, "class": "port" }, "geometry": { "type": "Point", "coordinates": [ 153.1008464, -27.45705527 ] } },
{ "type": "Feature", "properties": { "longitude": 153.1565, "latitude": -26.80807, "Id": 2123, "class": "port" }, "geometry": { "type": "Point", "coordinates": [ 153.1565, -26.80807 ] } },
{ "type": "Feature", "properties": { "longitude": 155.4931, "latitude": 55.2819, "Id": 2124, "class": "port" }, "geometry": { "type": "Point", "coordinates": [ 155.4931, 55.2819 ] } },
{ "type": "Feature", "properties": { "longitude": 155.8467, "latitude": -7.08287, "Id": 2125, "class": "port" }, "geometry": { "type": "Point", "coordinates": [ 155.8467, -7.08287 ] } },
{ "type": "Feature", "properties": { "longitude": 156.0433, "latitude": 53.6647, "Id": 2126, "class": "port" }, "geometry": { "type": "Point", "coordinates": [ 156.0433, 53.6647 ] } },
{ "type": "Feature", "properties": { "longitude": 156.4077, "latitude": -6.68667, "Id": 2127, "class": "port" }, "geometry": { "type": "Point", "coordinates": [ 156.4077, -6.68667 ] } },
{ "type": "Feature", "properties": { "longitude": 156.8930918, "latitude": -7.951581623, "Id": 2128, "class": "port" }, "geometry": { "type": "Point", "coordinates": [ 156.8930918, -7.951581623 ] } },
{ "type": "Feature", "properties": { "longitude": 158.20214, "latitude": 6.98029, "Id": 2129, "class": "port" }, "geometry": { "type": "Point", "coordinates": [ 158.20214, 6.98029 ] } },
{ "type": "Feature", "properties": { "longitude": 158.65, "latitude": 53.05, "Id": 2130, "class": "port" }, "geometry": { "type": "Point", "coordinates": [ 158.65, 53.05 ] } },
{ "type": "Feature", "properties": { "longitude": 158.6565, "latitude": -7.78747, "Id": 2131, "class": "port" }, "geometry": { "type": "Point", "coordinates": [ 158.6565, -7.78747 ] } },
{ "type": "Feature", "properties": { "longitude": 160.2231803, "latitude": -9.346598121, "Id": 2132, "class": "port" }, "geometry": { "type": "Point", "coordinates": [ 160.2231803, -9.346598121 ] } },
{ "type": "Feature", "properties": { "longitude": 161.78604, "latitude": -10.41038, "Id": 2133, "class": "port" }, "geometry": { "type": "Point", "coordinates": [ 161.78604, -10.41038 ] } },
{ "type": "Feature", "properties": { "longitude": 162.1667, "latitude": 69.6333, "Id": 2134, "class": "port" }, "geometry": { "type": "Point", "coordinates": [ 162.1667, 69.6333 ] } },
{ "type": "Feature", "properties": { "longitude": 162.5117, "latitude": 56.2322, "Id": 2135, "class": "port" }, "geometry": { "type": "Point", "coordinates": [ 162.5117, 56.2322 ] } },
{ "type": "Feature", "properties": { "longitude": 162.95701, "latitude": 5.35165, "Id": 2136, "class": "port" }, "geometry": { "type": "Point", "coordinates": [ 162.95701, 5.35165 ] } },
{ "type": "Feature", "properties": { "longitude": 165.1126438, "latitude": -21.06879685, "Id": 2137, "class": "port" }, "geometry": { "type": "Point", "coordinates": [ 165.1126438, -21.06879685 ] } },
{ "type": "Feature", "properties": { "longitude": 166.3794, "latitude": 60.35, "Id": 2138, "class": "port" }, "geometry": { "type": "Point", "coordinates": [ 166.3794, 60.35 ] } },
{ "type": "Feature", "properties": { "longitude": 166.65827, "latitude": -22.30821527, "Id": 2139, "class": "port" }, "geometry": { "type": "Point", "coordinates": [ 166.65827, -22.30821527 ] } },
{ "type": "Feature", "properties": { "longitude": 166.9347823, "latitude": -0.528504741, "Id": 2140, "class": "port" }, "geometry": { "type": "Point", "coordinates": [ 166.9347823, -0.528504741 ] } },
{ "type": "Feature", "properties": { "longitude": 167.1667, "latitude": -15.5167, "Id": 2141, "class": "port" }, "geometry": { "type": "Point", "coordinates": [ 167.1667, -15.5167 ] } },
{ "type": "Feature", "properties": { "longitude": 167.73667, "latitude": 8.73203, "Id": 2142, "class": "port" }, "geometry": { "type": "Point", "coordinates": [ 167.73667, 8.73203 ] } },
{ "type": "Feature", "properties": { "longitude": 168.2967, "latitude": -17.7547, "Id": 2143, "class": "port" }, "geometry": { "type": "Point", "coordinates": [ 168.2967, -17.7547 ] } },
{ "type": "Feature", "properties": { "longitude": 168.4133, "latitude": -46.6294, "Id": 2144, "class": "port" }, "geometry": { "type": "Point", "coordinates": [ 168.4133, -46.6294 ] } },
{ "type": "Feature", "properties": { "longitude": 169.53438, "latitude": -0.86506, "Id": 2145, "class": "port" }, "geometry": { "type": "Point", "coordinates": [ 169.53438, -0.86506 ] } },
{ "type": "Feature", "properties": { "longitude": 169.7303, "latitude": 11.2031, "Id": 2146, "class": "port" }, "geometry": { "type": "Point", "coordinates": [ 169.7303, 11.2031 ] } },
{ "type": "Feature", "properties": { "longitude": 170.3027871, "latitude": 69.69845987, "Id": 2147, "class": "port" }, "geometry": { "type": "Point", "coordinates": [ 170.302787099999989, 69.69845987 ] } },
{ "type": "Feature", "properties": { "longitude": 170.5891493, "latitude": -45.82647996, "Id": 2148, "class": "port" }, "geometry": { "type": "Point", "coordinates": [ 170.5891493, -45.82647996 ] } },
{ "type": "Feature", "properties": { "longitude": 171.22527, "latitude": 8.70441, "Id": 2149, "class": "port" }, "geometry": { "type": "Point", "coordinates": [ 171.22527, 8.70441 ] } },
{ "type": "Feature", "properties": { "longitude": 171.25, "latitude": -44.4, "Id": 2150, "class": "port" }, "geometry": { "type": "Point", "coordinates": [ 171.25, -44.4 ] } },
{ "type": "Feature", "properties": { "longitude": 171.3833, "latitude": 7.0833, "Id": 2151, "class": "port" }, "geometry": { "type": "Point", "coordinates": [ 171.3833, 7.0833 ] } },
{ "type": "Feature", "properties": { "longitude": 172.7113064, "latitude": -43.57687336, "Id": 2152, "class": "port" }, "geometry": { "type": "Point", "coordinates": [ 172.711306400000012, -43.57687336 ] } },
{ "type": "Feature", "properties": { "longitude": 172.9333823, "latitude": 1.348639597, "Id": 2153, "class": "port" }, "geometry": { "type": "Point", "coordinates": [ 172.9333823, 1.348639597 ] } },
{ "type": "Feature", "properties": { "longitude": 173.2667, "latitude": -41.2667, "Id": 2154, "class": "port" }, "geometry": { "type": "Point", "coordinates": [ 173.2667, -41.2667 ] } },
{ "type": "Feature", "properties": { "longitude": 173.5481, "latitude": 0.1833, "Id": 2155, "class": "port" }, "geometry": { "type": "Point", "coordinates": [ 173.5481, 0.1833 ] } },
{ "type": "Feature", "properties": { "longitude": 174.0483, "latitude": -41.2947, "Id": 2156, "class": "port" }, "geometry": { "type": "Point", "coordinates": [ 174.0483, -41.2947 ] } },
{ "type": "Feature", "properties": { "longitude": 174.0983, "latitude": -39.0442, "Id": 2157, "class": "port" }, "geometry": { "type": "Point", "coordinates": [ 174.0983, -39.0442 ] } },
{ "type": "Feature", "properties": { "longitude": 174.2944513, "latitude": -35.59503105, "Id": 2158, "class": "port" }, "geometry": { "type": "Point", "coordinates": [ 174.2944513, -35.59503105 ] } },
{ "type": "Feature", "properties": { "longitude": 174.732, "latitude": -38.1502, "Id": 2159, "class": "port" }, "geometry": { "type": "Point", "coordinates": [ 174.732, -38.1502 ] } },
{ "type": "Feature", "properties": { "longitude": 174.7833, "latitude": -41.2833, "Id": 2160, "class": "port" }, "geometry": { "type": "Point", "coordinates": [ 174.7833, -41.2833 ] } },
{ "type": "Feature", "properties": { "longitude": 175.9667, "latitude": -1.3167, "Id": 2161, "class": "port" }, "geometry": { "type": "Point", "coordinates": [ 175.9667, -1.3167 ] } },
{ "type": "Feature", "properties": { "longitude": 176.1711325, "latitude": -37.63551229, "Id": 2162, "class": "port" }, "geometry": { "type": "Point", "coordinates": [ 176.1711325, -37.63551229 ] } },
{ "type": "Feature", "properties": { "longitude": 176.9167, "latitude": -39.4833, "Id": 2163, "class": "port" }, "geometry": { "type": "Point", "coordinates": [ 176.9167, -39.4833 ] } },
{ "type": "Feature", "properties": { "longitude": 177.4195369, "latitude": -17.64109731, "Id": 2164, "class": "port" }, "geometry": { "type": "Point", "coordinates": [ 177.4195369, -17.64109731 ] } },
{ "type": "Feature", "properties": { "longitude": 177.5326108, "latitude": 64.74047604, "Id": 2165, "class": "port" }, "geometry": { "type": "Point", "coordinates": [ 177.532610799999986, 64.74047604 ] } },
{ "type": "Feature", "properties": { "longitude": 177.9893, "latitude": -38.67587, "Id": 2166, "class": "port" }, "geometry": { "type": "Point", "coordinates": [ 177.9893, -38.67587 ] } },
{ "type": "Feature", "properties": { "longitude": 178.4167, "latitude": -18.1333, "Id": 2167, "class": "port" }, "geometry": { "type": "Point", "coordinates": [ 178.4167, -18.1333 ] } },
{ "type": "Feature", "properties": { "longitude": 178.68772, "latitude": -16.99455, "Id": 2168, "class": "port" }, "geometry": { "type": "Point", "coordinates": [ 178.68772, -16.99455 ] } },
{ "type": "Feature", "properties": { "longitude": 179.1897, "latitude": -8.49767, "Id": 2169, "class": "port" }, "geometry": { "type": "Point", "coordinates": [ 179.1897, -8.49767 ] } },
{ "type": "Feature", "properties": { "longitude": 179.3431646, "latitude": -16.57104303, "Id": 2170, "class": "port" }, "geometry": { "type": "Point", "coordinates": [ 179.3431646, -16.57104303 ] } },
{ "type": "Feature", "properties": { "longitude": 179.3445, "latitude": 63.05473, "Id": 2171, "class": "port" }, "geometry": { "type": "Point", "coordinates": [ 179.3445, 63.05473 ] } }
]
}
