{
"type": "FeatureCollection",
"name": "multimodal_edge",
"crs": { "type": "name", "properties": { "name": "urn:ogc:def:crs:OGC:1.3:CRS84" } },
"features": [
{ "type": "Feature", "properties": { "start_id": 1504, "end_id": 1520, "distance(k": 70.931213028548967, "from": "port", "to": "port", "transport_": "multimodal" }, "geometry": { "type": "MultiLineString", "coordinates": [ [ [ 23.27320178, 69.98463832 ], [ 25.0903, 70.1361 ] ] ] } },
{ "type": "Feature", "properties": { "start_id": 1504, "end_id": 1507, "distance(k": 77.329421772337312, "from": "port", "to": "port", "transport_": "multimodal" }, "geometry": { "type": "MultiLineString", "coordinates": [ [ [ 23.27320178, 69.98463832 ], [ 23.6703024, 70.66711087 ] ] ] } },
{ "type": "Feature", "properties": { "start_id": 1504, "end_id": 1489, "distance(k": 87.670156174778299, "from": "port", "to": "port", "transport_": "multimodal" }, "geometry": { "type": "MultiLineString", "coordinates": [ [ [ 23.27320178, 69.98463832 ], [ 20.9709, 70.03053 ] ] ] } },
{ "type": "Feature", "properties": { "start_id": 1489, "end_id": 1482, "distance(k": 50.408535534126777, "from": "port", "to": "port", "transport_": "multimodal" }, "geometry": { "type": "MultiLineString", "coordinates": [ [ [ 20.9709, 70.03053 ], [ 19.7553, 69.8525 ] ] ] } },
{ "type": "Feature", "properties": { "start_id": 1479, "end_id": 1482, "distance(k": 45.683826848923253, "from": "port", "to": "port", "transport_": "multimodal" }, "geometry": { "type": "MultiLineString", "coordinates": [ [ [ 19.19194254, 69.49125944 ], [ 19.7553, 69.8525 ] ] ] } },
{ "type": "Feature", "properties": { "start_id": 1479, "end_id": 1462, "distance(k": 128.19567944714936, "from": "port", "to": "port", "transport_": "multimodal" }, "geometry": { "type": "MultiLineString", "coordinates": [ [ [ 19.19194254, 69.49125944 ], [ 16.8021089, 68.71481859 ] ] ] } },
{ "type": "Feature", "properties": { "start_id": 1507, "end_id": 1526, "distance(k": 91.010223388013415, "from": "port", "to": "port", "transport_": "multimodal" }, "geometry": { "type": "MultiLineString", "coordinates": [ [ [ 23.6703024, 70.66711087 ], [ 25.970207, 70.982291 ] ] ] } },
{ "type": "Feature", "properties": { "start_id": 1507, "end_id": 1478, "distance(k": 430.47554210972118, "from": "port", "to": "port", "transport_": "multimodal" }, "geometry": { "type": "MultiLineString", "coordinates": [ [ [ 23.6703024, 70.66711087 ], [ 19.0886, 74.2872 ] ] ] } },
{ "type": "Feature", "properties": { "start_id": 1462, "end_id": 1453, "distance(k": 55.785223220906374, "from": "port", "to": "port", "transport_": "multimodal" }, "geometry": { "type": "MultiLineString", "coordinates": [ [ [ 16.8021089, 68.71481859 ], [ 15.4206, 68.7053 ] ] ] } },
{ "type": "Feature", "properties": { "start_id": 1505, "end_id": 1512, "distance(k": 40.288010346328178, "from": "port", "to": "port", "transport_": "multimodal" }, "geometry": { "type": "MultiLineString", "coordinates": [ [ [ 23.28591101, 65.80778213 ], [ 24.1628, 65.7639 ] ] ] } },
{ "type": "Feature", "properties": { "start_id": 1505, "end_id": 1494, "distance(k": 101.31105827787619, "from": "port", "to": "port", "transport_": "multimodal" }, "geometry": { "type": "MultiLineString", "coordinates": [ [ [ 23.28591101, 65.80778213 ], [ 21.4997, 65.27553 ] ] ] } },
{ "type": "Feature", "properties": { "start_id": 1550, "end_id": 1554, "distance(k": 70.624269473631628, "from": "port", "to": "port", "transport_": "multimodal" }, "geometry": { "type": "MultiLineString", "coordinates": [ [ [ 30.05440382, 69.73118881 ], [ 30.9583, 70.2861 ] ] ] } },
{ "type": "Feature", "properties": { "start_id": 1550, "end_id": 1568, "distance(k": 156.14581828538275, "from": "port", "to": "port", "transport_": "multimodal" }, "geometry": { "type": "MultiLineString", "coordinates": [ [ [ 30.05440382, 69.73118881 ], [ 33.31173026, 68.92467991 ] ] ] } },
{ "type": "Feature", "properties": { "start_id": 1512, "end_id": 1522, "distance(k": 100.91735862764716, "from": "port", "to": "port", "transport_": "multimodal" }, "geometry": { "type": "MultiLineString", "coordinates": [ [ [ 24.1628, 65.7639 ], [ 25.4, 65.0167 ] ] ] } },
{ "type": "Feature", "properties": { "start_id": 1526, "end_id": 1536, "distance(k": 64.830681021976048, "from": "port", "to": "port", "transport_": "multimodal" }, "geometry": { "type": "MultiLineString", "coordinates": [ [ [ 25.970207, 70.982291 ], [ 27.7575, 71.0197 ] ] ] } },
{ "type": "Feature", "properties": { "start_id": 1536, "end_id": 1546, "distance(k": 83.97336550149123, "from": "port", "to": "port", "transport_": "multimodal" }, "geometry": { "type": "MultiLineString", "coordinates": [ [ [ 27.7575, 71.0197 ], [ 29.7333, 70.6333 ] ] ] } },
{ "type": "Feature", "properties": { "start_id": 1453, "end_id": 2178, "distance(k": 10.929295672441995, "from": "port", "to": "country", "transport_": "multimodal" }, "geometry": { "type": "MultiLineString", "coordinates": [ [ [ 15.4206, 68.7053 ], [ 15.3767996, 68.8022995 ] ] ] } },
{ "type": "Feature", "properties": { "start_id": 1453, "end_id": 1439, "distance(k": 80.193829814677841, "from": "port", "to": "port", "transport_": "multimodal" }, "geometry": { "type": "MultiLineString", "coordinates": [ [ [ 15.4206, 68.7053 ], [ 14.08681509, 68.17618818 ] ] ] } },
{ "type": "Feature", "properties": { "start_id": 1546, "end_id": 1554, "distance(k": 59.715340772019026, "from": "port", "to": "port", "transport_": "multimodal" }, "geometry": { "type": "MultiLineString", "coordinates": [ [ [ 29.7333, 70.6333 ], [ 30.9583, 70.2861 ] ] ] } },
{ "type": "Feature", "properties": { "start_id": 1494, "end_id": 1492, "distance(k": 67.544287887868251, "from": "port", "to": "port", "transport_": "multimodal" }, "geometry": { "type": "MultiLineString", "coordinates": [ [ [ 21.4997, 65.27553 ], [ 21.26374469, 64.67634442 ] ] ] } },
{ "type": "Feature", "properties": { "start_id": 1494, "end_id": 7, "distance(k": 214.09067925141227, "from": "port", "to": "road", "transport_": "multimodal" }, "geometry": { "type": "MultiLineString", "coordinates": [ [ [ 21.4997, 65.27553 ], [ 16.894529225823945, 65.285699906755681 ] ] ] } },
{ "type": "Feature", "properties": { "start_id": 8, "end_id": 1522, "distance(k": 56.458200154494165, "from": "road", "to": "port", "transport_": "multimodal" }, "geometry": { "type": "MultiLineString", "coordinates": [ [ [ 26.4247789195995, 65.285699906755681 ], [ 25.4, 65.0167 ] ] ] } },
{ "type": "Feature", "properties": { "start_id": 1522, "end_id": 1514, "distance(k": 59.442891561572125, "from": "port", "to": "port", "transport_": "multimodal" }, "geometry": { "type": "MultiLineString", "coordinates": [ [ [ 25.4, 65.0167 ], [ 24.4167, 64.6833 ] ] ] } },
{ "type": "Feature", "properties": { "start_id": 1522, "end_id": 2157, "distance(k": 70.931490537165544, "from": "port", "to": "country", "transport_": "multimodal" }, "geometry": { "type": "MultiLineString", "coordinates": [ [ [ 25.4, 65.0167 ], [ 26.2591, 64.4944992 ] ] ] } },
{ "type": "Feature", "properties": { "start_id": 1439, "end_id": 1442, "distance(k": 130.78715789513581, "from": "port", "to": "port", "transport_": "multimodal" }, "geometry": { "type": "MultiLineString", "coordinates": [ [ [ 14.08681509, 68.17618818 ], [ 14.27619969, 67.00220774 ] ] ] } },
{ "type": "Feature", "properties": { "start_id": 1439, "end_id": 2237, "distance(k": 160.46725432239569, "from": "port", "to": "maritime", "transport_": "multimodal" }, "geometry": { "type": "MultiLineString", "coordinates": [ [ [ 14.08681509, 68.17618818 ], [ 10.656693654114147, 68.888600390951837 ] ] ] } },
{ "type": "Feature", "properties": { "start_id": 1568, "end_id": 1562, "distance(k": 220.65719027800304, "from": "port", "to": "port", "transport_": "multimodal" }, "geometry": { "type": "MultiLineString", "coordinates": [ [ [ 33.31173026, 68.92467991 ], [ 32.4256, 66.9683 ] ] ] } },
{ "type": "Feature", "properties": { "start_id": 1562, "end_id": 1573, "distance(k": 91.342100429067855, "from": "port", "to": "port", "transport_": "multimodal" }, "geometry": { "type": "MultiLineString", "coordinates": [ [ [ 32.4256, 66.9683 ], [ 34.3667, 66.6667 ] ] ] } },
{ "type": "Feature", "properties": { "start_id": 1514, "end_id": 1509, "distance(k": 61.788437731681675, "from": "port", "to": "port", "transport_": "multimodal" }, "geometry": { "type": "MultiLineString", "coordinates": [ [ [ 24.4167, 64.6833 ], [ 23.72999559, 64.21313657 ] ] ] } },
{ "type": "Feature", "properties": { "start_id": 1442, "end_id": 1426, "distance(k": 145.48624867967735, "from": "port", "to": "port", "transport_": "multimodal" }, "geometry": { "type": "MultiLineString", "coordinates": [ [ [ 14.27619969, 67.00220774 ], [ 12.66630305, 65.86299357 ] ] ] } },
{ "type": "Feature", "properties": { "start_id": 1509, "end_id": 1501, "distance(k": 63.157085761032931, "from": "port", "to": "port", "transport_": "multimodal" }, "geometry": { "type": "MultiLineString", "coordinates": [ [ [ 23.72999559, 64.21313657 ], [ 22.86977729, 63.78837138 ] ] ] } },
{ "type": "Feature", "properties": { "start_id": 1573, "end_id": 1585, "distance(k": 191.46767011940776, "from": "port", "to": "port", "transport_": "multimodal" }, "geometry": { "type": "MultiLineString", "coordinates": [ [ [ 34.3667, 66.6667 ], [ 35.7097, 65.0347 ] ] ] } },
{ "type": "Feature", "properties": { "start_id": 1573, "end_id": 1605, "distance(k": 268.98169216170146, "from": "port", "to": "port", "transport_": "multimodal" }, "geometry": { "type": "MultiLineString", "coordinates": [ [ [ 34.3667, 66.6667 ], [ 39.5161, 68.05543 ] ] ] } },
{ "type": "Feature", "properties": { "start_id": 1501, "end_id": 1495, "distance(k": 100.55387419238491, "from": "port", "to": "port", "transport_": "multimodal" }, "geometry": { "type": "MultiLineString", "coordinates": [ [ [ 22.86977729, 63.78837138 ], [ 21.5558, 63.1008 ] ] ] } },
{ "type": "Feature", "properties": { "start_id": 1487, "end_id": 1476, "distance(k": 81.994559779644774, "from": "port", "to": "port", "transport_": "multimodal" }, "geometry": { "type": "MultiLineString", "coordinates": [ [ [ 20.3333, 63.7 ], [ 18.93697836, 63.30542829 ] ] ] } },
{ "type": "Feature", "properties": { "start_id": 1487, "end_id": 1495, "distance(k": 90.240603245349007, "from": "port", "to": "port", "transport_": "multimodal" }, "geometry": { "type": "MultiLineString", "coordinates": [ [ [ 20.3333, 63.7 ], [ 21.5558, 63.1008 ] ] ] } },
{ "type": "Feature", "properties": { "start_id": 1426, "end_id": 2238, "distance(k": 142.69318284935429, "from": "port", "to": "maritime", "transport_": "multimodal" }, "geometry": { "type": "MultiLineString", "coordinates": [ [ [ 12.66630305, 65.86299357 ], [ 9.71993326909757, 65.448246752982243 ] ] ] } },
{ "type": "Feature", "properties": { "start_id": 1495, "end_id": 13, "distance(k": 183.97564950951104, "from": "port", "to": "road", "transport_": "multimodal" }, "geometry": { "type": "MultiLineString", "coordinates": [ [ [ 21.5558, 63.1008 ], [ 24.672966252605963, 62.268807460944494 ] ] ] } },
{ "type": "Feature", "properties": { "start_id": 1476, "end_id": 1469, "distance(k": 113.94690487689229, "from": "port", "to": "port", "transport_": "multimodal" }, "geometry": { "type": "MultiLineString", "coordinates": [ [ [ 18.93697836, 63.30542829 ], [ 17.62753104, 62.47229914 ] ] ] } },
{ "type": "Feature", "properties": { "start_id": 1585, "end_id": 1576, "distance(k": 71.106118160986625, "from": "port", "to": "port", "transport_": "multimodal" }, "geometry": { "type": "MultiLineString", "coordinates": [ [ [ 35.7097, 65.0347 ], [ 34.79115531, 64.52895393 ] ] ] } },
{ "type": "Feature", "properties": { "start_id": 1585, "end_id": 1613, "distance(k": 200.72241230223347, "from": "port", "to": "port", "transport_": "multimodal" }, "geometry": { "type": "MultiLineString", "coordinates": [ [ [ 35.7097, 65.0347 ], [ 39.89906387, 64.72369192 ] ] ] } },
{ "type": "Feature", "properties": { "start_id": 1478, "end_id": 1440, "distance(k": 439.30318740965083, "from": "port", "to": "port", "transport_": "multimodal" }, "geometry": { "type": "MultiLineString", "coordinates": [ [ [ 19.0886, 74.2872 ], [ 14.22501739, 78.06656563 ] ] ] } },
{ "type": "Feature", "properties": { "start_id": 2175, "end_id": 1469, "distance(k": 57.295967500724906, "from": "country", "to": "port", "transport_": "multimodal" }, "geometry": { "type": "MultiLineString", "coordinates": [ [ [ 16.7411995, 62.7877007 ], [ 17.62753104, 62.47229914 ] ] ] } },
{ "type": "Feature", "properties": { "start_id": 1469, "end_id": 1466, "distance(k": 158.35260790745392, "from": "port", "to": "port", "transport_": "multimodal" }, "geometry": { "type": "MultiLineString", "coordinates": [ [ [ 17.62753104, 62.47229914 ], [ 17.20587916, 61.06222976 ] ] ] } },
{ "type": "Feature", "properties": { "start_id": 14, "end_id": 1541, "distance(k": 185.28186831211772, "from": "road", "to": "port", "transport_": "multimodal" }, "geometry": { "type": "MultiLineString", "coordinates": [ [ [ 29.122190402955002, 62.268807460944494 ], [ 28.46291988, 60.63256415 ] ] ] } },
{ "type": "Feature", "properties": { "start_id": 1406, "end_id": 1394, "distance(k": 119.05741559172874, "from": "port", "to": "port", "transport_": "multimodal" }, "geometry": { "type": "MultiLineString", "coordinates": [ [ [ 10.79181266, 64.02419541 ], [ 8.900758477, 63.35778813 ] ] ] } },
{ "type": "Feature", "properties": { "start_id": 1493, "end_id": 1498, "distance(k": 101.23000411096199, "from": "port", "to": "port", "transport_": "multimodal" }, "geometry": { "type": "MultiLineString", "coordinates": [ [ [ 21.43471297, 61.2272848 ], [ 22.18236801, 60.39309915 ] ] ] } },
{ "type": "Feature", "properties": { "start_id": 1613, "end_id": 1616, "distance(k": 35.995270323360494, "from": "port", "to": "port", "transport_": "multimodal" }, "geometry": { "type": "MultiLineString", "coordinates": [ [ [ 39.89906387, 64.72369192 ], [ 40.53567657, 64.54925926 ] ] ] } },
{ "type": "Feature", "properties": { "start_id": 1379, "end_id": 1394, "distance(k": 129.33688534422225, "from": "port", "to": "port", "transport_": "multimodal" }, "geometry": { "type": "MultiLineString", "coordinates": [ [ [ 7.699259, 64.393719 ], [ 8.900758477, 63.35778813 ] ] ] } },
{ "type": "Feature", "properties": { "start_id": 1394, "end_id": 1380, "distance(k": 64.308231379529516, "from": "port", "to": "port", "transport_": "multimodal" }, "geometry": { "type": "MultiLineString", "coordinates": [ [ [ 8.900758477, 63.35778813 ], [ 7.7333, 63.1167 ] ] ] } },
{ "type": "Feature", "properties": { "start_id": 1466, "end_id": 1474, "distance(k": 130.35650328592132, "from": "port", "to": "port", "transport_": "multimodal" }, "geometry": { "type": "MultiLineString", "coordinates": [ [ [ 17.20587916, 61.06222976 ], [ 18.62710091, 60.12018376 ] ] ] } },
{ "type": "Feature", "properties": { "start_id": 1498, "end_id": 1502, "distance(k": 65.816351493700523, "from": "port", "to": "port", "transport_": "multimodal" }, "geometry": { "type": "MultiLineString", "coordinates": [ [ [ 22.18236801, 60.39309915 ], [ 23.0222861, 59.97364388 ] ] ] } },
{ "type": "Feature", "properties": { "start_id": 1498, "end_id": 1483, "distance(k": 128.31010035658775, "from": "port", "to": "port", "transport_": "multimodal" }, "geometry": { "type": "MultiLineString", "coordinates": [ [ [ 22.18236801, 60.39309915 ], [ 19.9333, 60.1 ] ] ] } },
{ "type": "Feature", "properties": { "start_id": 1541, "end_id": 1531, "distance(k": 84.446002728690601, "from": "port", "to": "port", "transport_": "multimodal" }, "geometry": { "type": "MultiLineString", "coordinates": [ [ [ 28.46291988, 60.63256415 ], [ 26.95672384, 60.46427094 ] ] ] } },
{ "type": "Feature", "properties": { "start_id": 1541, "end_id": 1548, "distance(k": 107.40985621051405, "from": "port", "to": "port", "transport_": "multimodal" }, "geometry": { "type": "MultiLineString", "coordinates": [ [ [ 28.46291988, 60.63256415 ], [ 29.8929271, 59.97583139 ] ] ] } },
{ "type": "Feature", "properties": { "start_id": 1528, "end_id": 1531, "distance(k": 37.604924275048823, "from": "port", "to": "port", "transport_": "multimodal" }, "geometry": { "type": "MultiLineString", "coordinates": [ [ [ 26.2739, 60.4333 ], [ 26.95672384, 60.46427094 ] ] ] } },
{ "type": "Feature", "properties": { "start_id": 1528, "end_id": 1519, "distance(k": 86.627071581245829, "from": "port", "to": "port", "transport_": "multimodal" }, "geometry": { "type": "MultiLineString", "coordinates": [ [ [ 26.2739, 60.4333 ], [ 24.83439673, 60.12093163 ] ] ] } },
{ "type": "Feature", "properties": { "start_id": 1528, "end_id": 1529, "distance(k": 101.11010368695649, "from": "port", "to": "port", "transport_": "multimodal" }, "geometry": { "type": "MultiLineString", "coordinates": [ [ [ 26.2739, 60.4333 ], [ 26.5333, 59.5333 ] ] ] } },
{ "type": "Feature", "properties": { "start_id": 1519, "end_id": 1517, "distance(k": 74.874727519039709, "from": "port", "to": "port", "transport_": "multimodal" }, "geometry": { "type": "MultiLineString", "coordinates": [ [ [ 24.83439673, 60.12093163 ], [ 24.6632, 59.4531 ] ] ] } },
{ "type": "Feature", "properties": { "start_id": 1519, "end_id": 1502, "distance(k": 101.92567668837818, "from": "port", "to": "port", "transport_": "multimodal" }, "geometry": { "type": "MultiLineString", "coordinates": [ [ [ 24.83439673, 60.12093163 ], [ 23.0222861, 59.97364388 ] ] ] } },
{ "type": "Feature", "properties": { "start_id": 1380, "end_id": 1376, "distance(k": 65.486426702847851, "from": "port", "to": "port", "transport_": "multimodal" }, "geometry": { "type": "MultiLineString", "coordinates": [ [ [ 7.7333, 63.1167 ], [ 7.045831628, 62.61814587 ] ] ] } },
{ "type": "Feature", "properties": { "start_id": 1483, "end_id": 1474, "distance(k": 72.41313886330434, "from": "port", "to": "port", "transport_": "multimodal" }, "geometry": { "type": "MultiLineString", "coordinates": [ [ [ 19.9333, 60.1 ], [ 18.62710091, 60.12018376 ] ] ] } },
{ "type": "Feature", "properties": { "start_id": 1474, "end_id": 1468, "distance(k": 103.9000013390297, "from": "port", "to": "port", "transport_": "multimodal" }, "geometry": { "type": "MultiLineString", "coordinates": [ [ [ 18.62710091, 60.12018376 ], [ 17.60192981, 59.34165312 ] ] ] } },
{ "type": "Feature", "properties": { "start_id": 1548, "end_id": 23, "distance(k": 121.43646833955512, "from": "port", "to": "road", "transport_": "multimodal" }, "geometry": { "type": "MultiLineString", "coordinates": [ [ [ 29.8929271, 59.97583139 ], [ 31.675291605075181, 59.357326606469819 ] ] ] } },
{ "type": "Feature", "properties": { "start_id": 1376, "end_id": 11, "distance(k": 39.814146456583195, "from": "port", "to": "road", "transport_": "multimodal" }, "geometry": { "type": "MultiLineString", "coordinates": [ [ [ 7.045831628, 62.61814587 ], [ 6.876069651209806, 62.268807460944494 ] ] ] } },
{ "type": "Feature", "properties": { "start_id": 1517, "end_id": 1506, "distance(k": 85.6139358136829, "from": "port", "to": "port", "transport_": "multimodal" }, "geometry": { "type": "MultiLineString", "coordinates": [ [ [ 24.6632, 59.4531 ], [ 23.5211, 58.9522 ] ] ] } },
{ "type": "Feature", "properties": { "start_id": 1529, "end_id": 22, "distance(k": 56.838708504360461, "from": "port", "to": "road", "transport_": "multimodal" }, "geometry": { "type": "MultiLineString", "coordinates": [ [ [ 26.5333, 59.5333 ], [ 27.477360887712042, 59.357326606469819 ] ] ] } },
{ "type": "Feature", "properties": { "start_id": 1538, "end_id": 22, "distance(k": 36.172364238100023, "from": "port", "to": "road", "transport_": "multimodal" }, "geometry": { "type": "MultiLineString", "coordinates": [ [ [ 28.00605892, 59.54063967 ], [ 27.477360887712042, 59.357326606469819 ] ] ] } },
{ "type": "Feature", "properties": { "start_id": 11, "end_id": 1366, "distance(k": 66.483528027699194, "from": "road", "to": "port", "transport_": "multimodal" }, "geometry": { "type": "MultiLineString", "coordinates": [ [ [ 6.876069651209806, 62.268807460944494 ], [ 5.645172962, 62.10259902 ] ] ] } },
{ "type": "Feature", "properties": { "start_id": 1645, "end_id": 1662, "distance(k": 134.27524410451909, "from": "port", "to": "port", "transport_": "multimodal" }, "geometry": { "type": "MultiLineString", "coordinates": [ [ [ 48.8467, 67.6353 ], [ 52.0211, 67.6425 ] ] ] } },
{ "type": "Feature", "properties": { "start_id": 1468, "end_id": 1464, "distance(k": 80.029104867219388, "from": "port", "to": "port", "transport_": "multimodal" }, "geometry": { "type": "MultiLineString", "coordinates": [ [ [ 17.60192981, 59.34165312 ], [ 17.1167, 58.6667 ] ] ] } },
{ "type": "Feature", "properties": { "start_id": 2243, "end_id": 1506, "distance(k": 82.175442125593122, "from": "maritime", "to": "port", "transport_": "multimodal" }, "geometry": { "type": "MultiLineString", "coordinates": [ [ [ 22.090417344231433, 59.002172697018793 ], [ 23.5211, 58.9522 ] ] ] } },
{ "type": "Feature", "properties": { "start_id": 2243, "end_id": 1499, "distance(k": 89.181728298567961, "from": "maritime", "to": "port", "transport_": "multimodal" }, "geometry": { "type": "MultiLineString", "coordinates": [ [ [ 22.090417344231433, 59.002172697018793 ], [ 22.3989, 58.2164 ] ] ] } },
{ "type": "Feature", "properties": { "start_id": 1506, "end_id": 1515, "distance(k": 85.440943721156302, "from": "port", "to": "port", "transport_": "multimodal" }, "geometry": { "type": "MultiLineString", "coordinates": [ [ [ 23.5211, 58.9522 ], [ 24.4923, 58.37313 ] ] ] } },
{ "type": "Feature", "properties": { "start_id": 1366, "end_id": 2239, "distance(k": 76.071255730497199, "from": "port", "to": "maritime", "transport_": "multimodal" }, "geometry": { "type": "MultiLineString", "coordinates": [ [ [ 5.645172962, 62.10259902 ], [ 4.187270635238926, 62.163130453560811 ] ] ] } },
{ "type": "Feature", "properties": { "start_id": 1366, "end_id": 1368, "distance(k": 90.099798442149705, "from": "port", "to": "port", "transport_": "multimodal" }, "geometry": { "type": "MultiLineString", "coordinates": [ [ [ 5.645172962, 62.10259902 ], [ 5.926874663, 61.30338958 ] ] ] } },
{ "type": "Feature", "properties": { "start_id": 1440, "end_id": 1457, "distance(k": 36.622433961115391, "from": "port", "to": "port", "transport_": "multimodal" }, "geometry": { "type": "MultiLineString", "coordinates": [ [ [ 14.22501739, 78.06656563 ], [ 15.6278, 78.2261 ] ] ] } },
{ "type": "Feature", "properties": { "start_id": 1515, "end_id": 1513, "distance(k": 119.86089462098363, "from": "port", "to": "port", "transport_": "multimodal" }, "geometry": { "type": "MultiLineString", "coordinates": [ [ [ 24.4923, 58.37313 ], [ 24.22592181, 57.30455934 ] ] ] } },
{ "type": "Feature", "properties": { "start_id": 1464, "end_id": 1475, "distance(k": 137.0065885298315, "from": "port", "to": "port", "transport_": "multimodal" }, "geometry": { "type": "MultiLineString", "coordinates": [ [ [ 17.1167, 58.6667 ], [ 18.69737281, 57.7584065 ] ] ] } },
{ "type": "Feature", "properties": { "start_id": 1368, "end_id": 1369, "distance(k": 165.38962984142211, "from": "port", "to": "port", "transport_": "multimodal" }, "geometry": { "type": "MultiLineString", "coordinates": [ [ [ 5.926874663, 61.30338958 ], [ 6.097118463, 59.818359 ] ] ] } },
{ "type": "Feature", "properties": { "start_id": 20, "end_id": 1402, "distance(k": 43.288424040995459, "from": "road", "to": "port", "transport_": "multimodal" }, "geometry": { "type": "MultiLineString", "coordinates": [ [ [ 10.685638018259251, 59.357326606469819 ], [ 10.07214665, 59.12684642 ] ] ] } },
{ "type": "Feature", "properties": { "start_id": 1475, "end_id": 1461, "distance(k": 130.68721371722583, "from": "port", "to": "port", "transport_": "multimodal" }, "geometry": { "type": "MultiLineString", "coordinates": [ [ [ 18.69737281, 57.7584065 ], [ 16.57129807, 57.46756577 ] ] ] } },
{ "type": "Feature", "properties": { "start_id": 1671, "end_id": 1688, "distance(k": 241.80781181399553, "from": "port", "to": "port", "transport_": "multimodal" }, "geometry": { "type": "MultiLineString", "coordinates": [ [ [ 53.06761434, 67.65030754 ], [ 58.02685613, 68.81243696 ] ] ] } },
{ "type": "Feature", "properties": { "start_id": 1402, "end_id": 1384, "distance(k": 163.5565015665176, "from": "port", "to": "port", "transport_": "multimodal" }, "geometry": { "type": "MultiLineString", "coordinates": [ [ [ 10.07214665, 59.12684642 ], [ 8.01859105, 58.11660399 ] ] ] } },
{ "type": "Feature", "properties": { "start_id": 1513, "end_id": 2164, "distance(k": 65.383187476141259, "from": "port", "to": "country", "transport_": "multimodal" }, "geometry": { "type": "MultiLineString", "coordinates": [ [ [ 24.22592181, 57.30455934 ], [ 24.9291992, 56.8577003 ] ] ] } },
{ "type": "Feature", "properties": { "start_id": 1513, "end_id": 33, "distance(k": 152.78604916993993, "from": "port", "to": "road", "transport_": "multimodal" }, "geometry": { "type": "MultiLineString", "coordinates": [ [ [ 24.22592181, 57.30455934 ], [ 22.141591232443162, 56.533882859658227 ] ] ] } },
{ "type": "Feature", "properties": { "start_id": 1369, "end_id": 2242, "distance(k": 152.38745774800344, "from": "port", "to": "maritime", "transport_": "multimodal" }, "geometry": { "type": "MultiLineString", "coordinates": [ [ [ 6.097118463, 59.818359 ], [ 3.933498713653841, 59.002172697018793 ] ] ] } },
{ "type": "Feature", "properties": { "start_id": 1490, "end_id": 2248, "distance(k": 64.638398746877115, "from": "port", "to": "maritime", "transport_": "multimodal" }, "geometry": { "type": "MultiLineString", "coordinates": [ [ [ 21.01055083, 56.52356085 ], [ 20.944189754180744, 55.943425022583448 ] ] ] } },
{ "type": "Feature", "properties": { "start_id": 1384, "end_id": 1391, "distance(k": 153.84768459904251, "from": "port", "to": "port", "transport_": "multimodal" }, "geometry": { "type": "MultiLineString", "coordinates": [ [ [ 8.01859105, 58.11660399 ], [ 8.741617436, 56.78880225 ] ] ] } },
{ "type": "Feature", "properties": { "start_id": 1688, "end_id": 1693, "distance(k": 176.55460235759719, "from": "port", "to": "port", "transport_": "multimodal" }, "geometry": { "type": "MultiLineString", "coordinates": [ [ [ 58.02685613, 68.81243696 ], [ 61.6241311, 69.76307415 ] ] ] } },
{ "type": "Feature", "properties": { "start_id": 2248, "end_id": 1491, "distance(k": 27.416227650935195, "from": "maritime", "to": "port", "transport_": "multimodal" }, "geometry": { "type": "MultiLineString", "coordinates": [ [ [ 20.944189754180744, 55.943425022583448 ], [ 21.1167, 55.7167 ] ] ] } },
{ "type": "Feature", "properties": { "start_id": 32, "end_id": 1413, "distance(k": 162.91521668323065, "from": "road", "to": "port", "transport_": "multimodal" }, "geometry": { "type": "MultiLineString", "coordinates": [ [ [ 14.156098006379374, 56.533882859658227 ], [ 11.5131, 56.7151 ] ] ] } },
{ "type": "Feature", "properties": { "start_id": 1491, "end_id": 1486, "distance(k": 119.75185891211046, "from": "port", "to": "port", "transport_": "multimodal" }, "geometry": { "type": "MultiLineString", "coordinates": [ [ [ 21.1167, 55.7167 ], [ 20.20889759, 54.77221344 ] ] ] } },
{ "type": "Feature", "properties": { "start_id": 1458, "end_id": 2247, "distance(k": 62.964841250762049, "from": "port", "to": "maritime", "transport_": "multimodal" }, "geometry": { "type": "MultiLineString", "coordinates": [ [ [ 15.65191861, 56.06646758 ], [ 16.640491648072516, 55.943425022583448 ] ] ] } },
{ "type": "Feature", "properties": { "start_id": 1458, "end_id": 1446, "distance(k": 67.113388424685056, "from": "port", "to": "port", "transport_": "multimodal" }, "geometry": { "type": "MultiLineString", "coordinates": [ [ [ 15.65191861, 56.06646758 ], [ 14.57080087, 56.06157239 ] ] ] } },
{ "type": "Feature", "properties": { "start_id": 1413, "end_id": 31, "distance(k": 84.98721855420105, "from": "port", "to": "road", "transport_": "multimodal" }, "geometry": { "type": "MultiLineString", "coordinates": [ [ [ 11.5131, 56.7151 ], [ 10.163351393347481, 56.533882859658227 ] ] ] } },
{ "type": "Feature", "properties": { "start_id": 1446, "end_id": 1436, "distance(k": 83.730348013914238, "from": "port", "to": "port", "transport_": "multimodal" }, "geometry": { "type": "MultiLineString", "coordinates": [ [ [ 14.57080087, 56.06157239 ], [ 13.8333, 55.4333 ] ] ] } },
{ "type": "Feature", "properties": { "start_id": 1335, "end_id": 1328, "distance(k": 86.612734750465691, "from": "port", "to": "port", "transport_": "multimodal" }, "geometry": { "type": "MultiLineString", "coordinates": [ [ [ -1.150328103, 60.08376311 ], [ -2.0006, 59.4331 ] ] ] } },
{ "type": "Feature", "properties": { "start_id": 1436, "end_id": 1448, "distance(k": 74.164647233294446, "from": "port", "to": "port", "transport_": "multimodal" }, "geometry": { "type": "MultiLineString", "coordinates": [ [ [ 13.8333, 55.4333 ], [ 14.89595446, 55.15261921 ] ] ] } },
{ "type": "Feature", "properties": { "start_id": 1486, "end_id": 1473, "distance(k": 109.64143670927109, "from": "port", "to": "port", "transport_": "multimodal" }, "geometry": { "type": "MultiLineString", "coordinates": [ [ [ 20.20889759, 54.77221344 ], [ 18.54403464, 54.55960807 ] ] ] } },
{ "type": "Feature", "properties": { "start_id": 1486, "end_id": 54, "distance(k": 127.00790841295625, "from": "port", "to": "road", "transport_": "multimodal" }, "geometry": { "type": "MultiLineString", "coordinates": [ [ [ 20.20889759, 54.77221344 ], [ 21.193904369013325, 53.78531077684525 ] ] ] } },
{ "type": "Feature", "properties": { "start_id": 1448, "end_id": 1456, "distance(k": 117.37877016602992, "from": "port", "to": "port", "transport_": "multimodal" }, "geometry": { "type": "MultiLineString", "coordinates": [ [ [ 14.89595446, 55.15261921 ], [ 15.5751, 54.1728 ] ] ] } },
{ "type": "Feature", "properties": { "start_id": 2155, "end_id": 1407, "distance(k": 66.730735002393203, "from": "country", "to": "port", "transport_": "multimodal" }, "geometry": { "type": "MultiLineString", "coordinates": [ [ [ 10.0508003, 55.9622993 ], [ 10.82616043, 55.55023913 ] ] ] } },
{ "type": "Feature", "properties": { "start_id": 2155, "end_id": 1387, "distance(k": 116.19899355396899, "from": "country", "to": "port", "transport_": "multimodal" }, "geometry": { "type": "MultiLineString", "coordinates": [ [ [ 10.0508003, 55.9622993 ], [ 8.4189, 55.4653 ] ] ] } },
{ "type": "Feature", "properties": { "start_id": 1295, "end_id": 2240, "distance(k": 342.69002704429766, "from": "port", "to": "maritime", "transport_": "multimodal" }, "geometry": { "type": "MultiLineString", "coordinates": [ [ [ -6.892296599, 61.96166655 ], [ -5.144960601634955, 59.002172697018793 ] ] ] } },
{ "type": "Feature", "properties": { "start_id": 1295, "end_id": 1272, "distance(k": 487.94056042683076, "from": "port", "to": "port", "transport_": "multimodal" }, "geometry": { "type": "MultiLineString", "coordinates": [ [ [ -6.892296599, 61.96166655 ], [ -14.0328322, 64.98262055 ] ] ] } },
{ "type": "Feature", "properties": { "start_id": 1328, "end_id": 1320, "distance(k": 94.091489102572794, "from": "port", "to": "port", "transport_": "multimodal" }, "geometry": { "type": "MultiLineString", "coordinates": [ [ [ -2.0006, 59.4331 ], [ -3.005863876, 58.76263653 ] ] ] } },
{ "type": "Feature", "properties": { "start_id": 1387, "end_id": 1383, "distance(k": 146.74209302680271, "from": "port", "to": "port", "transport_": "multimodal" }, "geometry": { "type": "MultiLineString", "coordinates": [ [ [ 8.4189, 55.4653 ], [ 7.889, 54.1814 ] ] ] } },
{ "type": "Feature", "properties": { "start_id": 1387, "end_id": 2246, "distance(k": 298.52717134780175, "from": "port", "to": "maritime", "transport_": "multimodal" }, "geometry": { "type": "MultiLineString", "coordinates": [ [ [ 8.4189, 55.4653 ], [ 3.729397329747833, 55.943425022583448 ] ] ] } },
{ "type": "Feature", "properties": { "start_id": 1456, "end_id": 1435, "distance(k": 117.14848569741592, "from": "port", "to": "port", "transport_": "multimodal" }, "geometry": { "type": "MultiLineString", "coordinates": [ [ [ 15.5751, 54.1728 ], [ 13.78450152, 54.07817177 ] ] ] } },
{ "type": "Feature", "properties": { "start_id": 1267, "end_id": 1269, "distance(k": 54.551842246893294, "from": "port", "to": "port", "transport_": "multimodal" }, "geometry": { "type": "MultiLineString", "coordinates": [ [ [ -15.3333, 66.2 ], [ -14.8217, 65.7558 ] ] ] } },
{ "type": "Feature", "properties": { "start_id": 1267, "end_id": 1253, "distance(k": 145.57563892190765, "from": "port", "to": "port", "transport_": "multimodal" }, "geometry": { "type": "MultiLineString", "coordinates": [ [ [ -15.3333, 66.2 ], [ -18.49057926, 65.92874944 ] ] ] } },
{ "type": "Feature", "properties": { "start_id": 1269, "end_id": 1272, "distance(k": 93.421845552261047, "from": "port", "to": "port", "transport_": "multimodal" }, "geometry": { "type": "MultiLineString", "coordinates": [ [ [ -14.8217, 65.7558 ], [ -14.0328322, 64.98262055 ] ] ] } },
{ "type": "Feature", "properties": { "start_id": 1, "end_id": 1705, "distance(k": 341.33853699685386, "from": "road", "to": "port", "transport_": "multimodal" }, "geometry": { "type": "MultiLineString", "coordinates": [ [ [ 64.942546649263477, 68.431934303023993 ], [ 72.91030432, 67.67641031 ] ] ] } },
{ "type": "Feature", "properties": { "start_id": 1272, "end_id": 1268, "distance(k": 98.410191014448174, "from": "port", "to": "port", "transport_": "multimodal" }, "geometry": { "type": "MultiLineString", "coordinates": [ [ [ -14.0328322, 64.98262055 ], [ -15.2036, 64.2536 ] ] ] } },
{ "type": "Feature", "properties": { "start_id": 1320, "end_id": 1315, "distance(k": 121.6485363082538, "from": "port", "to": "port", "transport_": "multimodal" }, "geometry": { "type": "MultiLineString", "coordinates": [ [ [ -3.005863876, 58.76263653 ], [ -3.5, 57.7 ] ] ] } },
{ "type": "Feature", "properties": { "start_id": 1320, "end_id": 2240, "distance(k": 125.77010984436833, "from": "port", "to": "maritime", "transport_": "multimodal" }, "geometry": { "type": "MultiLineString", "coordinates": [ [ [ -3.005863876, 58.76263653 ], [ -5.144960601634955, 59.002172697018793 ] ] ] } },
{ "type": "Feature", "properties": { "start_id": 1326, "end_id": 1315, "distance(k": 58.951677756917093, "from": "port", "to": "port", "transport_": "multimodal" }, "geometry": { "type": "MultiLineString", "coordinates": [ [ [ -2.509764221, 57.67052721 ], [ -3.5, 57.7 ] ] ] } },
{ "type": "Feature", "properties": { "start_id": 1383, "end_id": 1375, "distance(k": 103.38425226016641, "from": "port", "to": "port", "transport_": "multimodal" }, "geometry": { "type": "MultiLineString", "coordinates": [ [ [ 7.889, 54.1814 ], [ 6.968262624, 53.42719159 ] ] ] } },
{ "type": "Feature", "properties": { "start_id": 1383, "end_id": 51, "distance(k": 128.07181704748493, "from": "port", "to": "road", "transport_": "multimodal" }, "geometry": { "type": "MultiLineString", "coordinates": [ [ [ 7.889, 54.1814 ], [ 9.728347671041208, 53.78531077684525 ] ] ] } },
{ "type": "Feature", "properties": { "start_id": 51, "end_id": 1400, "distance(k": 180.68671961220474, "from": "road", "to": "port", "transport_": "multimodal" }, "geometry": { "type": "MultiLineString", "coordinates": [ [ [ 9.728347671041208, 53.78531077684525 ], [ 9.9366, 52.1652 ] ] ] } },
{ "type": "Feature", "properties": { "start_id": 1315, "end_id": 1311, "distance(k": 41.693856620411594, "from": "port", "to": "port", "transport_": "multimodal" }, "geometry": { "type": "MultiLineString", "coordinates": [ [ [ -3.5, 57.7 ], [ -4.176300669, 57.60178632 ] ] ] } },
{ "type": "Feature", "properties": { "start_id": 1311, "end_id": 1306, "distance(k": 143.50284687265491, "from": "port", "to": "port", "transport_": "multimodal" }, "geometry": { "type": "MultiLineString", "coordinates": [ [ [ -4.176300669, 57.60178632 ], [ -4.629704208, 56.33511285 ] ] ] } },
{ "type": "Feature", "properties": { "start_id": 1700, "end_id": 1712, "distance(k": 78.395151197652737, "from": "port", "to": "port", "transport_": "multimodal" }, "geometry": { "type": "MultiLineString", "coordinates": [ [ [ 71.97094381, 71.3633168 ], [ 73.8419, 70.9988 ] ] ] } },
{ "type": "Feature", "properties": { "start_id": 2179, "end_id": 6, "distance(k": 128.55039335921708, "from": "country", "to": "road", "transport_": "multimodal" }, "geometry": { "type": "MultiLineString", "coordinates": [ [ [ -18.5757999, 64.9786987 ], [ -21.226469549278143, 65.285699906755681 ] ] ] } },
{ "type": "Feature", "properties": { "start_id": 1375, "end_id": 1363, "distance(k": 106.59804981254052, "from": "port", "to": "port", "transport_": "multimodal" }, "geometry": { "type": "MultiLineString", "coordinates": [ [ [ 6.968262624, 53.42719159 ], [ 5.4167, 53.1833 ] ] ] } },
{ "type": "Feature", "properties": { "start_id": 1712, "end_id": 1724, "distance(k": 356.45415164373372, "from": "port", "to": "port", "transport_": "multimodal" }, "geometry": { "type": "MultiLineString", "coordinates": [ [ [ 73.8419, 70.9988 ], [ 80.42316868, 73.50372855 ] ] ] } },
{ "type": "Feature", "properties": { "start_id": 1712, "end_id": 1705, "distance(k": 371.22557769816092, "from": "port", "to": "port", "transport_": "multimodal" }, "geometry": { "type": "MultiLineString", "coordinates": [ [ [ 73.8419, 70.9988 ], [ 72.91030432, 67.67641031 ] ] ] } },
{ "type": "Feature", "properties": { "start_id": 1294, "end_id": 30, "distance(k": 134.06360714918821, "from": "port", "to": "road", "transport_": "multimodal" }, "geometry": { "type": "MultiLineString", "coordinates": [ [ [ -7.20231476, 57.47027182 ], [ -5.807635058780036, 56.533882859658227 ] ] ] } },
{ "type": "Feature", "properties": { "start_id": 6, "end_id": 1250, "distance(k": 73.095285853639453, "from": "road", "to": "port", "transport_": "multimodal" }, "geometry": { "type": "MultiLineString", "coordinates": [ [ [ -21.226469549278143, 65.285699906755681 ], [ -22.7167, 65.0833 ] ] ] } },
{ "type": "Feature", "properties": { "start_id": 1363, "end_id": 2168, "distance(k": 104.12032027880957, "from": "port", "to": "country", "transport_": "multimodal" }, "geometry": { "type": "MultiLineString", "coordinates": [ [ [ 5.4167, 53.1833 ], [ 5.6009998, 52.2536011 ] ] ] } },
{ "type": "Feature", "properties": { "start_id": 1363, "end_id": 2258, "distance(k": 126.15975170959331, "from": "port", "to": "maritime", "transport_": "multimodal" }, "geometry": { "type": "MultiLineString", "coordinates": [ [ [ 5.4167, 53.1833 ], [ 3.56149458325243, 52.970591630113567 ] ] ] } },
{ "type": "Feature", "properties": { "start_id": 1306, "end_id": 2245, "distance(k": 46.190456332853422, "from": "port", "to": "maritime", "transport_": "multimodal" }, "geometry": { "type": "MultiLineString", "coordinates": [ [ [ -4.629704208, 56.33511285 ], [ -4.877998882468623, 55.943425022583448 ] ] ] } },
{ "type": "Feature", "properties": { "start_id": 1306, "end_id": 30, "distance(k": 75.714142263136992, "from": "port", "to": "road", "transport_": "multimodal" }, "geometry": { "type": "MultiLineString", "coordinates": [ [ [ -4.629704208, 56.33511285 ], [ -5.807635058780036, 56.533882859658227 ] ] ] } },
{ "type": "Feature", "properties": { "start_id": 1248, "end_id": 1246, "distance(k": 66.782998233132133, "from": "port", "to": "port", "transport_": "multimodal" }, "geometry": { "type": "MultiLineString", "coordinates": [ [ [ -23.1239, 66.07 ], [ -23.9833, 65.5833 ] ] ] } },
{ "type": "Feature", "properties": { "start_id": 2245, "end_id": 1297, "distance(k": 129.89953136574678, "from": "maritime", "to": "port", "transport_": "multimodal" }, "geometry": { "type": "MultiLineString", "coordinates": [ [ [ -4.877998882468623, 55.943425022583448 ], [ -6.415614442, 55.16342081 ] ] ] } },
{ "type": "Feature", "properties": { "start_id": 1705, "end_id": 1716, "distance(k": 201.70902076436832, "from": "port", "to": "port", "transport_": "multimodal" }, "geometry": { "type": "MultiLineString", "coordinates": [ [ [ 72.91030432, 67.67641031 ], [ 77.6881, 67.6853 ] ] ] } },
{ "type": "Feature", "properties": { "start_id": 1250, "end_id": 1246, "distance(k": 80.904011310971313, "from": "port", "to": "port", "transport_": "multimodal" }, "geometry": { "type": "MultiLineString", "coordinates": [ [ [ -22.7167, 65.0833 ], [ -23.9833, 65.5833 ] ] ] } },
{ "type": "Feature", "properties": { "start_id": 1250, "end_id": 1251, "distance(k": 116.5434956619596, "from": "port", "to": "port", "transport_": "multimodal" }, "geometry": { "type": "MultiLineString", "coordinates": [ [ [ -22.7167, 65.0833 ], [ -21.95622897, 64.08728885 ] ] ] } },
{ "type": "Feature", "properties": { "start_id": 1252, "end_id": 1251, "distance(k": 109.3150746462493, "from": "port", "to": "port", "transport_": "multimodal" }, "geometry": { "type": "MultiLineString", "coordinates": [ [ [ -20.27169243, 63.44532124 ], [ -21.95622897, 64.08728885 ] ] ] } },
{ "type": "Feature", "properties": { "start_id": 1314, "end_id": 1317, "distance(k": 69.400963566932958, "from": "port", "to": "port", "transport_": "multimodal" }, "geometry": { "type": "MultiLineString", "coordinates": [ [ [ -3.519079784, 54.71395885 ], [ -3.2175, 54.115 ] ] ] } },
{ "type": "Feature", "properties": { "start_id": 50, "end_id": 2176, "distance(k": 86.751004763012759, "from": "road", "to": "country", "transport_": "multimodal" }, "geometry": { "type": "MultiLineString", "coordinates": [ [ [ -1.737209026930857, 53.78531077684525 ], [ -2.9005001, 54.1601982 ] ] ] } },
{ "type": "Feature", "properties": { "start_id": 2176, "end_id": 1317, "distance(k": 21.252938187623567, "from": "country", "to": "port", "transport_": "multimodal" }, "geometry": { "type": "MultiLineString", "coordinates": [ [ [ -2.9005001, 54.1601982 ], [ -3.2175, 54.115 ] ] ] } },
{ "type": "Feature", "properties": { "start_id": 1317, "end_id": 1321, "distance(k": 77.924322741973953, "from": "port", "to": "port", "transport_": "multimodal" }, "geometry": { "type": "MultiLineString", "coordinates": [ [ [ -3.2175, 54.115 ], [ -2.980438496, 53.42835648 ] ] ] } },
{ "type": "Feature", "properties": { "start_id": 1317, "end_id": 1307, "distance(k": 88.082926212888836, "from": "port", "to": "port", "transport_": "multimodal" }, "geometry": { "type": "MultiLineString", "coordinates": [ [ [ -3.2175, 54.115 ], [ -4.561938324, 54.20337488 ] ] ] } },
{ "type": "Feature", "properties": { "start_id": 1297, "end_id": 1289, "distance(k": 142.7609712799954, "from": "port", "to": "port", "transport_": "multimodal" }, "geometry": { "type": "MultiLineString", "coordinates": [ [ [ -6.415614442, 55.16342081 ], [ -8.45, 54.63423 ] ] ] } },
{ "type": "Feature", "properties": { "start_id": 1321, "end_id": 1309, "distance(k": 93.407485811817835, "from": "port", "to": "port", "transport_": "multimodal" }, "geometry": { "type": "MultiLineString", "coordinates": [ [ [ -2.980438496, 53.42835648 ], [ -4.368833881, 53.29007918 ] ] ] } },
{ "type": "Feature", "properties": { "start_id": 1716, "end_id": 1731, "distance(k": 377.84912738826176, "from": "port", "to": "port", "transport_": "multimodal" }, "geometry": { "type": "MultiLineString", "coordinates": [ [ [ 77.6881, 67.6853 ], [ 86.58217422, 67.45739068 ] ] ] } },
{ "type": "Feature", "properties": { "start_id": 1716, "end_id": 17, "distance(k": 602.54260169220959, "from": "port", "to": "road", "transport_": "multimodal" }, "geometry": { "type": "MultiLineString", "coordinates": [ [ [ 77.6881, 67.6853 ], [ 78.063656056794301, 62.268807460944494 ] ] ] } },
{ "type": "Feature", "properties": { "start_id": 1309, "end_id": 1298, "distance(k": 137.00354413235257, "from": "port", "to": "port", "transport_": "multimodal" }, "geometry": { "type": "MultiLineString", "coordinates": [ [ [ -4.368833881, 53.29007918 ], [ -6.390503882, 53.06624346 ] ] ] } },
{ "type": "Feature", "properties": { "start_id": 1309, "end_id": 1305, "distance(k": 180.86407972422927, "from": "port", "to": "port", "transport_": "multimodal" }, "geometry": { "type": "MultiLineString", "coordinates": [ [ [ -4.368833881, 53.29007918 ], [ -4.848341497, 51.68993842 ] ] ] } },
{ "type": "Feature", "properties": { "start_id": 1289, "end_id": 49, "distance(k": 112.13675504835854, "from": "port", "to": "road", "transport_": "multimodal" }, "geometry": { "type": "MultiLineString", "coordinates": [ [ [ -8.45, 54.63423 ], [ -9.380913492245602, 53.78531077684525 ] ] ] } },
{ "type": "Feature", "properties": { "start_id": 71, "end_id": 1356, "distance(k": 89.567318807607066, "from": "road", "to": "port", "transport_": "multimodal" }, "geometry": { "type": "MultiLineString", "coordinates": [ [ [ 2.005796650925177, 51.101298772248654 ], [ 3.0485, 50.63673 ] ] ] } },
{ "type": "Feature", "properties": { "start_id": 71, "end_id": 1343, "distance(k": 199.12125685043802, "from": "road", "to": "port", "transport_": "multimodal" }, "geometry": { "type": "MultiLineString", "coordinates": [ [ [ 2.005796650925177, 51.101298772248654 ], [ 0.503428219, 49.58873278 ] ] ] } },
{ "type": "Feature", "properties": { "start_id": 2125, "end_id": 1185, "distance(k": 505.03098213417684, "from": "country", "to": "port", "transport_": "multimodal" }, "geometry": { "type": "MultiLineString", "coordinates": [ [ [ -41.3917999, 74.7173996 ], [ -56.1489, 72.7872 ] ] ] } },
{ "type": "Feature", "properties": { "start_id": 49, "end_id": 1284, "distance(k": 103.41130616199089, "from": "road", "to": "port", "transport_": "multimodal" }, "geometry": { "type": "MultiLineString", "coordinates": [ [ [ -9.380913492245602, 53.78531077684525 ], [ -9.203776913, 52.86134779 ] ] ] } },
{ "type": "Feature", "properties": { "start_id": 70, "end_id": 1334, "distance(k": 45.497328734955389, "from": "road", "to": "port", "transport_": "multimodal" }, "geometry": { "type": "MultiLineString", "coordinates": [ [ [ -1.67150332421539, 51.101298772248654 ], [ -1.360188797, 50.74226412 ] ] ] } },
{ "type": "Feature", "properties": { "start_id": 70, "end_id": 1316, "distance(k": 119.78193761133926, "from": "road", "to": "port", "transport_": "multimodal" }, "geometry": { "type": "MultiLineString", "coordinates": [ [ [ -1.67150332421539, 51.101298772248654 ], [ -3.274125678, 51.49673917 ] ] ] } },
{ "type": "Feature", "properties": { "start_id": 1316, "end_id": 1305, "distance(k": 110.84397115578206, "from": "port", "to": "port", "transport_": "multimodal" }, "geometry": { "type": "MultiLineString", "coordinates": [ [ [ -3.274125678, 51.49673917 ], [ -4.848341497, 51.68993842 ] ] ] } },
{ "type": "Feature", "properties": { "start_id": 1334, "end_id": 2278, "distance(k": 95.170628787335701, "from": "port", "to": "maritime", "transport_": "multimodal" }, "geometry": { "type": "MultiLineString", "coordinates": [ [ [ -1.360188797, 50.74226412 ], [ -0.526804431184518, 50.071105542797362 ] ] ] } },
{ "type": "Feature", "properties": { "start_id": 2278, "end_id": 1343, "distance(k": 91.30882439367106, "from": "maritime", "to": "port", "transport_": "multimodal" }, "geometry": { "type": "MultiLineString", "coordinates": [ [ [ -0.526804431184518, 50.071105542797362 ], [ 0.503428219, 49.58873278 ] ] ] } },
{ "type": "Feature", "properties": { "start_id": 2278, "end_id": 1330, "distance(k": 126.74176976137667, "from": "maritime", "to": "port", "transport_": "multimodal" }, "geometry": { "type": "MultiLineString", "coordinates": [ [ [ -0.526804431184518, 50.071105542797362 ], [ -1.897566221, 49.35443369 ] ] ] } },
{ "type": "Feature", "properties": { "start_id": 1284, "end_id": 1290, "distance(k": 129.54109836912735, "from": "port", "to": "port", "transport_": "multimodal" }, "geometry": { "type": "MultiLineString", "coordinates": [ [ [ -9.203776913, 52.86134779 ], [ -8.405886166, 51.80327531 ] ] ] } },
{ "type": "Feature", "properties": { "start_id": 1558, "end_id": 1564, "distance(k": 55.583716588868221, "from": "port", "to": "port", "transport_": "multimodal" }, "geometry": { "type": "MultiLineString", "coordinates": [ [ [ 31.96370201, 46.86107937 ], [ 32.6, 46.6167 ] ] ] } },
{ "type": "Feature", "properties": { "start_id": 1558, "end_id": 1553, "distance(k": 109.32696021453937, "from": "port", "to": "port", "transport_": "multimodal" }, "geometry": { "type": "MultiLineString", "coordinates": [ [ [ 31.96370201, 46.86107937 ], [ 30.69841964, 46.40086657 ] ] ] } },
{ "type": "Feature", "properties": { "start_id": 1593, "end_id": 1589, "distance(k": 62.779267525868626, "from": "port", "to": "port", "transport_": "multimodal" }, "geometry": { "type": "MultiLineString", "coordinates": [ [ [ 37.4833, 47.05 ], [ 36.7833, 46.75 ] ] ] } },
{ "type": "Feature", "properties": { "start_id": 1593, "end_id": 1596, "distance(k": 68.909270337423052, "from": "port", "to": "port", "transport_": "multimodal" }, "geometry": { "type": "MultiLineString", "coordinates": [ [ [ 37.4833, 47.05 ], [ 38.26710157, 46.73826983 ] ] ] } },
{ "type": "Feature", "properties": { "start_id": 1290, "end_id": 1281, "distance(k": 92.922106750082435, "from": "port", "to": "port", "transport_": "multimodal" }, "geometry": { "type": "MultiLineString", "coordinates": [ [ [ -8.405886166, 51.80327531 ], [ -9.742293787, 51.68632559 ] ] ] } },
{ "type": "Feature", "properties": { "start_id": 1598, "end_id": 1609, "distance(k": 61.300913082514235, "from": "port", "to": "port", "transport_": "multimodal" }, "geometry": { "type": "MultiLineString", "coordinates": [ [ [ 38.9094, 47.2214 ], [ 39.7167, 47.1667 ] ] ] } },
{ "type": "Feature", "properties": { "start_id": 1598, "end_id": 1596, "distance(k": 72.527583542793877, "from": "port", "to": "port", "transport_": "multimodal" }, "geometry": { "type": "MultiLineString", "coordinates": [ [ [ 38.9094, 47.2214 ], [ 38.26710157, 46.73826983 ] ] ] } },
{ "type": "Feature", "properties": { "start_id": 1589, "end_id": 1588, "distance(k": 161.67077951746947, "from": "port", "to": "port", "transport_": "multimodal" }, "geometry": { "type": "MultiLineString", "coordinates": [ [ [ 36.7833, 46.75 ], [ 36.60390241, 45.30140412 ] ] ] } },
{ "type": "Feature", "properties": { "start_id": 1330, "end_id": 98, "distance(k": 100.09838126590138, "from": "port", "to": "road", "transport_": "multimodal" }, "geometry": { "type": "MultiLineString", "coordinates": [ [ [ -1.897566221, 49.35443369 ], [ -1.615242433397355, 48.473553704137302 ] ] ] } },
{ "type": "Feature", "properties": { "start_id": 2277, "end_id": 1300, "distance(k": 131.52322078120662, "from": "maritime", "to": "port", "transport_": "multimodal" }, "geometry": { "type": "MultiLineString", "coordinates": [ [ [ -4.474574181987493, 50.071105542797362 ], [ -6.3017, 49.9303 ] ] ] } },
{ "type": "Feature", "properties": { "start_id": 1230, "end_id": 1208, "distance(k": 612.68026573819157, "from": "port", "to": "port", "transport_": "multimodal" }, "geometry": { "type": "MultiLineString", "coordinates": [ [ [ -37.6331, 65.6175 ], [ -50.95, 66.9667 ] ] ] } },
{ "type": "Feature", "properties": { "start_id": 130, "end_id": 1420, "distance(k": 101.1739042041053, "from": "road", "to": "port", "transport_": "multimodal" }, "geometry": { "type": "MultiLineString", "coordinates": [ [ [ 12.219432761677121, 45.895258794291813 ], [ 12.30194286, 44.98722347 ] ] ] } },
{ "type": "Feature", "properties": { "start_id": 1300, "end_id": 2276, "distance(k": 152.37148155423958, "from": "port", "to": "maritime", "transport_": "multimodal" }, "geometry": { "type": "MultiLineString", "coordinates": [ [ [ -6.3017, 49.9303 ], [ -8.422343932790469, 50.071105542797362 ] ] ] } },
{ "type": "Feature", "properties": { "start_id": 98, "end_id": 1319, "distance(k": 107.12116079745775, "from": "road", "to": "port", "transport_": "multimodal" }, "geometry": { "type": "MultiLineString", "coordinates": [ [ [ -1.615242433397355, 48.473553704137302 ], [ -3.026634247, 48.71159705 ] ] ] } },
{ "type": "Feature", "properties": { "start_id": 1319, "end_id": 1312, "distance(k": 70.200789088252591, "from": "port", "to": "port", "transport_": "multimodal" }, "geometry": { "type": "MultiLineString", "coordinates": [ [ [ -3.026634247, 48.71159705 ], [ -3.9833, 48.72633 ] ] ] } },
{ "type": "Feature", "properties": { "start_id": 1438, "end_id": 2339, "distance(k": 83.113486002186363, "from": "port", "to": "maritime", "transport_": "multimodal" }, "geometry": { "type": "MultiLineString", "coordinates": [ [ [ 14.04038635, 45.18254727 ], [ 14.276445190035625, 44.454086083266183 ] ] ] } },
{ "type": "Feature", "properties": { "start_id": 1438, "end_id": 1420, "distance(k": 138.1998166228895, "from": "port", "to": "port", "transport_": "multimodal" }, "geometry": { "type": "MultiLineString", "coordinates": [ [ [ 14.04038635, 45.18254727 ], [ 12.30194286, 44.98722347 ] ] ] } },
{ "type": "Feature", "properties": { "start_id": 1312, "end_id": 1310, "distance(k": 73.101296039871414, "from": "port", "to": "port", "transport_": "multimodal" }, "geometry": { "type": "MultiLineString", "coordinates": [ [ [ -3.9833, 48.72633 ], [ -4.333972371, 48.11148617 ] ] ] } },
{ "type": "Feature", "properties": { "start_id": 1588, "end_id": 1594, "distance(k": 78.195210350136307, "from": "port", "to": "port", "transport_": "multimodal" }, "geometry": { "type": "MultiLineString", "coordinates": [ [ [ 36.60390241, 45.30140412 ], [ 37.492626, 44.98268989 ] ] ] } },
{ "type": "Feature", "properties": { "start_id": 1588, "end_id": 1582, "distance(k": 99.798253687976498, "from": "port", "to": "port", "transport_": "multimodal" }, "geometry": { "type": "MultiLineString", "coordinates": [ [ [ 36.60390241, 45.30140412 ], [ 35.3922, 45.0264 ] ] ] } },
{ "type": "Feature", "properties": { "start_id": 1582, "end_id": 1571, "distance(k": 134.95378716410144, "from": "port", "to": "port", "transport_": "multimodal" }, "geometry": { "type": "MultiLineString", "coordinates": [ [ [ 35.3922, 45.0264 ], [ 33.83082084, 44.53172223 ] ] ] } },
{ "type": "Feature", "properties": { "start_id": 2339, "end_id": 1452, "distance(k": 88.177618925769238, "from": "maritime", "to": "port", "transport_": "multimodal" }, "geometry": { "type": "MultiLineString", "coordinates": [ [ [ 14.276445190035625, 44.454086083266183 ], [ 15.26003516, 44.08960878 ] ] ] } },
{ "type": "Feature", "properties": { "start_id": 97, "end_id": 1310, "distance(k": 73.722219677621581, "from": "road", "to": "port", "transport_": "multimodal" }, "geometry": { "type": "MultiLineString", "coordinates": [ [ [ -5.168768695731423, 48.473553704137302 ], [ -4.333972371, 48.11148617 ] ] ] } },
{ "type": "Feature", "properties": { "start_id": 1594, "end_id": 1600, "distance(k": 158.72829659032303, "from": "port", "to": "port", "transport_": "multimodal" }, "geometry": { "type": "MultiLineString", "coordinates": [ [ [ 37.492626, 44.98268989 ], [ 39.0667, 44.1 ] ] ] } },
{ "type": "Feature", "properties": { "start_id": 1310, "end_id": 2307, "distance(k": 97.469706680075703, "from": "port", "to": "maritime", "transport_": "multimodal" }, "geometry": { "type": "MultiLineString", "coordinates": [ [ [ -4.333972371, 48.11148617 ], [ -4.318654832710477, 47.234980716592936 ] ] ] } },
{ "type": "Feature", "properties": { "start_id": 1540, "end_id": 1535, "distance(k": 181.6992211243425, "from": "port", "to": "port", "transport_": "multimodal" }, "geometry": { "type": "MultiLineString", "coordinates": [ [ [ 28.43232404, 43.90510495 ], [ 27.68022416, 42.36594937 ] ] ] } },
{ "type": "Feature", "properties": { "start_id": 1331, "end_id": 1332, "distance(k": 86.702685758446748, "from": "port", "to": "port", "transport_": "multimodal" }, "geometry": { "type": "MultiLineString", "coordinates": [ [ [ -1.863478459, 47.27130822 ], [ -1.795493, 46.492958 ] ] ] } },
{ "type": "Feature", "properties": { "start_id": 1331, "end_id": 1318, "distance(k": 98.2618138316044, "from": "port", "to": "port", "transport_": "multimodal" }, "geometry": { "type": "MultiLineString", "coordinates": [ [ [ -1.863478459, 47.27130822 ], [ -3.085450671, 47.58357153 ] ] ] } },
{ "type": "Feature", "properties": { "start_id": 1452, "end_id": 1460, "distance(k": 115.4725944274316, "from": "port", "to": "port", "transport_": "multimodal" }, "geometry": { "type": "MultiLineString", "coordinates": [ [ [ 15.26003516, 44.08960878 ], [ 16.33959926, 43.40386697 ] ] ] } },
{ "type": "Feature", "properties": { "start_id": 1318, "end_id": 2307, "distance(k": 100.56926714239681, "from": "port", "to": "maritime", "transport_": "multimodal" }, "geometry": { "type": "MultiLineString", "coordinates": [ [ [ -3.085450671, 47.58357153 ], [ -4.318654832710477, 47.234980716592936 ] ] ] } },
{ "type": "Feature", "properties": { "start_id": 1185, "end_id": 1189, "distance(k": 73.791815325444205, "from": "port", "to": "port", "transport_": "multimodal" }, "geometry": { "type": "MultiLineString", "coordinates": [ [ [ -56.1489, 72.7872 ], [ -55.5333, 72.15 ] ] ] } },
{ "type": "Feature", "properties": { "start_id": 1203, "end_id": 1198, "distance(k": 167.7942469459731, "from": "port", "to": "port", "transport_": "multimodal" }, "geometry": { "type": "MultiLineString", "coordinates": [ [ [ -52.1206, 70.6747 ], [ -53.5467, 69.2469 ] ] ] } },
{ "type": "Feature", "properties": { "start_id": 1203, "end_id": 1189, "distance(k": 203.75506101938538, "from": "port", "to": "port", "transport_": "multimodal" }, "geometry": { "type": "MultiLineString", "coordinates": [ [ [ -52.1206, 70.6747 ], [ -55.5333, 72.15 ] ] ] } },
{ "type": "Feature", "properties": { "start_id": 162, "end_id": 1467, "distance(k": 100.31812781959725, "from": "road", "to": "port", "transport_": "multimodal" }, "geometry": { "type": "MultiLineString", "coordinates": [ [ [ 18.595320388008155, 43.360707025151228 ], [ 17.4333, 43.05 ] ] ] } },
{ "type": "Feature", "properties": { "start_id": 1460, "end_id": 1467, "distance(k": 96.955937203916918, "from": "port", "to": "port", "transport_": "multimodal" }, "geometry": { "type": "MultiLineString", "coordinates": [ [ [ 16.33959926, 43.40386697 ], [ 17.4333, 43.05 ] ] ] } },
{ "type": "Feature", "properties": { "start_id": 1102, "end_id": 1104, "distance(k": 103.51099716776667, "from": "port", "to": "port", "transport_": "multimodal" }, "geometry": { "type": "MultiLineString", "coordinates": [ [ [ -69.2361, 77.4669 ], [ -68.8386, 76.5403 ] ] ] } },
{ "type": "Feature", "properties": { "start_id": 1102, "end_id": 967, "distance(k": 361.22083304970306, "from": "port", "to": "port", "transport_": "multimodal" }, "geometry": { "type": "MultiLineString", "coordinates": [ [ [ -69.2361, 77.4669 ], [ -82.8833, 76.4167 ] ] ] } },
{ "type": "Feature", "properties": { "start_id": 1431, "end_id": 161, "distance(k": 130.32019063626248, "from": "port", "to": "road", "transport_": "multimodal" }, "geometry": { "type": "MultiLineString", "coordinates": [ [ [ 13.46322346, 43.62344347 ], [ 11.888810298645446, 43.360707025151228 ] ] ] } },
{ "type": "Feature", "properties": { "start_id": 1332, "end_id": 1336, "distance(k": 126.05648629763908, "from": "port", "to": "port", "transport_": "multimodal" }, "geometry": { "type": "MultiLineString", "coordinates": [ [ [ -1.795493, 46.492958 ], [ -0.891041029, 45.54915202 ] ] ] } },
{ "type": "Feature", "properties": { "start_id": 1207, "end_id": 1201, "distance(k": 77.688414076021857, "from": "port", "to": "port", "transport_": "multimodal" }, "geometry": { "type": "MultiLineString", "coordinates": [ [ [ -51.13860797, 69.01982718 ], [ -52.8739, 68.7089 ] ] ] } },
{ "type": "Feature", "properties": { "start_id": 1600, "end_id": 1610, "distance(k": 79.54124234549802, "from": "port", "to": "port", "transport_": "multimodal" }, "geometry": { "type": "MultiLineString", "coordinates": [ [ [ 39.0667, 44.1 ], [ 39.7303, 43.56843 ] ] ] } },
{ "type": "Feature", "properties": { "start_id": 1385, "end_id": 1399, "distance(k": 168.13595949342582, "from": "port", "to": "port", "transport_": "multimodal" }, "geometry": { "type": "MultiLineString", "coordinates": [ [ [ 8.13400794, 44.02837314 ], [ 9.856796756, 43.17390066 ] ] ] } },
{ "type": "Feature", "properties": { "start_id": 1198, "end_id": 1201, "distance(k": 65.565905878445463, "from": "port", "to": "port", "transport_": "multimodal" }, "geometry": { "type": "MultiLineString", "coordinates": [ [ [ -53.5467, 69.2469 ], [ -52.8739, 68.7089 ] ] ] } },
{ "type": "Feature", "properties": { "start_id": 1201, "end_id": 1197, "distance(k": 29.053829224279028, "from": "port", "to": "port", "transport_": "multimodal" }, "geometry": { "type": "MultiLineString", "coordinates": [ [ [ -52.8739, 68.7089 ], [ -53.5481, 68.6189 ] ] ] } },
{ "type": "Feature", "properties": { "start_id": 1535, "end_id": 1545, "distance(k": 215.33577560414847, "from": "port", "to": "port", "transport_": "multimodal" }, "geometry": { "type": "MultiLineString", "coordinates": [ [ [ 27.68022416, 42.36594937 ], [ 29.18275806, 40.78885519 ] ] ] } },
{ "type": "Feature", "properties": { "start_id": 1399, "end_id": 1408, "distance(k": 125.22724552245391, "from": "port", "to": "port", "transport_": "multimodal" }, "geometry": { "type": "MultiLineString", "coordinates": [ [ [ 9.856796756, 43.17390066 ], [ 11.02890705, 42.4465852 ] ] ] } },
{ "type": "Feature", "properties": { "start_id": 2163, "end_id": 1408, "distance(k": 93.535521690397104, "from": "country", "to": "port", "transport_": "multimodal" }, "geometry": { "type": "MultiLineString", "coordinates": [ [ [ 12.0717001, 42.7911987 ], [ 11.02890705, 42.4465852 ] ] ] } },
{ "type": "Feature", "properties": { "start_id": 1197, "end_id": 1195, "distance(k": 74.76746002020343, "from": "port", "to": "port", "transport_": "multimodal" }, "geometry": { "type": "MultiLineString", "coordinates": [ [ [ -53.5481, 68.6189 ], [ -53.7333, 67.95 ] ] ] } },
{ "type": "Feature", "properties": { "start_id": 953, "end_id": 967, "distance(k": 400.66125686817793, "from": "port", "to": "port", "transport_": "multimodal" }, "geometry": { "type": "MultiLineString", "coordinates": [ [ [ -85.9333, 79.9667 ], [ -82.8833, 76.4167 ] ] ] } },
{ "type": "Feature", "properties": { "start_id": 1208, "end_id": 1196, "distance(k": 118.38361762503961, "from": "port", "to": "port", "transport_": "multimodal" }, "geometry": { "type": "MultiLineString", "coordinates": [ [ [ -50.95, 66.9667 ], [ -53.6692, 66.9425 ] ] ] } },
{ "type": "Feature", "properties": { "start_id": 1447, "end_id": 1459, "distance(k": 120.236624591827, "from": "port", "to": "port", "transport_": "multimodal" }, "geometry": { "type": "MultiLineString", "coordinates": [ [ [ 14.70344863, 42.17920588 ], [ 16.04369297, 41.75931351 ] ] ] } },
{ "type": "Feature", "properties": { "start_id": 1408, "end_id": 2367, "distance(k": 100.97143708618509, "from": "port", "to": "maritime", "transport_": "multimodal" }, "geometry": { "type": "MultiLineString", "coordinates": [ [ [ 11.02890705, 42.4465852 ], [ 10.292035767074561, 41.721664659400808 ] ] ] } },
{ "type": "Feature", "properties": { "start_id": 1195, "end_id": 1196, "distance(k": 112.06222350992033, "from": "port", "to": "port", "transport_": "multimodal" }, "geometry": { "type": "MultiLineString", "coordinates": [ [ [ -53.7333, 67.95 ], [ -53.6692, 66.9425 ] ] ] } },
{ "type": "Feature", "properties": { "start_id": 1195, "end_id": 1136, "distance(k": 434.73703062792163, "from": "port", "to": "port", "transport_": "multimodal" }, "geometry": { "type": "MultiLineString", "coordinates": [ [ [ -53.7333, 67.95 ], [ -64.0167, 67.55 ] ] ] } },
{ "type": "Feature", "properties": { "start_id": 160, "end_id": 1357, "distance(k": 197.74182105992335, "from": "road", "to": "port", "transport_": "multimodal" }, "geometry": { "type": "MultiLineString", "coordinates": [ [ [ 5.182300209282738, 43.360707025151228 ], [ 3.104321013, 42.44107747 ] ] ] } },
{ "type": "Feature", "properties": { "start_id": 2368, "end_id": 1463, "distance(k": 97.76580878515098, "from": "maritime", "to": "port", "transport_": "multimodal" }, "geometry": { "type": "MultiLineString", "coordinates": [ [ [ 17.472801934245801, 41.721664659400808 ], [ 17.02670697, 40.90877656 ] ] ] } },
{ "type": "Feature", "properties": { "start_id": 2368, "end_id": 1459, "distance(k": 118.64580219946049, "from": "maritime", "to": "port", "transport_": "multimodal" }, "geometry": { "type": "MultiLineString", "coordinates": [ [ [ 17.472801934245801, 41.721664659400808 ], [ 16.04369297, 41.75931351 ] ] ] } },
{ "type": "Feature", "properties": { "start_id": 1569, "end_id": 1581, "distance(k": 115.49458643649324, "from": "port", "to": "port", "transport_": "multimodal" }, "geometry": { "type": "MultiLineString", "coordinates": [ [ [ 33.7507, 41.98453 ], [ 35.14748017, 42.02362124 ] ] ] } },
{ "type": "Feature", "properties": { "start_id": 1569, "end_id": 192, "distance(k": 139.25599737518226, "from": "port", "to": "road", "transport_": "multimodal" }, "geometry": { "type": "MultiLineString", "coordinates": [ [ [ 33.7507, 41.98453 ], [ 34.499433794125757, 40.865044586172232 ] ] ] } },
{ "type": "Feature", "properties": { "start_id": 1569, "end_id": 1557, "distance(k": 160.01448135513982, "from": "port", "to": "port", "transport_": "multimodal" }, "geometry": { "type": "MultiLineString", "coordinates": [ [ [ 33.7507, 41.98453 ], [ 31.9238974, 41.52230027 ] ] ] } },
{ "type": "Feature", "properties": { "start_id": 1581, "end_id": 1587, "distance(k": 128.26831986621104, "from": "port", "to": "port", "transport_": "multimodal" }, "geometry": { "type": "MultiLineString", "coordinates": [ [ [ 35.14748017, 42.02362124 ], [ 36.35, 41.3 ] ] ] } },
{ "type": "Feature", "properties": { "start_id": 1196, "end_id": 1200, "distance(k": 149.84199709406113, "from": "port", "to": "port", "transport_": "multimodal" }, "geometry": { "type": "MultiLineString", "coordinates": [ [ [ -53.6692, 66.9425 ], [ -53.09928205, 65.6145711 ] ] ] } },
{ "type": "Feature", "properties": { "start_id": 190, "end_id": 1518, "distance(k": 4.8109349797274437, "from": "road", "to": "port", "transport_": "multimodal" }, "geometry": { "type": "MultiLineString", "coordinates": [ [ [ 24.684938853338178, 40.865044586172232 ], [ 24.74096683, 40.85630602 ] ] ] } },
{ "type": "Feature", "properties": { "start_id": 190, "end_id": 1508, "distance(k": 84.992130853219578, "from": "road", "to": "port", "transport_": "multimodal" }, "geometry": { "type": "MultiLineString", "coordinates": [ [ [ 24.684938853338178, 40.865044586172232 ], [ 23.7064, 40.6778 ] ] ] } },
{ "type": "Feature", "properties": { "start_id": 1518, "end_id": 1524, "distance(k": 96.123195954405844, "from": "port", "to": "port", "transport_": "multimodal" }, "geometry": { "type": "MultiLineString", "coordinates": [ [ [ 24.74096683, 40.85630602 ], [ 25.8833, 40.8333 ] ] ] } },
{ "type": "Feature", "properties": { "start_id": 1518, "end_id": 1521, "distance(k": 128.55621868860325, "from": "port", "to": "port", "transport_": "multimodal" }, "geometry": { "type": "MultiLineString", "coordinates": [ [ [ 24.74096683, 40.85630602 ], [ 25.11289638, 39.73551095 ] ] ] } },
{ "type": "Feature", "properties": { "start_id": 1552, "end_id": 1545, "distance(k": 130.15591838142629, "from": "port", "to": "port", "transport_": "multimodal" }, "geometry": { "type": "MultiLineString", "coordinates": [ [ [ 30.6719, 41.1132 ], [ 29.18275806, 40.78885519 ] ] ] } },
{ "type": "Feature", "properties": { "start_id": 189, "end_id": 1503, "distance(k": 147.61151928171731, "from": "road", "to": "port", "transport_": "multimodal" }, "geometry": { "type": "MultiLineString", "coordinates": [ [ [ 21.413440539742361, 40.865044586172232 ], [ 23.07837386, 40.45615646 ] ] ] } },
{ "type": "Feature", "properties": { "start_id": 2367, "end_id": 1395, "distance(k": 84.777625216346422, "from": "maritime", "to": "port", "transport_": "multimodal" }, "geometry": { "type": "MultiLineString", "coordinates": [ [ [ 10.292035767074561, 41.721664659400808 ], [ 9.2858, 41.5947 ] ] ] } },
{ "type": "Feature", "properties": { "start_id": 1524, "end_id": 1533, "distance(k": 105.28044644670597, "from": "port", "to": "port", "transport_": "multimodal" }, "geometry": { "type": "MultiLineString", "coordinates": [ [ [ 25.8833, 40.8333 ], [ 27.01473532, 40.4342767 ] ] ] } },
{ "type": "Feature", "properties": { "start_id": 1392, "end_id": 1395, "distance(k": 57.072769819200659, "from": "port", "to": "port", "transport_": "multimodal" }, "geometry": { "type": "MultiLineString", "coordinates": [ [ [ 8.75, 41.9167 ], [ 9.2858, 41.5947 ] ] ] } },
{ "type": "Feature", "properties": { "start_id": 1430, "end_id": 1443, "distance(k": 98.980808826272067, "from": "port", "to": "port", "transport_": "multimodal" }, "geometry": { "type": "MultiLineString", "coordinates": [ [ [ 13.44232676, 41.26493454 ], [ 14.3969439, 40.74206869 ] ] ] } },
{ "type": "Feature", "properties": { "start_id": 1508, "end_id": 1503, "distance(k": 58.493934427596962, "from": "port", "to": "port", "transport_": "multimodal" }, "geometry": { "type": "MultiLineString", "coordinates": [ [ [ 23.7064, 40.6778 ], [ 23.07837386, 40.45615646 ] ] ] } },
{ "type": "Feature", "properties": { "start_id": 1545, "end_id": 1533, "distance(k": 187.20174472980648, "from": "port", "to": "port", "transport_": "multimodal" }, "geometry": { "type": "MultiLineString", "coordinates": [ [ [ 29.18275806, 40.78885519 ], [ 27.01473532, 40.4342767 ] ] ] } },
{ "type": "Feature", "properties": { "start_id": 1395, "end_id": 1397, "distance(k": 74.424397049684146, "from": "port", "to": "port", "transport_": "multimodal" }, "geometry": { "type": "MultiLineString", "coordinates": [ [ [ 9.2858, 41.5947 ], [ 9.57085074, 40.96059215 ] ] ] } },
{ "type": "Feature", "properties": { "start_id": 2338, "end_id": 157, "distance(k": 133.63494153189689, "from": "maritime", "to": "road", "transport_": "multimodal" }, "geometry": { "type": "MultiLineString", "coordinates": [ [ [ -4.185001570592709, 44.454086083266183 ], [ -4.877464924761277, 43.360707025151228 ] ] ] } },
{ "type": "Feature", "properties": { "start_id": 188, "end_id": 1443, "distance(k": 42.134813286576971, "from": "road", "to": "port", "transport_": "multimodal" }, "geometry": { "type": "MultiLineString", "coordinates": [ [ [ 14.870443912550638, 40.865044586172232 ], [ 14.3969439, 40.74206869 ] ] ] } },
{ "type": "Feature", "properties": { "start_id": 1587, "end_id": 1591, "distance(k": 81.210121107584939, "from": "port", "to": "port", "transport_": "multimodal" }, "geometry": { "type": "MultiLineString", "coordinates": [ [ [ 36.35, 41.3 ], [ 37.2936, 41.1281 ] ] ] } },
{ "type": "Feature", "properties": { "start_id": 1480, "end_id": 1470, "distance(k": 116.49912993759223, "from": "port", "to": "port", "transport_": "multimodal" }, "geometry": { "type": "MultiLineString", "coordinates": [ [ [ 19.5, 40.4667 ], [ 18.1480146, 40.27504182 ] ] ] } },
{ "type": "Feature", "properties": { "start_id": 1200, "end_id": 1204, "distance(k": 197.98550236197843, "from": "port", "to": "port", "transport_": "multimodal" }, "geometry": { "type": "MultiLineString", "coordinates": [ [ [ -53.09928205, 65.6145711 ], [ -51.64362084, 63.94544666 ] ] ] } },
{ "type": "Feature", "properties": { "start_id": 1357, "end_id": 2365, "distance(k": 79.997110020448588, "from": "port", "to": "maritime", "transport_": "multimodal" }, "geometry": { "type": "MultiLineString", "coordinates": [ [ [ 3.104321013, 42.44107747 ], [ 3.111269599903316, 41.721664659400808 ] ] ] } },
{ "type": "Feature", "properties": { "start_id": 2366, "end_id": 187, "distance(k": 165.89251058242098, "from": "maritime", "to": "road", "transport_": "multimodal" }, "geometry": { "type": "MultiLineString", "coordinates": [ [ [ 6.701652683488938, 41.721664659400808 ], [ 8.327447285358913, 40.865044586172232 ] ] ] } },
{ "type": "Feature", "properties": { "start_id": 1591, "end_id": 193, "distance(k": 49.60198222108933, "from": "port", "to": "road", "transport_": "multimodal" }, "geometry": { "type": "MultiLineString", "coordinates": [ [ [ 37.2936, 41.1281 ], [ 37.77093210772162, 40.865044586172232 ] ] ] } },
{ "type": "Feature", "properties": { "start_id": 158, "end_id": 1325, "distance(k": 85.275645951162375, "from": "road", "to": "port", "transport_": "multimodal" }, "geometry": { "type": "MultiLineString", "coordinates": [ [ [ -1.524209880079923, 43.360707025151228 ], [ -2.576885401, 43.4147294 ] ] ] } },
{ "type": "Feature", "properties": { "start_id": 1470, "end_id": 1465, "distance(k": 158.95563861721209, "from": "port", "to": "port", "transport_": "multimodal" }, "geometry": { "type": "MultiLineString", "coordinates": [ [ [ 18.1480146, 40.27504182 ], [ 17.12711, 39.080793 ] ] ] } },
{ "type": "Feature", "properties": { "start_id": 2192, "end_id": 1620, "distance(k": 164.19469543758964, "from": "country", "to": "port", "transport_": "multimodal" }, "geometry": { "type": "MultiLineString", "coordinates": [ [ [ 43.517601, 42.1763 ], [ 41.59791209, 41.79618862 ] ] ] } },
{ "type": "Feature", "properties": { "start_id": 967, "end_id": 955, "distance(k": 381.96206914757113, "from": "port", "to": "port", "transport_": "multimodal" }, "geometry": { "type": "MultiLineString", "coordinates": [ [ [ -82.8833, 76.4167 ], [ -85.15, 73.0333 ] ] ] } },
{ "type": "Feature", "properties": { "start_id": 1397, "end_id": 1386, "distance(k": 104.35500836045274, "from": "port", "to": "port", "transport_": "multimodal" }, "geometry": { "type": "MultiLineString", "coordinates": [ [ [ 9.57085074, 40.96059215 ], [ 8.341701, 40.828371 ] ] ] } },
{ "type": "Feature", "properties": { "start_id": 1218, "end_id": 1217, "distance(k": 49.46447276984761, "from": "port", "to": "port", "transport_": "multimodal" }, "geometry": { "type": "MultiLineString", "coordinates": [ [ [ -45.4342, 61.145 ], [ -46.04400644, 60.81277896 ] ] ] } },
{ "type": "Feature", "properties": { "start_id": 193, "end_id": 1597, "distance(k": 71.512100846413503, "from": "road", "to": "port", "transport_": "multimodal" }, "geometry": { "type": "MultiLineString", "coordinates": [ [ [ 37.77093210772162, 40.865044586172232 ], [ 38.61342003, 40.95575377 ] ] ] } },
{ "type": "Feature", "properties": { "start_id": 1597, "end_id": 1608, "distance(k": 89.951088124415122, "from": "port", "to": "port", "transport_": "multimodal" }, "geometry": { "type": "MultiLineString", "coordinates": [ [ [ 38.61342003, 40.95575377 ], [ 39.68051793, 41.03120175 ] ] ] } },
{ "type": "Feature", "properties": { "start_id": 1521, "end_id": 2401, "distance(k": 120.58835246154634, "from": "port", "to": "maritime", "transport_": "multimodal" }, "geometry": { "type": "MultiLineString", "coordinates": [ [ [ 25.11289638, 39.73551095 ], [ 24.045055355295723, 39.032002689525108 ] ] ] } },
{ "type": "Feature", "properties": { "start_id": 1204, "end_id": 1210, "distance(k": 238.52067517433969, "from": "port", "to": "port", "transport_": "multimodal" }, "geometry": { "type": "MultiLineString", "coordinates": [ [ [ -51.64362084, 63.94544666 ], [ -49.6725, 61.9961 ] ] ] } },
{ "type": "Feature", "properties": { "start_id": 187, "end_id": 1386, "distance(k": 4.2505152799731531, "from": "road", "to": "port", "transport_": "multimodal" }, "geometry": { "type": "MultiLineString", "coordinates": [ [ [ 8.327447285358913, 40.865044586172232 ], [ 8.341701, 40.828371 ] ] ] } },
{ "type": "Feature", "properties": { "start_id": 1386, "end_id": 1388, "distance(k": 104.65066240575179, "from": "port", "to": "port", "transport_": "multimodal" }, "geometry": { "type": "MultiLineString", "coordinates": [ [ [ 8.341701, 40.828371 ], [ 8.588386, 39.906182 ] ] ] } },
{ "type": "Feature", "properties": { "start_id": 2365, "end_id": 1349, "distance(k": 128.67142562682994, "from": "maritime", "to": "port", "transport_": "multimodal" }, "geometry": { "type": "MultiLineString", "coordinates": [ [ [ 3.111269599903316, 41.721664659400808 ], [ 1.709770666, 41.23528148 ] ] ] } },
{ "type": "Feature", "properties": { "start_id": 2337, "end_id": 1291, "distance(k": 94.968120022973253, "from": "maritime", "to": "port", "transport_": "multimodal" }, "geometry": { "type": "MultiLineString", "coordinates": [ [ [ -7.877290922718376, 44.454086083266183 ], [ -7.936259758, 43.60107025 ] ] ] } },
{ "type": "Feature", "properties": { "start_id": 1217, "end_id": 1220, "distance(k": 86.823116537576468, "from": "port", "to": "port", "transport_": "multimodal" }, "geometry": { "type": "MultiLineString", "coordinates": [ [ [ -46.04400644, 60.81277896 ], [ -45.2408, 60.1397 ] ] ] } },
{ "type": "Feature", "properties": { "start_id": 1217, "end_id": 1215, "distance(k": 120.21445451523587, "from": "port", "to": "port", "transport_": "multimodal" }, "geometry": { "type": "MultiLineString", "coordinates": [ [ [ -46.04400644, 60.81277896 ], [ -48.1, 61.2333 ] ] ] } },
{ "type": "Feature", "properties": { "start_id": 1303, "end_id": 1291, "distance(k": 167.40976964777531, "from": "port", "to": "port", "transport_": "multimodal" }, "geometry": { "type": "MultiLineString", "coordinates": [ [ [ -5.859385314, 43.5478853 ], [ -7.936259758, 43.60107025 ] ] ] } },
{ "type": "Feature", "properties": { "start_id": 1106, "end_id": 1136, "distance(k": 371.95145085414151, "from": "port", "to": "port", "transport_": "multimodal" }, "geometry": { "type": "MultiLineString", "coordinates": [ [ [ -68.5942, 70.4679 ], [ -64.0167, 67.55 ] ] ] } },
{ "type": "Feature", "properties": { "start_id": 1106, "end_id": 1013, "distance(k": 414.13356991652245, "from": "port", "to": "port", "transport_": "multimodal" }, "geometry": { "type": "MultiLineString", "coordinates": [ [ [ -68.5942, 70.4679 ], [ -77.95, 72.75 ] ] ] } },
{ "type": "Feature", "properties": { "start_id": 2160, "end_id": 2401, "distance(k": 91.305687341544854, "from": "country", "to": "maritime", "transport_": "multimodal" }, "geometry": { "type": "MultiLineString", "coordinates": [ [ [ 22.9880009, 39.0444984 ], [ 24.045055355295723, 39.032002689525108 ] ] ] } },
{ "type": "Feature", "properties": { "start_id": 2160, "end_id": 1488, "distance(k": 206.16794262607593, "from": "country", "to": "port", "transport_": "multimodal" }, "geometry": { "type": "MultiLineString", "coordinates": [ [ [ 22.9880009, 39.0444984 ], [ 20.66031649, 38.65494116 ] ] ] } },
{ "type": "Feature", "properties": { "start_id": 2401, "end_id": 220, "distance(k": 70.320987928981339, "from": "maritime", "to": "road", "transport_": "multimodal" }, "geometry": { "type": "MultiLineString", "coordinates": [ [ [ 24.045055355295723, 39.032002689525108 ], [ 24.141527034494615, 38.404086085661085 ] ] ] } },
{ "type": "Feature", "properties": { "start_id": 1210, "end_id": 1215, "distance(k": 118.75471320635653, "from": "port", "to": "port", "transport_": "multimodal" }, "geometry": { "type": "MultiLineString", "coordinates": [ [ [ -49.6725, 61.9961 ], [ -48.1, 61.2333 ] ] ] } },
{ "type": "Feature", "properties": { "start_id": 1465, "end_id": 1454, "distance(k": 157.9718131431265, "from": "port", "to": "port", "transport_": "multimodal" }, "geometry": { "type": "MultiLineString", "coordinates": [ [ [ 17.12711, 39.080793 ], [ 15.47204264, 38.48590008 ] ] ] } },
{ "type": "Feature", "properties": { "start_id": 1349, "end_id": 1344, "distance(k": 122.30848219436911, "from": "port", "to": "port", "transport_": "multimodal" }, "geometry": { "type": "MultiLineString", "coordinates": [ [ [ 1.709770666, 41.23528148 ], [ 0.55, 40.5708 ] ] ] } },
{ "type": "Feature", "properties": { "start_id": 1291, "end_id": 156, "distance(k": 35.760090684103538, "from": "port", "to": "road", "transport_": "multimodal" }, "geometry": { "type": "MultiLineString", "coordinates": [ [ [ -7.936259758, 43.60107025 ], [ -8.23071996944263, 43.360707025151228 ] ] ] } },
{ "type": "Feature", "properties": { "start_id": 1013, "end_id": 984, "distance(k": 138.28068368192316, "from": "port", "to": "port", "transport_": "multimodal" }, "geometry": { "type": "MultiLineString", "coordinates": [ [ [ -77.95, 72.75 ], [ -80.9057, 71.889 ] ] ] } },
{ "type": "Feature", "properties": { "start_id": 220, "end_id": 1510, "distance(k": 74.730452182637222, "from": "road", "to": "port", "transport_": "multimodal" }, "geometry": { "type": "MultiLineString", "coordinates": [ [ [ 24.141527034494615, 38.404086085661085 ], [ 23.85696367, 37.77043613 ] ] ] } },
{ "type": "Feature", "properties": { "start_id": 220, "end_id": 1527, "distance(k": 181.18460576289914, "from": "road", "to": "port", "transport_": "multimodal" }, "geometry": { "type": "MultiLineString", "coordinates": [ [ [ 24.141527034494615, 38.404086085661085 ], [ 26.21875285, 38.34683402 ] ] ] } },
{ "type": "Feature", "properties": { "start_id": 156, "end_id": 1287, "distance(k": 245.0289934985702, "from": "road", "to": "port", "transport_": "multimodal" }, "geometry": { "type": "MultiLineString", "coordinates": [ [ [ -8.23071996944263, 43.360707025151228 ], [ -8.901409424, 41.21366946 ] ] ] } },
{ "type": "Feature", "properties": { "start_id": 1136, "end_id": 1126, "distance(k": 174.80108159962015, "from": "port", "to": "port", "transport_": "multimodal" }, "geometry": { "type": "MultiLineString", "coordinates": [ [ [ -64.0167, 67.55 ], [ -65.75, 66.1333 ] ] ] } },
{ "type": "Feature", "properties": { "start_id": 221, "end_id": 1532, "distance(k": 68.712855723497839, "from": "road", "to": "port", "transport_": "multimodal" }, "geometry": { "type": "MultiLineString", "coordinates": [ [ [ 27.341006905610342, 38.404086085661085 ], [ 26.96300542, 37.86236648 ] ] ] } },
{ "type": "Feature", "properties": { "start_id": 1527, "end_id": 1532, "distance(k": 84.513788631138539, "from": "port", "to": "port", "transport_": "multimodal" }, "geometry": { "type": "MultiLineString", "coordinates": [ [ [ 26.21875285, 38.34683402 ], [ 26.96300542, 37.86236648 ] ] ] } },
{ "type": "Feature", "properties": { "start_id": 1454, "end_id": 1449, "distance(k": 159.65415579091777, "from": "port", "to": "port", "transport_": "multimodal" }, "geometry": { "type": "MultiLineString", "coordinates": [ [ [ 15.47204264, 38.48590008 ], [ 15.07707076, 37.0844333 ] ] ] } },
{ "type": "Feature", "properties": { "start_id": 2400, "end_id": 1389, "distance(k": 114.38804898687904, "from": "maritime", "to": "port", "transport_": "multimodal" }, "geometry": { "type": "MultiLineString", "coordinates": [ [ [ 10.038002155305337, 39.032002689525108 ], [ 8.719824076, 39.1386768 ] ] ] } },
{ "type": "Feature", "properties": { "start_id": 1389, "end_id": 2399, "distance(k": 188.83433201839549, "from": "port", "to": "maritime", "transport_": "multimodal" }, "geometry": { "type": "MultiLineString", "coordinates": [ [ [ 8.719824076, 39.1386768 ], [ 6.536238855307742, 39.032002689525108 ] ] ] } },
{ "type": "Feature", "properties": { "start_id": 1359, "end_id": 1354, "distance(k": 120.13852120147565, "from": "port", "to": "port", "transport_": "multimodal" }, "geometry": { "type": "MultiLineString", "coordinates": [ [ [ 4.2667, 39.8833 ], [ 2.881802506, 39.69637584 ] ] ] } },
{ "type": "Feature", "properties": { "start_id": 1344, "end_id": 186, "distance(k": 174.76388244635325, "from": "port", "to": "road", "transport_": "multimodal" }, "geometry": { "type": "MultiLineString", "coordinates": [ [ [ 0.55, 40.5708 ], [ -1.487047655428626, 40.865044586172232 ] ] ] } },
{ "type": "Feature", "properties": { "start_id": 1532, "end_id": 2437, "distance(k": 164.82513734533205, "from": "port", "to": "maritime", "transport_": "multimodal" }, "geometry": { "type": "MultiLineString", "coordinates": [ [ [ 26.96300542, 37.86236648 ], [ 26.937795849369664, 36.38019468571062 ] ] ] } },
{ "type": "Feature", "properties": { "start_id": 1354, "end_id": 2398, "distance(k": 75.031757436425721, "from": "port", "to": "maritime", "transport_": "multimodal" }, "geometry": { "type": "MultiLineString", "coordinates": [ [ [ 2.881802506, 39.69637584 ], [ 3.034475555310147, 39.032002689525108 ] ] ] } },
{ "type": "Feature", "properties": { "start_id": 1432, "end_id": 1421, "distance(k": 105.94556598734565, "from": "port", "to": "port", "transport_": "multimodal" }, "geometry": { "type": "MultiLineString", "coordinates": [ [ [ 13.52885923, 38.0501244 ], [ 12.3287, 37.93513 ] ] ] } },
{ "type": "Feature", "properties": { "start_id": 1421, "end_id": 1415, "distance(k": 124.47018488791461, "from": "port", "to": "port", "transport_": "multimodal" }, "geometry": { "type": "MultiLineString", "coordinates": [ [ [ 12.3287, 37.93513 ], [ 11.9364, 36.86 ] ] ] } },
{ "type": "Feature", "properties": { "start_id": 984, "end_id": 955, "distance(k": 190.7559655836757, "from": "port", "to": "port", "transport_": "multimodal" }, "geometry": { "type": "MultiLineString", "coordinates": [ [ [ -80.9057, 71.889 ], [ -85.15, 73.0333 ] ] ] } },
{ "type": "Feature", "properties": { "start_id": 984, "end_id": 974, "distance(k": 282.32106089906887, "from": "port", "to": "port", "transport_": "multimodal" }, "geometry": { "type": "MultiLineString", "coordinates": [ [ [ -80.9057, 71.889 ], [ -81.7833, 69.3667 ] ] ] } },
{ "type": "Feature", "properties": { "start_id": 955, "end_id": 909, "distance(k": 350.49421341559406, "from": "port", "to": "port", "transport_": "multimodal" }, "geometry": { "type": "MultiLineString", "coordinates": [ [ [ -85.15, 73.0333 ], [ -94.8333, 74.6833 ] ] ] } },
{ "type": "Feature", "properties": { "start_id": 2398, "end_id": 1348, "distance(k": 142.05927258198497, "from": "maritime", "to": "port", "transport_": "multimodal" }, "geometry": { "type": "MultiLineString", "coordinates": [ [ [ 3.034475555310147, 39.032002689525108 ], [ 1.45, 38.7 ] ] ] } },
{ "type": "Feature", "properties": { "start_id": 1496, "end_id": 2436, "distance(k": 157.46485231553044, "from": "port", "to": "maritime", "transport_": "multimodal" }, "geometry": { "type": "MultiLineString", "coordinates": [ [ [ 21.89156383, 36.93936819 ], [ 23.513451787409387, 36.38019468571062 ] ] ] } },
{ "type": "Feature", "properties": { "start_id": 1496, "end_id": 2435, "distance(k": 172.37930251796692, "from": "port", "to": "maritime", "transport_": "multimodal" }, "geometry": { "type": "MultiLineString", "coordinates": [ [ [ 21.89156383, 36.93936819 ], [ 20.089107725449107, 36.38019468571062 ] ] ] } },
{ "type": "Feature", "properties": { "start_id": 1126, "end_id": 1107, "distance(k": 297.47894657514234, "from": "port", "to": "port", "transport_": "multimodal" }, "geometry": { "type": "MultiLineString", "coordinates": [ [ [ -65.75, 66.1333 ], [ -68.5242, 63.7294 ] ] ] } },
{ "type": "Feature", "properties": { "start_id": 1942, "end_id": 2, "distance(k": 378.63113951383036, "from": "port", "to": "road", "transport_": "multimodal" }, "geometry": { "type": "MultiLineString", "coordinates": [ [ [ 128.87198380000001, 71.63854377 ], [ 132.238088984722708, 68.431934303023993 ] ] ] } },
{ "type": "Feature", "properties": { "start_id": 1449, "end_id": 2434, "distance(k": 161.70966988663511, "from": "port", "to": "maritime", "transport_": "multimodal" }, "geometry": { "type": "MultiLineString", "coordinates": [ [ [ 15.07707076, 37.0844333 ], [ 16.664763663488831, 36.38019468571062 ] ] ] } },
{ "type": "Feature", "properties": { "start_id": 1437, "end_id": 2433, "distance(k": 103.9521762686782, "from": "port", "to": "maritime", "transport_": "multimodal" }, "geometry": { "type": "MultiLineString", "coordinates": [ [ [ 13.88687344, 37.15854054 ], [ 13.240419601528556, 36.38019468571062 ] ] ] } },
{ "type": "Feature", "properties": { "start_id": 1340, "end_id": 1348, "distance(k": 153.81581680253097, "from": "port", "to": "port", "transport_": "multimodal" }, "geometry": { "type": "MultiLineString", "coordinates": [ [ [ -0.101720978, 39.37896758 ], [ 1.45, 38.7 ] ] ] } },
{ "type": "Feature", "properties": { "start_id": 1340, "end_id": 219, "distance(k": 159.54127351081036, "from": "port", "to": "road", "transport_": "multimodal" }, "geometry": { "type": "MultiLineString", "coordinates": [ [ [ -0.101720978, 39.37896758 ], [ -1.454311934431114, 38.404086085661085 ] ] ] } },
{ "type": "Feature", "properties": { "start_id": 1551, "end_id": 1559, "distance(k": 129.69018082468656, "from": "port", "to": "port", "transport_": "multimodal" }, "geometry": { "type": "MultiLineString", "coordinates": [ [ [ 30.60874, 36.83621 ], [ 32.0179, 36.54713 ] ] ] } },
{ "type": "Feature", "properties": { "start_id": 1544, "end_id": 1539, "distance(k": 78.770692298140688, "from": "port", "to": "port", "transport_": "multimodal" }, "geometry": { "type": "MultiLineString", "coordinates": [ [ [ 29.02926375, 36.69143505 ], [ 28.18090973, 36.49674226 ] ] ] } },
{ "type": "Feature", "properties": { "start_id": 1544, "end_id": 1547, "distance(k": 90.604371035465206, "from": "port", "to": "port", "transport_": "multimodal" }, "geometry": { "type": "MultiLineString", "coordinates": [ [ [ 29.02926375, 36.69143505 ], [ 29.8585713, 36.22341268 ] ] ] } },
{ "type": "Feature", "properties": { "start_id": 1539, "end_id": 2437, "distance(k": 111.95550499444836, "from": "port", "to": "maritime", "transport_": "multimodal" }, "geometry": { "type": "MultiLineString", "coordinates": [ [ [ 28.18090973, 36.49674226 ], [ 26.937795849369664, 36.38019468571062 ] ] ] } },
{ "type": "Feature", "properties": { "start_id": 2436, "end_id": 1516, "distance(k": 167.18740764353254, "from": "maritime", "to": "port", "transport_": "multimodal" }, "geometry": { "type": "MultiLineString", "coordinates": [ [ [ 23.513451787409387, 36.38019468571062 ], [ 24.63887158, 35.18553303 ] ] ] } },
{ "type": "Feature", "properties": { "start_id": 1287, "end_id": 184, "distance(k": 82.725506350534189, "from": "port", "to": "road", "transport_": "multimodal" }, "geometry": { "type": "MultiLineString", "coordinates": [ [ [ -8.901409424, 41.21366946 ], [ -8.030044282620349, 40.865044586172232 ] ] ] } },
{ "type": "Feature", "properties": { "start_id": 1415, "end_id": 1409, "distance(k": 75.653150508289031, "from": "port", "to": "port", "transport_": "multimodal" }, "geometry": { "type": "MultiLineString", "coordinates": [ [ [ 11.9364, 36.86 ], [ 11.0864, 36.8433 ] ] ] } },
{ "type": "Feature", "properties": { "start_id": 1575, "end_id": 1570, "distance(k": 97.928928055614762, "from": "port", "to": "port", "transport_": "multimodal" }, "geometry": { "type": "MultiLineString", "coordinates": [ [ [ 34.6333, 36.8 ], [ 33.78157902, 36.24578553 ] ] ] } },
{ "type": "Feature", "properties": { "start_id": 1575, "end_id": 1586, "distance(k": 126.17120619887868, "from": "port", "to": "port", "transport_": "multimodal" }, "geometry": { "type": "MultiLineString", "coordinates": [ [ [ 34.6333, 36.8 ], [ 36.04917416, 36.76096542 ] ] ] } },
{ "type": "Feature", "properties": { "start_id": 1559, "end_id": 1566, "distance(k": 93.20527739681738, "from": "port", "to": "port", "transport_": "multimodal" }, "geometry": { "type": "MultiLineString", "coordinates": [ [ [ 32.0179, 36.54713 ], [ 32.8577, 36.05263 ] ] ] } },
{ "type": "Feature", "properties": { "start_id": 1401, "end_id": 1409, "distance(k": 92.86415004791057, "from": "port", "to": "port", "transport_": "multimodal" }, "geometry": { "type": "MultiLineString", "coordinates": [ [ [ 10.0572541, 36.98621422 ], [ 11.0864, 36.8433 ] ] ] } },
{ "type": "Feature", "properties": { "start_id": 1401, "end_id": 1382, "distance(k": 202.69037740816293, "from": "port", "to": "port", "transport_": "multimodal" }, "geometry": { "type": "MultiLineString", "coordinates": [ [ [ 10.0572541, 36.98621422 ], [ 7.776293345, 36.94687652 ] ] ] } },
{ "type": "Feature", "properties": { "start_id": 1409, "end_id": 1404, "distance(k": 118.91452762177103, "from": "port", "to": "port", "transport_": "multimodal" }, "geometry": { "type": "MultiLineString", "coordinates": [ [ [ 11.0864, 36.8433 ], [ 10.65, 35.8333 ] ] ] } },
{ "type": "Feature", "properties": { "start_id": 1547, "end_id": 2468, "distance(k": 273.84509673334856, "from": "port", "to": "maritime", "transport_": "multimodal" }, "geometry": { "type": "MultiLineString", "coordinates": [ [ [ 29.8585713, 36.22341268 ], [ 29.760609294066182, 33.761971999546539 ] ] ] } },
{ "type": "Feature", "properties": { "start_id": 1586, "end_id": 250, "distance(k": 88.584297418348754, "from": "port", "to": "road", "transport_": "multimodal" }, "geometry": { "type": "MultiLineString", "coordinates": [ [ [ 36.04917416, 36.76096542 ], [ 36.204433908701454, 35.974178125305095 ] ] ] } },
{ "type": "Feature", "properties": { "start_id": 2433, "end_id": 1423, "distance(k": 114.10507022280468, "from": "maritime", "to": "port", "transport_": "multimodal" }, "geometry": { "type": "MultiLineString", "coordinates": [ [ [ 13.240419601528556, 36.38019468571062 ], [ 12.6033, 35.4931 ] ] ] } },
{ "type": "Feature", "properties": { "start_id": 1382, "end_id": 1374, "distance(k": 77.5085472167749, "from": "port", "to": "port", "transport_": "multimodal" }, "geometry": { "type": "MultiLineString", "coordinates": [ [ [ 7.776293345, 36.94687652 ], [ 6.908138709, 36.88293116 ] ] ] } },
{ "type": "Feature", "properties": { "start_id": 1570, "end_id": 1566, "distance(k": 85.688302335331343, "from": "port", "to": "port", "transport_": "multimodal" }, "geometry": { "type": "MultiLineString", "coordinates": [ [ [ 33.78157902, 36.24578553 ], [ 32.8577, 36.05263 ] ] ] } },
{ "type": "Feature", "properties": { "start_id": 1566, "end_id": 2153, "distance(k": 116.91727566384586, "from": "port", "to": "country", "transport_": "multimodal" }, "geometry": { "type": "MultiLineString", "coordinates": [ [ [ 32.8577, 36.05263 ], [ 33.2186012, 35.0429993 ] ] ] } },
{ "type": "Feature", "properties": { "start_id": 1374, "end_id": 1367, "distance(k": 95.63491698762617, "from": "port", "to": "port", "transport_": "multimodal" }, "geometry": { "type": "MultiLineString", "coordinates": [ [ [ 6.908138709, 36.88293116 ], [ 5.834846789, 36.8353752 ] ] ] } },
{ "type": "Feature", "properties": { "start_id": 249, "end_id": 1444, "distance(k": 13.652254478173605, "from": "road", "to": "port", "transport_": "multimodal" }, "geometry": { "type": "MultiLineString", "coordinates": [ [ [ 14.253712412750589, 35.974178125305095 ], [ 14.40336989, 35.95413381 ] ] ] } },
{ "type": "Feature", "properties": { "start_id": 1444, "end_id": 2167, "distance(k": 3.75280779720363, "from": "port", "to": "country", "transport_": "multimodal" }, "geometry": { "type": "MultiLineString", "coordinates": [ [ [ 14.40336989, 35.95413381 ], [ 14.4046001, 35.9203987 ] ] ] } },
{ "type": "Feature", "properties": { "start_id": 1367, "end_id": 1360, "distance(k": 67.420736511948334, "from": "port", "to": "port", "transport_": "multimodal" }, "geometry": { "type": "MultiLineString", "coordinates": [ [ [ 5.834846789, 36.8353752 ], [ 5.084249577, 36.75561591 ] ] ] } },
{ "type": "Feature", "properties": { "start_id": 1338, "end_id": 2432, "distance(k": 179.53529082020043, "from": "port", "to": "maritime", "transport_": "multimodal" }, "geometry": { "type": "MultiLineString", "coordinates": [ [ [ -0.687547135, 37.98431025 ], [ -0.456956646312552, 36.38019468571062 ] ] ] } },
{ "type": "Feature", "properties": { "start_id": 250, "end_id": 1584, "distance(k": 175.71849532728805, "from": "road", "to": "port", "transport_": "multimodal" }, "geometry": { "type": "MultiLineString", "coordinates": [ [ [ 36.204433908701454, 35.974178125305095 ], [ 35.66775368, 34.45594071 ] ] ] } },
{ "type": "Feature", "properties": { "start_id": 1516, "end_id": 2466, "distance(k": 215.24586728558742, "from": "port", "to": "maritime", "transport_": "multimodal" }, "geometry": { "type": "MultiLineString", "coordinates": [ [ [ 24.63887158, 35.18553303 ], [ 23.047606454735593, 33.761971999546539 ] ] ] } },
{ "type": "Feature", "properties": { "start_id": 1516, "end_id": 2467, "distance(k": 226.35527096549632, "from": "port", "to": "maritime", "transport_": "multimodal" }, "geometry": { "type": "MultiLineString", "coordinates": [ [ [ 24.63887158, 35.18553303 ], [ 26.404107874400886, 33.761971999546539 ] ] ] } },
{ "type": "Feature", "properties": { "start_id": 974, "end_id": 980, "distance(k": 70.411216751048386, "from": "port", "to": "port", "transport_": "multimodal" }, "geometry": { "type": "MultiLineString", "coordinates": [ [ [ -81.7833, 69.3667 ], [ -81.2167, 68.7667 ] ] ] } },
{ "type": "Feature", "properties": { "start_id": 974, "end_id": 916, "distance(k": 457.64973108169738, "from": "port", "to": "port", "transport_": "multimodal" }, "geometry": { "type": "MultiLineString", "coordinates": [ [ [ -81.7833, 69.3667 ], [ -93.5167, 69.5333 ] ] ] } },
{ "type": "Feature", "properties": { "start_id": 1360, "end_id": 1355, "distance(k": 183.23786076114175, "from": "port", "to": "port", "transport_": "multimodal" }, "geometry": { "type": "MultiLineString", "coordinates": [ [ [ 5.084249577, 36.75561591 ], [ 3.027521638, 36.79794534 ] ] ] } },
{ "type": "Feature", "properties": { "start_id": 2170, "end_id": 1285, "distance(k": 140.42018382176872, "from": "country", "to": "port", "transport_": "multimodal" }, "geometry": { "type": "MultiLineString", "coordinates": [ [ [ -8.4673595, 39.6026993 ], [ -9.062106589, 38.4274472 ] ] ] } },
{ "type": "Feature", "properties": { "start_id": 1567, "end_id": 2469, "distance(k": 139.33400235896761, "from": "port", "to": "maritime", "transport_": "multimodal" }, "geometry": { "type": "MultiLineString", "coordinates": [ [ [ 33.22443564, 35.01189904 ], [ 33.117110713731485, 33.761971999546539 ] ] ] } },
{ "type": "Feature", "properties": { "start_id": 1107, "end_id": 1098, "distance(k": 116.10078453033753, "from": "port", "to": "port", "transport_": "multimodal" }, "geometry": { "type": "MultiLineString", "coordinates": [ [ [ -68.5242, 63.7294 ], [ -69.8333, 62.8667 ] ] ] } },
{ "type": "Feature", "properties": { "start_id": 1346, "end_id": 248, "distance(k": 70.520746207695467, "from": "port", "to": "road", "transport_": "multimodal" }, "geometry": { "type": "MultiLineString", "coordinates": [ [ [ 1.3061, 36.51813 ], [ 1.710442986492968, 35.974178125305095 ] ] ] } },
{ "type": "Feature", "properties": { "start_id": 1346, "end_id": 2432, "distance(k": 158.43572957472199, "from": "port", "to": "maritime", "transport_": "multimodal" }, "geometry": { "type": "MultiLineString", "coordinates": [ [ [ 1.3061, 36.51813 ], [ -0.456956646312552, 36.38019468571062 ] ] ] } },
{ "type": "Feature", "properties": { "start_id": 1405, "end_id": 1412, "distance(k": 76.152113082018829, "from": "port", "to": "port", "transport_": "multimodal" }, "geometry": { "type": "MultiLineString", "coordinates": [ [ [ 10.7667, 34.7333 ], [ 11.4031, 34.2928 ] ] ] } },
{ "type": "Feature", "properties": { "start_id": 217, "end_id": 1285, "distance(k": 105.34947680387009, "from": "road", "to": "port", "transport_": "multimodal" }, "geometry": { "type": "MultiLineString", "coordinates": [ [ [ -7.853271676662568, 38.404086085661085 ], [ -9.062106589, 38.4274472 ] ] ] } },
{ "type": "Feature", "properties": { "start_id": 1584, "end_id": 282, "distance(k": 98.84480640377086, "from": "port", "to": "road", "transport_": "multimodal" }, "geometry": { "type": "MultiLineString", "coordinates": [ [ [ 35.66775368, 34.45594071 ], [ 35.553169521063879, 33.572096391225102 ] ] ] } },
{ "type": "Feature", "properties": { "start_id": 2466, "end_id": 1500, "distance(k": 118.64794521981592, "from": "maritime", "to": "port", "transport_": "multimodal" }, "geometry": { "type": "MultiLineString", "coordinates": [ [ [ 23.047606454735593, 33.761971999546539 ], [ 22.40522143, 32.83985784 ] ] ] } },
{ "type": "Feature", "properties": { "start_id": 1324, "end_id": 2431, "distance(k": 126.38970839878252, "from": "port", "to": "maritime", "transport_": "multimodal" }, "geometry": { "type": "MultiLineString", "coordinates": [ [ [ -2.607891546, 36.87785335 ], [ -3.881300708272829, 36.38019468571062 ] ] ] } },
{ "type": "Feature", "properties": { "start_id": 2432, "end_id": 1339, "distance(k": 64.349880329324066, "from": "maritime", "to": "port", "transport_": "multimodal" }, "geometry": { "type": "MultiLineString", "coordinates": [ [ [ -0.456956646312552, 36.38019468571062 ], [ -0.286914521, 35.81802804 ] ] ] } },
{ "type": "Feature", "properties": { "start_id": 2397, "end_id": 1285, "distance(k": 178.83202255069378, "from": "maritime", "to": "port", "transport_": "multimodal" }, "geometry": { "type": "MultiLineString", "coordinates": [ [ [ -10.972577644680236, 39.032002689525108 ], [ -9.062106589, 38.4274472 ] ] ] } },
{ "type": "Feature", "properties": { "start_id": 1412, "end_id": 281, "distance(k": 91.792709419304572, "from": "port", "to": "road", "transport_": "multimodal" }, "geometry": { "type": "MultiLineString", "coordinates": [ [ [ 11.4031, 34.2928 ], [ 10.91790051590845, 33.572096391225102 ] ] ] } },
{ "type": "Feature", "properties": { "start_id": 1302, "end_id": 1299, "distance(k": 84.614434168377628, "from": "port", "to": "port", "transport_": "multimodal" }, "geometry": { "type": "MultiLineString", "coordinates": [ [ [ -5.995906382, 37.36860373 ], [ -6.309311056, 36.64997774 ] ] ] } },
{ "type": "Feature", "properties": { "start_id": 1098, "end_id": 1071, "distance(k": 178.05008952788324, "from": "port", "to": "port", "transport_": "multimodal" }, "geometry": { "type": "MultiLineString", "coordinates": [ [ [ -69.8333, 62.8667 ], [ -71.9593, 61.6082 ] ] ] } },
{ "type": "Feature", "properties": { "start_id": 1403, "end_id": 2206, "distance(k": 49.169137232386539, "from": "port", "to": "country", "transport_": "multimodal" }, "geometry": { "type": "MultiLineString", "coordinates": [ [ [ 10.09335084, 34.07146309 ], [ 9.5615597, 34.1111984 ] ] ] } },
{ "type": "Feature", "properties": { "start_id": 1403, "end_id": 281, "distance(k": 94.260327048137142, "from": "port", "to": "road", "transport_": "multimodal" }, "geometry": { "type": "MultiLineString", "coordinates": [ [ [ 10.09335084, 34.07146309 ], [ 10.91790051590845, 33.572096391225102 ] ] ] } },
{ "type": "Feature", "properties": { "start_id": 1339, "end_id": 1327, "distance(k": 174.91026405558239, "from": "port", "to": "port", "transport_": "multimodal" }, "geometry": { "type": "MultiLineString", "coordinates": [ [ [ -0.286914521, 35.81802804 ], [ -2.008564398, 35.10525787 ] ] ] } },
{ "type": "Feature", "properties": { "start_id": 2431, "end_id": 1323, "distance(k": 149.16715090231207, "from": "maritime", "to": "port", "transport_": "multimodal" }, "geometry": { "type": "MultiLineString", "coordinates": [ [ [ -3.881300708272829, 36.38019468571062 ], [ -2.933051091, 35.28082825 ] ] ] } },
{ "type": "Feature", "properties": { "start_id": 281, "end_id": 1410, "distance(k": 20.094213604529855, "from": "road", "to": "port", "transport_": "multimodal" }, "geometry": { "type": "MultiLineString", "coordinates": [ [ [ 10.91790051590845, 33.572096391225102 ], [ 11.1167, 33.5 ] ] ] } },
{ "type": "Feature", "properties": { "start_id": 1500, "end_id": 1511, "distance(k": 170.48543818398335, "from": "port", "to": "port", "transport_": "multimodal" }, "geometry": { "type": "MultiLineString", "coordinates": [ [ [ 22.40522143, 32.83985784 ], [ 23.9868293, 32.0848658 ] ] ] } },
{ "type": "Feature", "properties": { "start_id": 916, "end_id": 904, "distance(k": 138.17540954046646, "from": "port", "to": "port", "transport_": "multimodal" }, "geometry": { "type": "MultiLineString", "coordinates": [ [ [ -93.5167, 69.5333 ], [ -95.8667, 68.6167 ] ] ] } },
{ "type": "Feature", "properties": { "start_id": 1410, "end_id": 309, "distance(k": 258.73255397182919, "from": "port", "to": "road", "transport_": "multimodal" }, "geometry": { "type": "MultiLineString", "coordinates": [ [ [ 11.1167, 33.5 ], [ 10.740472494724992, 31.194966538777738 ] ] ] } },
{ "type": "Feature", "properties": { "start_id": 1292, "end_id": 2430, "distance(k": 93.780158898492658, "from": "port", "to": "maritime", "transport_": "multimodal" }, "geometry": { "type": "MultiLineString", "coordinates": [ [ [ -7.73786795, 37.14922771 ], [ -7.305644770233106, 36.38019468571062 ] ] ] } },
{ "type": "Feature", "properties": { "start_id": 1299, "end_id": 2430, "distance(k": 93.956778516873442, "from": "port", "to": "maritime", "transport_": "multimodal" }, "geometry": { "type": "MultiLineString", "coordinates": [ [ [ -6.309311056, 36.64997774 ], [ -7.305644770233106, 36.38019468571062 ] ] ] } },
{ "type": "Feature", "properties": { "start_id": 1299, "end_id": 1304, "distance(k": 114.31134866786141, "from": "port", "to": "port", "transport_": "multimodal" }, "geometry": { "type": "MultiLineString", "coordinates": [ [ [ -6.309311056, 36.64997774 ], [ -5.129909657, 36.25386289 ] ] ] } },
{ "type": "Feature", "properties": { "start_id": 1304, "end_id": 1301, "distance(k": 148.71192039055055, "from": "port", "to": "port", "transport_": "multimodal" }, "geometry": { "type": "MultiLineString", "coordinates": [ [ [ -5.129909657, 36.25386289 ], [ -6.152, 35.20493 ] ] ] } },
{ "type": "Feature", "properties": { "start_id": 1030, "end_id": 1014, "distance(k": 212.92964338892764, "from": "port", "to": "port", "transport_": "multimodal" }, "geometry": { "type": "MultiLineString", "coordinates": [ [ [ -76.55, 64.2333 ], [ -77.9, 62.4167 ] ] ] } },
{ "type": "Feature", "properties": { "start_id": 1030, "end_id": 964, "distance(k": 320.17833584074515, "from": "port", "to": "port", "transport_": "multimodal" }, "geometry": { "type": "MultiLineString", "coordinates": [ [ [ -76.55, 64.2333 ], [ -83.1609, 64.1334 ] ] ] } },
{ "type": "Feature", "properties": { "start_id": 1427, "end_id": 1441, "distance(k": 144.47232980977086, "from": "port", "to": "port", "transport_": "multimodal" }, "geometry": { "type": "MultiLineString", "coordinates": [ [ [ 12.73275577, 32.86832798 ], [ 14.2592033, 32.66673759 ] ] ] } },
{ "type": "Feature", "properties": { "start_id": 1441, "end_id": 1451, "distance(k": 96.030807563662833, "from": "port", "to": "port", "transport_": "multimodal" }, "geometry": { "type": "MultiLineString", "coordinates": [ [ [ 14.2592033, 32.66673759 ], [ 15.2194, 32.36626 ] ] ] } },
{ "type": "Feature", "properties": { "start_id": 1327, "end_id": 1323, "distance(k": 86.246447810334004, "from": "port", "to": "port", "transport_": "multimodal" }, "geometry": { "type": "MultiLineString", "coordinates": [ [ [ -2.008564398, 35.10525787 ], [ -2.933051091, 35.28082825 ] ] ] } },
{ "type": "Feature", "properties": { "start_id": 1327, "end_id": 279, "distance(k": 179.40937455631311, "from": "port", "to": "road", "transport_": "multimodal" }, "geometry": { "type": "MultiLineString", "coordinates": [ [ [ -2.008564398, 35.10525787 ], [ -1.399733986669244, 33.572096391225102 ] ] ] } },
{ "type": "Feature", "properties": { "start_id": 1511, "end_id": 311, "distance(k": 145.64354621769036, "from": "port", "to": "road", "transport_": "multimodal" }, "geometry": { "type": "MultiLineString", "coordinates": [ [ [ 23.9868293, 32.0848658 ], [ 22.857931742704153, 31.194966538777738 ] ] ] } },
{ "type": "Feature", "properties": { "start_id": 1511, "end_id": 312, "distance(k": 205.3230965953982, "from": "port", "to": "road", "transport_": "multimodal" }, "geometry": { "type": "MultiLineString", "coordinates": [ [ [ 23.9868293, 32.0848658 ], [ 25.887296554698953, 31.194966538777738 ] ] ] } },
{ "type": "Feature", "properties": { "start_id": 1485, "end_id": 1481, "distance(k": 194.40214864490449, "from": "port", "to": "port", "transport_": "multimodal" }, "geometry": { "type": "MultiLineString", "coordinates": [ [ [ 20.05, 32.1167 ], [ 19.5894, 30.4133 ] ] ] } },
{ "type": "Feature", "properties": { "start_id": 1451, "end_id": 310, "distance(k": 198.14111640957219, "from": "port", "to": "road", "transport_": "multimodal" }, "geometry": { "type": "MultiLineString", "coordinates": [ [ [ 15.2194, 32.36626 ], [ 16.799202118714593, 31.194966538777738 ] ] ] } },
{ "type": "Feature", "properties": { "start_id": 1578, "end_id": 1574, "distance(k": 106.09323186893215, "from": "port", "to": "port", "transport_": "multimodal" }, "geometry": { "type": "MultiLineString", "coordinates": [ [ [ 34.94963392, 32.64207056 ], [ 34.57536243, 31.7420549 ] ] ] } },
{ "type": "Feature", "properties": { "start_id": 1099, "end_id": 1071, "distance(k": 140.39409432887527, "from": "port", "to": "port", "transport_": "multimodal" }, "geometry": { "type": "MultiLineString", "coordinates": [ [ [ -69.6167, 61.0333 ], [ -71.9593, 61.6082 ] ] ] } },
{ "type": "Feature", "properties": { "start_id": 1099, "end_id": 1100, "distance(k": 192.73637855993044, "from": "port", "to": "port", "transport_": "multimodal" }, "geometry": { "type": "MultiLineString", "coordinates": [ [ [ -69.6167, 61.0333 ], [ -69.6, 59.3 ] ] ] } },
{ "type": "Feature", "properties": { "start_id": 1071, "end_id": 1049, "distance(k": 157.24298651624397, "from": "port", "to": "port", "transport_": "multimodal" }, "geometry": { "type": "MultiLineString", "coordinates": [ [ [ -71.9593, 61.6082 ], [ -74.7223, 62.16023 ] ] ] } },
{ "type": "Feature", "properties": { "start_id": 904, "end_id": 894, "distance(k": 372.28008745442605, "from": "port", "to": "port", "transport_": "multimodal" }, "geometry": { "type": "MultiLineString", "coordinates": [ [ [ -95.8667, 68.6167 ], [ -105.0585, 69.1135 ] ] ] } },
{ "type": "Feature", "properties": { "start_id": 1530, "end_id": 312, "distance(k": 73.077196836001534, "from": "port", "to": "road", "transport_": "multimodal" }, "geometry": { "type": "MultiLineString", "coordinates": [ [ [ 26.568, 31.5015 ], [ 25.887296554698953, 31.194966538777738 ] ] ] } },
{ "type": "Feature", "properties": { "start_id": 1049, "end_id": 1038, "distance(k": 47.481381226014989, "from": "port", "to": "port", "transport_": "multimodal" }, "geometry": { "type": "MultiLineString", "coordinates": [ [ [ -74.7223, 62.16023 ], [ -75.6333, 62.2 ] ] ] } },
{ "type": "Feature", "properties": { "start_id": 1301, "end_id": 1293, "distance(k": 213.08096723706888, "from": "port", "to": "port", "transport_": "multimodal" }, "geometry": { "type": "MultiLineString", "coordinates": [ [ [ -6.152, 35.20493 ], [ -7.503151033, 33.64601884 ] ] ] } },
{ "type": "Feature", "properties": { "start_id": 1122, "end_id": 1100, "distance(k": 220.00921310824742, "from": "port", "to": "port", "transport_": "multimodal" }, "geometry": { "type": "MultiLineString", "coordinates": [ [ [ -65.95, 58.6833 ], [ -69.6, 59.3 ] ] ] } },
{ "type": "Feature", "properties": { "start_id": 1122, "end_id": 1150, "distance(k": 347.49305329836295, "from": "port", "to": "port", "transport_": "multimodal" }, "geometry": { "type": "MultiLineString", "coordinates": [ [ [ -65.95, 58.6833 ], [ -61.6833, 56.55 ] ] ] } },
{ "type": "Feature", "properties": { "start_id": 1574, "end_id": 2195, "distance(k": 56.506102897988242, "from": "port", "to": "country", "transport_": "multimodal" }, "geometry": { "type": "MultiLineString", "coordinates": [ [ [ 34.57536243, 31.7420549 ], [ 34.9659996, 31.3581009 ] ] ] } },
{ "type": "Feature", "properties": { "start_id": 1556, "end_id": 313, "distance(k": 37.074421872534465, "from": "port", "to": "road", "transport_": "multimodal" }, "geometry": { "type": "MultiLineString", "coordinates": [ [ [ 31.75, 31.4833 ], [ 31.946026178688552, 31.194966538777738 ] ] ] } },
{ "type": "Feature", "properties": { "start_id": 1556, "end_id": 1549, "distance(k": 177.94982577384616, "from": "port", "to": "port", "transport_": "multimodal" }, "geometry": { "type": "MultiLineString", "coordinates": [ [ [ 31.75, 31.4833 ], [ 29.91023231, 31.18058672 ] ] ] } },
{ "type": "Feature", "properties": { "start_id": 1038, "end_id": 1014, "distance(k": 119.57500753276805, "from": "port", "to": "port", "transport_": "multimodal" }, "geometry": { "type": "MultiLineString", "coordinates": [ [ [ -75.6333, 62.2 ], [ -77.9, 62.4167 ] ] ] } },
{ "type": "Feature", "properties": { "start_id": 1549, "end_id": 1542, "distance(k": 100.84952123939915, "from": "port", "to": "port", "transport_": "multimodal" }, "geometry": { "type": "MultiLineString", "coordinates": [ [ [ 29.91023231, 31.18058672 ], [ 28.8744, 30.9917 ] ] ] } },
{ "type": "Feature", "properties": { "start_id": 310, "end_id": 1472, "distance(k": 174.1555418052931, "from": "road", "to": "port", "transport_": "multimodal" }, "geometry": { "type": "MultiLineString", "coordinates": [ [ [ 16.799202118714593, 31.194966538777738 ], [ 18.47951166, 30.58355466 ] ] ] } },
{ "type": "Feature", "properties": { "start_id": 1561, "end_id": 313, "distance(k": 37.366651543827963, "from": "port", "to": "road", "transport_": "multimodal" }, "geometry": { "type": "MultiLineString", "coordinates": [ [ [ 32.33361354, 31.25036423 ], [ 31.946026178688552, 31.194966538777738 ] ] ] } },
{ "type": "Feature", "properties": { "start_id": 1150, "end_id": 1159, "distance(k": 152.67345670092124, "from": "port", "to": "port", "transport_": "multimodal" }, "geometry": { "type": "MultiLineString", "coordinates": [ [ [ -61.6833, 56.55 ], [ -60.2004, 55.45553 ] ] ] } },
{ "type": "Feature", "properties": { "start_id": 1542, "end_id": 335, "distance(k": 242.04520461671069, "from": "port", "to": "road", "transport_": "multimodal" }, "geometry": { "type": "MultiLineString", "coordinates": [ [ [ 28.8744, 30.9917 ], [ 28.492817778509377, 28.840202324758884 ] ] ] } },
{ "type": "Feature", "properties": { "start_id": 964, "end_id": 928, "distance(k": 381.26339659174647, "from": "port", "to": "port", "transport_": "multimodal" }, "geometry": { "type": "MultiLineString", "coordinates": [ [ [ -83.1609, 64.1334 ], [ -90.7, 63.3333 ] ] ] } },
{ "type": "Feature", "properties": { "start_id": 1014, "end_id": 1009, "distance(k": 180.46673917737112, "from": "port", "to": "port", "transport_": "multimodal" }, "geometry": { "type": "MultiLineString", "coordinates": [ [ [ -77.9, 62.4167 ], [ -78.2, 60.8 ] ] ] } },
{ "type": "Feature", "properties": { "start_id": 314, "end_id": 1579, "distance(k": 184.25490425193294, "from": "road", "to": "port", "transport_": "multimodal" }, "geometry": { "type": "MultiLineString", "coordinates": [ [ [ 34.975390990683351, 31.194966538777738 ], [ 34.97947992, 29.53792613 ] ] ] } },
{ "type": "Feature", "properties": { "start_id": 1100, "end_id": 1097, "distance(k": 69.393593789474281, "from": "port", "to": "port", "transport_": "multimodal" }, "geometry": { "type": "MultiLineString", "coordinates": [ [ [ -69.6, 59.3 ], [ -69.9333, 58.7 ] ] ] } },
{ "type": "Feature", "properties": { "start_id": 1159, "end_id": 1170, "distance(k": 181.84196260877133, "from": "port", "to": "port", "transport_": "multimodal" }, "geometry": { "type": "MultiLineString", "coordinates": [ [ [ -60.2004, 55.45553 ], [ -58.4167, 54.1833 ] ] ] } },
{ "type": "Feature", "properties": { "start_id": 1472, "end_id": 1481, "distance(k": 108.01031407268546, "from": "port", "to": "port", "transport_": "multimodal" }, "geometry": { "type": "MultiLineString", "coordinates": [ [ [ 18.47951166, 30.58355466 ], [ 19.5894, 30.4133 ] ] ] } },
{ "type": "Feature", "properties": { "start_id": 894, "end_id": 885, "distance(k": 432.72963481606968, "from": "port", "to": "port", "transport_": "multimodal" }, "geometry": { "type": "MultiLineString", "coordinates": [ [ [ -105.0585, 69.1135 ], [ -115.05, 67.8 ] ] ] } },
{ "type": "Feature", "properties": { "start_id": 1170, "end_id": 1158, "distance(k": 156.96072488516629, "from": "port", "to": "port", "transport_": "multimodal" }, "geometry": { "type": "MultiLineString", "coordinates": [ [ [ -58.4167, 54.1833 ], [ -60.3574, 53.36033 ] ] ] } },
{ "type": "Feature", "properties": { "start_id": 3, "end_id": 2058, "distance(k": 390.05051882637116, "from": "road", "to": "port", "transport_": "multimodal" }, "geometry": { "type": "MultiLineString", "coordinates": [ [ [ 152.944409703325562, 68.431934303023993 ], [ 162.1667, 69.6333 ] ] ] } },
{ "type": "Feature", "properties": { "start_id": 2058, "end_id": 4, "distance(k": 140.95470458389266, "from": "port", "to": "road", "transport_": "multimodal" }, "geometry": { "type": "MultiLineString", "coordinates": [ [ [ 162.1667, 69.6333 ], [ 163.29757006262696, 68.431934303023993 ] ] ] } },
{ "type": "Feature", "properties": { "start_id": 1009, "end_id": 1022, "distance(k": 98.995278643743774, "from": "port", "to": "port", "transport_": "multimodal" }, "geometry": { "type": "MultiLineString", "coordinates": [ [ [ -78.2, 60.8 ], [ -77.2833, 60.0333 ] ] ] } },
{ "type": "Feature", "properties": { "start_id": 2393, "end_id": 1241, "distance(k": 162.23598801863636, "from": "maritime", "to": "port", "transport_": "multimodal" }, "geometry": { "type": "MultiLineString", "coordinates": [ [ [ -24.97963084467062, 39.032002689525108 ], [ -25.6628022, 37.67488446 ] ] ] } },
{ "type": "Feature", "properties": { "start_id": 1579, "end_id": 336, "distance(k": 92.387029438486579, "from": "port", "to": "road", "transport_": "multimodal" }, "geometry": { "type": "MultiLineString", "coordinates": [ [ [ 34.97947992, 29.53792613 ], [ 34.462742070821626, 28.840202324758884 ] ] ] } },
{ "type": "Feature", "properties": { "start_id": 1565, "end_id": 336, "distance(k": 167.70680340328727, "from": "port", "to": "road", "transport_": "multimodal" }, "geometry": { "type": "MultiLineString", "coordinates": [ [ [ 32.81459125, 29.28675464 ], [ 34.462742070821626, 28.840202324758884 ] ] ] } },
{ "type": "Feature", "properties": { "start_id": 1022, "end_id": 1011, "distance(k": 182.07415532390505, "from": "port", "to": "port", "transport_": "multimodal" }, "geometry": { "type": "MultiLineString", "coordinates": [ [ [ -77.2833, 60.0333 ], [ -78.1, 58.45 ] ] ] } },
{ "type": "Feature", "properties": { "start_id": 2361, "end_id": 1238, "distance(k": 294.04693375249428, "from": "maritime", "to": "port", "transport_": "multimodal" }, "geometry": { "type": "MultiLineString", "coordinates": [ [ [ -32.792561235952896, 41.721664659400808 ], [ -31.1814, 39.37753 ] ] ] } },
{ "type": "Feature", "properties": { "start_id": 2464, "end_id": 1288, "distance(k": 191.3875177196355, "from": "maritime", "to": "port", "transport_": "multimodal" }, "geometry": { "type": "MultiLineString", "coordinates": [ [ [ -10.517407741917401, 33.761971999546539 ], [ -8.566575166, 33.20064257 ] ] ] } },
{ "type": "Feature", "properties": { "start_id": 1158, "end_id": 69, "distance(k": 347.44900898736159, "from": "port", "to": "road", "transport_": "multimodal" }, "geometry": { "type": "MultiLineString", "coordinates": [ [ [ -60.3574, 53.36033 ], [ -56.831002951323775, 51.101298772248654 ] ] ] } },
{ "type": "Feature", "properties": { "start_id": 869, "end_id": 885, "distance(k": 467.95412758392376, "from": "port", "to": "port", "transport_": "multimodal" }, "geometry": { "type": "MultiLineString", "coordinates": [ [ [ -124.75, 70.1833 ], [ -115.05, 67.8 ] ] ] } },
{ "type": "Feature", "properties": { "start_id": 2071, "end_id": 4, "distance(k": 311.67958238999773, "from": "port", "to": "road", "transport_": "multimodal" }, "geometry": { "type": "MultiLineString", "coordinates": [ [ [ 170.302787099999989, 69.69845987 ], [ 163.29757006262696, 68.431934303023993 ] ] ] } },
{ "type": "Feature", "properties": { "start_id": 2071, "end_id": 2089, "distance(k": 632.16435933031141, "from": "port", "to": "port", "transport_": "multimodal" }, "geometry": { "type": "MultiLineString", "coordinates": [ [ [ 170.302787099999989, 69.69845987 ], [ 177.532610799999986, 64.74047604 ] ] ] } },
{ "type": "Feature", "properties": { "start_id": 336, "end_id": 1583, "distance(k": 193.76506244406633, "from": "road", "to": "port", "transport_": "multimodal" }, "geometry": { "type": "MultiLineString", "coordinates": [ [ [ 34.462742070821626, 28.840202324758884 ], [ 35.64513872, 27.44391547 ] ] ] } },
{ "type": "Feature", "properties": { "start_id": 1240, "end_id": 1239, "distance(k": 138.47834545689545, "from": "port", "to": "port", "transport_": "multimodal" }, "geometry": { "type": "MultiLineString", "coordinates": [ [ [ -27.05, 38.7167 ], [ -28.627, 38.53473 ] ] ] } },
{ "type": "Feature", "properties": { "start_id": 928, "end_id": 921, "distance(k": 91.487751897988062, "from": "port", "to": "port", "transport_": "multimodal" }, "geometry": { "type": "MultiLineString", "coordinates": [ [ [ -90.7, 63.3333 ], [ -92.0833, 62.8 ] ] ] } },
{ "type": "Feature", "properties": { "start_id": 315, "end_id": 1646, "distance(k": 126.72014167499134, "from": "road", "to": "port", "transport_": "multimodal" }, "geometry": { "type": "MultiLineString", "coordinates": [ [ [ 50.122215050657317, 31.194966538777738 ], [ 49.09539137, 30.47289386 ] ] ] } },
{ "type": "Feature", "properties": { "start_id": 69, "end_id": 1187, "distance(k": 185.84028941105154, "from": "road", "to": "port", "transport_": "multimodal" }, "geometry": { "type": "MultiLineString", "coordinates": [ [ [ -56.831002951323775, 51.101298772248654 ], [ -56.0957, 49.49733 ] ] ] } },
{ "type": "Feature", "properties": { "start_id": 1241, "end_id": 1242, "distance(k": 93.192168322622635, "from": "port", "to": "port", "transport_": "multimodal" }, "geometry": { "type": "MultiLineString", "coordinates": [ [ [ -25.6628022, 37.67488446 ], [ -25.1509, 36.94233 ] ] ] } },
{ "type": "Feature", "properties": { "start_id": 1283, "end_id": 2496, "distance(k": 161.97597617985429, "from": "port", "to": "maritime", "transport_": "multimodal" }, "geometry": { "type": "MultiLineString", "coordinates": [ [ [ -9.2361, 32.2939 ], [ -10.330816438900207, 31.173574779410764 ] ] ] } },
{ "type": "Feature", "properties": { "start_id": 1646, "end_id": 1642, "distance(k": 83.08124533536207, "from": "port", "to": "port", "transport_": "multimodal" }, "geometry": { "type": "MultiLineString", "coordinates": [ [ [ 49.09539137, 30.47289386 ], [ 48.42995798, 29.99567823 ] ] ] } },
{ "type": "Feature", "properties": { "start_id": 1239, "end_id": 1238, "distance(k": 239.92134804928338, "from": "port", "to": "port", "transport_": "multimodal" }, "geometry": { "type": "MultiLineString", "coordinates": [ [ [ -28.627, 38.53473 ], [ -31.1814, 39.37753 ] ] ] } },
{ "type": "Feature", "properties": { "start_id": 921, "end_id": 918, "distance(k": 74.669736697185002, "from": "port", "to": "port", "transport_": "multimodal" }, "geometry": { "type": "MultiLineString", "coordinates": [ [ [ -92.0833, 62.8 ], [ -92.5667, 62.1667 ] ] ] } },
{ "type": "Feature", "properties": { "start_id": 1011, "end_id": 1003, "distance(k": 223.32240090535234, "from": "port", "to": "port", "transport_": "multimodal" }, "geometry": { "type": "MultiLineString", "coordinates": [ [ [ -78.1, 58.45 ], [ -79.2167, 56.5333 ] ] ] } },
{ "type": "Feature", "properties": { "start_id": 1642, "end_id": 2197, "distance(k": 108.64909221989633, "from": "port", "to": "country", "transport_": "multimodal" }, "geometry": { "type": "MultiLineString", "coordinates": [ [ [ 48.42995798, 29.99567823 ], [ 47.5936012, 29.3425007 ] ] ] } },
{ "type": "Feature", "properties": { "start_id": 1242, "end_id": 2425, "distance(k": 89.845030070978353, "from": "port", "to": "maritime", "transport_": "multimodal" }, "geometry": { "type": "MultiLineString", "coordinates": [ [ [ -25.1509, 36.94233 ], [ -24.427365080034491, 36.38019468571062 ] ] ] } },
{ "type": "Feature", "properties": { "start_id": 1190, "end_id": 1187, "distance(k": 73.15460819947603, "from": "port", "to": "port", "transport_": "multimodal" }, "geometry": { "type": "MultiLineString", "coordinates": [ [ [ -55.19468474, 49.20017467 ], [ -56.0957, 49.49733 ] ] ] } },
{ "type": "Feature", "properties": { "start_id": 1190, "end_id": 1199, "distance(k": 224.55319599913489, "from": "port", "to": "port", "transport_": "multimodal" }, "geometry": { "type": "MultiLineString", "coordinates": [ [ [ -55.19468474, 49.20017467 ], [ -53.46695878, 47.53845476 ] ] ] } },
{ "type": "Feature", "properties": { "start_id": 1187, "end_id": 1176, "distance(k": 148.20319754152993, "from": "port", "to": "port", "transport_": "multimodal" }, "geometry": { "type": "MultiLineString", "coordinates": [ [ [ -56.0957, 49.49733 ], [ -57.9658, 48.9633 ] ] ] } },
{ "type": "Feature", "properties": { "start_id": 2197, "end_id": 1644, "distance(k": 119.95447108865301, "from": "country", "to": "port", "transport_": "multimodal" }, "geometry": { "type": "MultiLineString", "coordinates": [ [ [ 47.5936012, 29.3425007 ], [ 48.54047771, 28.6512028 ] ] ] } },
{ "type": "Feature", "properties": { "start_id": 1583, "end_id": 1572, "distance(k": 186.7342723011225, "from": "port", "to": "port", "transport_": "multimodal" }, "geometry": { "type": "MultiLineString", "coordinates": [ [ [ 35.64513872, 27.44391547 ], [ 34.17268781, 26.39672483 ] ] ] } },
{ "type": "Feature", "properties": { "start_id": 918, "end_id": 913, "distance(k": 142.15196914059896, "from": "port", "to": "port", "transport_": "multimodal" }, "geometry": { "type": "MultiLineString", "coordinates": [ [ [ -92.5667, 62.1667 ], [ -94.05, 61.1 ] ] ] } },
{ "type": "Feature", "properties": { "start_id": 2496, "end_id": 1282, "distance(k": 108.10058118271397, "from": "maritime", "to": "port", "transport_": "multimodal" }, "geometry": { "type": "MultiLineString", "coordinates": [ [ [ -10.330816438900207, 31.173574779410764 ], [ -9.5992, 30.4318 ] ] ] } },
{ "type": "Feature", "properties": { "start_id": 1199, "end_id": 1191, "distance(k": 134.22957520829661, "from": "port", "to": "port", "transport_": "multimodal" }, "geometry": { "type": "MultiLineString", "coordinates": [ [ [ -53.46695878, 47.53845476 ], [ -55.1615, 47.16523 ] ] ] } },
{ "type": "Feature", "properties": { "start_id": 2275, "end_id": 1176, "distance(k": 177.86751532712736, "from": "maritime", "to": "port", "transport_": "multimodal" }, "geometry": { "type": "MultiLineString", "coordinates": [ [ [ -59.743350693229146, 50.071105542797362 ], [ -57.9658, 48.9633 ] ] ] } },
{ "type": "Feature", "properties": { "start_id": 1029, "end_id": 1016, "distance(k": 159.46842403968552, "from": "port", "to": "port", "transport_": "multimodal" }, "geometry": { "type": "MultiLineString", "coordinates": [ [ [ -76.55, 56.5333 ], [ -77.75, 55.2667 ] ] ] } },
{ "type": "Feature", "properties": { "start_id": 1029, "end_id": 1003, "distance(k": 163.5082836037092, "from": "port", "to": "port", "transport_": "multimodal" }, "geometry": { "type": "MultiLineString", "coordinates": [ [ [ -76.55, 56.5333 ], [ -79.2167, 56.5333 ] ] ] } },
{ "type": "Feature", "properties": { "start_id": 354, "end_id": 1572, "distance(k": 20.341997458074854, "from": "road", "to": "port", "transport_": "multimodal" }, "geometry": { "type": "MultiLineString", "coordinates": [ [ [ 34.008365036127778, 26.505456470477299 ], [ 34.17268781, 26.39672483 ] ] ] } },
{ "type": "Feature", "properties": { "start_id": 1644, "end_id": 1649, "distance(k": 143.01279641913689, "from": "port", "to": "port", "transport_": "multimodal" }, "geometry": { "type": "MultiLineString", "coordinates": [ [ [ 48.54047771, 28.6512028 ], [ 49.186823, 27.498399 ] ] ] } },
{ "type": "Feature", "properties": { "start_id": 1176, "end_id": 1169, "distance(k": 61.560800685200284, "from": "port", "to": "port", "transport_": "multimodal" }, "geometry": { "type": "MultiLineString", "coordinates": [ [ [ -57.9658, 48.9633 ], [ -58.4419, 48.50733 ] ] ] } },
{ "type": "Feature", "properties": { "start_id": 1282, "end_id": 332, "distance(k": 189.90086969639336, "from": "port", "to": "road", "transport_": "multimodal" }, "geometry": { "type": "MultiLineString", "coordinates": [ [ [ -9.5992, 30.4318 ], [ -10.311690121520197, 28.840202324758884 ] ] ] } },
{ "type": "Feature", "properties": { "start_id": 2495, "end_id": 1274, "distance(k": 272.40899841843702, "from": "maritime", "to": "port", "transport_": "multimodal" }, "geometry": { "type": "MultiLineString", "coordinates": [ [ [ -13.627769537454185, 31.173574779410764 ], [ -13.70039562, 28.7245499 ] ] ] } },
{ "type": "Feature", "properties": { "start_id": 913, "end_id": 912, "distance(k": 258.73003496926594, "from": "port", "to": "port", "transport_": "multimodal" }, "geometry": { "type": "MultiLineString", "coordinates": [ [ [ -94.05, 61.1 ], [ -94.14175837, 58.77363836 ] ] ] } },
{ "type": "Feature", "properties": { "start_id": 1191, "end_id": 1188, "distance(k": 69.098857376412582, "from": "port", "to": "port", "transport_": "multimodal" }, "geometry": { "type": "MultiLineString", "coordinates": [ [ [ -55.1615, 47.16523 ], [ -56.01381493, 46.94392467 ] ] ] } },
{ "type": "Feature", "properties": { "start_id": 1169, "end_id": 96, "distance(k": 4.3492926865704291, "from": "port", "to": "road", "transport_": "multimodal" }, "geometry": { "type": "MultiLineString", "coordinates": [ [ [ -58.4419, 48.50733 ], [ -58.471662630742308, 48.473553704137302 ] ] ] } },
{ "type": "Feature", "properties": { "start_id": 96, "end_id": 1165, "distance(k": 110.89632839535015, "from": "road", "to": "port", "transport_": "multimodal" }, "geometry": { "type": "MultiLineString", "coordinates": [ [ [ -58.471662630742308, 48.473553704137302 ], [ -59.1331, 47.5797 ] ] ] } },
{ "type": "Feature", "properties": { "start_id": 1139, "end_id": 2274, "distance(k": 18.967782954601223, "from": "port", "to": "maritime", "transport_": "multimodal" }, "geometry": { "type": "MultiLineString", "coordinates": [ [ [ -63.5985, 50.23103 ], [ -63.691120444032123, 50.071105542797362 ] ] ] } },
{ "type": "Feature", "properties": { "start_id": 2274, "end_id": 1133, "distance(k": 55.81549183982407, "from": "maritime", "to": "port", "transport_": "multimodal" }, "geometry": { "type": "MultiLineString", "coordinates": [ [ [ -63.691120444032123, 50.071105542797362 ], [ -64.3543, 49.80693 ] ] ] } },
{ "type": "Feature", "properties": { "start_id": 1649, "end_id": 1657, "distance(k": 138.22194513527663, "from": "port", "to": "port", "transport_": "multimodal" }, "geometry": { "type": "MultiLineString", "coordinates": [ [ [ 49.186823, 27.498399 ], [ 50.17924001, 26.62422285 ] ] ] } },
{ "type": "Feature", "properties": { "start_id": 2494, "end_id": 1254, "distance(k": 288.41403635547863, "from": "maritime", "to": "port", "transport_": "multimodal" }, "geometry": { "type": "MultiLineString", "coordinates": [ [ [ -16.924722636008163, 31.173574779410764 ], [ -17.764575, 28.683989 ] ] ] } },
{ "type": "Feature", "properties": { "start_id": 1133, "end_id": 1132, "distance(k": 107.30134423031009, "from": "port", "to": "port", "transport_": "multimodal" }, "geometry": { "type": "MultiLineString", "coordinates": [ [ [ -64.3543, 49.80693 ], [ -64.5011, 48.8467 ] ] ] } },
{ "type": "Feature", "properties": { "start_id": 1165, "end_id": 1160, "distance(k": 165.51289518379977, "from": "port", "to": "port", "transport_": "multimodal" }, "geometry": { "type": "MultiLineString", "coordinates": [ [ [ -59.1331, 47.5797 ], [ -60.08328056, 46.24016489 ] ] ] } },
{ "type": "Feature", "properties": { "start_id": 332, "end_id": 1278, "distance(k": 109.10327248354125, "from": "road", "to": "port", "transport_": "multimodal" }, "geometry": { "type": "MultiLineString", "coordinates": [ [ [ -10.311690121520197, 28.840202324758884 ], [ -11.3509, 28.478 ] ] ] } },
{ "type": "Feature", "properties": { "start_id": 1666, "end_id": 1672, "distance(k": 119.70205988078163, "from": "port", "to": "port", "transport_": "multimodal" }, "geometry": { "type": "MultiLineString", "coordinates": [ [ [ 52.48575098, 27.56580819 ], [ 53.3301, 26.79463 ] ] ] } },
{ "type": "Feature", "properties": { "start_id": 1657, "end_id": 2193, "distance(k": 77.334024467453062, "from": "port", "to": "country", "transport_": "multimodal" }, "geometry": { "type": "MultiLineString", "coordinates": [ [ [ 50.17924001, 26.62422285 ], [ 50.5625, 26.0195007 ] ] ] } },
{ "type": "Feature", "properties": { "start_id": 1132, "end_id": 1123, "distance(k": 138.36979838899407, "from": "port", "to": "port", "transport_": "multimodal" }, "geometry": { "type": "MultiLineString", "coordinates": [ [ [ -64.5011, 48.8467 ], [ -65.93638144, 48.04533411 ] ] ] } },
{ "type": "Feature", "properties": { "start_id": 2007, "end_id": 2037, "distance(k": 439.43271478942341, "from": "port", "to": "port", "transport_": "multimodal" }, "geometry": { "type": "MultiLineString", "coordinates": [ [ [ 143.2, 59.3667 ], [ 150.9734271, 59.58111926 ] ] ] } },
{ "type": "Feature", "properties": { "start_id": 2007, "end_id": 46, "distance(k": 442.32840589339372, "from": "port", "to": "road", "transport_": "multimodal" }, "geometry": { "type": "MultiLineString", "coordinates": [ [ [ 143.2, 59.3667 ], [ 137.93124301036778, 56.533882859658227 ] ] ] } },
{ "type": "Feature", "properties": { "start_id": 1661, "end_id": 1665, "distance(k": 125.68978544401757, "from": "port", "to": "port", "transport_": "multimodal" }, "geometry": { "type": "MultiLineString", "coordinates": [ [ [ 51.8478, 26.6741 ], [ 52.41527931, 25.66498159 ] ] ] } },
{ "type": "Feature", "properties": { "start_id": 1595, "end_id": 2551, "distance(k": 82.576181342386505, "from": "port", "to": "maritime", "transport_": "multimodal" }, "geometry": { "type": "MultiLineString", "coordinates": [ [ [ 38.06277198, 24.0760135 ], [ 37.483827302927892, 23.555465493916248 ] ] ] } },
{ "type": "Feature", "properties": { "start_id": 1595, "end_id": 1599, "distance(k": 188.38883982144682, "from": "port", "to": "port", "transport_": "multimodal" }, "geometry": { "type": "MultiLineString", "coordinates": [ [ [ 38.06277198, 24.0760135 ], [ 39.04095895, 22.63934669 ] ] ] } },
{ "type": "Feature", "properties": { "start_id": 1672, "end_id": 1675, "distance(k": 71.829784308886545, "from": "port", "to": "port", "transport_": "multimodal" }, "geometry": { "type": "MultiLineString", "coordinates": [ [ [ 53.3301, 26.79463 ], [ 54.00491, 26.56285 ] ] ] } },
{ "type": "Feature", "properties": { "start_id": 1274, "end_id": 1266, "distance(k": 190.9035245894689, "from": "port", "to": "port", "transport_": "multimodal" }, "geometry": { "type": "MultiLineString", "coordinates": [ [ [ -13.70039562, 28.7245499 ], [ -15.44853489, 27.96267703 ] ] ] } },
{ "type": "Feature", "properties": { "start_id": 2193, "end_id": 2199, "distance(k": 100.46340828958824, "from": "country", "to": "country", "transport_": "multimodal" }, "geometry": { "type": "MultiLineString", "coordinates": [ [ [ 50.5625, 26.0195007 ], [ 51.1912003, 25.3157997 ] ] ] } },
{ "type": "Feature", "properties": { "start_id": 2089, "end_id": 2095, "distance(k": 207.32975212305936, "from": "port", "to": "port", "transport_": "multimodal" }, "geometry": { "type": "MultiLineString", "coordinates": [ [ [ 177.532610799999986, 64.74047604 ], [ 179.3445, 63.05473 ] ] ] } },
{ "type": "Feature", "properties": { "start_id": 1160, "end_id": 1155, "distance(k": 121.35629361077204, "from": "port", "to": "port", "transport_": "multimodal" }, "geometry": { "type": "MultiLineString", "coordinates": [ [ [ -60.08328056, 46.24016489 ], [ -61.3669, 45.6125 ] ] ] } },
{ "type": "Feature", "properties": { "start_id": 1675, "end_id": 2540, "distance(k": 54.68822235593273, "from": "port", "to": "maritime", "transport_": "multimodal" }, "geometry": { "type": "MultiLineString", "coordinates": [ [ [ 54.00491, 26.56285 ], [ 53.953420215153457, 26.073197253333667 ] ] ] } },
{ "type": "Feature", "properties": { "start_id": 1678, "end_id": 1676, "distance(k": 86.403402301145022, "from": "port", "to": "port", "transport_": "multimodal" }, "geometry": { "type": "MultiLineString", "coordinates": [ [ [ 54.8859, 26.56263 ], [ 54.73850843, 25.79692584 ] ] ] } },
{ "type": "Feature", "properties": { "start_id": 1678, "end_id": 1681, "distance(k": 127.02862965593006, "from": "port", "to": "port", "transport_": "multimodal" }, "geometry": { "type": "MultiLineString", "coordinates": [ [ [ 54.8859, 26.56263 ], [ 56.16312268, 26.5726017 ] ] ] } },
{ "type": "Feature", "properties": { "start_id": 1115, "end_id": 1123, "distance(k": 151.13715496917624, "from": "port", "to": "port", "transport_": "multimodal" }, "geometry": { "type": "MultiLineString", "coordinates": [ [ [ -67.5877, 48.85023 ], [ -65.93638144, 48.04533411 ] ] ] } },
{ "type": "Feature", "properties": { "start_id": 1665, "end_id": 1660, "distance(k": 91.661784365508709, "from": "port", "to": "port", "transport_": "multimodal" }, "geometry": { "type": "MultiLineString", "coordinates": [ [ [ 52.41527931, 25.66498159 ], [ 51.5537651, 25.39081799 ] ] ] } },
{ "type": "Feature", "properties": { "start_id": 1665, "end_id": 1669, "distance(k": 111.48701756601859, "from": "port", "to": "port", "transport_": "multimodal" }, "geometry": { "type": "MultiLineString", "coordinates": [ [ [ 52.41527931, 25.66498159 ], [ 52.96299579, 24.79332895 ] ] ] } },
{ "type": "Feature", "properties": { "start_id": 5, "end_id": 853, "distance(k": 451.37151146094811, "from": "road", "to": "port", "transport_": "multimodal" }, "geometry": { "type": "MultiLineString", "coordinates": [ [ [ -149.884840415247879, 65.285699906755681 ], [ -149.8951731, 61.22642103 ] ] ] } },
{ "type": "Feature", "properties": { "start_id": 5, "end_id": 843, "distance(k": 736.95888808144673, "from": "road", "to": "port", "transport_": "multimodal" }, "geometry": { "type": "MultiLineString", "coordinates": [ [ [ -149.884840415247879, 65.285699906755681 ], [ -165.4345085, 64.49856173 ] ] ] } },
{ "type": "Feature", "properties": { "start_id": 46, "end_id": 2005, "distance(k": 386.03929084041869, "from": "road", "to": "port", "transport_": "multimodal" }, "geometry": { "type": "MultiLineString", "coordinates": [ [ [ 137.93124301036778, 56.533882859658227 ], [ 142.6394, 54.315 ] ] ] } },
{ "type": "Feature", "properties": { "start_id": 2199, "end_id": 1660, "distance(k": 37.375123648885364, "from": "country", "to": "port", "transport_": "multimodal" }, "geometry": { "type": "MultiLineString", "coordinates": [ [ [ 51.1912003, 25.3157997 ], [ 51.5537651, 25.39081799 ] ] ] } },
{ "type": "Feature", "properties": { "start_id": 1262, "end_id": 1266, "distance(k": 95.150193215612958, "from": "port", "to": "port", "transport_": "multimodal" }, "geometry": { "type": "MultiLineString", "coordinates": [ [ [ -16.2333, 28.4667 ], [ -15.44853489, 27.96267703 ] ] ] } },
{ "type": "Feature", "properties": { "start_id": 1262, "end_id": 1256, "distance(k": 95.355160109775355, "from": "port", "to": "port", "transport_": "multimodal" }, "geometry": { "type": "MultiLineString", "coordinates": [ [ [ -16.2333, 28.4667 ], [ -17.1113, 28.0958 ] ] ] } },
{ "type": "Feature", "properties": { "start_id": 1147, "end_id": 1142, "distance(k": 68.947173140857601, "from": "port", "to": "port", "transport_": "multimodal" }, "geometry": { "type": "MultiLineString", "coordinates": [ [ [ -62.2467, 46.34373 ], [ -63.1289, 46.23053 ] ] ] } },
{ "type": "Feature", "properties": { "start_id": 1147, "end_id": 1155, "distance(k": 105.98484824492427, "from": "port", "to": "port", "transport_": "multimodal" }, "geometry": { "type": "MultiLineString", "coordinates": [ [ [ -62.2467, 46.34373 ], [ -61.3669, 45.6125 ] ] ] } },
{ "type": "Feature", "properties": { "start_id": 1254, "end_id": 1256, "distance(k": 91.4403980048384, "from": "port", "to": "port", "transport_": "multimodal" }, "geometry": { "type": "MultiLineString", "coordinates": [ [ [ -17.764575, 28.683989 ], [ -17.1113, 28.0958 ] ] ] } },
{ "type": "Feature", "properties": { "start_id": 1254, "end_id": 2522, "distance(k": 208.63347642772771, "from": "port", "to": "maritime", "transport_": "multimodal" }, "geometry": { "type": "MultiLineString", "coordinates": [ [ [ -17.764575, 28.683989 ], [ -19.901029342040289, 28.6116543300115 ] ] ] } },
{ "type": "Feature", "properties": { "start_id": 1266, "end_id": 2539, "distance(k": 231.1316056604187, "from": "port", "to": "maritime", "transport_": "multimodal" }, "geometry": { "type": "MultiLineString", "coordinates": [ [ [ -15.44853489, 27.96267703 ], [ -16.421066042751683, 26.073197253333667 ] ] ] } },
{ "type": "Feature", "properties": { "start_id": 1676, "end_id": 1677, "distance(k": 108.91676091405932, "from": "port", "to": "port", "transport_": "multimodal" }, "geometry": { "type": "MultiLineString", "coordinates": [ [ [ 54.73850843, 25.79692584 ], [ 54.79738462, 24.81886099 ] ] ] } },
{ "type": "Feature", "properties": { "start_id": 355, "end_id": 2541, "distance(k": 63.80794860948221, "from": "road", "to": "maritime", "transport_": "multimodal" }, "geometry": { "type": "MultiLineString", "coordinates": [ [ [ 57.573218251089713, 26.505456470477299 ], [ 57.152260499603692, 26.073197253333667 ] ] ] } },
{ "type": "Feature", "properties": { "start_id": 1155, "end_id": 1144, "distance(k": 124.04043252669014, "from": "port", "to": "port", "transport_": "multimodal" }, "geometry": { "type": "MultiLineString", "coordinates": [ [ [ -61.3669, 45.6125 ], [ -62.5172, 44.8456 ] ] ] } },
{ "type": "Feature", "properties": { "start_id": 839, "end_id": 843, "distance(k": 376.57787201270537, "from": "port", "to": "port", "transport_": "multimodal" }, "geometry": { "type": "MultiLineString", "coordinates": [ [ [ -173.2981, 64.4511 ], [ -165.4345085, 64.49856173 ] ] ] } },
{ "type": "Feature", "properties": { "start_id": 839, "end_id": 2095, "distance(k": 393.41814897864941, "from": "port", "to": "port", "transport_": "multimodal" }, "geometry": { "type": "MultiLineString", "coordinates": [ [ [ -173.2981, 64.4511 ], [ 179.3445, 63.05473 ] ] ] } },
{ "type": "Feature", "properties": { "start_id": 1142, "end_id": 1138, "distance(k": 54.439979240547082, "from": "port", "to": "port", "transport_": "multimodal" }, "geometry": { "type": "MultiLineString", "coordinates": [ [ [ -63.1289, 46.23053 ], [ -63.7997, 46.38863 ] ] ] } },
{ "type": "Feature", "properties": { "start_id": 1599, "end_id": 400, "distance(k": 83.640227942395043, "from": "port", "to": "road", "transport_": "multimodal" }, "geometry": { "type": "MultiLineString", "coordinates": [ [ [ 39.04095895, 22.63934669 ], [ 39.013060941186382, 21.887595261445966 ] ] ] } },
{ "type": "Feature", "properties": { "start_id": 2541, "end_id": 1687, "distance(k": 79.335042496468006, "from": "maritime", "to": "port", "transport_": "multimodal" }, "geometry": { "type": "MultiLineString", "coordinates": [ [ [ 57.152260499603692, 26.073197253333667 ], [ 57.7825, 25.6403 ] ] ] } },
{ "type": "Feature", "properties": { "start_id": 2541, "end_id": 1683, "distance(k": 119.06093556958909, "from": "maritime", "to": "port", "transport_": "multimodal" }, "geometry": { "type": "MultiLineString", "coordinates": [ [ [ 57.152260499603692, 26.073197253333667 ], [ 56.36503284, 25.27127136 ] ] ] } },
{ "type": "Feature", "properties": { "start_id": 356, "end_id": 1692, "distance(k": 132.47580648946104, "from": "road", "to": "port", "transport_": "multimodal" }, "geometry": { "type": "MultiLineString", "coordinates": [ [ [ 60.518824902959963, 26.505456470477299 ], [ 60.59897605, 25.31625609 ] ] ] } },
{ "type": "Feature", "properties": { "start_id": 1683, "end_id": 375, "distance(k": 131.6721114401964, "from": "port", "to": "road", "transport_": "multimodal" }, "geometry": { "type": "MultiLineString", "coordinates": [ [ [ 56.36503284, 25.27127136 ], [ 56.893060326013028, 24.18858107111306 ] ] ] } },
{ "type": "Feature", "properties": { "start_id": 400, "end_id": 1602, "distance(k": 49.420736666695475, "from": "road", "to": "port", "transport_": "multimodal" }, "geometry": { "type": "MultiLineString", "coordinates": [ [ [ 39.013060941186382, 21.887595261445966 ], [ 39.1667, 21.4667 ] ] ] } },
{ "type": "Feature", "properties": { "start_id": 1144, "end_id": 2326, "distance(k": 73.232858358994363, "from": "port", "to": "maritime", "transport_": "multimodal" }, "geometry": { "type": "MultiLineString", "coordinates": [ [ [ -62.5172, 44.8456 ], [ -63.261631204603376, 44.454086083266183 ] ] ] } },
{ "type": "Feature", "properties": { "start_id": 401, "end_id": 1602, "distance(k": 285.59097617069295, "from": "road", "to": "port", "transport_": "multimodal" }, "geometry": { "type": "MultiLineString", "coordinates": [ [ [ 41.893219995482724, 21.887595261445966 ], [ 39.1667, 21.4667 ] ] ] } },
{ "type": "Feature", "properties": { "start_id": 1602, "end_id": 1592, "distance(k": 304.04389274701816, "from": "port", "to": "port", "transport_": "multimodal" }, "geometry": { "type": "MultiLineString", "coordinates": [ [ [ 39.1667, 21.4667 ], [ 37.294642, 19.36931347 ] ] ] } },
{ "type": "Feature", "properties": { "start_id": 1140, "end_id": 2326, "distance(k": 33.529711823243964, "from": "port", "to": "maritime", "transport_": "multimodal" }, "geometry": { "type": "MultiLineString", "coordinates": [ [ [ -63.5833, 44.65 ], [ -63.261631204603376, 44.454086083266183 ] ] ] } },
{ "type": "Feature", "properties": { "start_id": 1140, "end_id": 1134, "distance(k": 65.265474625543618, "from": "port", "to": "port", "transport_": "multimodal" }, "geometry": { "type": "MultiLineString", "coordinates": [ [ [ -63.5833, 44.65 ], [ -64.315, 44.38113 ] ] ] } },
{ "type": "Feature", "properties": { "start_id": 126, "end_id": 1117, "distance(k": 96.664866466384098, "from": "road", "to": "port", "transport_": "multimodal" }, "geometry": { "type": "MultiLineString", "coordinates": [ [ [ -67.05024107489308, 45.895258794291813 ], [ -67.06093969, 45.02596315 ] ] ] } },
{ "type": "Feature", "properties": { "start_id": 2062, "end_id": 27, "distance(k": 277.88681213312333, "from": "port", "to": "road", "transport_": "multimodal" }, "geometry": { "type": "MultiLineString", "coordinates": [ [ [ 166.3794, 60.35 ], [ 161.811143843334037, 59.357326606469819 ] ] ] } },
{ "type": "Feature", "properties": { "start_id": 1692, "end_id": 2553, "distance(k": 293.1292568660661, "from": "port", "to": "maritime", "transport_": "multimodal" }, "geometry": { "type": "MultiLineString", "coordinates": [ [ [ 60.59897605, 25.31625609 ], [ 62.754057956758203, 23.555465493916248 ] ] ] } },
{ "type": "Feature", "properties": { "start_id": 1121, "end_id": 1117, "distance(k": 83.859244361101474, "from": "port", "to": "port", "transport_": "multimodal" }, "geometry": { "type": "MultiLineString", "coordinates": [ [ [ -66.03310904, 45.2331936 ], [ -67.06093969, 45.02596315 ] ] ] } },
{ "type": "Feature", "properties": { "start_id": 1121, "end_id": 1134, "distance(k": 165.36794176012862, "from": "port", "to": "port", "transport_": "multimodal" }, "geometry": { "type": "MultiLineString", "coordinates": [ [ [ -66.03310904, 45.2331936 ], [ -64.315, 44.38113 ] ] ] } },
{ "type": "Feature", "properties": { "start_id": 2539, "end_id": 1264, "distance(k": 270.43116438075236, "from": "maritime", "to": "port", "transport_": "multimodal" }, "geometry": { "type": "MultiLineString", "coordinates": [ [ [ -16.421066042751683, 26.073197253333667 ], [ -15.94824, 23.67927 ] ] ] } },
{ "type": "Feature", "properties": { "start_id": 375, "end_id": 1689, "distance(k": 173.85213855663054, "from": "road", "to": "port", "transport_": "multimodal" }, "geometry": { "type": "MultiLineString", "coordinates": [ [ [ 56.893060326013028, 24.18858107111306 ], [ 58.4821353, 23.61077467 ] ] ] } },
{ "type": "Feature", "properties": { "start_id": 1134, "end_id": 1127, "distance(k": 106.61213438250665, "from": "port", "to": "port", "transport_": "multimodal" }, "geometry": { "type": "MultiLineString", "coordinates": [ [ [ -64.315, 44.38113 ], [ -65.3193, 43.74983 ] ] ] } },
{ "type": "Feature", "properties": { "start_id": 27, "end_id": 2059, "distance(k": 349.96418898251329, "from": "road", "to": "port", "transport_": "multimodal" }, "geometry": { "type": "MultiLineString", "coordinates": [ [ [ 161.811143843334037, 59.357326606469819 ], [ 162.5117, 56.2322 ] ] ] } },
{ "type": "Feature", "properties": { "start_id": 1117, "end_id": 1103, "distance(k": 152.47904777942668, "from": "port", "to": "port", "transport_": "multimodal" }, "geometry": { "type": "MultiLineString", "coordinates": [ [ [ -67.06093969, 45.02596315 ], [ -68.84969016, 44.50856763 ] ] ] } },
{ "type": "Feature", "properties": { "start_id": 2005, "end_id": 1989, "distance(k": 178.65399404981645, "from": "port", "to": "port", "transport_": "multimodal" }, "geometry": { "type": "MultiLineString", "coordinates": [ [ [ 142.6394, 54.315 ], [ 140.7722, 53.1481 ] ] ] } },
{ "type": "Feature", "properties": { "start_id": 372, "end_id": 1264, "distance(k": 308.30165200899398, "from": "road", "to": "port", "transport_": "multimodal" }, "geometry": { "type": "MultiLineString", "coordinates": [ [ [ -12.966328618625131, 24.18858107111306 ], [ -15.94824, 23.67927 ] ] ] } },
{ "type": "Feature", "properties": { "start_id": 1689, "end_id": 2552, "distance(k": 113.60455841745679, "from": "port", "to": "maritime", "transport_": "multimodal" }, "geometry": { "type": "MultiLineString", "coordinates": [ [ [ 58.4821353, 23.61077467 ], [ 59.5952791250294, 23.555465493916248 ] ] ] } },
{ "type": "Feature", "properties": { "start_id": 1127, "end_id": 2354, "distance(k": 226.19322133252066, "from": "port", "to": "maritime", "transport_": "multimodal" }, "geometry": { "type": "MultiLineString", "coordinates": [ [ [ -65.3193, 43.74983 ], [ -65.106008988223493, 41.721664659400808 ] ] ] } },
{ "type": "Feature", "properties": { "start_id": 1592, "end_id": 2595, "distance(k": 278.71398865815286, "from": "port", "to": "maritime", "transport_": "multimodal" }, "geometry": { "type": "MultiLineString", "coordinates": [ [ [ 37.294642, 19.36931347 ], [ 39.807635005122812, 18.572322382883915 ] ] ] } },
{ "type": "Feature", "properties": { "start_id": 1989, "end_id": 1995, "distance(k": 115.55075189741576, "from": "port", "to": "port", "transport_": "multimodal" }, "geometry": { "type": "MultiLineString", "coordinates": [ [ [ 140.7722, 53.1481 ], [ 141.5173, 52.21223 ] ] ] } },
{ "type": "Feature", "properties": { "start_id": 1103, "end_id": 1090, "distance(k": 147.37882825978761, "from": "port", "to": "port", "transport_": "multimodal" }, "geometry": { "type": "MultiLineString", "coordinates": [ [ [ -68.84969016, 44.50856763 ], [ -70.2694, 43.6619 ] ] ] } },
{ "type": "Feature", "properties": { "start_id": 853, "end_id": 852, "distance(k": 93.757636615712073, "from": "port", "to": "port", "transport_": "multimodal" }, "geometry": { "type": "MultiLineString", "coordinates": [ [ [ -149.8951731, 61.22642103 ], [ -151.263636, 60.70688 ] ] ] } },
{ "type": "Feature", "properties": { "start_id": 853, "end_id": 855, "distance(k": 188.77142774826976, "from": "port", "to": "port", "transport_": "multimodal" }, "geometry": { "type": "MultiLineString", "coordinates": [ [ [ -149.8951731, 61.22642103 ], [ -146.384223100000014, 61.10230849 ] ] ] } },
{ "type": "Feature", "properties": { "start_id": 1264, "end_id": 1257, "distance(k": 332.44129145186128, "from": "port", "to": "port", "transport_": "multimodal" }, "geometry": { "type": "MultiLineString", "coordinates": [ [ [ -15.94824, 23.67927 ], [ -17.05234702, 20.86949849 ] ] ] } },
{ "type": "Feature", "properties": { "start_id": 1694, "end_id": 376, "distance(k": 170.56090476427875, "from": "port", "to": "road", "transport_": "multimodal" }, "geometry": { "type": "MultiLineString", "coordinates": [ [ [ 67.02641649, 24.87129475 ], [ 68.536291816786104, 24.18858107111306 ] ] ] } },
{ "type": "Feature", "properties": { "start_id": 1694, "end_id": 2554, "distance(k": 184.82442250691452, "from": "port", "to": "maritime", "transport_": "multimodal" }, "geometry": { "type": "MultiLineString", "coordinates": [ [ [ 67.02641649, 24.87129475 ], [ 65.912836788486985, 23.555465493916248 ] ] ] } },
{ "type": "Feature", "properties": { "start_id": 1691, "end_id": 1690, "distance(k": 226.52190165066239, "from": "port", "to": "port", "transport_": "multimodal" }, "geometry": { "type": "MultiLineString", "coordinates": [ [ [ 59.46720681, 22.61920379 ], [ 58.87074, 20.65893 ] ] ] } },
{ "type": "Feature", "properties": { "start_id": 852, "end_id": 851, "distance(k": 122.85142431402933, "from": "port", "to": "port", "transport_": "multimodal" }, "geometry": { "type": "MultiLineString", "coordinates": [ [ [ -151.263636, 60.70688 ], [ -151.418878299999989, 59.6047541 ] ] ] } },
{ "type": "Feature", "properties": { "start_id": 2595, "end_id": 1604, "distance(k": 330.64118650370705, "from": "maritime", "to": "port", "transport_": "multimodal" }, "geometry": { "type": "MultiLineString", "coordinates": [ [ [ 39.807635005122812, 18.572322382883915 ], [ 39.4667, 15.6167 ] ] ] } },
{ "type": "Feature", "properties": { "start_id": 1995, "end_id": 1990, "distance(k": 95.068649551285404, "from": "port", "to": "port", "transport_": "multimodal" }, "geometry": { "type": "MultiLineString", "coordinates": [ [ [ 141.5173, 52.21223 ], [ 140.796516200000013, 51.48234669 ] ] ] } },
{ "type": "Feature", "properties": { "start_id": 859, "end_id": 860, "distance(k": 131.28302120460984, "from": "port", "to": "port", "transport_": "multimodal" }, "geometry": { "type": "MultiLineString", "coordinates": [ [ [ -135.329449399999987, 59.45040169 ], [ -134.5445382, 58.34153508 ] ] ] } },
{ "type": "Feature", "properties": { "start_id": 1090, "end_id": 1085, "distance(k": 78.006140237267758, "from": "port", "to": "port", "transport_": "multimodal" }, "geometry": { "type": "MultiLineString", "coordinates": [ [ [ -70.2694, 43.6619 ], [ -70.7694, 43.0619 ] ] ] } },
{ "type": "Feature", "properties": { "start_id": 2048, "end_id": 2050, "distance(k": 183.30320990826411, "from": "port", "to": "port", "transport_": "multimodal" }, "geometry": { "type": "MultiLineString", "coordinates": [ [ [ 155.4931, 55.2819 ], [ 156.0433, 53.6647 ] ] ] } },
{ "type": "Feature", "properties": { "start_id": 856, "end_id": 857, "distance(k": 232.47288590320832, "from": "port", "to": "port", "transport_": "multimodal" }, "geometry": { "type": "MultiLineString", "coordinates": [ [ [ -139.7351, 59.54633 ], [ -136.7878, 58.1161 ] ] ] } },
{ "type": "Feature", "properties": { "start_id": 1990, "end_id": 2003, "distance(k": 113.88145874889155, "from": "port", "to": "port", "transport_": "multimodal" }, "geometry": { "type": "MultiLineString", "coordinates": [ [ [ 140.796516200000013, 51.48234669 ], [ 142.1561, 50.9139 ] ] ] } },
{ "type": "Feature", "properties": { "start_id": 2059, "end_id": 2249, "distance(k": 296.87190746223393, "from": "port", "to": "maritime", "transport_": "multimodal" }, "geometry": { "type": "MultiLineString", "coordinates": [ [ [ 162.5117, 56.2322 ], [ 167.269925361860487, 55.943425022583448 ] ] ] } },
{ "type": "Feature", "properties": { "start_id": 376, "end_id": 1695, "distance(k": 85.71509186315437, "from": "road", "to": "port", "transport_": "multimodal" }, "geometry": { "type": "MultiLineString", "coordinates": [ [ [ 68.536291816786104, 24.18858107111306 ], [ 68.6356, 23.4231 ] ] ] } },
{ "type": "Feature", "properties": { "start_id": 2198, "end_id": 1686, "distance(k": 197.33009312143128, "from": "country", "to": "port", "transport_": "multimodal" }, "geometry": { "type": "MultiLineString", "coordinates": [ [ [ 56.1100998, 20.6023998 ], [ 57.71325, 19.6623 ] ] ] } },
{ "type": "Feature", "properties": { "start_id": 851, "end_id": 849, "distance(k": 209.9001005301954, "from": "port", "to": "port", "transport_": "multimodal" }, "geometry": { "type": "MultiLineString", "coordinates": [ [ [ -151.418878299999989, 59.6047541 ], [ -152.4003, 57.7872 ] ] ] } },
{ "type": "Feature", "properties": { "start_id": 1085, "end_id": 1081, "distance(k": 82.865110488061404, "from": "port", "to": "port", "transport_": "multimodal" }, "geometry": { "type": "MultiLineString", "coordinates": [ [ [ -70.7694, 43.0619 ], [ -71.00146837, 42.3364541 ] ] ] } },
{ "type": "Feature", "properties": { "start_id": 860, "end_id": 857, "distance(k": 133.70096450583469, "from": "port", "to": "port", "transport_": "multimodal" }, "geometry": { "type": "MultiLineString", "coordinates": [ [ [ -134.5445382, 58.34153508 ], [ -136.7878, 58.1161 ] ] ] } },
{ "type": "Feature", "properties": { "start_id": 2003, "end_id": 2002, "distance(k": 173.88194408589158, "from": "port", "to": "port", "transport_": "multimodal" }, "geometry": { "type": "MultiLineString", "coordinates": [ [ [ 142.1561, 50.9139 ], [ 142.105689399999989, 49.35047591 ] ] ] } },
{ "type": "Feature", "properties": { "start_id": 1690, "end_id": 1686, "distance(k": 163.94600572226491, "from": "port", "to": "port", "transport_": "multimodal" }, "geometry": { "type": "MultiLineString", "coordinates": [ [ [ 58.87074, 20.65893 ], [ 57.71325, 19.6623 ] ] ] } },
{ "type": "Feature", "properties": { "start_id": 1695, "end_id": 1697, "distance(k": 143.11094534492415, "from": "port", "to": "port", "transport_": "multimodal" }, "geometry": { "type": "MultiLineString", "coordinates": [ [ [ 68.6356, 23.4231 ], [ 69.71824474, 22.60852523 ] ] ] } },
{ "type": "Feature", "properties": { "start_id": 857, "end_id": 858, "distance(k": 146.33399025252749, "from": "port", "to": "port", "transport_": "multimodal" }, "geometry": { "type": "MultiLineString", "coordinates": [ [ [ -136.7878, 58.1161 ], [ -135.3439, 57.0517 ] ] ] } },
{ "type": "Feature", "properties": { "start_id": 377, "end_id": 1697, "distance(k": 248.98371121693549, "from": "road", "to": "port", "transport_": "multimodal" }, "geometry": { "type": "MultiLineString", "coordinates": [ [ [ 71.447099689479359, 24.18858107111306 ], [ 69.71824474, 22.60852523 ] ] ] } },
{ "type": "Feature", "properties": { "start_id": 1081, "end_id": 1082, "distance(k": 70.412846508043955, "from": "port", "to": "port", "transport_": "multimodal" }, "geometry": { "type": "MultiLineString", "coordinates": [ [ [ -71.00146837, 42.3364541 ], [ -70.99634204, 41.70322761 ] ] ] } },
{ "type": "Feature", "properties": { "start_id": 2249, "end_id": 2259, "distance(k": 333.54733773115373, "from": "maritime", "to": "maritime", "transport_": "multimodal" }, "geometry": { "type": "MultiLineString", "coordinates": [ [ [ 167.269925361860487, 55.943425022583448 ], [ 167.959075614336484, 52.970591630113567 ] ] ] } },
{ "type": "Feature", "properties": { "start_id": 1623, "end_id": 1625, "distance(k": 207.93548262362233, "from": "port", "to": "port", "transport_": "multimodal" }, "geometry": { "type": "MultiLineString", "coordinates": [ [ [ 42.5345, 16.89833 ], [ 42.81715708, 15.04816894 ] ] ] } },
{ "type": "Feature", "properties": { "start_id": 1686, "end_id": 2596, "distance(k": 139.51288498183624, "from": "port", "to": "maritime", "transport_": "multimodal" }, "geometry": { "type": "MultiLineString", "coordinates": [ [ [ 57.71325, 19.6623 ], [ 58.370939884552385, 18.572322382883915 ] ] ] } },
{ "type": "Feature", "properties": { "start_id": 1082, "end_id": 1067, "distance(k": 99.669949172948691, "from": "port", "to": "port", "transport_": "multimodal" }, "geometry": { "type": "MultiLineString", "coordinates": [ [ [ -70.99634204, 41.70322761 ], [ -72.09052373, 41.33944386 ] ] ] } },
{ "type": "Feature", "properties": { "start_id": 28, "end_id": 863, "distance(k": 74.601543547615549, "from": "road", "to": "port", "transport_": "multimodal" }, "geometry": { "type": "MultiLineString", "coordinates": [ [ [ -129.582780062768421, 56.533882859658227 ], [ -130.0057, 55.90553 ] ] ] } },
{ "type": "Feature", "properties": { "start_id": 858, "end_id": 861, "distance(k": 258.35492652678607, "from": "port", "to": "port", "transport_": "multimodal" }, "geometry": { "type": "MultiLineString", "coordinates": [ [ [ -135.3439, 57.0517 ], [ -132.8163, 55.20363 ] ] ] } },
{ "type": "Feature", "properties": { "start_id": 1985, "end_id": 2002, "distance(k": 138.65972282701077, "from": "port", "to": "port", "transport_": "multimodal" }, "geometry": { "type": "MultiLineString", "coordinates": [ [ [ 140.260888599999987, 49.03187011 ], [ 142.105689399999989, 49.35047591 ] ] ] } },
{ "type": "Feature", "properties": { "start_id": 1985, "end_id": 2308, "distance(k": 200.40201413811616, "from": "port", "to": "maritime", "transport_": "multimodal" }, "geometry": { "type": "MultiLineString", "coordinates": [ [ [ 140.260888599999987, 49.03187011 ], [ 140.469220020692489, 47.234980716592936 ] ] ] } },
{ "type": "Feature", "properties": { "start_id": 1697, "end_id": 1696, "distance(k": 109.12200239811084, "from": "port", "to": "port", "transport_": "multimodal" }, "geometry": { "type": "MultiLineString", "coordinates": [ [ [ 69.71824474, 22.60852523 ], [ 69.6, 21.6333 ] ] ] } },
{ "type": "Feature", "properties": { "start_id": 1257, "end_id": 2570, "distance(k": 219.88136474194408, "from": "port", "to": "maritime", "transport_": "multimodal" }, "geometry": { "type": "MultiLineString", "coordinates": [ [ [ -17.05234702, 20.86949849 ], [ -19.16052674582907, 21.055948186680951 ] ] ] } },
{ "type": "Feature", "properties": { "start_id": 849, "end_id": 2244, "distance(k": 217.52707430245852, "from": "port", "to": "maritime", "transport_": "multimodal" }, "geometry": { "type": "MultiLineString", "coordinates": [ [ [ -152.4003, 57.7872 ], [ -151.203734490148349, 55.943425022583448 ] ] ] } },
{ "type": "Feature", "properties": { "start_id": 1604, "end_id": 1621, "distance(k": 305.75872207540698, "from": "port", "to": "port", "transport_": "multimodal" }, "geometry": { "type": "MultiLineString", "coordinates": [ [ [ 39.4667, 15.6167 ], [ 41.7447, 13.9703 ] ] ] } },
{ "type": "Feature", "properties": { "start_id": 1067, "end_id": 1061, "distance(k": 71.204112452016972, "from": "port", "to": "port", "transport_": "multimodal" }, "geometry": { "type": "MultiLineString", "coordinates": [ [ [ -72.09052373, 41.33944386 ], [ -72.8930791, 41.12548463 ] ] ] } },
{ "type": "Feature", "properties": { "start_id": 2054, "end_id": 2279, "distance(k": 342.5898139891334, "from": "port", "to": "maritime", "transport_": "multimodal" }, "geometry": { "type": "MultiLineString", "coordinates": [ [ [ 158.65, 53.05 ], [ 157.383985600934494, 50.071105542797362 ] ] ] } },
{ "type": "Feature", "properties": { "start_id": 863, "end_id": 862, "distance(k": 182.5520795566423, "from": "port", "to": "port", "transport_": "multimodal" }, "geometry": { "type": "MultiLineString", "coordinates": [ [ [ -130.0057, 55.90553 ], [ -130.2997016, 54.2724405 ] ] ] } },
{ "type": "Feature", "properties": { "start_id": 440, "end_id": 1663, "distance(k": 171.56326781644907, "from": "road", "to": "port", "transport_": "multimodal" }, "geometry": { "type": "MultiLineString", "coordinates": [ [ [ 52.483922145834697, 17.326047954329745 ], [ 52.15, 15.8167 ] ] ] } },
{ "type": "Feature", "properties": { "start_id": 1061, "end_id": 183, "distance(k": 55.700244529701969, "from": "port", "to": "road", "transport_": "multimodal" }, "geometry": { "type": "MultiLineString", "coordinates": [ [ [ -72.8930791, 41.12548463 ], [ -73.460010554537433, 40.865044586172232 ] ] ] } },
{ "type": "Feature", "properties": { "start_id": 1696, "end_id": 2573, "distance(k": 148.23743285264726, "from": "port", "to": "maritime", "transport_": "multimodal" }, "geometry": { "type": "MultiLineString", "coordinates": [ [ [ 69.6, 21.6333 ], [ 68.309871252161059, 21.055948186680951 ] ] ] } },
{ "type": "Feature", "properties": { "start_id": 204, "end_id": 1885, "distance(k": 125.83411747939192, "from": "road", "to": "port", "transport_": "multimodal" }, "geometry": { "type": "MultiLineString", "coordinates": [ [ [ 119.558389947617954, 40.865044586172232 ], [ 121.0417962, 40.72535 ] ] ] } },
{ "type": "Feature", "properties": { "start_id": 1625, "end_id": 463, "distance(k": 92.966612220290912, "from": "port", "to": "road", "transport_": "multimodal" }, "geometry": { "type": "MultiLineString", "coordinates": [ [ [ 42.81715708, 15.04816894 ], [ 43.682822614366735, 15.062139851324615 ] ] ] } },
{ "type": "Feature", "properties": { "start_id": 183, "end_id": 1051, "distance(k": 53.375488141176454, "from": "road", "to": "port", "transport_": "multimodal" }, "geometry": { "type": "MultiLineString", "coordinates": [ [ [ -73.460010554537433, 40.865044586172232 ], [ -74.06717323, 40.72669097 ] ] ] } },
{ "type": "Feature", "properties": { "start_id": 1674, "end_id": 2619, "distance(k": 128.1023812724527, "from": "port", "to": "maritime", "transport_": "multimodal" }, "geometry": { "type": "MultiLineString", "coordinates": [ [ [ 53.995389, 16.941487 ], [ 54.818822561226398, 16.102420527566085 ] ] ] } },
{ "type": "Feature", "properties": { "start_id": 861, "end_id": 862, "distance(k": 191.86841065216012, "from": "port", "to": "port", "transport_": "multimodal" }, "geometry": { "type": "MultiLineString", "coordinates": [ [ [ -132.8163, 55.20363 ], [ -130.2997016, 54.2724405 ] ] ] } },
{ "type": "Feature", "properties": { "start_id": 2308, "end_id": 2001, "distance(k": 120.17020741296594, "from": "maritime", "to": "port", "transport_": "multimodal" }, "geometry": { "type": "MultiLineString", "coordinates": [ [ [ 140.469220020692489, 47.234980716592936 ], [ 141.9537815, 46.8546865 ] ] ] } },
{ "type": "Feature", "properties": { "start_id": 1701, "end_id": 1704, "distance(k": 73.008749349416519, "from": "port", "to": "port", "transport_": "multimodal" }, "geometry": { "type": "MultiLineString", "coordinates": [ [ [ 72.33489335, 21.61864673 ], [ 72.67685774, 21.04450609 ] ] ] } },
{ "type": "Feature", "properties": { "start_id": 1701, "end_id": 1699, "distance(k": 118.93214661975037, "from": "port", "to": "port", "transport_": "multimodal" }, "geometry": { "type": "MultiLineString", "coordinates": [ [ [ 72.33489335, 21.61864673 ], [ 71.47729588, 20.90782022 ] ] ] } },
{ "type": "Feature", "properties": { "start_id": 1701, "end_id": 405, "distance(k": 131.51572023187975, "from": "port", "to": "road", "transport_": "multimodal" }, "geometry": { "type": "MultiLineString", "coordinates": [ [ [ 72.33489335, 21.61864673 ], [ 73.574969592742519, 21.887595261445966 ] ] ] } },
{ "type": "Feature", "properties": { "start_id": 1866, "end_id": 1857, "distance(k": 123.79762646166506, "from": "port", "to": "port", "transport_": "multimodal" }, "geometry": { "type": "MultiLineString", "coordinates": [ [ [ 119.6831626, 39.93930651 ], [ 118.7827141, 39.06933119 ] ] ] } },
{ "type": "Feature", "properties": { "start_id": 205, "end_id": 1899, "distance(k": 75.355617986724383, "from": "road", "to": "port", "transport_": "multimodal" }, "geometry": { "type": "MultiLineString", "coordinates": [ [ [ 122.829888261213796, 40.865044586172232 ], [ 122.0836763, 40.49219904 ] ] ] } },
{ "type": "Feature", "properties": { "start_id": 1621, "end_id": 485, "distance(k": 222.62565639770517, "from": "port", "to": "road", "transport_": "multimodal" }, "geometry": { "type": "MultiLineString", "coordinates": [ [ [ 41.7447, 13.9703 ], [ 43.420034723848332, 12.807392720877612 ] ] ] } },
{ "type": "Feature", "properties": { "start_id": 862, "end_id": 864, "distance(k": 102.21234394353921, "from": "port", "to": "port", "transport_": "multimodal" }, "geometry": { "type": "MultiLineString", "coordinates": [ [ [ -130.2997016, 54.2724405 ], [ -128.8022, 53.9981 ] ] ] } },
{ "type": "Feature", "properties": { "start_id": 1899, "end_id": 1910, "distance(k": 121.88115955492981, "from": "port", "to": "port", "transport_": "multimodal" }, "geometry": { "type": "MultiLineString", "coordinates": [ [ [ 122.0836763, 40.49219904 ], [ 123.0172, 39.6608 ] ] ] } },
{ "type": "Feature", "properties": { "start_id": 1846, "end_id": 235, "distance(k": 81.845250741592068, "from": "port", "to": "road", "transport_": "multimodal" }, "geometry": { "type": "MultiLineString", "coordinates": [ [ [ 117.7500388, 38.76085335 ], [ 116.926443296850493, 38.404086085661085 ] ] ] } },
{ "type": "Feature", "properties": { "start_id": 864, "end_id": 865, "distance(k": 404.52788143168743, "from": "port", "to": "port", "transport_": "multimodal" }, "geometry": { "type": "MultiLineString", "coordinates": [ [ [ -128.8022, 53.9981 ], [ -126.9183, 50.5472 ] ] ] } },
{ "type": "Feature", "properties": { "start_id": 2001, "end_id": 2006, "distance(k": 67.366531451131323, "from": "port", "to": "port", "transport_": "multimodal" }, "geometry": { "type": "MultiLineString", "coordinates": [ [ [ 141.9537815, 46.8546865 ], [ 142.7667, 46.6167 ] ] ] } },
{ "type": "Feature", "properties": { "start_id": 1704, "end_id": 423, "distance(k": 162.07095638720929, "from": "port", "to": "road", "transport_": "multimodal" }, "geometry": { "type": "MultiLineString", "coordinates": [ [ [ 72.67685774, 21.04450609 ], [ 72.889405489445465, 19.600658461531079 ] ] ] } },
{ "type": "Feature", "properties": { "start_id": 1651, "end_id": 1648, "distance(k": 370.91057392749241, "from": "port", "to": "port", "transport_": "multimodal" }, "geometry": { "type": "MultiLineString", "coordinates": [ [ [ 49.30805941, 14.62517813 ], [ 49.17983, 11.29184 ] ] ] } },
{ "type": "Feature", "properties": { "start_id": 1045, "end_id": 1046, "distance(k": 118.75771109654868, "from": "port", "to": "port", "transport_": "multimodal" }, "geometry": { "type": "MultiLineString", "coordinates": [ [ [ -75.25301908, 39.85917491 ], [ -75.1542, 38.7939 ] ] ] } },
{ "type": "Feature", "properties": { "start_id": 1952, "end_id": 173, "distance(k": 60.690837217340913, "from": "port", "to": "road", "transport_": "multimodal" }, "geometry": { "type": "MultiLineString", "coordinates": [ [ [ 131.925, 43.133 ], [ 132.605991907173916, 43.360707025151228 ] ] ] } },
{ "type": "Feature", "properties": { "start_id": 1952, "end_id": 1950, "distance(k": 80.508884927471044, "from": "port", "to": "port", "transport_": "multimodal" }, "geometry": { "type": "MultiLineString", "coordinates": [ [ [ 131.925, 43.133 ], [ 131.1132371, 42.71956959 ] ] ] } },
{ "type": "Feature", "properties": { "start_id": 173, "end_id": 1957, "distance(k": 72.073532952388646, "from": "road", "to": "port", "transport_": "multimodal" }, "geometry": { "type": "MultiLineString", "coordinates": [ [ [ 132.605991907173916, 43.360707025151228 ], [ 132.983398099999988, 42.77409631 ] ] ] } },
{ "type": "Feature", "properties": { "start_id": 1950, "end_id": 207, "distance(k": 251.66271890667929, "from": "port", "to": "road", "transport_": "multimodal" }, "geometry": { "type": "MultiLineString", "coordinates": [ [ [ 131.1132371, 42.71956959 ], [ 129.372884888405537, 40.865044586172232 ] ] ] } },
{ "type": "Feature", "properties": { "start_id": 1910, "end_id": 1903, "distance(k": 62.79541416345559, "from": "port", "to": "port", "transport_": "multimodal" }, "geometry": { "type": "MultiLineString", "coordinates": [ [ [ 123.0172, 39.6608 ], [ 122.3839, 39.3775 ] ] ] } },
{ "type": "Feature", "properties": { "start_id": 1910, "end_id": 1918, "distance(k": 98.398683361863007, "from": "port", "to": "port", "transport_": "multimodal" }, "geometry": { "type": "MultiLineString", "coordinates": [ [ [ 123.0172, 39.6608 ], [ 124.15, 39.8167 ] ] ] } },
{ "type": "Feature", "properties": { "start_id": 1860, "end_id": 1859, "distance(k": 91.035655500875748, "from": "port", "to": "port", "transport_": "multimodal" }, "geometry": { "type": "MultiLineString", "coordinates": [ [ [ 118.9828, 38.0939 ], [ 118.9161, 37.2769 ] ] ] } },
{ "type": "Feature", "properties": { "start_id": 1893, "end_id": 2403, "distance(k": 41.824752754051261, "from": "port", "to": "maritime", "transport_": "multimodal" }, "geometry": { "type": "MultiLineString", "coordinates": [ [ [ 121.634628, 38.91495802 ], [ 122.094427755228395, 39.032002689525108 ] ] ] } },
{ "type": "Feature", "properties": { "start_id": 1918, "end_id": 1925, "distance(k": 160.71791387807542, "from": "port", "to": "port", "transport_": "multimodal" }, "geometry": { "type": "MultiLineString", "coordinates": [ [ [ 124.15, 39.8167 ], [ 125.4014, 38.7439 ] ] ] } },
{ "type": "Feature", "properties": { "start_id": 485, "end_id": 1626, "distance(k": 131.40006187804144, "from": "road", "to": "port", "transport_": "multimodal" }, "geometry": { "type": "MultiLineString", "coordinates": [ [ [ 43.420034723848332, 12.807392720877612 ], [ 43.0115786, 11.69513455 ] ] ] } },
{ "type": "Feature", "properties": { "start_id": 485, "end_id": 1632, "distance(k": 169.04773343636387, "from": "road", "to": "port", "transport_": "multimodal" }, "geometry": { "type": "MultiLineString", "coordinates": [ [ [ 43.420034723848332, 12.807392720877612 ], [ 44.9789, 12.7867 ] ] ] } },
{ "type": "Feature", "properties": { "start_id": 2000, "end_id": 1997, "distance(k": 184.09647233976835, "from": "port", "to": "port", "transport_": "multimodal" }, "geometry": { "type": "MultiLineString", "coordinates": [ [ [ 141.8889287, 45.59564647 ], [ 141.6333, 43.95 ] ] ] } },
{ "type": "Feature", "properties": { "start_id": 1046, "end_id": 1032, "distance(k": 114.04374875542895, "from": "port", "to": "port", "transport_": "multimodal" }, "geometry": { "type": "MultiLineString", "coordinates": [ [ [ -75.1542, 38.7939 ], [ -76.46794098, 38.8606222 ] ] ] } },
{ "type": "Feature", "properties": { "start_id": 842, "end_id": 2251, "distance(k": 147.8635165412866, "from": "port", "to": "maritime", "transport_": "multimodal" }, "geometry": { "type": "MultiLineString", "coordinates": [ [ [ -166.5459169, 53.89795387 ], [ -164.946025973608727, 52.970591630113567 ] ] ] } },
{ "type": "Feature", "properties": { "start_id": 423, "end_id": 1706, "distance(k": 106.56414641718131, "from": "road", "to": "port", "transport_": "multimodal" }, "geometry": { "type": "MultiLineString", "coordinates": [ [ [ 72.889405489445465, 19.600658461531079 ], [ 72.9399192, 18.64349317 ] ] ] } },
{ "type": "Feature", "properties": { "start_id": 1859, "end_id": 265, "distance(k": 179.10429484565213, "from": "port", "to": "road", "transport_": "multimodal" }, "geometry": { "type": "MultiLineString", "coordinates": [ [ [ 118.9161, 37.2769 ], [ 117.735685179376048, 35.974178125305095 ] ] ] } },
{ "type": "Feature", "properties": { "start_id": 2250, "end_id": 835, "distance(k": 129.18295868600075, "from": "maritime", "to": "port", "transport_": "multimodal" }, "geometry": { "type": "MultiLineString", "coordinates": [ [ [ -177.275844550940036, 52.970591630113567 ], [ -176.6156, 51.8808 ] ] ] } },
{ "type": "Feature", "properties": { "start_id": 1032, "end_id": 216, "distance(k": 162.22698979377716, "from": "port", "to": "road", "transport_": "multimodal" }, "geometry": { "type": "MultiLineString", "coordinates": [ [ [ -76.46794098, 38.8606222 ], [ -78.241828841208388, 38.404086085661085 ] ] ] } },
{ "type": "Feature", "properties": { "start_id": 1870, "end_id": 1891, "distance(k": 118.88400183365212, "from": "port", "to": "port", "transport_": "multimodal" }, "geometry": { "type": "MultiLineString", "coordinates": [ [ [ 120.1016397, 37.57710755 ], [ 121.45, 37.55 ] ] ] } },
{ "type": "Feature", "properties": { "start_id": 2600, "end_id": 1706, "distance(k": 231.28367104942183, "from": "maritime", "to": "port", "transport_": "multimodal" }, "geometry": { "type": "MultiLineString", "coordinates": [ [ [ 70.746476470838786, 18.572322382883915 ], [ 72.9399192, 18.64349317 ] ] ] } },
{ "type": "Feature", "properties": { "start_id": 1626, "end_id": 513, "distance(k": 127.90199420895775, "from": "port", "to": "road", "transport_": "multimodal" }, "geometry": { "type": "MultiLineString", "coordinates": [ [ [ 43.0115786, 11.69513455 ], [ 43.203070012008013, 10.560333313258052 ] ] ] } },
{ "type": "Feature", "properties": { "start_id": 1891, "end_id": 1887, "distance(k": 96.633995538152192, "from": "port", "to": "port", "transport_": "multimodal" }, "geometry": { "type": "MultiLineString", "coordinates": [ [ [ 121.45, 37.55 ], [ 121.2669, 36.6933 ] ] ] } },
{ "type": "Feature", "properties": { "start_id": 1891, "end_id": 1904, "distance(k": 100.85399774798243, "from": "port", "to": "port", "transport_": "multimodal" }, "geometry": { "type": "MultiLineString", "coordinates": [ [ [ 121.45, 37.55 ], [ 122.4622481, 37.13167366 ] ] ] } },
{ "type": "Feature", "properties": { "start_id": 2593, "end_id": 1243, "distance(k": 181.04012791220157, "from": "maritime", "to": "port", "transport_": "multimodal" }, "geometry": { "type": "MultiLineString", "coordinates": [ [ [ -25.163932072880701, 18.572322382883915 ], [ -25.03884204, 16.94855309 ] ] ] } },
{ "type": "Feature", "properties": { "start_id": 1706, "end_id": 1708, "distance(k": 154.86035738274589, "from": "port", "to": "port", "transport_": "multimodal" }, "geometry": { "type": "MultiLineString", "coordinates": [ [ [ 72.9399192, 18.64349317 ], [ 73.23898812, 17.28016576 ] ] ] } },
{ "type": "Feature", "properties": { "start_id": 1925, "end_id": 236, "distance(k": 104.72080904767363, "from": "port", "to": "road", "transport_": "multimodal" }, "geometry": { "type": "MultiLineString", "coordinates": [ [ [ 125.4014, 38.7439 ], [ 126.524882910197661, 38.404086085661085 ] ] ] } },
{ "type": "Feature", "properties": { "start_id": 1997, "end_id": 1988, "distance(k": 118.4990589947425, "from": "port", "to": "port", "transport_": "multimodal" }, "geometry": { "type": "MultiLineString", "coordinates": [ [ [ 141.6333, 43.95 ], [ 140.7618013, 43.09188064 ] ] ] } },
{ "type": "Feature", "properties": { "start_id": 383, "end_id": 2116, "distance(k": 143.58312539801648, "from": "road", "to": "country", "transport_": "multimodal" }, "geometry": { "type": "MultiLineString", "coordinates": [ [ [ 88.911946925638915, 24.18858107111306 ], [ 90.2708969, 23.8330002 ] ] ] } },
{ "type": "Feature", "properties": { "start_id": 2618, "end_id": 1255, "distance(k": 224.8130694359096, "from": "maritime", "to": "port", "transport_": "multimodal" }, "geometry": { "type": "MultiLineString", "coordinates": [ [ [ -18.818856056029897, 16.102420527566085 ], [ -17.39310751, 14.61996706 ] ] ] } },
{ "type": "Feature", "properties": { "start_id": 835, "end_id": 2261, "distance(k": 228.97426153541304, "from": "port", "to": "maritime", "transport_": "multimodal" }, "geometry": { "type": "MultiLineString", "coordinates": [ [ [ -176.6156, 51.8808 ], [ -178.176443217318422, 50.071105542797362 ] ] ] } },
{ "type": "Feature", "properties": { "start_id": 835, "end_id": 2262, "distance(k": 261.54502370855687, "from": "port", "to": "maritime", "transport_": "multimodal" }, "geometry": { "type": "MultiLineString", "coordinates": [ [ [ -176.6156, 51.8808 ], [ -174.228673466515431, 50.071105542797362 ] ] ] } },
{ "type": "Feature", "properties": { "start_id": 1887, "end_id": 1873, "distance(k": 123.63823650910891, "from": "port", "to": "port", "transport_": "multimodal" }, "geometry": { "type": "MultiLineString", "coordinates": [ [ [ 121.2669, 36.6933 ], [ 120.2166991, 35.97177874 ] ] ] } },
{ "type": "Feature", "properties": { "start_id": 1904, "end_id": 2438, "distance(k": 89.41421785038969, "from": "port", "to": "maritime", "transport_": "multimodal" }, "geometry": { "type": "MultiLineString", "coordinates": [ [ [ 122.4622481, 37.13167366 ], [ 122.819429584257406, 36.38019468571062 ] ] ] } },
{ "type": "Feature", "properties": { "start_id": 865, "end_id": 866, "distance(k": 113.83677207463451, "from": "port", "to": "port", "transport_": "multimodal" }, "geometry": { "type": "MultiLineString", "coordinates": [ [ [ -126.9183, 50.5472 ], [ -126.122, 49.65993 ] ] ] } },
{ "type": "Feature", "properties": { "start_id": 865, "end_id": 2273, "distance(k": 280.88145487791252, "from": "port", "to": "maritime", "transport_": "multimodal" }, "geometry": { "type": "MultiLineString", "coordinates": [ [ [ -126.9183, 50.5472 ], [ -130.803206207682706, 50.071105542797362 ] ] ] } },
{ "type": "Feature", "properties": { "start_id": 236, "end_id": 1931, "distance(k": 138.65205065974553, "from": "road", "to": "port", "transport_": "multimodal" }, "geometry": { "type": "MultiLineString", "coordinates": [ [ [ 126.524882910197661, 38.404086085661085 ], [ 126.6261187, 37.15972765 ] ] ] } },
{ "type": "Feature", "properties": { "start_id": 1988, "end_id": 1992, "distance(k": 85.995417045892452, "from": "port", "to": "port", "transport_": "multimodal" }, "geometry": { "type": "MultiLineString", "coordinates": [ [ [ 140.7618013, 43.09188064 ], [ 140.9667, 42.3333 ] ] ] } },
{ "type": "Feature", "properties": { "start_id": 1873, "end_id": 1864, "distance(k": 130.64977996864664, "from": "port", "to": "port", "transport_": "multimodal" }, "geometry": { "type": "MultiLineString", "coordinates": [ [ [ 120.2166991, 35.97177874 ], [ 119.5756436, 34.91925161 ] ] ] } },
{ "type": "Feature", "properties": { "start_id": 867, "end_id": 870, "distance(k": 59.668402762707203, "from": "port", "to": "port", "transport_": "multimodal" }, "geometry": { "type": "MultiLineString", "coordinates": [ [ [ -125.2806, 50.07413 ], [ -124.5258, 49.84573 ] ] ] } },
{ "type": "Feature", "properties": { "start_id": 867, "end_id": 866, "distance(k": 75.880258324858858, "from": "port", "to": "port", "transport_": "multimodal" }, "geometry": { "type": "MultiLineString", "coordinates": [ [ [ -125.2806, 50.07413 ], [ -126.122, 49.65993 ] ] ] } },
{ "type": "Feature", "properties": { "start_id": 513, "end_id": 1633, "distance(k": 198.66508707679151, "from": "road", "to": "port", "transport_": "multimodal" }, "geometry": { "type": "MultiLineString", "coordinates": [ [ [ 43.203070012008013, 10.560333313258052 ], [ 45.0167, 10.45 ] ] ] } },
{ "type": "Feature", "properties": { "start_id": 870, "end_id": 868, "distance(k": 69.661298165240737, "from": "port", "to": "port", "transport_": "multimodal" }, "geometry": { "type": "MultiLineString", "coordinates": [ [ [ -124.5258, 49.84573 ], [ -124.8271, 49.25053 ] ] ] } },
{ "type": "Feature", "properties": { "start_id": 1033, "end_id": 1021, "distance(k": 101.29670991911266, "from": "port", "to": "port", "transport_": "multimodal" }, "geometry": { "type": "MultiLineString", "coordinates": [ [ [ -76.24189893, 36.93166113 ], [ -77.2835, 37.30593 ] ] ] } },
{ "type": "Feature", "properties": { "start_id": 1033, "end_id": 247, "distance(k": 113.60323307222393, "from": "port", "to": "road", "transport_": "multimodal" }, "geometry": { "type": "MultiLineString", "coordinates": [ [ [ -76.24189893, 36.93166113 ], [ -76.684990927617264, 35.974178125305095 ] ] ] } },
{ "type": "Feature", "properties": { "start_id": 2116, "end_id": 1737, "distance(k": 30.961032254436091, "from": "country", "to": "port", "transport_": "multimodal" }, "geometry": { "type": "MultiLineString", "coordinates": [ [ [ 90.2708969, 23.8330002 ], [ 90.47984911, 23.63066561 ] ] ] } },
{ "type": "Feature", "properties": { "start_id": 1648, "end_id": 540, "distance(k": 337.27686155604096, "from": "port", "to": "road", "transport_": "multimodal" }, "geometry": { "type": "MultiLineString", "coordinates": [ [ [ 49.17983, 11.29184 ], [ 48.565990343578818, 8.319543933089816 ] ] ] } },
{ "type": "Feature", "properties": { "start_id": 1648, "end_id": 514, "distance(k": 358.45948617884585, "from": "port", "to": "road", "transport_": "multimodal" }, "geometry": { "type": "MultiLineString", "coordinates": [ [ [ 49.17983, 11.29184 ], [ 45.982215028740846, 10.560333313258052 ] ] ] } },
{ "type": "Feature", "properties": { "start_id": 1131, "end_id": 2479, "distance(k": 201.86656280698958, "from": "port", "to": "maritime", "transport_": "multimodal" }, "geometry": { "type": "MultiLineString", "coordinates": [ [ [ -64.75349847, 32.3507793 ], [ -66.379019114317799, 31.173574779410764 ] ] ] } },
{ "type": "Feature", "properties": { "start_id": 1131, "end_id": 2480, "distance(k": 205.18999147727288, "from": "port", "to": "maritime", "transport_": "multimodal" }, "geometry": { "type": "MultiLineString", "coordinates": [ [ [ -64.75349847, 32.3507793 ], [ -63.082066015763829, 31.173574779410764 ] ] ] } },
{ "type": "Feature", "properties": { "start_id": 1249, "end_id": 1245, "distance(k": 142.95569805682524, "from": "port", "to": "port", "transport_": "multimodal" }, "geometry": { "type": "MultiLineString", "coordinates": [ [ [ -22.95333678, 16.46795331 ], [ -24.29, 16.5711 ] ] ] } },
{ "type": "Feature", "properties": { "start_id": 1981, "end_id": 2370, "distance(k": 51.324466348616077, "from": "port", "to": "maritime", "transport_": "multimodal" }, "geometry": { "type": "MultiLineString", "coordinates": [ [ [ 139.4553, 42.1783 ], [ 139.545826776156929, 41.721664659400808 ] ] ] } },
{ "type": "Feature", "properties": { "start_id": 1981, "end_id": 1992, "distance(k": 125.57624642005054, "from": "port", "to": "port", "transport_": "multimodal" }, "geometry": { "type": "MultiLineString", "coordinates": [ [ [ 139.4553, 42.1783 ], [ 140.9667, 42.3333 ] ] ] } },
{ "type": "Feature", "properties": { "start_id": 1737, "end_id": 1735, "distance(k": 153.90742387242398, "from": "port", "to": "port", "transport_": "multimodal" }, "geometry": { "type": "MultiLineString", "coordinates": [ [ [ 90.47984911, 23.63066561 ], [ 89.56113179, 22.53452367 ] ] ] } },
{ "type": "Feature", "properties": { "start_id": 1243, "end_id": 1245, "distance(k": 90.102457850487951, "from": "port", "to": "port", "transport_": "multimodal" }, "geometry": { "type": "MultiLineString", "coordinates": [ [ [ -25.03884204, 16.94855309 ], [ -24.29, 16.5711 ] ] ] } },
{ "type": "Feature", "properties": { "start_id": 1255, "end_id": 1260, "distance(k": 132.39537484181994, "from": "port", "to": "port", "transport_": "multimodal" }, "geometry": { "type": "MultiLineString", "coordinates": [ [ [ -17.39310751, 14.61996706 ], [ -16.27232372, 14.13113442 ] ] ] } },
{ "type": "Feature", "properties": { "start_id": 1708, "end_id": 2624, "distance(k": 130.96429589530294, "from": "port", "to": "maritime", "transport_": "multimodal" }, "geometry": { "type": "MultiLineString", "coordinates": [ [ [ 73.23898812, 17.28016576 ], [ 73.228242215540476, 16.102420527566085 ] ] ] } },
{ "type": "Feature", "properties": { "start_id": 1708, "end_id": 441, "distance(k": 200.18722794712161, "from": "port", "to": "road", "transport_": "multimodal" }, "geometry": { "type": "MultiLineString", "coordinates": [ [ [ 73.23898812, 17.28016576 ], [ 75.124046531755226, 17.326047954329745 ] ] ] } },
{ "type": "Feature", "properties": { "start_id": 1996, "end_id": 1992, "distance(k": 64.037821951148629, "from": "port", "to": "port", "transport_": "multimodal" }, "geometry": { "type": "MultiLineString", "coordinates": [ [ [ 141.6333, 42.6333 ], [ 140.9667, 42.3333 ] ] ] } },
{ "type": "Feature", "properties": { "start_id": 1996, "end_id": 2009, "distance(k": 143.2502891788657, "from": "port", "to": "port", "transport_": "multimodal" }, "geometry": { "type": "MultiLineString", "coordinates": [ [ [ 141.6333, 42.6333 ], [ 143.3, 42.25 ] ] ] } },
{ "type": "Feature", "properties": { "start_id": 1245, "end_id": 452, "distance(k": 177.20167030255718, "from": "port", "to": "road", "transport_": "multimodal" }, "geometry": { "type": "MultiLineString", "coordinates": [ [ [ -24.29, 16.5711 ], [ -23.757328514781662, 15.062139851324615 ] ] ] } },
{ "type": "Feature", "properties": { "start_id": 1260, "end_id": 1259, "distance(k": 82.139587885646719, "from": "port", "to": "port", "transport_": "multimodal" }, "geometry": { "type": "MultiLineString", "coordinates": [ [ [ -16.27232372, 14.13113442 ], [ -16.5667, 13.45 ] ] ] } },
{ "type": "Feature", "properties": { "start_id": 1864, "end_id": 298, "distance(k": 170.17025704430327, "from": "port", "to": "road", "transport_": "multimodal" }, "geometry": { "type": "MultiLineString", "coordinates": [ [ [ 119.5756436, 34.91925161 ], [ 118.697202413463387, 33.572096391225102 ] ] ] } },
{ "type": "Feature", "properties": { "start_id": 868, "end_id": 875, "distance(k": 118.7176523259246, "from": "port", "to": "port", "transport_": "multimodal" }, "geometry": { "type": "MultiLineString", "coordinates": [ [ [ -124.8271, 49.25053 ], [ -123.2624651, 48.94972894 ] ] ] } },
{ "type": "Feature", "properties": { "start_id": 875, "end_id": 91, "distance(k": 80.549365239874803, "from": "port", "to": "road", "transport_": "multimodal" }, "geometry": { "type": "MultiLineString", "coordinates": [ [ [ -123.2624651, 48.94972894 ], [ -122.435135352755367, 48.473553704137302 ] ] ] } },
{ "type": "Feature", "properties": { "start_id": 1734, "end_id": 1733, "distance(k": 207.78330694117383, "from": "port", "to": "port", "transport_": "multimodal" }, "geometry": { "type": "MultiLineString", "coordinates": [ [ [ 88.19243756, 22.30118365 ], [ 86.9628, 20.8233 ] ] ] } },
{ "type": "Feature", "properties": { "start_id": 2020, "end_id": 2014, "distance(k": 85.580902525077633, "from": "port", "to": "port", "transport_": "multimodal" }, "geometry": { "type": "MultiLineString", "coordinates": [ [ [ 145.5757, 43.32713 ], [ 144.6146249, 43.00928656 ] ] ] } },
{ "type": "Feature", "properties": { "start_id": 2020, "end_id": 2372, "distance(k": 201.89700259857446, "from": "port", "to": "maritime", "transport_": "multimodal" }, "geometry": { "type": "MultiLineString", "coordinates": [ [ [ 145.5757, 43.32713 ], [ 146.726592943328171, 41.721664659400808 ] ] ] } },
{ "type": "Feature", "properties": { "start_id": 2014, "end_id": 2009, "distance(k": 136.72837940234416, "from": "port", "to": "port", "transport_": "multimodal" }, "geometry": { "type": "MultiLineString", "coordinates": [ [ [ 144.6146249, 43.00928656 ], [ 143.3, 42.25 ] ] ] } },
{ "type": "Feature", "properties": { "start_id": 1931, "end_id": 1932, "distance(k": 132.81398580791159, "from": "port", "to": "port", "transport_": "multimodal" }, "geometry": { "type": "MultiLineString", "coordinates": [ [ [ 126.6261187, 37.15972765 ], [ 126.6756154, 35.96596453 ] ] ] } },
{ "type": "Feature", "properties": { "start_id": 1735, "end_id": 1736, "distance(k": 95.570734982978422, "from": "port", "to": "port", "transport_": "multimodal" }, "geometry": { "type": "MultiLineString", "coordinates": [ [ [ 89.56113179, 22.53452367 ], [ 90.27897, 21.98919 ] ] ] } },
{ "type": "Feature", "properties": { "start_id": 91, "end_id": 878, "distance(k": 109.82284394920976, "from": "road", "to": "port", "transport_": "multimodal" }, "geometry": { "type": "MultiLineString", "coordinates": [ [ [ -122.435135352755367, 48.473553704137302 ], [ -122.5225509, 47.48762782 ] ] ] } },
{ "type": "Feature", "properties": { "start_id": 247, "end_id": 1027, "distance(k": 138.81858609718793, "from": "road", "to": "port", "transport_": "multimodal" }, "geometry": { "type": "MultiLineString", "coordinates": [ [ [ -76.684990927617264, 35.974178125305095 ], [ -76.7211, 34.7261 ] ] ] } },
{ "type": "Feature", "properties": { "start_id": 2009, "end_id": 2371, "distance(k": 60.287769989404048, "from": "port", "to": "maritime", "transport_": "multimodal" }, "geometry": { "type": "MultiLineString", "coordinates": [ [ [ 143.3, 42.25 ], [ 143.136209859742564, 41.721664659400808 ] ] ] } },
{ "type": "Feature", "properties": { "start_id": 1259, "end_id": 1261, "distance(k": 101.43980288106467, "from": "port", "to": "port", "transport_": "multimodal" }, "geometry": { "type": "MultiLineString", "coordinates": [ [ [ -16.5667, 13.45 ], [ -16.2586, 12.58853 ] ] ] } },
{ "type": "Feature", "properties": { "start_id": 1943, "end_id": 2439, "distance(k": 137.5087491058504, "from": "port", "to": "maritime", "transport_": "multimodal" }, "geometry": { "type": "MultiLineString", "coordinates": [ [ [ 129.1280203, 37.53909857 ], [ 129.668117708177959, 36.38019468571062 ] ] ] } },
{ "type": "Feature", "properties": { "start_id": 1733, "end_id": 1732, "distance(k": 69.574628387993883, "from": "port", "to": "port", "transport_": "multimodal" }, "geometry": { "type": "MultiLineString", "coordinates": [ [ [ 86.9628, 20.8233 ], [ 86.7103, 20.244 ] ] ] } },
{ "type": "Feature", "properties": { "start_id": 1736, "end_id": 1738, "distance(k": 160.7510575063674, "from": "port", "to": "port", "transport_": "multimodal" }, "geometry": { "type": "MultiLineString", "coordinates": [ [ [ 90.27897, 21.98919 ], [ 91.7961112, 22.32937298 ] ] ] } },
{ "type": "Feature", "properties": { "start_id": 452, "end_id": 1247, "distance(k": 31.110844532168667, "from": "road", "to": "port", "transport_": "multimodal" }, "geometry": { "type": "MultiLineString", "coordinates": [ [ [ -23.757328514781662, 15.062139851324615 ], [ -23.5139, 14.91053 ] ] ] } },
{ "type": "Feature", "properties": { "start_id": 452, "end_id": 1244, "distance(k": 73.243136863632373, "from": "road", "to": "port", "transport_": "multimodal" }, "geometry": { "type": "MultiLineString", "coordinates": [ [ [ -23.757328514781662, 15.062139851324615 ], [ -24.4233, 14.9206 ] ] ] } },
{ "type": "Feature", "properties": { "start_id": 1247, "end_id": 2645, "distance(k": 237.9815626449265, "from": "port", "to": "maritime", "transport_": "multimodal" }, "geometry": { "type": "MultiLineString", "coordinates": [ [ [ -23.5139, 14.91053 ], [ -21.733476487163788, 13.644203112651439 ] ] ] } },
{ "type": "Feature", "properties": { "start_id": 878, "end_id": 873, "distance(k": 129.00783728775451, "from": "port", "to": "port", "transport_": "multimodal" }, "geometry": { "type": "MultiLineString", "coordinates": [ [ [ -122.5225509, 47.48762782 ], [ -124.0274924, 46.93890344 ] ] ] } },
{ "type": "Feature", "properties": { "start_id": 1738, "end_id": 410, "distance(k": 205.8007433234047, "from": "port", "to": "road", "transport_": "multimodal" }, "geometry": { "type": "MultiLineString", "coordinates": [ [ [ 91.7961112, 22.32937298 ], [ 93.736082972816931, 21.887595261445966 ] ] ] } },
{ "type": "Feature", "properties": { "start_id": 1932, "end_id": 1929, "distance(k": 135.3968745601845, "from": "port", "to": "port", "transport_": "multimodal" }, "geometry": { "type": "MultiLineString", "coordinates": [ [ [ 126.6756154, 35.96596453 ], [ 126.3838309, 34.77178174 ] ] ] } },
{ "type": "Feature", "properties": { "start_id": 1244, "end_id": 2672, "distance(k": 414.82925255046104, "from": "port", "to": "maritime", "transport_": "multimodal" }, "geometry": { "type": "MultiLineString", "coordinates": [ [ [ -24.4233, 14.9206 ], [ -24.636523639973792, 11.195735316089518 ] ] ] } },
{ "type": "Feature", "properties": { "start_id": 1711, "end_id": 1713, "distance(k": 95.300501814411788, "from": "port", "to": "port", "transport_": "multimodal" }, "geometry": { "type": "MultiLineString", "coordinates": [ [ [ 73.72567372, 15.58622091 ], [ 74.1167, 14.8167 ] ] ] } },
{ "type": "Feature", "properties": { "start_id": 2404, "end_id": 1973, "distance(k": 198.46035998759683, "from": "maritime", "to": "port", "transport_": "multimodal" }, "geometry": { "type": "MultiLineString", "coordinates": [ [ [ 136.10148095521879, 39.032002689525108 ], [ 137.0268001, 37.40194779 ] ] ] } },
{ "type": "Feature", "properties": { "start_id": 1027, "end_id": 1012, "distance(k": 150.81717660117914, "from": "port", "to": "port", "transport_": "multimodal" }, "geometry": { "type": "MultiLineString", "coordinates": [ [ [ -76.7211, 34.7261 ], [ -77.9671, 33.84303 ] ] ] } },
{ "type": "Feature", "properties": { "start_id": 1984, "end_id": 1983, "distance(k": 125.8824722751545, "from": "port", "to": "port", "transport_": "multimodal" }, "geometry": { "type": "MultiLineString", "coordinates": [ [ [ 139.928088699999989, 40.04738205 ], [ 139.855, 38.9167 ] ] ] } },
{ "type": "Feature", "properties": { "start_id": 1984, "end_id": 1994, "distance(k": 142.13946925892739, "from": "port", "to": "port", "transport_": "multimodal" }, "geometry": { "type": "MultiLineString", "coordinates": [ [ [ 139.928088699999989, 40.04738205 ], [ 141.4882643, 39.6020285 ] ] ] } },
{ "type": "Feature", "properties": { "start_id": 1729, "end_id": 2601, "distance(k": 156.83964172389764, "from": "port", "to": "maritime", "transport_": "multimodal" }, "geometry": { "type": "MultiLineString", "coordinates": [ [ [ 84.92, 19.27 ], [ 86.215897203696755, 18.572322382883915 ] ] ] } },
{ "type": "Feature", "properties": { "start_id": 530, "end_id": 1347, "distance(k": 239.65564737586769, "from": "road", "to": "port", "transport_": "multimodal" }, "geometry": { "type": "MultiLineString", "coordinates": [ [ [ 1.509821101312696, 8.319543933089816 ], [ 1.399842039, 6.167031738 ] ] ] } },
{ "type": "Feature", "properties": { "start_id": 1265, "end_id": 1270, "distance(k": 170.33157771407855, "from": "port", "to": "port", "transport_": "multimodal" }, "geometry": { "type": "MultiLineString", "coordinates": [ [ [ -15.584323, 11.86322 ], [ -14.6125, 10.664 ] ] ] } },
{ "type": "Feature", "properties": { "start_id": 2439, "end_id": 1941, "distance(k": 162.03623508445764, "from": "maritime", "to": "port", "transport_": "multimodal" }, "geometry": { "type": "MultiLineString", "coordinates": [ [ [ 129.668117708177959, 36.38019468571062 ], [ 128.639367099999987, 35.1855871 ] ] ] } },
{ "type": "Feature", "properties": { "start_id": 873, "end_id": 874, "distance(k": 84.575395936120117, "from": "port", "to": "port", "transport_": "multimodal" }, "geometry": { "type": "MultiLineString", "coordinates": [ [ [ -124.0274924, 46.93890344 ], [ -123.8449, 46.18873 ] ] ] } },
{ "type": "Feature", "properties": { "start_id": 873, "end_id": 2299, "distance(k": 171.10273141821799, "from": "port", "to": "maritime", "transport_": "multimodal" }, "geometry": { "type": "MultiLineString", "coordinates": [ [ [ -124.0274924, 46.93890344 ], [ -126.245286288207708, 47.234980716592936 ] ] ] } },
{ "type": "Feature", "properties": { "start_id": 443, "end_id": 1727, "distance(k": 165.34088222431552, "from": "road", "to": "port", "transport_": "multimodal" }, "geometry": { "type": "MultiLineString", "coordinates": [ [ [ 80.78407762823538, 17.326047954329745 ], [ 82.29471242, 16.96914415 ] ] ] } },
{ "type": "Feature", "properties": { "start_id": 464, "end_id": 1713, "distance(k": 57.984573167483639, "from": "road", "to": "port", "transport_": "multimodal" }, "geometry": { "type": "MultiLineString", "coordinates": [ [ [ 74.592891881893081, 15.062139851324615 ], [ 74.1167, 14.8167 ] ] ] } },
{ "type": "Feature", "properties": { "start_id": 1713, "end_id": 2651, "distance(k": 199.61228677307804, "from": "port", "to": "maritime", "transport_": "multimodal" }, "geometry": { "type": "MultiLineString", "coordinates": [ [ [ 74.1167, 14.8167 ], [ 72.714284384001502, 13.644203112651439 ] ] ] } },
{ "type": "Feature", "properties": { "start_id": 1713, "end_id": 1714, "distance(k": 232.27342922325656, "from": "port", "to": "port", "transport_": "multimodal" }, "geometry": { "type": "MultiLineString", "coordinates": [ [ [ 74.1167, 14.8167 ], [ 74.81661258, 12.84145158 ] ] ] } },
{ "type": "Feature", "properties": { "start_id": 1929, "end_id": 1930, "distance(k": 113.35520150518909, "from": "port", "to": "port", "transport_": "multimodal" }, "geometry": { "type": "MultiLineString", "coordinates": [ [ [ 126.3838309, 34.77178174 ], [ 126.4654592, 33.75458846 ] ] ] } },
{ "type": "Feature", "properties": { "start_id": 495, "end_id": 1273, "distance(k": 192.96517430277115, "from": "road", "to": "port", "transport_": "multimodal" }, "geometry": { "type": "MultiLineString", "coordinates": [ [ [ -12.37983032264863, 10.560333313258052 ], [ -13.76170393, 9.483368678 ] ] ] } },
{ "type": "Feature", "properties": { "start_id": 1994, "end_id": 2405, "distance(k": 152.84111554492128, "from": "port", "to": "maritime", "transport_": "multimodal" }, "geometry": { "type": "MultiLineString", "coordinates": [ [ [ 141.4882643, 39.6020285 ], [ 143.105007555213973, 39.032002689525108 ] ] ] } },
{ "type": "Feature", "properties": { "start_id": 1728, "end_id": 1727, "distance(k": 129.12900436369605, "from": "port", "to": "port", "transport_": "multimodal" }, "geometry": { "type": "MultiLineString", "coordinates": [ [ [ 83.27253203, 17.65990994 ], [ 82.29471242, 16.96914415 ] ] ] } },
{ "type": "Feature", "properties": { "start_id": 1941, "end_id": 1944, "distance(k": 125.13310997440352, "from": "port", "to": "port", "transport_": "multimodal" }, "geometry": { "type": "MultiLineString", "coordinates": [ [ [ 128.639367099999987, 35.1855871 ], [ 129.3, 34.2 ] ] ] } },
{ "type": "Feature", "properties": { "start_id": 1983, "end_id": 1978, "distance(k": 145.48277554087034, "from": "port", "to": "port", "transport_": "multimodal" }, "geometry": { "type": "MultiLineString", "coordinates": [ [ [ 139.855, 38.9167 ], [ 138.5613, 38.08793 ] ] ] } },
{ "type": "Feature", "properties": { "start_id": 1012, "end_id": 994, "distance(k": 216.10792905200884, "from": "port", "to": "port", "transport_": "multimodal" }, "geometry": { "type": "MultiLineString", "coordinates": [ [ [ -77.9671, 33.84303 ], [ -79.9167, 32.7833 ] ] ] } },
{ "type": "Feature", "properties": { "start_id": 874, "end_id": 2325, "distance(k": 257.67123308784267, "from": "port", "to": "maritime", "transport_": "multimodal" }, "geometry": { "type": "MultiLineString", "coordinates": [ [ [ -123.8449, 46.18873 ], [ -126.030550190739703, 44.454086083266183 ] ] ] } },
{ "type": "Feature", "properties": { "start_id": 2315, "end_id": 2285, "distance(k": 138.95715277805206, "from": "maritime", "to": "maritime", "transport_": "multimodal" }, "geometry": { "type": "MultiLineString", "coordinates": [ [ [ 178.571292350535373, 47.234980716592936 ], [ -179.588187549987794, 47.234980716592936 ] ] ] } },
{ "type": "Feature", "properties": { "start_id": 1270, "end_id": 1273, "distance(k": 160.96671898338599, "from": "port", "to": "port", "transport_": "multimodal" }, "geometry": { "type": "MultiLineString", "coordinates": [ [ [ -14.6125, 10.664 ], [ -13.76170393, 9.483368678 ] ] ] } },
{ "type": "Feature", "properties": { "start_id": 1727, "end_id": 2625, "distance(k": 97.495289510351029, "from": "port", "to": "maritime", "transport_": "multimodal" }, "geometry": { "type": "MultiLineString", "coordinates": [ [ [ 82.29471242, 16.96914415 ], [ 82.432952042697508, 16.102420527566085 ] ] ] } },
{ "type": "Feature", "properties": { "start_id": 2440, "end_id": 1960, "distance(k": 29.362489875675291, "from": "maritime", "to": "port", "transport_": "multimodal" }, "geometry": { "type": "MultiLineString", "coordinates": [ [ [ 133.092461770138243, 36.38019468571062 ], [ 133.3223, 36.19203 ] ] ] } },
{ "type": "Feature", "properties": { "start_id": 1978, "end_id": 2101, "distance(k": 79.852541055913818, "from": "port", "to": "country", "transport_": "multimodal" }, "geometry": { "type": "MultiLineString", "coordinates": [ [ [ 138.5613, 38.08793 ], [ 137.973999, 37.5397987 ] ] ] } },
{ "type": "Feature", "properties": { "start_id": 549, "end_id": 1377, "distance(k": 196.19524797558137, "from": "road", "to": "port", "transport_": "multimodal" }, "geometry": { "type": "MultiLineString", "coordinates": [ [ [ 7.024430078701029, 6.083651096124247 ], [ 7.076609437, 4.319990153 ] ] ] } },
{ "type": "Feature", "properties": { "start_id": 1960, "end_id": 1959, "distance(k": 78.744054305234002, "from": "port", "to": "port", "transport_": "multimodal" }, "geometry": { "type": "MultiLineString", "coordinates": [ [ [ 133.3223, 36.19203 ], [ 133.1449001, 35.4986211 ] ] ] } },
{ "type": "Feature", "properties": { "start_id": 1973, "end_id": 1971, "distance(k": 78.089064571695289, "from": "port", "to": "port", "transport_": "multimodal" }, "geometry": { "type": "MultiLineString", "coordinates": [ [ [ 137.0268001, 37.40194779 ], [ 136.8883887, 36.70841717 ] ] ] } },
{ "type": "Feature", "properties": { "start_id": 1973, "end_id": 1976, "distance(k": 83.628678941239698, "from": "port", "to": "port", "transport_": "multimodal" }, "geometry": { "type": "MultiLineString", "coordinates": [ [ [ 137.0268001, 37.40194779 ], [ 137.85, 37.0333 ] ] ] } },
{ "type": "Feature", "properties": { "start_id": 1358, "end_id": 2717, "distance(k": 87.306355606436355, "from": "port", "to": "maritime", "transport_": "multimodal" }, "geometry": { "type": "MultiLineString", "coordinates": [ [ [ 3.384090465, 6.442980175 ], [ 2.603667375994499, 6.320713330752366 ] ] ] } },
{ "type": "Feature", "properties": { "start_id": 1358, "end_id": 1361, "distance(k": 223.4452787979321, "from": "port", "to": "port", "transport_": "multimodal" }, "geometry": { "type": "MultiLineString", "coordinates": [ [ [ 3.384090465, 6.442980175 ], [ 5.239456643, 5.646796778 ] ] ] } },
{ "type": "Feature", "properties": { "start_id": 2101, "end_id": 1976, "distance(k": 57.378486690103763, "from": "country", "to": "port", "transport_": "multimodal" }, "geometry": { "type": "MultiLineString", "coordinates": [ [ [ 137.973999, 37.5397987 ], [ 137.85, 37.0333 ] ] ] } },
{ "type": "Feature", "properties": { "start_id": 1351, "end_id": 2717, "distance(k": 20.893630290402289, "from": "port", "to": "maritime", "transport_": "multimodal" }, "geometry": { "type": "MultiLineString", "coordinates": [ [ [ 2.4172, 6.3517 ], [ 2.603667375994499, 6.320713330752366 ] ] ] } },
{ "type": "Feature", "properties": { "start_id": 1351, "end_id": 1347, "distance(k": 114.31004408568907, "from": "port", "to": "port", "transport_": "multimodal" }, "geometry": { "type": "MultiLineString", "coordinates": [ [ [ 2.4172, 6.3517 ], [ 1.399842039, 6.167031738 ] ] ] } },
{ "type": "Feature", "properties": { "start_id": 1273, "end_id": 1276, "distance(k": 124.92271509617979, "from": "port", "to": "port", "transport_": "multimodal" }, "geometry": { "type": "MultiLineString", "coordinates": [ [ [ -13.76170393, 9.483368678 ], [ -13.14110576, 8.541841222 ] ] ] } },
{ "type": "Feature", "properties": { "start_id": 1273, "end_id": 2694, "distance(k": 205.05424073347837, "from": "port", "to": "maritime", "transport_": "multimodal" }, "geometry": { "type": "MultiLineString", "coordinates": [ [ [ -13.76170393, 9.483368678 ], [ -15.477636424806994, 8.755166711699014 ] ] ] } },
{ "type": "Feature", "properties": { "start_id": 1944, "end_id": 2472, "distance(k": 117.16031490328407, "from": "port", "to": "maritime", "transport_": "multimodal" }, "geometry": { "type": "MultiLineString", "coordinates": [ [ [ 129.3, 34.2 ], [ 130.455651884025144, 33.761971999546539 ] ] ] } },
{ "type": "Feature", "properties": { "start_id": 1959, "end_id": 1963, "distance(k": 94.512412684141026, "from": "port", "to": "port", "transport_": "multimodal" }, "geometry": { "type": "MultiLineString", "coordinates": [ [ [ 133.1449001, 35.4986211 ], [ 134.1879, 35.5411 ] ] ] } },
{ "type": "Feature", "properties": { "start_id": 1361, "end_id": 1364, "distance(k": 160.36987858105502, "from": "port", "to": "port", "transport_": "multimodal" }, "geometry": { "type": "MultiLineString", "coordinates": [ [ [ 5.239456643, 5.646796778 ], [ 5.6, 4.25 ] ] ] } },
{ "type": "Feature", "properties": { "start_id": 1954, "end_id": 1956, "distance(k": 154.2605973865582, "from": "port", "to": "port", "transport_": "multimodal" }, "geometry": { "type": "MultiLineString", "coordinates": [ [ [ 132.0833, 34.9 ], [ 132.35692130000001, 33.53127496 ] ] ] } },
{ "type": "Feature", "properties": { "start_id": 1963, "end_id": 1966, "distance(k": 114.51087180932961, "from": "port", "to": "port", "transport_": "multimodal" }, "geometry": { "type": "MultiLineString", "coordinates": [ [ [ 134.1879, 35.5411 ], [ 135.452444, 35.50486084 ] ] ] } },
{ "type": "Feature", "properties": { "start_id": 994, "end_id": 981, "distance(k": 134.11170415967169, "from": "port", "to": "port", "transport_": "multimodal" }, "geometry": { "type": "MultiLineString", "coordinates": [ [ [ -79.9167, 32.7833 ], [ -81.12441983, 32.13809544 ] ] ] } },
{ "type": "Feature", "properties": { "start_id": 1872, "end_id": 1886, "distance(k": 235.34739980286142, "from": "port", "to": "port", "transport_": "multimodal" }, "geometry": { "type": "MultiLineString", "coordinates": [ [ [ 120.2130124, 30.23503867 ], [ 121.1088804, 28.26809322 ] ] ] } },
{ "type": "Feature", "properties": { "start_id": 1714, "end_id": 486, "distance(k": 229.95318745536454, "from": "port", "to": "road", "transport_": "multimodal" }, "geometry": { "type": "MultiLineString", "coordinates": [ [ [ 74.81661258, 12.84145158 ], [ 76.937256466361561, 12.807392720877612 ] ] ] } },
{ "type": "Feature", "properties": { "start_id": 267, "end_id": 1966, "distance(k": 112.01101223498333, "from": "road", "to": "port", "transport_": "multimodal" }, "geometry": { "type": "MultiLineString", "coordinates": [ [ [ 136.550589318762491, 35.974178125305095 ], [ 135.452444, 35.50486084 ] ] ] } },
{ "type": "Feature", "properties": { "start_id": 267, "end_id": 1972, "distance(k": 140.63901742888913, "from": "road", "to": "port", "transport_": "multimodal" }, "geometry": { "type": "MultiLineString", "coordinates": [ [ [ 136.550589318762491, 35.974178125305095 ], [ 136.9028552, 34.74243786 ] ] ] } },
{ "type": "Feature", "properties": { "start_id": 1276, "end_id": 527, "distance(k": 92.55286037480677, "from": "port", "to": "road", "transport_": "multimodal" }, "geometry": { "type": "MultiLineString", "coordinates": [ [ [ -13.14110576, 8.541841222 ], [ -12.330228675824396, 8.319543933089816 ] ] ] } },
{ "type": "Feature", "properties": { "start_id": 527, "end_id": 2716, "distance(k": 222.47727955281272, "from": "road", "to": "maritime", "transport_": "multimodal" }, "geometry": { "type": "MultiLineString", "coordinates": [ [ [ -12.330228675824396, 8.319543933089816 ], [ -12.419401184738575, 6.320713330752366 ] ] ] } },
{ "type": "Feature", "properties": { "start_id": 2472, "end_id": 299, "distance(k": 55.890690416848841, "from": "maritime", "to": "road", "transport_": "multimodal" }, "geometry": { "type": "MultiLineString", "coordinates": [ [ [ 130.455651884025144, 33.761971999546539 ], [ 131.014836916041077, 33.572096391225102 ] ] ] } },
{ "type": "Feature", "properties": { "start_id": 1721, "end_id": 1722, "distance(k": 115.99087589253968, "from": "port", "to": "port", "transport_": "multimodal" }, "geometry": { "type": "MultiLineString", "coordinates": [ [ [ 80.1167, 14.2833 ], [ 80.32799541, 13.26055467 ] ] ] } },
{ "type": "Feature", "properties": { "start_id": 2325, "end_id": 871, "distance(k": 184.9461602181008, "from": "maritime", "to": "port", "transport_": "multimodal" }, "geometry": { "type": "MultiLineString", "coordinates": [ [ [ -126.030550190739703, 44.454086083266183 ], [ -124.2293628, 43.41285418 ] ] ] } },
{ "type": "Feature", "properties": { "start_id": 299, "end_id": 1953, "distance(k": 115.53965530483579, "from": "road", "to": "port", "transport_": "multimodal" }, "geometry": { "type": "MultiLineString", "coordinates": [ [ [ 131.014836916041077, 33.572096391225102 ], [ 131.9794075, 32.91717785 ] ] ] } },
{ "type": "Feature", "properties": { "start_id": 2745, "end_id": 1398, "distance(k": 261.17949040867961, "from": "maritime", "to": "port", "transport_": "multimodal" }, "geometry": { "type": "MultiLineString", "coordinates": [ [ [ 8.592777570848256, 3.890641497345556 ], [ 9.743333368, 1.842046935 ] ] ] } },
{ "type": "Feature", "properties": { "start_id": 981, "end_id": 977, "distance(k": 162.01343142286251, "from": "port", "to": "port", "transport_": "multimodal" }, "geometry": { "type": "MultiLineString", "coordinates": [ [ [ -81.12441983, 32.13809544 ], [ -81.53675637, 30.72418623 ] ] ] } },
{ "type": "Feature", "properties": { "start_id": 1987, "end_id": 268, "distance(k": 103.51034258416327, "from": "port", "to": "road", "transport_": "multimodal" }, "geometry": { "type": "MultiLineString", "coordinates": [ [ [ 140.7443735, 36.34423888 ], [ 139.686406675326936, 35.974178125305095 ] ] ] } },
{ "type": "Feature", "properties": { "start_id": 268, "end_id": 1980, "distance(k": 120.46852865244104, "from": "road", "to": "port", "transport_": "multimodal" }, "geometry": { "type": "MultiLineString", "coordinates": [ [ [ 139.686406675326936, 35.974178125305095 ], [ 139.345445899999987, 34.92698486 ] ] ] } },
{ "type": "Feature", "properties": { "start_id": 1956, "end_id": 1953, "distance(k": 76.784446937118446, "from": "port", "to": "port", "transport_": "multimodal" }, "geometry": { "type": "MultiLineString", "coordinates": [ [ [ 132.35692130000001, 33.53127496 ], [ 131.9794075, 32.91717785 ] ] ] } },
{ "type": "Feature", "properties": { "start_id": 1956, "end_id": 300, "distance(k": 161.0572672425603, "from": "port", "to": "road", "transport_": "multimodal" }, "geometry": { "type": "MultiLineString", "coordinates": [ [ [ 132.35692130000001, 33.53127496 ], [ 134.094245541685495, 33.572096391225102 ] ] ] } },
{ "type": "Feature", "properties": { "start_id": 871, "end_id": 2353, "distance(k": 244.7510835032422, "from": "port", "to": "maritime", "transport_": "multimodal" }, "geometry": { "type": "MultiLineString", "coordinates": [ [ [ -124.2293628, 43.41285418 ], [ -126.142521409179054, 41.721664659400808 ] ] ] } },
{ "type": "Feature", "properties": { "start_id": 1333, "end_id": 1322, "distance(k": 145.46811067301908, "from": "port", "to": "port", "transport_": "multimodal" }, "geometry": { "type": "MultiLineString", "coordinates": [ [ [ -1.721720877, 4.910431731 ], [ -2.9536411, 4.458813107 ] ] ] } },
{ "type": "Feature", "properties": { "start_id": 1313, "end_id": 1322, "distance(k": 145.83048267844902, "from": "port", "to": "port", "transport_": "multimodal" }, "geometry": { "type": "MultiLineString", "coordinates": [ [ [ -3.981744768, 5.27773124 ], [ -2.9536411, 4.458813107 ] ] ] } },
{ "type": "Feature", "properties": { "start_id": 1972, "end_id": 2473, "distance(k": 111.72623467823354, "from": "port", "to": "maritime", "transport_": "multimodal" }, "geometry": { "type": "MultiLineString", "coordinates": [ [ [ 136.9028552, 34.74243786 ], [ 137.168654723355758, 33.761971999546539 ] ] ] } },
{ "type": "Feature", "properties": { "start_id": 1953, "end_id": 2498, "distance(k": 200.47759426371587, "from": "port", "to": "maritime", "transport_": "multimodal" }, "geometry": { "type": "MultiLineString", "coordinates": [ [ [ 131.9794075, 32.91717785 ], [ 131.438166798920804, 31.173574779410764 ] ] ] } },
{ "type": "Feature", "properties": { "start_id": 1703, "end_id": 1710, "distance(k": 115.66375696376357, "from": "port", "to": "port", "transport_": "multimodal" }, "geometry": { "type": "MultiLineString", "coordinates": [ [ [ 72.64, 10.57 ], [ 73.67, 10.81 ] ] ] } },
{ "type": "Feature", "properties": { "start_id": 300, "end_id": 2499, "distance(k": 273.40806128759192, "from": "road", "to": "maritime", "transport_": "multimodal" }, "geometry": { "type": "MultiLineString", "coordinates": [ [ [ 134.094245541685495, 33.572096391225102 ], [ 134.735119897474789, 31.173574779410764 ] ] ] } },
{ "type": "Feature", "properties": { "start_id": 487, "end_id": 1719, "distance(k": 173.74480514230913, "from": "road", "to": "port", "transport_": "multimodal" }, "geometry": { "type": "MultiLineString", "coordinates": [ [ [ 79.730358278237659, 12.807392720877612 ], [ 79.80708232, 11.24667095 ] ] ] } },
{ "type": "Feature", "properties": { "start_id": 1279, "end_id": 1280, "distance(k": 99.686201730708845, "from": "port", "to": "port", "transport_": "multimodal" }, "geometry": { "type": "MultiLineString", "coordinates": [ [ [ -10.8167, 6.3167 ], [ -10.0361, 5.8681 ] ] ] } },
{ "type": "Feature", "properties": { "start_id": 2677, "end_id": 515, "distance(k": 151.8599927127697, "from": "maritime", "to": "road", "transport_": "multimodal" }, "geometry": { "type": "MultiLineString", "coordinates": [ [ [ 75.321787324884966, 11.195735316089518 ], [ 76.552810212802015, 10.560333313258052 ] ] ] } },
{ "type": "Feature", "properties": { "start_id": 1886, "end_id": 1878, "distance(k": 138.62647087667975, "from": "port", "to": "port", "transport_": "multimodal" }, "geometry": { "type": "MultiLineString", "coordinates": [ [ [ 121.1088804, 28.26809322 ], [ 120.4, 27.1908 ] ] ] } },
{ "type": "Feature", "properties": { "start_id": 1886, "end_id": 2524, "distance(k": 175.86961393755362, "from": "port", "to": "maritime", "transport_": "multimodal" }, "geometry": { "type": "MultiLineString", "coordinates": [ [ [ 121.1088804, 28.26809322 ], [ 122.86465899438474, 28.6116543300115 ] ] ] } },
{ "type": "Feature", "properties": { "start_id": 412, "end_id": 1787, "distance(k": 207.76443046459809, "from": "road", "to": "port", "transport_": "multimodal" }, "geometry": { "type": "MultiLineString", "coordinates": [ [ [ 105.256719190002315, 21.887595261445966 ], [ 106.9974534, 20.95734524 ] ] ] } },
{ "type": "Feature", "properties": { "start_id": 1296, "end_id": 2740, "distance(k": 100.25175862243485, "from": "port", "to": "maritime", "transport_": "multimodal" }, "geometry": { "type": "MultiLineString", "coordinates": [ [ [ -6.64243, 4.757869 ], [ -6.39520144982552, 3.890641497345556 ] ] ] } },
{ "type": "Feature", "properties": { "start_id": 1286, "end_id": 2739, "distance(k": 129.36950622251328, "from": "port", "to": "maritime", "transport_": "multimodal" }, "geometry": { "type": "MultiLineString", "coordinates": [ [ [ -9.0309, 4.99673 ], [ -9.392797253960275, 3.890641497345556 ] ] ] } },
{ "type": "Feature", "properties": { "start_id": 389, "end_id": 1818, "distance(k": 236.91267867114303, "from": "road", "to": "port", "transport_": "multimodal" }, "geometry": { "type": "MultiLineString", "coordinates": [ [ [ 112.198409907184953, 24.18858107111306 ], [ 113.6879506, 22.55453129 ] ] ] } },
{ "type": "Feature", "properties": { "start_id": 515, "end_id": 1715, "distance(k": 74.694971764622835, "from": "road", "to": "port", "transport_": "multimodal" }, "geometry": { "type": "MultiLineString", "coordinates": [ [ [ 76.552810212802015, 10.560333313258052 ], [ 76.2333, 9.9667 ] ] ] } },
{ "type": "Feature", "properties": { "start_id": 1398, "end_id": 569, "distance(k": 24.575444763360849, "from": "port", "to": "road", "transport_": "multimodal" }, "geometry": { "type": "MultiLineString", "coordinates": [ [ [ 9.743333368, 1.842046935 ], [ 9.752405395729769, 1.621220751157004 ] ] ] } },
{ "type": "Feature", "properties": { "start_id": 1878, "end_id": 1865, "distance(k": 111.45576466476754, "from": "port", "to": "port", "transport_": "multimodal" }, "geometry": { "type": "MultiLineString", "coordinates": [ [ [ 120.4, 27.1908 ], [ 119.6494406, 26.4451232 ] ] ] } },
{ "type": "Feature", "properties": { "start_id": 1878, "end_id": 2542, "distance(k": 143.85649255058036, "from": "port", "to": "maritime", "transport_": "multimodal" }, "geometry": { "type": "MultiLineString", "coordinates": [ [ [ 120.4, 27.1908 ], [ 121.129066188608391, 26.073197253333667 ] ] ] } },
{ "type": "Feature", "properties": { "start_id": 2498, "end_id": 1949, "distance(k": 71.955034383037727, "from": "maritime", "to": "port", "transport_": "multimodal" }, "geometry": { "type": "MultiLineString", "coordinates": [ [ [ 131.438166798920804, 31.173574779410764 ], [ 130.9877755, 30.65449998 ] ] ] } },
{ "type": "Feature", "properties": { "start_id": 569, "end_id": 2771, "distance(k": 131.24531247924594, "from": "road", "to": "maritime", "transport_": "multimodal" }, "geometry": { "type": "MultiLineString", "coordinates": [ [ [ 9.752405395729769, 1.621220751157004 ], [ 8.582282262563437, 1.463252960218705 ] ] ] } },
{ "type": "Feature", "properties": { "start_id": 569, "end_id": 1396, "distance(k": 145.94314291235804, "from": "road", "to": "port", "transport_": "multimodal" }, "geometry": { "type": "MultiLineString", "coordinates": [ [ [ 9.752405395729769, 1.621220751157004 ], [ 9.484275705, 0.336393124 ] ] ] } },
{ "type": "Feature", "properties": { "start_id": 2353, "end_id": 872, "distance(k": 193.18144393374931, "from": "maritime", "to": "port", "transport_": "multimodal" }, "geometry": { "type": "MultiLineString", "coordinates": [ [ [ -126.142521409179054, 41.721664659400808 ], [ -124.1833, 40.8 ] ] ] } },
{ "type": "Feature", "properties": { "start_id": 1719, "end_id": 2678, "distance(k": 171.63566430962337, "from": "port", "to": "maritime", "transport_": "multimodal" }, "geometry": { "type": "MultiLineString", "coordinates": [ [ [ 79.80708232, 11.24667095 ], [ 81.379866777300634, 11.195735316089518 ] ] ] } },
{ "type": "Feature", "properties": { "start_id": 369, "end_id": 1865, "distance(k": 22.757660676416464, "from": "road", "to": "port", "transport_": "multimodal" }, "geometry": { "type": "MultiLineString", "coordinates": [ [ [ 119.430957940364877, 26.505456470477299 ], [ 119.6494406, 26.4451232 ] ] ] } },
{ "type": "Feature", "properties": { "start_id": 1715, "end_id": 1717, "distance(k": 248.63234141279591, "from": "port", "to": "port", "transport_": "multimodal" }, "geometry": { "type": "MultiLineString", "coordinates": [ [ [ 76.2333, 9.9667 ], [ 78.1667, 8.8 ] ] ] } },
{ "type": "Feature", "properties": { "start_id": 1865, "end_id": 1861, "distance(k": 83.554633637214778, "from": "port", "to": "port", "transport_": "multimodal" }, "geometry": { "type": "MultiLineString", "coordinates": [ [ [ 119.6494406, 26.4451232 ], [ 119.500302, 25.70573505 ] ] ] } },
{ "type": "Feature", "properties": { "start_id": 2771, "end_id": 1372, "distance(k": 239.87497858976744, "from": "maritime", "to": "port", "transport_": "multimodal" }, "geometry": { "type": "MultiLineString", "coordinates": [ [ [ 8.582282262563437, 1.463252960218705 ], [ 6.7371, 0.34523 ] ] ] } },
{ "type": "Feature", "properties": { "start_id": 413, "end_id": 1794, "distance(k": 77.545715145550901, "from": "road", "to": "port", "transport_": "multimodal" }, "geometry": { "type": "MultiLineString", "coordinates": [ [ [ 108.136878244298657, 21.887595261445966 ], [ 108.8251558, 21.60891811 ] ] ] } },
{ "type": "Feature", "properties": { "start_id": 413, "end_id": 1787, "distance(k": 156.87626467896618, "from": "road", "to": "port", "transport_": "multimodal" }, "geometry": { "type": "MultiLineString", "coordinates": [ [ [ 108.136878244298657, 21.887595261445966 ], [ 106.9974534, 20.95734524 ] ] ] } },
{ "type": "Feature", "properties": { "start_id": 2474, "end_id": 1982, "distance(k": 98.998876028393965, "from": "maritime", "to": "port", "transport_": "multimodal" }, "geometry": { "type": "MultiLineString", "coordinates": [ [ [ 140.525156143021036, 33.761971999546539 ], [ 139.8219, 33.0925 ] ] ] } },
{ "type": "Feature", "properties": { "start_id": 306, "end_id": 945, "distance(k": 131.37201616481872, "from": "road", "to": "port", "transport_": "multimodal" }, "geometry": { "type": "MultiLineString", "coordinates": [ [ [ -86.199201489108404, 31.194966538777738 ], [ -87.2167, 30.4 ] ] ] } },
{ "type": "Feature", "properties": { "start_id": 2525, "end_id": 1937, "distance(k": 299.76380124203752, "from": "maritime", "to": "port", "transport_": "multimodal" }, "geometry": { "type": "MultiLineString", "coordinates": [ [ [ 126.109333729303486, 28.6116543300115 ], [ 127.8734368, 26.41615252 ] ] ] } },
{ "type": "Feature", "properties": { "start_id": 1635, "end_id": 1631, "distance(k": 71.50416127563777, "from": "port", "to": "port", "transport_": "multimodal" }, "geometry": { "type": "MultiLineString", "coordinates": [ [ [ 45.33836, 2.02372 ], [ 44.77425, 1.71447 ] ] ] } },
{ "type": "Feature", "properties": { "start_id": 516, "end_id": 1717, "distance(k": 233.72338431596847, "from": "road", "to": "port", "transport_": "multimodal" }, "geometry": { "type": "MultiLineString", "coordinates": [ [ [ 79.331955229534842, 10.560333313258052 ], [ 78.1667, 8.8 ] ] ] } },
{ "type": "Feature", "properties": { "start_id": 2770, "end_id": 1372, "distance(k": 178.23254752682016, "from": "maritime", "to": "port", "transport_": "multimodal" }, "geometry": { "type": "MultiLineString", "coordinates": [ [ [ 5.588347753256609, 1.463252960218705 ], [ 6.7371, 0.34523 ] ] ] } },
{ "type": "Feature", "properties": { "start_id": 1742, "end_id": 444, "distance(k": 178.0499632958591, "from": "port", "to": "road", "transport_": "multimodal" }, "geometry": { "type": "MultiLineString", "coordinates": [ [ [ 96.21424857, 16.7197159 ], [ 97.764170917675798, 17.326047954329745 ] ] ] } },
{ "type": "Feature", "properties": { "start_id": 1787, "end_id": 1778, "distance(k": 247.74200078756533, "from": "port", "to": "port", "transport_": "multimodal" }, "geometry": { "type": "MultiLineString", "coordinates": [ [ [ 106.9974534, 20.95734524 ], [ 105.781674, 19.04450697 ] ] ] } },
{ "type": "Feature", "properties": { "start_id": 1982, "end_id": 2501, "distance(k": 256.24938446202469, "from": "port", "to": "maritime", "transport_": "multimodal" }, "geometry": { "type": "MultiLineString", "coordinates": [ [ [ 139.8219, 33.0925 ], [ 141.32902609458273, 31.173574779410764 ] ] ] } },
{ "type": "Feature", "properties": { "start_id": 1982, "end_id": 2500, "distance(k": 271.89277225602422, "from": "port", "to": "maritime", "transport_": "multimodal" }, "geometry": { "type": "MultiLineString", "coordinates": [ [ [ 139.8219, 33.0925 ], [ 138.032072996028745, 31.173574779410764 ] ] ] } },
{ "type": "Feature", "properties": { "start_id": 1794, "end_id": 1803, "distance(k": 90.879162411394702, "from": "port", "to": "port", "transport_": "multimodal" }, "geometry": { "type": "MultiLineString", "coordinates": [ [ [ 108.8251558, 21.60891811 ], [ 109.6969, 21.5058 ] ] ] } },
{ "type": "Feature", "properties": { "start_id": 1861, "end_id": 1858, "distance(k": 104.37084869254416, "from": "port", "to": "port", "transport_": "multimodal" }, "geometry": { "type": "MultiLineString", "coordinates": [ [ [ 119.500302, 25.70573505 ], [ 118.8665683, 24.96212979 ] ] ] } },
{ "type": "Feature", "properties": { "start_id": 431, "end_id": 1778, "distance(k": 169.66808783879523, "from": "road", "to": "port", "transport_": "multimodal" }, "geometry": { "type": "MultiLineString", "coordinates": [ [ [ 104.275947757721596, 19.600658461531079 ], [ 105.781674, 19.04450697 ] ] ] } },
{ "type": "Feature", "properties": { "start_id": 1803, "end_id": 1806, "distance(k": 80.362601287522395, "from": "port", "to": "port", "transport_": "multimodal" }, "geometry": { "type": "MultiLineString", "coordinates": [ [ [ 109.6969, 21.5058 ], [ 110.4, 21.2 ] ] ] } },
{ "type": "Feature", "properties": { "start_id": 331, "end_id": 970, "distance(k": 143.44407112277082, "from": "road", "to": "port", "transport_": "multimodal" }, "geometry": { "type": "MultiLineString", "coordinates": [ [ [ -81.950781629267055, 28.840202324758884 ], [ -82.51443288, 27.64956102 ] ] ] } },
{ "type": "Feature", "properties": { "start_id": 1396, "end_id": 584, "distance(k": 109.09218053921172, "from": "port", "to": "road", "transport_": "multimodal" }, "geometry": { "type": "MultiLineString", "coordinates": [ [ [ 9.484275705, 0.336393124 ], [ 9.750335660541509, -0.607932458106252 ] ] ] } },
{ "type": "Feature", "properties": { "start_id": 414, "end_id": 1810, "distance(k": 42.477501901229473, "from": "road", "to": "port", "transport_": "multimodal" }, "geometry": { "type": "MultiLineString", "coordinates": [ [ [ 111.017037298595, 21.887595261445966 ], [ 111.0308, 21.5058 ] ] ] } },
{ "type": "Feature", "properties": { "start_id": 1858, "end_id": 1848, "distance(k": 98.850481701022076, "from": "port", "to": "port", "transport_": "multimodal" }, "geometry": { "type": "MultiLineString", "coordinates": [ [ [ 118.8665683, 24.96212979 ], [ 118.0667, 24.45 ] ] ] } },
{ "type": "Feature", "properties": { "start_id": 1858, "end_id": 1863, "distance(k": 173.68146956914541, "from": "port", "to": "port", "transport_": "multimodal" }, "geometry": { "type": "MultiLineString", "coordinates": [ [ [ 118.8665683, 24.96212979 ], [ 119.5627167, 23.53494486 ] ] ] } },
{ "type": "Feature", "properties": { "start_id": 1848, "end_id": 1843, "distance(k": 89.023091084104905, "from": "port", "to": "port", "transport_": "multimodal" }, "geometry": { "type": "MultiLineString", "coordinates": [ [ [ 118.0667, 24.45 ], [ 117.5696811, 23.79030664 ] ] ] } },
{ "type": "Feature", "properties": { "start_id": 945, "end_id": 936, "distance(k": 132.39959742713467, "from": "port", "to": "port", "transport_": "multimodal" }, "geometry": { "type": "MultiLineString", "coordinates": [ [ [ -87.2167, 30.4 ], [ -88.59560102, 30.46510686 ] ] ] } },
{ "type": "Feature", "properties": { "start_id": 1810, "end_id": 1806, "distance(k": 73.646564637963422, "from": "port", "to": "port", "transport_": "multimodal" }, "geometry": { "type": "MultiLineString", "coordinates": [ [ [ 111.0308, 21.5058 ], [ 110.4, 21.2 ] ] ] } },
{ "type": "Feature", "properties": { "start_id": 1810, "end_id": 2575, "distance(k": 116.38816670855084, "from": "port", "to": "maritime", "transport_": "multimodal" }, "geometry": { "type": "MultiLineString", "coordinates": [ [ [ 111.0308, 21.5058 ], [ 112.045070251156147, 21.055948186680951 ] ] ] } },
{ "type": "Feature", "properties": { "start_id": 1818, "end_id": 2100, "distance(k": 47.855088750534399, "from": "port", "to": "country", "transport_": "multimodal" }, "geometry": { "type": "MultiLineString", "coordinates": [ [ [ 113.6879506, 22.55453129 ], [ 114.1119995, 22.3766003 ] ] ] } },
{ "type": "Feature", "properties": { "start_id": 1818, "end_id": 2575, "distance(k": 237.76431356266272, "from": "port", "to": "maritime", "transport_": "multimodal" }, "geometry": { "type": "MultiLineString", "coordinates": [ [ [ 113.6879506, 22.55453129 ], [ 112.045070251156147, 21.055948186680951 ] ] ] } },
{ "type": "Feature", "properties": { "start_id": 1806, "end_id": 1805, "distance(k": 123.82204484227715, "from": "port", "to": "port", "transport_": "multimodal" }, "geometry": { "type": "MultiLineString", "coordinates": [ [ [ 110.4, 21.2 ], [ 110.1842278, 20.10489816 ] ] ] } },
{ "type": "Feature", "properties": { "start_id": 1717, "end_id": 1718, "distance(k": 192.0085054348809, "from": "port", "to": "port", "transport_": "multimodal" }, "geometry": { "type": "MultiLineString", "coordinates": [ [ [ 78.1667, 8.8 ], [ 79.731575, 8.034866 ] ] ] } },
{ "type": "Feature", "properties": { "start_id": 936, "end_id": 929, "distance(k": 189.25817323728222, "from": "port", "to": "port", "transport_": "multimodal" }, "geometry": { "type": "MultiLineString", "coordinates": [ [ [ -88.59560102, 30.46510686 ], [ -90.34504536, 29.68718469 ] ] ] } },
{ "type": "Feature", "properties": { "start_id": 1843, "end_id": 1837, "distance(k": 112.55779790148463, "from": "port", "to": "port", "transport_": "multimodal" }, "geometry": { "type": "MultiLineString", "coordinates": [ [ [ 117.5696811, 23.79030664 ], [ 116.6375307, 23.24796085 ] ] ] } },
{ "type": "Feature", "properties": { "start_id": 2100, "end_id": 2576, "distance(k": 182.99485092358265, "from": "country", "to": "maritime", "transport_": "multimodal" }, "geometry": { "type": "MultiLineString", "coordinates": [ [ [ 114.1119995, 22.3766003 ], [ 115.16901303679866, 21.055948186680951 ] ] ] } },
{ "type": "Feature", "properties": { "start_id": 1778, "end_id": 1783, "distance(k": 124.79813751608222, "from": "port", "to": "port", "transport_": "multimodal" }, "geometry": { "type": "MultiLineString", "coordinates": [ [ [ 105.781674, 19.04450697 ], [ 106.4294, 18.105 ] ] ] } },
{ "type": "Feature", "properties": { "start_id": 584, "end_id": 1393, "distance(k": 109.30440578571401, "from": "road", "to": "port", "transport_": "multimodal" }, "geometry": { "type": "MultiLineString", "coordinates": [ [ [ 9.750335660541509, -0.607932458106252 ], [ 8.781165, -0.772646 ] ] ] } },
{ "type": "Feature", "properties": { "start_id": 1393, "end_id": 2792, "distance(k": 30.698490204585493, "from": "port", "to": "maritime", "transport_": "multimodal" }, "geometry": { "type": "MultiLineString", "coordinates": [ [ [ 8.781165, -0.772646 ], [ 8.581303690806834, -0.963129086041152 ] ] ] } },
{ "type": "Feature", "properties": { "start_id": 589, "end_id": 1619, "distance(k": 210.16851164686994, "from": "road", "to": "port", "transport_": "multimodal" }, "geometry": { "type": "MultiLineString", "coordinates": [ [ [ 40.001384808200655, -0.607932458106252 ], [ 40.90331, -2.26912 ] ] ] } },
{ "type": "Feature", "properties": { "start_id": 1624, "end_id": 1619, "distance(k": 279.74102012719061, "from": "port", "to": "port", "transport_": "multimodal" }, "geometry": { "type": "MultiLineString", "coordinates": [ [ [ 42.55, -0.3667 ], [ 40.90331, -2.26912 ] ] ] } },
{ "type": "Feature", "properties": { "start_id": 1799, "end_id": 432, "distance(k": 84.982083143227669, "from": "port", "to": "road", "transport_": "multimodal" }, "geometry": { "type": "MultiLineString", "coordinates": [ [ [ 109.1833, 19.7333 ], [ 109.982591806499087, 19.600658461531079 ] ] ] } },
{ "type": "Feature", "properties": { "start_id": 1799, "end_id": 1793, "distance(k": 92.139040547078466, "from": "port", "to": "port", "transport_": "multimodal" }, "geometry": { "type": "MultiLineString", "coordinates": [ [ [ 109.1833, 19.7333 ], [ 108.6167, 19.1 ] ] ] } },
{ "type": "Feature", "properties": { "start_id": 1805, "end_id": 432, "distance(k": 59.903565855466638, "from": "port", "to": "road", "transport_": "multimodal" }, "geometry": { "type": "MultiLineString", "coordinates": [ [ [ 110.1842278, 20.10489816 ], [ 109.982591806499087, 19.600658461531079 ] ] ] } },
{ "type": "Feature", "properties": { "start_id": 1896, "end_id": 2555, "distance(k": 151.97766158806138, "from": "port", "to": "maritime", "transport_": "multimodal" }, "geometry": { "type": "MultiLineString", "coordinates": [ [ [ 121.7445592, 24.55034354 ], [ 122.770855759605155, 23.555465493916248 ] ] ] } },
{ "type": "Feature", "properties": { "start_id": 208, "end_id": 876, "distance(k": 14.398821923718488, "from": "road", "to": "port", "transport_": "multimodal" }, "geometry": { "type": "MultiLineString", "coordinates": [ [ [ -123.034547036828485, 38.404086085661085 ], [ -123.0675, 38.2772 ] ] ] } },
{ "type": "Feature", "properties": { "start_id": 1863, "end_id": 1875, "distance(k": 74.531695747598576, "from": "port", "to": "port", "transport_": "multimodal" }, "geometry": { "type": "MultiLineString", "coordinates": [ [ [ 119.5627167, 23.53494486 ], [ 120.256266, 23.748531 ] ] ] } },
{ "type": "Feature", "properties": { "start_id": 876, "end_id": 879, "distance(k": 107.71262435007237, "from": "port", "to": "port", "transport_": "multimodal" }, "geometry": { "type": "MultiLineString", "coordinates": [ [ [ -123.0675, 38.2772 ], [ -121.9482886, 37.87453628 ] ] ] } },
{ "type": "Feature", "properties": { "start_id": 1035, "end_id": 1042, "distance(k": 79.604678640684114, "from": "port", "to": "port", "transport_": "multimodal" }, "geometry": { "type": "MultiLineString", "coordinates": [ [ [ -76.1928, 24.88053 ], [ -75.5208, 24.5067 ] ] ] } },
{ "type": "Feature", "properties": { "start_id": 1035, "end_id": 1019, "distance(k": 140.59623447573512, "from": "port", "to": "port", "transport_": "multimodal" }, "geometry": { "type": "MultiLineString", "coordinates": [ [ [ -76.1928, 24.88053 ], [ -77.58615719, 24.91875434 ] ] ] } },
{ "type": "Feature", "properties": { "start_id": 1793, "end_id": 1802, "distance(k": 123.64626010382321, "from": "port", "to": "port", "transport_": "multimodal" }, "geometry": { "type": "MultiLineString", "coordinates": [ [ [ 108.6167, 19.1 ], [ 109.45, 18.3167 ] ] ] } },
{ "type": "Feature", "properties": { "start_id": 432, "end_id": 1809, "distance(k": 82.689294833339858, "from": "road", "to": "port", "transport_": "multimodal" }, "geometry": { "type": "MultiLineString", "coordinates": [ [ [ 109.982591806499087, 19.600658461531079 ], [ 110.7480519, 19.42056569 ] ] ] } },
{ "type": "Feature", "properties": { "start_id": 1726, "end_id": 2120, "distance(k": 118.54276306170122, "from": "port", "to": "country", "transport_": "multimodal" }, "geometry": { "type": "MultiLineString", "coordinates": [ [ [ 81.2167, 8.55 ], [ 80.7042999, 7.61236 ] ] ] } },
{ "type": "Feature", "properties": { "start_id": 1718, "end_id": 2120, "distance(k": 117.00155576043666, "from": "port", "to": "country", "transport_": "multimodal" }, "geometry": { "type": "MultiLineString", "coordinates": [ [ [ 79.731575, 8.034866 ], [ 80.7042999, 7.61236 ] ] ] } },
{ "type": "Feature", "properties": { "start_id": 1783, "end_id": 447, "distance(k": 88.580773136165348, "from": "port", "to": "road", "transport_": "multimodal" }, "geometry": { "type": "MultiLineString", "coordinates": [ [ [ 106.4294, 18.105 ], [ 106.254217562395979, 17.326047954329745 ] ] ] } },
{ "type": "Feature", "properties": { "start_id": 991, "end_id": 1002, "distance(k": 93.956463178701924, "from": "port", "to": "port", "transport_": "multimodal" }, "geometry": { "type": "MultiLineString", "coordinates": [ [ [ -80.16079119, 25.93726919 ], [ -79.3053, 25.5903 ] ] ] } },
{ "type": "Feature", "properties": { "start_id": 991, "end_id": 973, "distance(k": 226.26203942672009, "from": "port", "to": "port", "transport_": "multimodal" }, "geometry": { "type": "MultiLineString", "coordinates": [ [ [ -80.16079119, 25.93726919 ], [ -81.81, 24.55323 ] ] ] } },
{ "type": "Feature", "properties": { "start_id": 1002, "end_id": 1019, "distance(k": 188.32329181148239, "from": "port", "to": "port", "transport_": "multimodal" }, "geometry": { "type": "MultiLineString", "coordinates": [ [ [ -79.3053, 25.5903 ], [ -77.58615719, 24.91875434 ] ] ] } },
{ "type": "Feature", "properties": { "start_id": 1809, "end_id": 1813, "distance(k": 334.13592826787385, "from": "port", "to": "port", "transport_": "multimodal" }, "geometry": { "type": "MultiLineString", "coordinates": [ [ [ 110.7480519, 19.42056569 ], [ 112.3644, 16.8378 ] ] ] } },
{ "type": "Feature", "properties": { "start_id": 1922, "end_id": 2555, "distance(k": 290.00121445338488, "from": "port", "to": "maritime", "transport_": "multimodal" }, "geometry": { "type": "MultiLineString", "coordinates": [ [ [ 125.2833, 24.8 ], [ 122.770855759605155, 23.555465493916248 ] ] ] } },
{ "type": "Feature", "properties": { "start_id": 2120, "end_id": 1720, "distance(k": 119.59620239786368, "from": "country", "to": "port", "transport_": "multimodal" }, "geometry": { "type": "MultiLineString", "coordinates": [ [ [ 80.7042999, 7.61236 ], [ 79.85, 6.95 ] ] ] } },
{ "type": "Feature", "properties": { "start_id": 914, "end_id": 908, "distance(k": 134.92762575319358, "from": "port", "to": "port", "transport_": "multimodal" }, "geometry": { "type": "MultiLineString", "coordinates": [ [ [ -93.72869081, 30.02681352 ], [ -95.01911287, 29.55952294 ] ] ] } },
{ "type": "Feature", "properties": { "start_id": 2113, "end_id": 1758, "distance(k": 223.26219494175027, "from": "country", "to": "port", "transport_": "multimodal" }, "geometry": { "type": "MultiLineString", "coordinates": [ [ [ 101.0149994, 15.1198997 ], [ 100.9262516, 13.11389984 ] ] ] } },
{ "type": "Feature", "properties": { "start_id": 1876, "end_id": 1881, "distance(k": 101.3272210814921, "from": "port", "to": "port", "transport_": "multimodal" }, "geometry": { "type": "MultiLineString", "coordinates": [ [ [ 120.3126398, 22.72941719 ], [ 120.8333, 21.9558 ] ] ] } },
{ "type": "Feature", "properties": { "start_id": 1739, "end_id": 2722, "distance(k": 596.29306541951928, "from": "port", "to": "maritime", "transport_": "multimodal" }, "geometry": { "type": "MultiLineString", "coordinates": [ [ [ 92.75, 11.6833 ], [ 92.742078740392927, 6.320713330752366 ] ] ] } },
{ "type": "Feature", "properties": { "start_id": 1720, "end_id": 1723, "distance(k": 134.19003389033028, "from": "port", "to": "port", "transport_": "multimodal" }, "geometry": { "type": "MultiLineString", "coordinates": [ [ [ 79.85, 6.95 ], [ 80.41959755, 5.884173012 ] ] ] } },
{ "type": "Feature", "properties": { "start_id": 1619, "end_id": 603, "distance(k": 115.75244192551614, "from": "port", "to": "road", "transport_": "multimodal" }, "geometry": { "type": "MultiLineString", "coordinates": [ [ [ 40.90331, -2.26912 ], [ 40.030277123264376, -2.83743844333639 ] ] ] } },
{ "type": "Feature", "properties": { "start_id": 1080, "end_id": 1066, "distance(k": 125.93584613437916, "from": "port", "to": "port", "transport_": "multimodal" }, "geometry": { "type": "MultiLineString", "coordinates": [ [ [ -71.1273, 21.46073 ], [ -72.32179739, 21.68154772 ] ] ] } },
{ "type": "Feature", "properties": { "start_id": 2114, "end_id": 1789, "distance(k": 210.79682783221105, "from": "country", "to": "port", "transport_": "multimodal" }, "geometry": { "type": "MultiLineString", "coordinates": [ [ [ 106.3040009, 16.6515999 ], [ 108.1847, 16.07063 ] ] ] } },
{ "type": "Feature", "properties": { "start_id": 1881, "end_id": 2577, "distance(k": 116.86257836199241, "from": "port", "to": "maritime", "transport_": "multimodal" }, "geometry": { "type": "MultiLineString", "coordinates": [ [ [ 120.8333, 21.9558 ], [ 121.416898608083656, 21.055948186680951 ] ] ] } },
{ "type": "Feature", "properties": { "start_id": 2526, "end_id": 2004, "distance(k": 192.52487819878803, "from": "maritime", "to": "port", "transport_": "multimodal" }, "geometry": { "type": "MultiLineString", "coordinates": [ [ [ 142.332707403897246, 28.6116543300115 ], [ 142.2228389, 26.88296858 ] ] ] } },
{ "type": "Feature", "properties": { "start_id": 1789, "end_id": 1795, "distance(k": 105.56036780086615, "from": "port", "to": "port", "transport_": "multimodal" }, "geometry": { "type": "MultiLineString", "coordinates": [ [ [ 108.1847, 16.07063 ], [ 108.8297, 15.3525 ] ] ] } },
{ "type": "Feature", "properties": { "start_id": 488, "end_id": 1758, "distance(k": 181.39696010544222, "from": "road", "to": "port", "transport_": "multimodal" }, "geometry": { "type": "MultiLineString", "coordinates": [ [ [ 99.28207096137038, 12.807392720877612 ], [ 100.9262516, 13.11389984 ] ] ] } },
{ "type": "Feature", "properties": { "start_id": 488, "end_id": 1751, "distance(k": 181.68811261219591, "from": "road", "to": "port", "transport_": "multimodal" }, "geometry": { "type": "MultiLineString", "coordinates": [ [ [ 99.28207096137038, 12.807392720877612 ], [ 99.59478202, 11.20231453 ] ] ] } },
{ "type": "Feature", "properties": { "start_id": 2602, "end_id": 1879, "distance(k": 69.068765079215993, "from": "maritime", "to": "port", "transport_": "multimodal" }, "geometry": { "type": "MultiLineString", "coordinates": [ [ [ 120.248622815984305, 18.572322382883915 ], [ 120.510106, 18.002948 ] ] ] } },
{ "type": "Feature", "properties": { "start_id": 1879, "end_id": 448, "distance(k": 76.098165951920208, "from": "port", "to": "road", "transport_": "multimodal" }, "geometry": { "type": "MultiLineString", "coordinates": [ [ [ 120.510106, 18.002948 ], [ 120.404295303596314, 17.326047954329745 ] ] ] } },
{ "type": "Feature", "properties": { "start_id": 1751, "end_id": 517, "distance(k": 113.56024808061619, "from": "port", "to": "road", "transport_": "multimodal" }, "geometry": { "type": "MultiLineString", "coordinates": [ [ [ 99.59478202, 11.20231453 ], [ 98.785970346664698, 10.560333313258052 ] ] ] } },
{ "type": "Feature", "properties": { "start_id": 1800, "end_id": 491, "distance(k": 203.52006754570451, "from": "port", "to": "road", "transport_": "multimodal" }, "geometry": { "type": "MultiLineString", "coordinates": [ [ [ 109.2636111, 13.76578132 ], [ 107.661376396998691, 12.807392720877612 ] ] ] } },
{ "type": "Feature", "properties": { "start_id": 517, "end_id": 1748, "distance(k": 69.58699238641276, "from": "road", "to": "port", "transport_": "multimodal" }, "geometry": { "type": "MultiLineString", "coordinates": [ [ [ 98.785970346664698, 10.560333313258052 ], [ 98.5772, 9.9692 ] ] ] } },
{ "type": "Feature", "properties": { "start_id": 2628, "end_id": 1871, "distance(k": 98.24537019531887, "from": "maritime", "to": "port", "transport_": "multimodal" }, "geometry": { "type": "MultiLineString", "coordinates": [ [ [ 119.251791351325636, 16.102420527566085 ], [ 120.1709978, 16.07776363 ] ] ] } },
{ "type": "Feature", "properties": { "start_id": 1748, "end_id": 1753, "distance(k": 162.98106453761238, "from": "port", "to": "port", "transport_": "multimodal" }, "geometry": { "type": "MultiLineString", "coordinates": [ [ [ 98.5772, 9.9692 ], [ 99.78373956, 9.11325841 ] ] ] } },
{ "type": "Feature", "properties": { "start_id": 1871, "end_id": 1882, "distance(k": 243.43848582349196, "from": "port", "to": "port", "transport_": "multimodal" }, "geometry": { "type": "MultiLineString", "coordinates": [ [ [ 120.1709978, 16.07776363 ], [ 120.9811269, 14.0329984 ] ] ] } },
{ "type": "Feature", "properties": { "start_id": 1769, "end_id": 518, "distance(k": 90.696742136541388, "from": "port", "to": "road", "transport_": "multimodal" }, "geometry": { "type": "MultiLineString", "coordinates": [ [ [ 103.5164374, 10.61638605 ], [ 104.344260380130322, 10.560333313258052 ] ] ] } },
{ "type": "Feature", "properties": { "start_id": 1725, "end_id": 1723, "distance(k": 82.09276431357587, "from": "port", "to": "port", "transport_": "multimodal" }, "geometry": { "type": "MultiLineString", "coordinates": [ [ [ 81.1192, 6.1311 ], [ 80.41959755, 5.884173012 ] ] ] } },
{ "type": "Feature", "properties": { "start_id": 1798, "end_id": 1796, "distance(k": 156.2053986852047, "from": "port", "to": "port", "transport_": "multimodal" }, "geometry": { "type": "MultiLineString", "coordinates": [ [ [ 109.1699675, 11.92847759 ], [ 108.98, 10.5361 ] ] ] } },
{ "type": "Feature", "properties": { "start_id": 1798, "end_id": 2679, "distance(k": 284.3010509963583, "from": "port", "to": "maritime", "transport_": "multimodal" }, "geometry": { "type": "MultiLineString", "coordinates": [ [ [ 109.1699675, 11.92847759 ], [ 111.670264039379049, 11.195735316089518 ] ] ] } },
{ "type": "Feature", "properties": { "start_id": 1786, "end_id": 1785, "distance(k": 110.7706116222172, "from": "port", "to": "port", "transport_": "multimodal" }, "geometry": { "type": "MultiLineString", "coordinates": [ [ [ 106.8333655, 10.57810105 ], [ 106.50538, 9.635698 ] ] ] } },
{ "type": "Feature", "properties": { "start_id": 519, "end_id": 1796, "distance(k": 202.97283484811754, "from": "road", "to": "port", "transport_": "multimodal" }, "geometry": { "type": "MultiLineString", "coordinates": [ [ [ 107.123405396863163, 10.560333313258052 ], [ 108.98, 10.5361 ] ] ] } },
{ "type": "Feature", "properties": { "start_id": 541, "end_id": 1747, "distance(k": 54.07868885969355, "from": "road", "to": "port", "transport_": "multimodal" }, "geometry": { "type": "MultiLineString", "coordinates": [ [ [ 98.390169541272371, 8.319543933089816 ], [ 98.4, 7.8333 ] ] ] } },
{ "type": "Feature", "properties": { "start_id": 1747, "end_id": 1752, "distance(k": 216.72940330557856, "from": "port", "to": "port", "transport_": "multimodal" }, "geometry": { "type": "MultiLineString", "coordinates": [ [ [ 98.4, 7.8333 ], [ 99.7667, 6.4333 ] ] ] } },
{ "type": "Feature", "properties": { "start_id": 1709, "end_id": 2748, "distance(k": 448.88795590294171, "from": "port", "to": "maritime", "transport_": "multimodal" }, "geometry": { "type": "MultiLineString", "coordinates": [ [ [ 73.5, 4.1667 ], [ 77.537481065947631, 3.890641497345556 ] ] ] } },
{ "type": "Feature", "properties": { "start_id": 2722, "end_id": 1740, "distance(k": 290.43739810835541, "from": "maritime", "to": "port", "transport_": "multimodal" }, "geometry": { "type": "MultiLineString", "coordinates": [ [ [ 92.742078740392927, 6.320713330752366 ], [ 95.28428584, 5.664908531 ] ] ] } },
{ "type": "Feature", "properties": { "start_id": 1882, "end_id": 1902, "distance(k": 213.72376116394184, "from": "port", "to": "port", "transport_": "multimodal" }, "geometry": { "type": "MultiLineString", "coordinates": [ [ [ 120.9811269, 14.0329984 ], [ 122.27159, 12.57789 ] ] ] } },
{ "type": "Feature", "properties": { "start_id": 2723, "end_id": 1744, "distance(k": 193.07098859725042, "from": "maritime", "to": "port", "transport_": "multimodal" }, "geometry": { "type": "MultiLineString", "coordinates": [ [ [ 95.746692452539548, 6.320713330752366 ], [ 97.09191813, 5.21457565 ] ] ] } },
{ "type": "Feature", "properties": { "start_id": 1756, "end_id": 1752, "distance(k": 125.36571093129318, "from": "port", "to": "port", "transport_": "multimodal" }, "geometry": { "type": "MultiLineString", "coordinates": [ [ [ 100.5833, 7.2167 ], [ 99.7667, 6.4333 ] ] ] } },
{ "type": "Feature", "properties": { "start_id": 1911, "end_id": 1916, "distance(k": 98.148259991823892, "from": "port", "to": "port", "transport_": "multimodal" }, "geometry": { "type": "MultiLineString", "coordinates": [ [ [ 123.04123, 13.50873 ], [ 123.793202, 13.01536962 ] ] ] } },
{ "type": "Feature", "properties": { "start_id": 1911, "end_id": 1902, "distance(k": 132.90575661833415, "from": "port", "to": "port", "transport_": "multimodal" }, "geometry": { "type": "MultiLineString", "coordinates": [ [ [ 123.04123, 13.50873 ], [ 122.27159, 12.57789 ] ] ] } },
{ "type": "Feature", "properties": { "start_id": 1752, "end_id": 554, "distance(k": 125.97517856017058, "from": "port", "to": "road", "transport_": "multimodal" }, "geometry": { "type": "MultiLineString", "coordinates": [ [ [ 99.7667, 6.4333 ], [ 100.850779564306492, 6.083651096124247 ] ] ] } },
{ "type": "Feature", "properties": { "start_id": 1902, "end_id": 1890, "distance(k": 112.73213237174275, "from": "port", "to": "port", "transport_": "multimodal" }, "geometry": { "type": "MultiLineString", "coordinates": [ [ [ 122.27159, 12.57789 ], [ 121.3836, 12.0533 ] ] ] } },
{ "type": "Feature", "properties": { "start_id": 1902, "end_id": 2111, "distance(k": 113.20581292383255, "from": "port", "to": "country", "transport_": "multimodal" }, "geometry": { "type": "MultiLineString", "coordinates": [ [ [ 122.27159, 12.57789 ], [ 122.8740005, 11.7474003 ] ] ] } },
{ "type": "Feature", "properties": { "start_id": 554, "end_id": 1754, "distance(k": 93.040921435956577, "from": "road", "to": "port", "transport_": "multimodal" }, "geometry": { "type": "MultiLineString", "coordinates": [ [ [ 100.850779564306492, 6.083651096124247 ], [ 100.3464139, 5.414099258 ] ] ] } },
{ "type": "Feature", "properties": { "start_id": 554, "end_id": 1762, "distance(k": 133.3243705847168, "from": "road", "to": "port", "transport_": "multimodal" }, "geometry": { "type": "MultiLineString", "coordinates": [ [ [ 100.850779564306492, 6.083651096124247 ], [ 102.0308135, 6.331523394 ] ] ] } },
{ "type": "Feature", "properties": { "start_id": 1744, "end_id": 1741, "distance(k": 160.44377226881036, "from": "port", "to": "port", "transport_": "multimodal" }, "geometry": { "type": "MultiLineString", "coordinates": [ [ [ 97.09191813, 5.21457565 ], [ 96.1333, 4.1333 ] ] ] } },
{ "type": "Feature", "properties": { "start_id": 1744, "end_id": 1746, "distance(k": 181.51470127932348, "from": "port", "to": "port", "transport_": "multimodal" }, "geometry": { "type": "MultiLineString", "coordinates": [ [ [ 97.09191813, 5.21457565 ], [ 98.31709759, 4.131212302 ] ] ] } },
{ "type": "Feature", "properties": { "start_id": 1762, "end_id": 1765, "distance(k": 165.13029739540085, "from": "port", "to": "port", "transport_": "multimodal" }, "geometry": { "type": "MultiLineString", "coordinates": [ [ [ 102.0308135, 6.331523394 ], [ 103.1458728, 5.344143744 ] ] ] } },
{ "type": "Feature", "properties": { "start_id": 1754, "end_id": 1757, "distance(k": 132.64547802342156, "from": "port", "to": "port", "transport_": "multimodal" }, "geometry": { "type": "MultiLineString", "coordinates": [ [ [ 100.3464139, 5.414099258 ], [ 100.6778, 4.2678 ] ] ] } },
{ "type": "Feature", "properties": { "start_id": 1741, "end_id": 1743, "distance(k": 188.95375373598102, "from": "port", "to": "port", "transport_": "multimodal" }, "geometry": { "type": "MultiLineString", "coordinates": [ [ [ 96.1333, 4.1333 ], [ 96.4036, 2.45556 ] ] ] } },
{ "type": "Feature", "properties": { "start_id": 1906, "end_id": 1908, "distance(k": 108.61331480884988, "from": "port", "to": "port", "transport_": "multimodal" }, "geometry": { "type": "MultiLineString", "coordinates": [ [ [ 122.6023266, 11.59624974 ], [ 122.766866, 10.63290215 ] ] ] } },
{ "type": "Feature", "properties": { "start_id": 1765, "end_id": 1768, "distance(k": 81.552644188423088, "from": "port", "to": "port", "transport_": "multimodal" }, "geometry": { "type": "MultiLineString", "coordinates": [ [ [ 103.1458728, 5.344143744 ], [ 103.4387858, 4.671267517 ] ] ] } },
{ "type": "Feature", "properties": { "start_id": 1746, "end_id": 1750, "distance(k": 152.69369706127304, "from": "port", "to": "port", "transport_": "multimodal" }, "geometry": { "type": "MultiLineString", "coordinates": [ [ [ 98.31709759, 4.131212302 ], [ 99.4608, 3.3675 ] ] ] } },
{ "type": "Feature", "properties": { "start_id": 1856, "end_id": 1851, "distance(k": 70.023916818790767, "from": "port", "to": "port", "transport_": "multimodal" }, "geometry": { "type": "MultiLineString", "coordinates": [ [ [ 118.7661, 9.7525 ], [ 118.1966, 9.4674 ] ] ] } },
{ "type": "Feature", "properties": { "start_id": 1856, "end_id": 2698, "distance(k": 192.51817476053003, "from": "port", "to": "maritime", "transport_": "multimodal" }, "geometry": { "type": "MultiLineString", "coordinates": [ [ [ 118.7661, 9.7525 ], [ 120.200029377654417, 8.755166711699014 ] ] ] } },
{ "type": "Feature", "properties": { "start_id": 1851, "end_id": 1841, "distance(k": 134.01827836701966, "from": "port", "to": "port", "transport_": "multimodal" }, "geometry": { "type": "MultiLineString", "coordinates": [ [ [ 118.1966, 9.4674 ], [ 117.4658, 8.5022 ] ] ] } },
{ "type": "Feature", "properties": { "start_id": 1757, "end_id": 1759, "distance(k": 161.39339605054326, "from": "port", "to": "port", "transport_": "multimodal" }, "geometry": { "type": "MultiLineString", "coordinates": [ [ [ 100.6778, 4.2678 ], [ 101.3874507, 3.000860896 ] ] ] } },
{ "type": "Feature", "properties": { "start_id": 1757, "end_id": 1750, "distance(k": 168.08584729488655, "from": "port", "to": "port", "transport_": "multimodal" }, "geometry": { "type": "MultiLineString", "coordinates": [ [ [ 100.6778, 4.2678 ], [ 99.4608, 3.3675 ] ] ] } },
{ "type": "Feature", "properties": { "start_id": 1908, "end_id": 520, "distance(k": 113.02001590938929, "from": "port", "to": "road", "transport_": "multimodal" }, "geometry": { "type": "MultiLineString", "coordinates": [ [ [ 122.766866, 10.63290215 ], [ 123.798275497260164, 10.560333313258052 ] ] ] } },
{ "type": "Feature", "properties": { "start_id": 1768, "end_id": 1767, "distance(k": 78.403777115279169, "from": "port", "to": "port", "transport_": "multimodal" }, "geometry": { "type": "MultiLineString", "coordinates": [ [ [ 103.4387858, 4.671267517 ], [ 103.3953, 3.9675 ] ] ] } },
{ "type": "Feature", "properties": { "start_id": 520, "end_id": 1917, "distance(k": 34.8063358399531, "from": "road", "to": "port", "transport_": "multimodal" }, "geometry": { "type": "MultiLineString", "coordinates": [ [ [ 123.798275497260164, 10.560333313258052 ], [ 124.083608, 10.42152899 ] ] ] } },
{ "type": "Feature", "properties": { "start_id": 1917, "end_id": 1921, "distance(k": 181.43679018849784, "from": "port", "to": "port", "transport_": "multimodal" }, "geometry": { "type": "MultiLineString", "coordinates": [ [ [ 124.083608, 10.42152899 ], [ 125.0822014, 9.119982855 ] ] ] } },
{ "type": "Feature", "properties": { "start_id": 1917, "end_id": 2699, "distance(k": 208.32671146241518, "from": "port", "to": "maritime", "transport_": "multimodal" }, "geometry": { "type": "MultiLineString", "coordinates": [ [ [ 124.083608, 10.42152899 ], [ 123.215088617709128, 8.755166711699014 ] ] ] } },
{ "type": "Feature", "properties": { "start_id": 1743, "end_id": 1745, "distance(k": 185.21277118576407, "from": "port", "to": "port", "transport_": "multimodal" }, "geometry": { "type": "MultiLineString", "coordinates": [ [ [ 96.4036, 2.45556 ], [ 97.60955, 1.3059 ] ] ] } },
{ "type": "Feature", "properties": { "start_id": 1707, "end_id": 2816, "distance(k": 352.49638438015938, "from": "port", "to": "maritime", "transport_": "multimodal" }, "geometry": { "type": "MultiLineString", "coordinates": [ [ [ 73.1685, -0.68307 ], [ 71.517765731530432, -3.390173450947668 ] ] ] } },
{ "type": "Feature", "properties": { "start_id": 2680, "end_id": 1921, "distance(k": 298.76376082424639, "from": "maritime", "to": "port", "transport_": "multimodal" }, "geometry": { "type": "MultiLineString", "coordinates": [ [ [ 126.815462670418256, 11.195735316089518 ], [ 125.0822014, 9.119982855 ] ] ] } },
{ "type": "Feature", "properties": { "start_id": 1759, "end_id": 1763, "distance(k": 102.72159878048494, "from": "port", "to": "port", "transport_": "multimodal" }, "geometry": { "type": "MultiLineString", "coordinates": [ [ [ 101.3874507, 3.000860896 ], [ 102.0371489, 2.343429347 ] ] ] } },
{ "type": "Feature", "properties": { "start_id": 1749, "end_id": 1745, "distance(k": 137.12273149888014, "from": "port", "to": "port", "transport_": "multimodal" }, "geometry": { "type": "MultiLineString", "coordinates": [ [ [ 98.7667, 1.7333 ], [ 97.60955, 1.3059 ] ] ] } },
{ "type": "Feature", "properties": { "start_id": 2699, "end_id": 1919, "distance(k": 193.27949732741229, "from": "maritime", "to": "port", "transport_": "multimodal" }, "geometry": { "type": "MultiLineString", "coordinates": [ [ [ 123.215088617709128, 8.755166711699014 ], [ 124.2511, 7.3519 ] ] ] } },
{ "type": "Feature", "properties": { "start_id": 1763, "end_id": 1761, "distance(k": 93.503585758555516, "from": "port", "to": "port", "transport_": "multimodal" }, "geometry": { "type": "MultiLineString", "coordinates": [ [ [ 102.0371489, 2.343429347 ], [ 101.8153704, 1.532269237 ] ] ] } },
{ "type": "Feature", "properties": { "start_id": 1763, "end_id": 579, "distance(k": 159.33245826555913, "from": "port", "to": "road", "transport_": "multimodal" }, "geometry": { "type": "MultiLineString", "coordinates": [ [ [ 102.0371489, 2.343429347 ], [ 103.275496450599107, 1.621220751157004 ] ] ] } },
{ "type": "Feature", "properties": { "start_id": 1834, "end_id": 1827, "distance(k": 134.60099192463755, "from": "port", "to": "port", "transport_": "multimodal" }, "geometry": { "type": "MultiLineString", "coordinates": [ [ [ 116.073457, 5.980408 ], [ 115.2553166, 5.084761772 ] ] ] } },
{ "type": "Feature", "properties": { "start_id": 1834, "end_id": 1849, "distance(k": 226.70399283964753, "from": "port", "to": "port", "transport_": "multimodal" }, "geometry": { "type": "MultiLineString", "coordinates": [ [ [ 116.073457, 5.980408 ], [ 118.1165736, 5.817704509 ] ] ] } },
{ "type": "Feature", "properties": { "start_id": 2110, "end_id": 1807, "distance(k": 259.18001670104519, "from": "country", "to": "port", "transport_": "multimodal" }, "geometry": { "type": "MultiLineString", "coordinates": [ [ [ 109.711998, 3.7938299 ], [ 110.421201, 1.573218717 ] ] ] } },
{ "type": "Feature", "properties": { "start_id": 1827, "end_id": 2106, "distance(k": 83.204602451074166, "from": "port", "to": "country", "transport_": "multimodal" }, "geometry": { "type": "MultiLineString", "coordinates": [ [ [ 115.2553166, 5.084761772 ], [ 114.7610016, 4.5214801 ] ] ] } },
{ "type": "Feature", "properties": { "start_id": 579, "end_id": 2112, "distance(k": 66.372230303860377, "from": "road", "to": "country", "transport_": "multimodal" }, "geometry": { "type": "MultiLineString", "coordinates": [ [ [ 103.275496450599107, 1.621220751157004 ], [ 103.8079987, 1.35118 ] ] ] } },
{ "type": "Feature", "properties": { "start_id": 1849, "end_id": 1850, "distance(k": 132.16592527395505, "from": "port", "to": "port", "transport_": "multimodal" }, "geometry": { "type": "MultiLineString", "coordinates": [ [ [ 118.1165736, 5.817704509 ], [ 118.1522324, 4.629638348 ] ] ] } },
{ "type": "Feature", "properties": { "start_id": 1819, "end_id": 1815, "distance(k": 177.60401028599651, "from": "port", "to": "port", "transport_": "multimodal" }, "geometry": { "type": "MultiLineString", "coordinates": [ [ [ 114.0618463, 4.523100267 ], [ 113.0311567, 3.300884259 ] ] ] } },
{ "type": "Feature", "properties": { "start_id": 2725, "end_id": 1883, "distance(k": 137.79779261290156, "from": "maritime", "to": "port", "transport_": "multimodal" }, "geometry": { "type": "MultiLineString", "coordinates": [ [ [ 119.783602149712479, 6.320713330752366 ], [ 121.0, 6.05 ] ] ] } },
{ "type": "Feature", "properties": { "start_id": 2021, "end_id": 2017, "distance(k": 120.40856467594111, "from": "port", "to": "port", "transport_": "multimodal" }, "geometry": { "type": "MultiLineString", "coordinates": [ [ [ 145.6886484, 15.08516961 ], [ 145.1436, 14.13943 ] ] ] } },
{ "type": "Feature", "properties": { "start_id": 2581, "end_id": 2559, "distance(k": 1049.8151181341166, "from": "maritime", "to": "maritime", "transport_": "multimodal" }, "geometry": { "type": "MultiLineString", "coordinates": [ [ [ 177.647868749648751, 21.055948186680951 ], [ -172.233723242311811, 21.055948186680951 ] ] ] } },
{ "type": "Feature", "properties": { "start_id": 2017, "end_id": 2015, "distance(k": 92.086082014241157, "from": "port", "to": "port", "transport_": "multimodal" }, "geometry": { "type": "MultiLineString", "coordinates": [ [ [ 145.1436, 14.13943 ], [ 144.659907800000013, 13.45738435 ] ] ] } },
{ "type": "Feature", "properties": { "start_id": 2015, "end_id": 2684, "distance(k": 254.02255487076266, "from": "port", "to": "maritime", "transport_": "multimodal" }, "geometry": { "type": "MultiLineString", "coordinates": [ [ [ 144.659907800000013, 13.45738435 ], [ 144.989701027665291, 11.195735316089518 ] ] ] } },
{ "type": "Feature", "properties": { "start_id": 1977, "end_id": 2702, "distance(k": 324.12101429651602, "from": "port", "to": "maritime", "transport_": "multimodal" }, "geometry": { "type": "MultiLineString", "coordinates": [ [ [ 138.12541, 9.51578 ], [ 135.275325577927902, 8.755166711699014 ] ] ] } },
{ "type": "Feature", "properties": { "start_id": 2702, "end_id": 1965, "distance(k": 182.16260690070828, "from": "maritime", "to": "port", "transport_": "multimodal" }, "geometry": { "type": "MultiLineString", "coordinates": [ [ [ 135.275325577927902, 8.755166711699014 ], [ 134.4567, 7.33151 ] ] ] } },
{ "type": "Feature", "properties": { "start_id": 1919, "end_id": 1926, "distance(k": 153.94887111071418, "from": "port", "to": "port", "transport_": "multimodal" }, "geometry": { "type": "MultiLineString", "coordinates": [ [ [ 124.2511, 7.3519 ], [ 125.6167, 7.0667 ] ] ] } },
{ "type": "Feature", "properties": { "start_id": 1919, "end_id": 1898, "distance(k": 256.49453958250803, "from": "port", "to": "port", "transport_": "multimodal" }, "geometry": { "type": "MultiLineString", "coordinates": [ [ [ 124.2511, 7.3519 ], [ 122.0002647, 6.776286579 ] ] ] } },
{ "type": "Feature", "properties": { "start_id": 1926, "end_id": 1928, "distance(k": 69.830041013720091, "from": "port", "to": "port", "transport_": "multimodal" }, "geometry": { "type": "MultiLineString", "coordinates": [ [ [ 125.6167, 7.0667 ], [ 126.23625, 6.93925 ] ] ] } },
{ "type": "Feature", "properties": { "start_id": 1928, "end_id": 2726, "distance(k": 84.433953801424011, "from": "port", "to": "maritime", "transport_": "multimodal" }, "geometry": { "type": "MultiLineString", "coordinates": [ [ [ 126.23625, 6.93925 ], [ 125.792829574005694, 6.320713330752366 ] ] ] } },
{ "type": "Feature", "properties": { "start_id": 392, "end_id": 846, "distance(k": 38.582036117139062, "from": "road", "to": "port", "transport_": "multimodal" }, "geometry": { "type": "MultiLineString", "coordinates": [ [ [ -159.717913805261389, 21.887595261445966 ], [ -159.35, 21.95 ] ] ] } },
{ "type": "Feature", "properties": { "start_id": 846, "end_id": 847, "distance(k": 156.74313909410375, "from": "port", "to": "port", "transport_": "multimodal" }, "geometry": { "type": "MultiLineString", "coordinates": [ [ [ -159.35, 21.95 ], [ -158.005246, 21.29861638 ] ] ] } },
{ "type": "Feature", "properties": { "start_id": 1898, "end_id": 1883, "distance(k": 136.88835326503497, "from": "port", "to": "port", "transport_": "multimodal" }, "geometry": { "type": "MultiLineString", "coordinates": [ [ [ 122.0002647, 6.776286579 ], [ 121.0, 6.05 ] ] ] } },
{ "type": "Feature", "properties": { "start_id": 2070, "end_id": 2066, "distance(k": 350.94294749152942, "from": "port", "to": "port", "transport_": "multimodal" }, "geometry": { "type": "MultiLineString", "coordinates": [ [ [ 169.7303, 11.2031 ], [ 167.73667, 8.73203 ] ] ] } },
{ "type": "Feature", "properties": { "start_id": 2726, "end_id": 1924, "distance(k": 46.054804792878947, "from": "maritime", "to": "port", "transport_": "multimodal" }, "geometry": { "type": "MultiLineString", "coordinates": [ [ [ 125.792829574005694, 6.320713330752366 ], [ 125.3840047, 6.24066122 ] ] ] } },
{ "type": "Feature", "properties": { "start_id": 1924, "end_id": 1923, "distance(k": 82.220919921230916, "from": "port", "to": "port", "transport_": "multimodal" }, "geometry": { "type": "MultiLineString", "coordinates": [ [ [ 125.3840047, 6.24066122 ], [ 125.3681, 5.5014 ] ] ] } },
{ "type": "Feature", "properties": { "start_id": 2041, "end_id": 2783, "distance(k": 667.07224331271163, "from": "port", "to": "maritime", "transport_": "multimodal" }, "geometry": { "type": "MultiLineString", "coordinates": [ [ [ 151.83988, 7.4455 ], [ 152.291138709291175, 1.463252960218705 ] ] ] } },
{ "type": "Feature", "properties": { "start_id": 2041, "end_id": 2053, "distance(k": 703.74862851537443, "from": "port", "to": "port", "transport_": "multimodal" }, "geometry": { "type": "MultiLineString", "coordinates": [ [ [ 151.83988, 7.4455 ], [ 158.20214, 6.98029 ] ] ] } },
{ "type": "Feature", "properties": { "start_id": 237, "end_id": 880, "distance(k": 215.09963032994176, "from": "road", "to": "port", "transport_": "multimodal" }, "geometry": { "type": "MultiLineString", "coordinates": [ [ [ -120.586433919518996, 35.974178125305095 ], [ -119.4352466, 34.28427144 ] ] ] } },
{ "type": "Feature", "properties": { "start_id": 847, "end_id": 415, "distance(k": 332.65193944385049, "from": "port", "to": "road", "transport_": "multimodal" }, "geometry": { "type": "MultiLineString", "coordinates": [ [ [ -158.005246, 21.29861638 ], [ -155.3763564616537, 19.600658461531079 ] ] ] } },
{ "type": "Feature", "properties": { "start_id": 1923, "end_id": 1933, "distance(k": 216.68740323085268, "from": "port", "to": "port", "transport_": "multimodal" }, "geometry": { "type": "MultiLineString", "coordinates": [ [ [ 125.3681, 5.5014 ], [ 126.8683, 4.2511 ] ] ] } },
{ "type": "Feature", "properties": { "start_id": 2053, "end_id": 2060, "distance(k": 555.96041345736808, "from": "port", "to": "port", "transport_": "multimodal" }, "geometry": { "type": "MultiLineString", "coordinates": [ [ [ 158.20214, 6.98029 ], [ 162.95701, 5.35165 ] ] ] } },
{ "type": "Feature", "properties": { "start_id": 2066, "end_id": 2060, "distance(k": 647.62571625537748, "from": "port", "to": "port", "transport_": "multimodal" }, "geometry": { "type": "MultiLineString", "coordinates": [ [ [ 167.73667, 8.73203 ], [ 162.95701, 5.35165 ] ] ] } },
{ "type": "Feature", "properties": { "start_id": 1933, "end_id": 2752, "distance(k": 184.99678663327879, "from": "port", "to": "maritime", "transport_": "multimodal" }, "geometry": { "type": "MultiLineString", "coordinates": [ [ [ 126.8683, 4.2511 ], [ 128.496609736238469, 3.890641497345556 ] ] ] } },
{ "type": "Feature", "properties": { "start_id": 1850, "end_id": 1844, "distance(k": 147.41933918923391, "from": "port", "to": "port", "transport_": "multimodal" }, "geometry": { "type": "MultiLineString", "coordinates": [ [ [ 118.1522324, 4.629638348 ], [ 117.7109582, 3.379074042 ] ] ] } },
{ "type": "Feature", "properties": { "start_id": 1850, "end_id": 2751, "distance(k": 170.92236813185889, "from": "port", "to": "maritime", "transport_": "multimodal" }, "geometry": { "type": "MultiLineString", "coordinates": [ [ [ 118.1522324, 4.629638348 ], [ 119.5038223238342, 3.890641497345556 ] ] ] } },
{ "type": "Feature", "properties": { "start_id": 2445, "end_id": 880, "distance(k": 179.82491873375577, "from": "maritime", "to": "port", "transport_": "multimodal" }, "geometry": { "type": "MultiLineString", "coordinates": [ [ [ -121.28195459087226, 33.761971999546539 ], [ -119.4352466, 34.28427144 ] ] ] } },
{ "type": "Feature", "properties": { "start_id": 880, "end_id": 881, "distance(k": 112.21099132920477, "from": "port", "to": "port", "transport_": "multimodal" }, "geometry": { "type": "MultiLineString", "coordinates": [ [ [ -119.4352466, 34.28427144 ], [ -118.3515419, 33.82359564 ] ] ] } },
{ "type": "Feature", "properties": { "start_id": 2073, "end_id": 2075, "distance(k": 181.09753249035586, "from": "port", "to": "port", "transport_": "multimodal" }, "geometry": { "type": "MultiLineString", "coordinates": [ [ [ 171.22527, 8.70441 ], [ 171.3833, 7.0833 ] ] ] } },
{ "type": "Feature", "properties": { "start_id": 881, "end_id": 882, "distance(k": 182.92451917942449, "from": "port", "to": "port", "transport_": "multimodal" }, "geometry": { "type": "MultiLineString", "coordinates": [ [ [ -118.3515419, 33.82359564 ], [ -117.1246382, 32.53830417 ] ] ] } },
{ "type": "Feature", "properties": { "start_id": 1844, "end_id": 1852, "distance(k": 196.18027250875531, "from": "port", "to": "port", "transport_": "multimodal" }, "geometry": { "type": "MultiLineString", "coordinates": [ [ [ 117.7109582, 3.379074042 ], [ 118.1994, 1.6836 ] ] ] } },
{ "type": "Feature", "properties": { "start_id": 1815, "end_id": 1811, "distance(k": 205.39929008984535, "from": "port", "to": "port", "transport_": "multimodal" }, "geometry": { "type": "MultiLineString", "coordinates": [ [ [ 113.0311567, 3.300884259 ], [ 111.5368258, 2.212602641 ] ] ] } },
{ "type": "Feature", "properties": { "start_id": 2075, "end_id": 2077, "distance(k": 660.40866243837002, "from": "port", "to": "port", "transport_": "multimodal" }, "geometry": { "type": "MultiLineString", "coordinates": [ [ [ 171.3833, 7.0833 ], [ 172.9333823, 1.348639597 ] ] ] } },
{ "type": "Feature", "properties": { "start_id": 582, "end_id": 1935, "distance(k": 117.70230962299506, "from": "road", "to": "port", "transport_": "multimodal" }, "geometry": { "type": "MultiLineString", "coordinates": [ [ [ 128.03160878865279, 1.621220751157004 ], [ 127.38809, 0.78066 ] ] ] } },
{ "type": "Feature", "properties": { "start_id": 2780, "end_id": 1962, "distance(k": 260.49817656942929, "from": "maritime", "to": "port", "transport_": "multimodal" }, "geometry": { "type": "MultiLineString", "coordinates": [ [ [ 134.327531653450222, 1.463252960218705 ], [ 134.0833, -0.8667 ] ] ] } },
{ "type": "Feature", "properties": { "start_id": 882, "end_id": 883, "distance(k": 87.829932454386935, "from": "port", "to": "port", "transport_": "multimodal" }, "geometry": { "type": "MultiLineString", "coordinates": [ [ [ -117.1246382, 32.53830417 ], [ -116.6333, 31.8667 ] ] ] } },
{ "type": "Feature", "properties": { "start_id": 2779, "end_id": 1920, "distance(k": 37.136989657929298, "from": "maritime", "to": "port", "transport_": "multimodal" }, "geometry": { "type": "MultiLineString", "coordinates": [ [ [ 125.345728125529746, 1.463252960218705 ], [ 125.0116529, 1.466409923 ] ] ] } },
{ "type": "Feature", "properties": { "start_id": 2779, "end_id": 1935, "distance(k": 239.40570819241367, "from": "maritime", "to": "port", "transport_": "multimodal" }, "geometry": { "type": "MultiLineString", "coordinates": [ [ [ 125.345728125529746, 1.463252960218705 ], [ 127.38809, 0.78066 ] ] ] } },
{ "type": "Feature", "properties": { "start_id": 1920, "end_id": 1912, "distance(k": 241.31453834511774, "from": "port", "to": "port", "transport_": "multimodal" }, "geometry": { "type": "MultiLineString", "coordinates": [ [ [ 125.0116529, 1.466409923 ], [ 123.06938, 0.49764 ] ] ] } },
{ "type": "Feature", "properties": { "start_id": 1852, "end_id": 581, "distance(k": 130.28516811569523, "from": "port", "to": "road", "transport_": "multimodal" }, "geometry": { "type": "MultiLineString", "coordinates": [ [ [ 118.1994, 1.6836 ], [ 117.02889219396225, 1.621220751157004 ] ] ] } },
{ "type": "Feature", "properties": { "start_id": 1852, "end_id": 1845, "distance(k": 143.96315270421127, "from": "port", "to": "port", "transport_": "multimodal" }, "geometry": { "type": "MultiLineString", "coordinates": [ [ [ 118.1994, 1.6836 ], [ 117.732126, 0.476136816 ] ] ] } },
{ "type": "Feature", "properties": { "start_id": 2778, "end_id": 594, "distance(k": 234.48239863649567, "from": "maritime", "to": "road", "transport_": "multimodal" }, "geometry": { "type": "MultiLineString", "coordinates": [ [ [ 119.357859106916095, 1.463252960218705 ], [ 119.754150742938421, -0.607932458106252 ] ] ] } },
{ "type": "Feature", "properties": { "start_id": 1935, "end_id": 1938, "distance(k": 73.831562696640049, "from": "port", "to": "port", "transport_": "multimodal" }, "geometry": { "type": "MultiLineString", "coordinates": [ [ [ 127.38809, 0.78066 ], [ 127.9688572, 0.458753978 ] ] ] } },
{ "type": "Feature", "properties": { "start_id": 1938, "end_id": 595, "distance(k": 118.67608114959994, "from": "port", "to": "road", "transport_": "multimodal" }, "geometry": { "type": "MultiLineString", "coordinates": [ [ [ 127.9688572, 0.458753978 ], [ 128.004436874118227, -0.607932458106252 ] ] ] } },
{ "type": "Feature", "properties": { "start_id": 1912, "end_id": 1909, "distance(k": 163.73324243768866, "from": "port", "to": "port", "transport_": "multimodal" }, "geometry": { "type": "MultiLineString", "coordinates": [ [ [ 123.06938, 0.49764 ], [ 122.8, -0.95 ] ] ] } },
{ "type": "Feature", "properties": { "start_id": 580, "end_id": 1807, "distance(k": 123.08658875927162, "from": "road", "to": "port", "transport_": "multimodal" }, "geometry": { "type": "MultiLineString", "coordinates": [ [ [ 111.527533896617001, 1.621220751157004 ], [ 110.421201, 1.573218717 ] ] ] } },
{ "type": "Feature", "properties": { "start_id": 1945, "end_id": 595, "distance(k": 169.10264471065088, "from": "port", "to": "road", "transport_": "multimodal" }, "geometry": { "type": "MultiLineString", "coordinates": [ [ [ 129.4192, -0.05 ], [ 128.004436874118227, -0.607932458106252 ] ] ] } },
{ "type": "Feature", "properties": { "start_id": 1945, "end_id": 1951, "distance(k": 219.25433055795904, "from": "port", "to": "port", "transport_": "multimodal" }, "geometry": { "type": "MultiLineString", "coordinates": [ [ [ 129.4192, -0.05 ], [ 131.12411, -1.040766942 ] ] ] } },
{ "type": "Feature", "properties": { "start_id": 1845, "end_id": 1839, "distance(k": 129.88712555756754, "from": "port", "to": "port", "transport_": "multimodal" }, "geometry": { "type": "MultiLineString", "coordinates": [ [ [ 117.732126, 0.476136816 ], [ 117.1167, -0.5167 ] ] ] } },
{ "type": "Feature", "properties": { "start_id": 595, "end_id": 1936, "distance(k": 59.244265348622193, "from": "road", "to": "port", "transport_": "multimodal" }, "geometry": { "type": "MultiLineString", "coordinates": [ [ [ 128.004436874118227, -0.607932458106252 ], [ 127.47193, -0.62641 ] ] ] } },
{ "type": "Feature", "properties": { "start_id": 1962, "end_id": 609, "distance(k": 225.59430089922287, "from": "port", "to": "road", "transport_": "multimodal" }, "geometry": { "type": "MultiLineString", "coordinates": [ [ [ 134.0833, -0.8667 ], [ 133.601055733974732, -2.83743844333639 ] ] ] } },
{ "type": "Feature", "properties": { "start_id": 1951, "end_id": 1947, "distance(k": 239.6454541299245, "from": "port", "to": "port", "transport_": "multimodal" }, "geometry": { "type": "MultiLineString", "coordinates": [ [ [ 131.12411, -1.040766942 ], [ 130.50113, -3.10408 ] ] ] } },
{ "type": "Feature", "properties": { "start_id": 2777, "end_id": 1771, "distance(k": 46.31687845424424, "from": "maritime", "to": "port", "transport_": "multimodal" }, "geometry": { "type": "MultiLineString", "coordinates": [ [ [ 104.388186560381953, 1.463252960218705 ], [ 104.0776035, 1.185595732 ] ] ] } },
{ "type": "Feature", "properties": { "start_id": 1868, "end_id": 1880, "distance(k": 133.4969281694955, "from": "port", "to": "port", "transport_": "multimodal" }, "geometry": { "type": "MultiLineString", "coordinates": [ [ [ 119.7853904, -0.674449437 ], [ 120.75516, -1.38242 ] ] ] } },
{ "type": "Feature", "properties": { "start_id": 1909, "end_id": 1913, "distance(k": 105.42530922705214, "from": "port", "to": "port", "transport_": "multimodal" }, "geometry": { "type": "MultiLineString", "coordinates": [ [ [ 122.8, -0.95 ], [ 123.49923, -1.5905 ] ] ] } },
{ "type": "Feature", "properties": { "start_id": 1909, "end_id": 1888, "distance(k": 199.45314058459195, "from": "port", "to": "port", "transport_": "multimodal" }, "geometry": { "type": "MultiLineString", "coordinates": [ [ [ 122.8, -0.95 ], [ 121.3333, -1.9833 ] ] ] } },
{ "type": "Feature", "properties": { "start_id": 1839, "end_id": 1842, "distance(k": 70.914757384171679, "from": "port", "to": "port", "transport_": "multimodal" }, "geometry": { "type": "MultiLineString", "coordinates": [ [ [ 117.1167, -0.5167 ], [ 117.5325, -1.0003 ] ] ] } },
{ "type": "Feature", "properties": { "start_id": 2112, "end_id": 1771, "distance(k": 35.175093039535057, "from": "country", "to": "port", "transport_": "multimodal" }, "geometry": { "type": "MultiLineString", "coordinates": [ [ [ 103.8079987, 1.35118 ], [ 104.0776035, 1.185595732 ] ] ] } },
{ "type": "Feature", "properties": { "start_id": 2802, "end_id": 2010, "distance(k": 291.13377777260348, "from": "maritime", "to": "port", "transport_": "multimodal" }, "geometry": { "type": "MultiLineString", "coordinates": [ [ [ 143.292994718126153, -0.963129086041152 ], [ 143.6257, -3.56017 ] ] ] } },
{ "type": "Feature", "properties": { "start_id": 593, "end_id": 1838, "distance(k": 74.371300654720699, "from": "road", "to": "port", "transport_": "multimodal" }, "geometry": { "type": "MultiLineString", "coordinates": [ [ [ 117.0040553658785, -0.607932458106252 ], [ 116.8167, -1.25 ] ] ] } },
{ "type": "Feature", "properties": { "start_id": 1771, "end_id": 1766, "distance(k": 197.43243638201949, "from": "port", "to": "port", "transport_": "multimodal" }, "geometry": { "type": "MultiLineString", "coordinates": [ [ [ 104.0776035, 1.185595732 ], [ 103.1539, -0.3308 ] ] ] } },
{ "type": "Feature", "properties": { "start_id": 1801, "end_id": 1804, "distance(k": 215.07924047136001, "from": "port", "to": "port", "transport_": "multimodal" }, "geometry": { "type": "MultiLineString", "coordinates": [ [ [ 109.3333, -0.0167 ], [ 109.9969, -1.8336 ] ] ] } },
{ "type": "Feature", "properties": { "start_id": 1838, "end_id": 2108, "distance(k": 122.07318578278441, "from": "port", "to": "country", "transport_": "multimodal" }, "geometry": { "type": "MultiLineString", "coordinates": [ [ [ 116.8167, -1.25 ], [ 117.3119965, -2.2298701 ] ] ] } },
{ "type": "Feature", "properties": { "start_id": 2508, "end_id": 884, "distance(k": 207.62735607176504, "from": "maritime", "to": "port", "transport_": "multimodal" }, "geometry": { "type": "MultiLineString", "coordinates": [ [ [ -117.241271389602801, 28.6116543300115 ], [ -115.2153, 28.0578 ] ] ] } },
{ "type": "Feature", "properties": { "start_id": 2803, "end_id": 2036, "distance(k": 244.29232251657902, "from": "maritime", "to": "port", "transport_": "multimodal" }, "geometry": { "type": "MultiLineString", "coordinates": [ [ [ 152.273774119947404, -0.963129086041152 ], [ 150.7885, -2.58267 ] ] ] } },
{ "type": "Feature", "properties": { "start_id": 1888, "end_id": 1884, "distance(k": 85.847720351953953, "from": "port", "to": "port", "transport_": "multimodal" }, "geometry": { "type": "MultiLineString", "coordinates": [ [ [ 121.3333, -1.9833 ], [ 121.0413378, -2.698113326 ] ] ] } },
{ "type": "Feature", "properties": { "start_id": 2030, "end_id": 2824, "distance(k": 186.65870339055451, "from": "port", "to": "maritime", "transport_": "multimodal" }, "geometry": { "type": "MultiLineString", "coordinates": [ [ [ 147.3709283, -1.997959531 ], [ 146.43197245563465, -3.390173450947668 ] ] ] } },
{ "type": "Feature", "properties": { "start_id": 609, "end_id": 610, "distance(k": 305.64227727713285, "from": "road", "to": "road", "transport_": "multimodal" }, "geometry": { "type": "MultiLineString", "coordinates": [ [ [ 133.601055733974732, -2.83743844333639 ], [ 136.353137457819173, -2.83743844333639 ] ] ] } },
{ "type": "Feature", "properties": { "start_id": 1955, "end_id": 2823, "distance(k": 105.63228751966038, "from": "port", "to": "maritime", "transport_": "multimodal" }, "geometry": { "type": "MultiLineString", "coordinates": [ [ [ 132.2833, -2.9333 ], [ 131.449131110813823, -3.390173450947668 ] ] ] } },
{ "type": "Feature", "properties": { "start_id": 2800, "end_id": 1780, "distance(k": 182.70053341403897, "from": "maritime", "to": "port", "transport_": "multimodal" }, "geometry": { "type": "MultiLineString", "coordinates": [ [ [ 107.369877110840989, -0.963129086041152 ], [ 106.0019668, -1.873992127 ] ] ] } },
{ "type": "Feature", "properties": { "start_id": 1947, "end_id": 2823, "distance(k": 109.94643840476478, "from": "port", "to": "maritime", "transport_": "multimodal" }, "geometry": { "type": "MultiLineString", "coordinates": [ [ [ 130.50113, -3.10408 ], [ 131.449131110813823, -3.390173450947668 ] ] ] } },
{ "type": "Feature", "properties": { "start_id": 1947, "end_id": 1940, "distance(k": 267.00477640657743, "from": "port", "to": "port", "transport_": "multimodal" }, "geometry": { "type": "MultiLineString", "coordinates": [ [ [ 130.50113, -3.10408 ], [ 128.1667, -3.6833 ] ] ] } },
{ "type": "Feature", "properties": { "start_id": 1884, "end_id": 608, "distance(k": 134.25180206446399, "from": "port", "to": "road", "transport_": "multimodal" }, "geometry": { "type": "MultiLineString", "coordinates": [ [ [ 121.0413378, -2.698113326 ], [ 119.840647114752628, -2.83743844333639 ] ] ] } },
{ "type": "Feature", "properties": { "start_id": 1884, "end_id": 2821, "distance(k": 175.25908003336926, "from": "port", "to": "maritime", "transport_": "multimodal" }, "geometry": { "type": "MultiLineString", "coordinates": [ [ [ 121.0413378, -2.698113326 ], [ 122.459426303921305, -3.390173450947668 ] ] ] } },
{ "type": "Feature", "properties": { "start_id": 884, "end_id": 2531, "distance(k": 223.69471221466554, "from": "port", "to": "maritime", "transport_": "multimodal" }, "geometry": { "type": "MultiLineString", "coordinates": [ [ [ -115.2153, 28.0578 ], [ -115.585114860708941, 26.073197253333667 ] ] ] } },
{ "type": "Feature", "properties": { "start_id": 884, "end_id": 886, "distance(k": 309.56133096201415, "from": "port", "to": "port", "transport_": "multimodal" }, "geometry": { "type": "MultiLineString", "coordinates": [ [ [ -115.2153, 28.0578 ], [ -112.2011545, 27.26779513 ] ] ] } },
{ "type": "Feature", "properties": { "start_id": 608, "end_id": 1862, "distance(k": 196.07554430231508, "from": "road", "to": "port", "transport_": "multimodal" }, "geometry": { "type": "MultiLineString", "coordinates": [ [ [ 119.840647114752628, -2.83743844333639 ], [ 119.5371587, -4.574588118 ] ] ] } },
{ "type": "Feature", "properties": { "start_id": 1934, "end_id": 1940, "distance(k": 111.01313348518187, "from": "port", "to": "port", "transport_": "multimodal" }, "geometry": { "type": "MultiLineString", "coordinates": [ [ [ 127.2428423, -3.30069114 ], [ 128.1667, -3.6833 ] ] ] } },
{ "type": "Feature", "properties": { "start_id": 1934, "end_id": 2822, "distance(k": 198.59916850873657, "from": "port", "to": "maritime", "transport_": "multimodal" }, "geometry": { "type": "MultiLineString", "coordinates": [ [ [ 127.2428423, -3.30069114 ], [ 125.455994572885473, -3.390173450947668 ] ] ] } },
{ "type": "Feature", "properties": { "start_id": 2823, "end_id": 1958, "distance(k": 307.36621274723433, "from": "maritime", "to": "port", "transport_": "multimodal" }, "geometry": { "type": "MultiLineString", "coordinates": [ [ [ 131.449131110813823, -3.390173450947668 ], [ 133.02, -5.6681 ] ] ] } },
{ "type": "Feature", "properties": { "start_id": 1804, "end_id": 1790, "distance(k": 220.93877672872489, "from": "port", "to": "port", "transport_": "multimodal" }, "geometry": { "type": "MultiLineString", "coordinates": [ [ [ 109.9969, -1.8336 ], [ 108.28931, -2.85196 ] ] ] } },
{ "type": "Feature", "properties": { "start_id": 888, "end_id": 886, "distance(k": 145.7003185170008, "from": "port", "to": "port", "transport_": "multimodal" }, "geometry": { "type": "MultiLineString", "coordinates": [ [ [ -110.9167, 27.9167 ], [ -112.2011545, 27.26779513 ] ] ] } },
{ "type": "Feature", "properties": { "start_id": 886, "end_id": 887, "distance(k": 275.93829186553666, "from": "port", "to": "port", "transport_": "multimodal" }, "geometry": { "type": "MultiLineString", "coordinates": [ [ [ -112.2011545, 27.26779513 ], [ -112.115, 24.78743 ] ] ] } },
{ "type": "Feature", "properties": { "start_id": 2077, "end_id": 2079, "distance(k": 146.49962871804593, "from": "port", "to": "port", "transport_": "multimodal" }, "geometry": { "type": "MultiLineString", "coordinates": [ [ [ 172.9333823, 1.348639597 ], [ 173.5481, 0.1833 ] ] ] } },
{ "type": "Feature", "properties": { "start_id": 2077, "end_id": 2069, "distance(k": 451.01900527919446, "from": "port", "to": "port", "transport_": "multimodal" }, "geometry": { "type": "MultiLineString", "coordinates": [ [ [ 172.9333823, 1.348639597 ], [ 169.53438, -0.86506 ] ] ] } },
{ "type": "Feature", "properties": { "start_id": 887, "end_id": 889, "distance(k": 173.71931938680569, "from": "port", "to": "port", "transport_": "multimodal" }, "geometry": { "type": "MultiLineString", "coordinates": [ [ [ -112.115, 24.78743 ], [ -110.4948436, 24.26945377 ] ] ] } },
{ "type": "Feature", "properties": { "start_id": 887, "end_id": 2544, "distance(k": 246.70070805585163, "from": "port", "to": "maritime", "transport_": "multimodal" }, "geometry": { "type": "MultiLineString", "coordinates": [ [ [ -112.115, 24.78743 ], [ -114.137556620053871, 23.555465493916248 ] ] ] } },
{ "type": "Feature", "properties": { "start_id": 347, "end_id": 891, "distance(k": 196.21614959086213, "from": "road", "to": "port", "transport_": "multimodal" }, "geometry": { "type": "MultiLineString", "coordinates": [ [ [ -107.380754253643985, 26.505456470477299 ], [ -109.0667, 25.6 ] ] ] } },
{ "type": "Feature", "properties": { "start_id": 891, "end_id": 889, "distance(k": 206.45463055556823, "from": "port", "to": "port", "transport_": "multimodal" }, "geometry": { "type": "MultiLineString", "coordinates": [ [ [ -109.0667, 25.6 ], [ -110.4948436, 24.26945377 ] ] ] } },
{ "type": "Feature", "properties": { "start_id": 2064, "end_id": 2069, "distance(k": 291.45288273795535, "from": "port", "to": "port", "transport_": "multimodal" }, "geometry": { "type": "MultiLineString", "coordinates": [ [ [ 166.9347823, -0.528504741 ], [ 169.53438, -0.86506 ] ] ] } },
{ "type": "Feature", "properties": { "start_id": 2079, "end_id": 2085, "distance(k": 316.4412928093854, "from": "port", "to": "port", "transport_": "multimodal" }, "geometry": { "type": "MultiLineString", "coordinates": [ [ [ 173.5481, 0.1833 ], [ 175.9667, -1.3167 ] ] ] } },
{ "type": "Feature", "properties": { "start_id": 908, "end_id": 906, "distance(k": 75.608580176742095, "from": "port", "to": "port", "transport_": "multimodal" }, "geometry": { "type": "MultiLineString", "coordinates": [ [ [ -95.01911287, 29.55952294 ], [ -95.3431, 28.9411 ] ] ] } },
{ "type": "Feature", "properties": { "start_id": 902, "end_id": 906, "distance(k": 123.6999861317791, "from": "port", "to": "port", "transport_": "multimodal" }, "geometry": { "type": "MultiLineString", "coordinates": [ [ [ -96.5719, 28.66163 ], [ -95.3431, 28.9411 ] ] ] } },
{ "type": "Feature", "properties": { "start_id": 902, "end_id": 899, "distance(k": 126.97691080830629, "from": "port", "to": "port", "transport_": "multimodal" }, "geometry": { "type": "MultiLineString", "coordinates": [ [ [ -96.5719, 28.66163 ], [ -97.4103, 27.7908 ] ] ] } },
{ "type": "Feature", "properties": { "start_id": 906, "end_id": 2509, "distance(k": 87.432526146586525, "from": "port", "to": "maritime", "transport_": "multimodal" }, "geometry": { "type": "MultiLineString", "coordinates": [ [ [ -95.3431, 28.9411 ], [ -94.52854824517155, 28.6116543300115 ] ] ] } },
{ "type": "Feature", "properties": { "start_id": 2036, "end_id": 2825, "distance(k": 202.70549759966138, "from": "port", "to": "maritime", "transport_": "multimodal" }, "geometry": { "type": "MultiLineString", "coordinates": [ [ [ 150.7885, -2.58267 ], [ 152.425108993562986, -3.390173450947668 ] ] ] } },
{ "type": "Feature", "properties": { "start_id": 899, "end_id": 350, "distance(k": 181.67986559200256, "from": "port", "to": "road", "transport_": "multimodal" }, "geometry": { "type": "MultiLineString", "coordinates": [ [ [ -97.4103, 27.7908 ], [ -98.54393429803325, 26.505456470477299 ] ] ] } },
{ "type": "Feature", "properties": { "start_id": 2085, "end_id": 2093, "distance(k": 874.59052313205223, "from": "port", "to": "port", "transport_": "multimodal" }, "geometry": { "type": "MultiLineString", "coordinates": [ [ [ 175.9667, -1.3167 ], [ 179.1897, -8.49767 ] ] ] } },
{ "type": "Feature", "properties": { "start_id": 2825, "end_id": 2044, "distance(k": 106.31235495229791, "from": "maritime", "to": "port", "transport_": "multimodal" }, "geometry": { "type": "MultiLineString", "coordinates": [ [ [ 152.425108993562986, -3.390173450947668 ], [ 152.5756, -4.3344 ] ] ] } },
{ "type": "Feature", "properties": { "start_id": 892, "end_id": 393, "distance(k": 206.43590285153351, "from": "port", "to": "road", "transport_": "multimodal" }, "geometry": { "type": "MultiLineString", "coordinates": [ [ [ -106.4167, 23.2 ], [ -104.99489177363084, 21.887595261445966 ] ] ] } },
{ "type": "Feature", "properties": { "start_id": 901, "end_id": 2532, "distance(k": 101.65062059166809, "from": "port", "to": "maritime", "transport_": "multimodal" }, "geometry": { "type": "MultiLineString", "coordinates": [ [ [ -97.4, 25.95 ], [ -96.392073154007534, 26.073197253333667 ] ] ] } },
{ "type": "Feature", "properties": { "start_id": 393, "end_id": 893, "distance(k": 144.51845131728533, "from": "road", "to": "port", "transport_": "multimodal" }, "geometry": { "type": "MultiLineString", "coordinates": [ [ [ -104.99489177363084, 21.887595261445966 ], [ -105.2528, 20.61033 ] ] ] } },
{ "type": "Feature", "properties": { "start_id": 893, "end_id": 416, "distance(k": 171.07700724811443, "from": "port", "to": "road", "transport_": "multimodal" }, "geometry": { "type": "MultiLineString", "coordinates": [ [ [ -105.2528, 20.61033 ], [ -104.016560022656378, 19.600658461531079 ] ] ] } },
{ "type": "Feature", "properties": { "start_id": 898, "end_id": 2563, "distance(k": 143.53710954068356, "from": "port", "to": "maritime", "transport_": "multimodal" }, "geometry": { "type": "MultiLineString", "coordinates": [ [ [ -97.8667, 22.2167 ], [ -97.259096386891699, 21.055948186680951 ] ] ] } },
{ "type": "Feature", "properties": { "start_id": 416, "end_id": 895, "distance(k": 70.658644907512922, "from": "road", "to": "port", "transport_": "multimodal" }, "geometry": { "type": "MultiLineString", "coordinates": [ [ [ -104.016560022656378, 19.600658461531079 ], [ -104.3622, 19.0553 ] ] ] } },
{ "type": "Feature", "properties": { "start_id": 895, "end_id": 896, "distance(k": 259.47032065785595, "from": "port", "to": "port", "transport_": "multimodal" }, "geometry": { "type": "MultiLineString", "coordinates": [ [ [ -104.3622, 19.0553 ], [ -102.2117, 17.9214 ] ] ] } },
{ "type": "Feature", "properties": { "start_id": 417, "end_id": 896, "distance(k": 216.91204444455562, "from": "road", "to": "port", "transport_": "multimodal" }, "geometry": { "type": "MultiLineString", "coordinates": [ [ [ -101.163237998267633, 19.600658461531079 ], [ -102.2117, 17.9214 ] ] ] } },
{ "type": "Feature", "properties": { "start_id": 2563, "end_id": 900, "distance(k": 18.781204731242596, "from": "maritime", "to": "port", "transport_": "multimodal" }, "geometry": { "type": "MultiLineString", "coordinates": [ [ [ -97.259096386891699, 21.055948186680951 ], [ -97.4, 20.95 ] ] ] } },
{ "type": "Feature", "properties": { "start_id": 896, "end_id": 433, "distance(k": 209.41875967418241, "from": "port", "to": "road", "transport_": "multimodal" }, "geometry": { "type": "MultiLineString", "coordinates": [ [ [ -102.2117, 17.9214 ], [ -100.336917459129054, 17.326047954329745 ] ] ] } },
{ "type": "Feature", "properties": { "start_id": 903, "end_id": 911, "distance(k": 214.4502400566104, "from": "port", "to": "port", "transport_": "multimodal" }, "geometry": { "type": "MultiLineString", "coordinates": [ [ [ -96.1333, 19.2 ], [ -94.42945496, 18.14449957 ] ] ] } },
{ "type": "Feature", "properties": { "start_id": 433, "end_id": 897, "distance(k": 74.469099720240806, "from": "road", "to": "port", "transport_": "multimodal" }, "geometry": { "type": "MultiLineString", "coordinates": [ [ [ -100.336917459129054, 17.326047954329745 ], [ -99.87177916, 16.8252259 ] ] ] } },
{ "type": "Feature", "properties": { "start_id": 433, "end_id": 2608, "distance(k": 195.96689413270221, "from": "road", "to": "maritime", "transport_": "multimodal" }, "geometry": { "type": "MultiLineString", "coordinates": [ [ [ -100.336917459129054, 17.326047954329745 ], [ -101.661244500443217, 16.102420527566085 ] ] ] } },
{ "type": "Feature", "properties": { "start_id": 931, "end_id": 946, "distance(k": 283.10973856625992, "from": "port", "to": "port", "transport_": "multimodal" }, "geometry": { "type": "MultiLineString", "coordinates": [ [ [ -89.6667, 21.2833 ], [ -87.06156102, 20.53472381 ] ] ] } },
{ "type": "Feature", "properties": { "start_id": 897, "end_id": 2609, "distance(k": 158.28501990537561, "from": "port", "to": "maritime", "transport_": "multimodal" }, "geometry": { "type": "MultiLineString", "coordinates": [ [ [ -99.87177916, 16.8252259 ], [ -98.593007891390869, 16.102420527566085 ] ] ] } },
{ "type": "Feature", "properties": { "start_id": 973, "end_id": 2546, "distance(k": 133.98182394736713, "from": "port", "to": "maritime", "transport_": "multimodal" }, "geometry": { "type": "MultiLineString", "coordinates": [ [ [ -81.81, 24.55323 ], [ -82.549768302766026, 23.555465493916248 ] ] ] } },
{ "type": "Feature", "properties": { "start_id": 920, "end_id": 924, "distance(k": 106.81054262440158, "from": "port", "to": "port", "transport_": "multimodal" }, "geometry": { "type": "MultiLineString", "coordinates": [ [ [ -92.2287, 19.5375 ], [ -91.8449, 18.64803 ] ] ] } },
{ "type": "Feature", "properties": { "start_id": 434, "end_id": 2609, "distance(k": 178.58005851922601, "from": "road", "to": "maritime", "transport_": "multimodal" }, "geometry": { "type": "MultiLineString", "coordinates": [ [ [ -97.506901910888999, 17.326047954329745 ], [ -98.593007891390869, 16.102420527566085 ] ] ] } },
{ "type": "Feature", "properties": { "start_id": 2546, "end_id": 976, "distance(k": 116.78671141677727, "from": "maritime", "to": "port", "transport_": "multimodal" }, "geometry": { "type": "MultiLineString", "coordinates": [ [ [ -82.549768302766026, 23.555465493916248 ], [ -81.53927, 23.06364 ] ] ] } },
{ "type": "Feature", "properties": { "start_id": 911, "end_id": 2586, "distance(k": 135.28939516582841, "from": "port", "to": "maritime", "transport_": "multimodal" }, "geometry": { "type": "MultiLineString", "coordinates": [ [ [ -94.42945496, 18.14449957 ], [ -93.229383297455826, 18.572322382883915 ] ] ] } },
{ "type": "Feature", "properties": { "start_id": 917, "end_id": 924, "distance(k": 140.58448504952716, "from": "port", "to": "port", "transport_": "multimodal" }, "geometry": { "type": "MultiLineString", "coordinates": [ [ [ -93.17877531, 18.61824194 ], [ -91.8449, 18.64803 ] ] ] } },
{ "type": "Feature", "properties": { "start_id": 968, "end_id": 396, "distance(k": 248.89310529229834, "from": "port", "to": "road", "transport_": "multimodal" }, "geometry": { "type": "MultiLineString", "coordinates": [ [ [ -82.75844854, 23.04186226 ], [ -84.833778393556429, 21.887595261445966 ] ] ] } },
{ "type": "Feature", "properties": { "start_id": 396, "end_id": 2564, "distance(k": 92.761852685124225, "from": "road", "to": "maritime", "transport_": "multimodal" }, "geometry": { "type": "MultiLineString", "coordinates": [ [ [ -84.833778393556429, 21.887595261445966 ], [ -84.763325244321692, 21.055948186680951 ] ] ] } },
{ "type": "Feature", "properties": { "start_id": 419, "end_id": 924, "distance(k": 244.25139698462539, "from": "road", "to": "port", "transport_": "multimodal" }, "geometry": { "type": "MultiLineString", "coordinates": [ [ [ -89.749949900712693, 19.600658461531079 ], [ -91.8449, 18.64803 ] ] ] } },
{ "type": "Feature", "properties": { "start_id": 924, "end_id": 436, "distance(k": 146.99784435879187, "from": "port", "to": "road", "transport_": "multimodal" }, "geometry": { "type": "MultiLineString", "coordinates": [ [ [ -91.8449, 18.64803 ], [ -91.846870814408845, 17.326047954329745 ] ] ] } },
{ "type": "Feature", "properties": { "start_id": 976, "end_id": 988, "distance(k": 151.07306203542566, "from": "port", "to": "port", "transport_": "multimodal" }, "geometry": { "type": "MultiLineString", "coordinates": [ [ [ -81.53927, 23.06364 ], [ -80.45, 22.15 ] ] ] } },
{ "type": "Feature", "properties": { "start_id": 907, "end_id": 2635, "distance(k": 283.56054899649138, "from": "port", "to": "maritime", "transport_": "multimodal" }, "geometry": { "type": "MultiLineString", "coordinates": [ [ [ -95.2097, 16.1711 ], [ -94.854323613227237, 13.644203112651439 ] ] ] } },
{ "type": "Feature", "properties": { "start_id": 397, "end_id": 997, "distance(k": 250.77034545887577, "from": "road", "to": "port", "transport_": "multimodal" }, "geometry": { "type": "MultiLineString", "coordinates": [ [ [ -79.07346028496373, 21.887595261445966 ], [ -79.8053, 19.7386 ] ] ] } },
{ "type": "Feature", "properties": { "start_id": 938, "end_id": 2143, "distance(k": 60.609407848962519, "from": "port", "to": "country", "transport_": "multimodal" }, "geometry": { "type": "MultiLineString", "coordinates": [ [ [ -88.1849, 17.48543 ], [ -88.6828003, 17.2185001 ] ] ] } },
{ "type": "Feature", "properties": { "start_id": 937, "end_id": 934, "distance(k": 86.296932319861668, "from": "port", "to": "port", "transport_": "multimodal" }, "geometry": { "type": "MultiLineString", "coordinates": [ [ [ -88.4244, 16.5044 ], [ -88.67677157, 15.76714843 ] ] ] } },
{ "type": "Feature", "properties": { "start_id": 449, "end_id": 927, "distance(k": 134.01557074275885, "from": "road", "to": "port", "transport_": "multimodal" }, "geometry": { "type": "MultiLineString", "coordinates": [ [ [ -91.197479643930038, 15.062139851324615 ], [ -90.82498276, 13.91213269 ] ] ] } },
{ "type": "Feature", "properties": { "start_id": 2148, "end_id": 1028, "distance(k": 72.094308421697775, "from": "country", "to": "port", "transport_": "multimodal" }, "geometry": { "type": "MultiLineString", "coordinates": [ [ [ -77.2416, 21.1886997 ], [ -76.5544, 21.2892 ] ] ] } },
{ "type": "Feature", "properties": { "start_id": 978, "end_id": 997, "distance(k": 171.25450452599642, "from": "port", "to": "port", "transport_": "multimodal" }, "geometry": { "type": "MultiLineString", "coordinates": [ [ [ -81.367439, 19.286932 ], [ -79.8053, 19.7386 ] ] ] } },
{ "type": "Feature", "properties": { "start_id": 1028, "end_id": 1037, "distance(k": 107.92592564799821, "from": "port", "to": "port", "transport_": "multimodal" }, "geometry": { "type": "MultiLineString", "coordinates": [ [ [ -76.5544, 21.2892 ], [ -75.66669433, 20.78363838 ] ] ] } },
{ "type": "Feature", "properties": { "start_id": 997, "end_id": 1015, "distance(k": 257.04575278884232, "from": "port", "to": "port", "transport_": "multimodal" }, "geometry": { "type": "MultiLineString", "coordinates": [ [ [ -79.8053, 19.7386 ], [ -77.82028513, 18.38800137 ] ] ] } },
{ "type": "Feature", "properties": { "start_id": 934, "end_id": 941, "distance(k": 102.69925090558823, "from": "port", "to": "port", "transport_": "multimodal" }, "geometry": { "type": "MultiLineString", "coordinates": [ [ [ -88.67677157, 15.76714843 ], [ -87.71775514, 15.8043516 ] ] ] } },
{ "type": "Feature", "properties": { "start_id": 941, "end_id": 949, "distance(k": 94.957309854578199, "from": "port", "to": "port", "transport_": "multimodal" }, "geometry": { "type": "MultiLineString", "coordinates": [ [ [ -87.71775514, 15.8043516 ], [ -86.8313, 15.76423 ] ] ] } },
{ "type": "Feature", "properties": { "start_id": 954, "end_id": 949, "distance(k": 109.28615998980381, "from": "port", "to": "port", "transport_": "multimodal" }, "geometry": { "type": "MultiLineString", "coordinates": [ [ [ -85.93104579, 16.230133 ], [ -86.8313, 15.76423 ] ] ] } },
{ "type": "Feature", "properties": { "start_id": 1037, "end_id": 1048, "distance(k": 80.788898342338399, "from": "port", "to": "port", "transport_": "multimodal" }, "geometry": { "type": "MultiLineString", "coordinates": [ [ [ -75.66669433, 20.78363838 ], [ -74.9, 20.6667 ] ] ] } },
{ "type": "Feature", "properties": { "start_id": 1048, "end_id": 1047, "distance(k": 79.384268485800391, "from": "port", "to": "port", "transport_": "multimodal" }, "geometry": { "type": "MultiLineString", "coordinates": [ [ [ -74.9, 20.6667 ], [ -75.15218, 19.99308 ] ] ] } },
{ "type": "Feature", "properties": { "start_id": 1054, "end_id": 1066, "distance(k": 156.01252045466097, "from": "port", "to": "port", "transport_": "multimodal" }, "geometry": { "type": "MultiLineString", "coordinates": [ [ [ -73.6703, 21.0558 ], [ -72.32179739, 21.68154772 ] ] ] } },
{ "type": "Feature", "properties": { "start_id": 930, "end_id": 2142, "distance(k": 108.24207103561726, "from": "port", "to": "country", "transport_": "multimodal" }, "geometry": { "type": "MultiLineString", "coordinates": [ [ [ -89.8581, 13.6036 ], [ -88.8656006, 13.7361002 ] ] ] } },
{ "type": "Feature", "properties": { "start_id": 1047, "end_id": 2587, "distance(k": 166.01457578200166, "from": "port", "to": "maritime", "transport_": "multimodal" }, "geometry": { "type": "MultiLineString", "coordinates": [ [ [ -75.15218, 19.99308 ], [ -74.666078418026231, 18.572322382883915 ] ] ] } },
{ "type": "Feature", "properties": { "start_id": 2142, "end_id": 942, "distance(k": 137.77803536606933, "from": "country", "to": "port", "transport_": "multimodal" }, "geometry": { "type": "MultiLineString", "coordinates": [ [ [ -88.8656006, 13.7361002 ], [ -87.64571315, 13.37702117 ] ] ] } },
{ "type": "Feature", "properties": { "start_id": 942, "end_id": 948, "distance(k": 135.32221546976587, "from": "port", "to": "port", "transport_": "multimodal" }, "geometry": { "type": "MultiLineString", "coordinates": [ [ [ -87.64571315, 13.37702117 ], [ -86.98669787, 12.34344879 ] ] ] } },
{ "type": "Feature", "properties": { "start_id": 1023, "end_id": 2611, "distance(k": 200.22690809786704, "from": "port", "to": "maritime", "transport_": "multimodal" }, "geometry": { "type": "MultiLineString", "coordinates": [ [ [ -77.22777251, 17.89989252 ], [ -77.115351628024456, 16.102420527566085 ] ] ] } },
{ "type": "Feature", "properties": { "start_id": 420, "end_id": 1069, "distance(k": 69.04183377316815, "from": "road", "to": "port", "transport_": "multimodal" }, "geometry": { "type": "MultiLineString", "coordinates": [ [ [ -72.630017754380248, 19.600658461531079 ], [ -71.98618743, 19.73469093 ] ] ] } },
{ "type": "Feature", "properties": { "start_id": 420, "end_id": 1063, "distance(k": 102.24816826593414, "from": "road", "to": "port", "transport_": "multimodal" }, "geometry": { "type": "MultiLineString", "coordinates": [ [ [ -72.630017754380248, 19.600658461531079 ], [ -72.7037663, 18.68376169 ] ] ] } },
{ "type": "Feature", "properties": { "start_id": 1069, "end_id": 1087, "distance(k": 134.77658062604979, "from": "port", "to": "port", "transport_": "multimodal" }, "geometry": { "type": "MultiLineString", "coordinates": [ [ [ -71.98618743, 19.73469093 ], [ -70.7028, 19.8386 ] ] ] } },
{ "type": "Feature", "properties": { "start_id": 1087, "end_id": 2144, "distance(k": 107.5798420548596, "from": "port", "to": "country", "transport_": "multimodal" }, "geometry": { "type": "MultiLineString", "coordinates": [ [ [ -70.7028, 19.8386 ], [ -70.4853973, 18.8931007 ] ] ] } },
{ "type": "Feature", "properties": { "start_id": 962, "end_id": 2140, "distance(k": 221.38676420175562, "from": "port", "to": "country", "transport_": "multimodal" }, "geometry": { "type": "MultiLineString", "coordinates": [ [ [ -83.38501, 14.02004 ], [ -85.0337982, 12.8401003 ] ] ] } },
{ "type": "Feature", "properties": { "start_id": 948, "end_id": 2664, "distance(k": 187.32008532967365, "from": "port", "to": "maritime", "transport_": "multimodal" }, "geometry": { "type": "MultiLineString", "coordinates": [ [ [ -86.98669787, 12.34344879 ], [ -88.246357890338459, 11.195735316089518 ] ] ] } },
{ "type": "Feature", "properties": { "start_id": 1096, "end_id": 2613, "distance(k": 272.03428835817652, "from": "port", "to": "maritime", "transport_": "multimodal" }, "geometry": { "type": "MultiLineString", "coordinates": [ [ [ -70.06572207, 18.38819101 ], [ -70.978878409919758, 16.102420527566085 ] ] ] } },
{ "type": "Feature", "properties": { "start_id": 492, "end_id": 957, "distance(k": 70.092801498476248, "from": "road", "to": "port", "transport_": "multimodal" }, "geometry": { "type": "MultiLineString", "coordinates": [ [ [ -84.637600757702316, 10.560333313258052 ], [ -84.78217397, 9.946236903 ] ] ] } },
{ "type": "Feature", "properties": { "start_id": 957, "end_id": 2137, "distance(k": 65.019942547933809, "from": "port", "to": "country", "transport_": "multimodal" }, "geometry": { "type": "MultiLineString", "coordinates": [ [ [ -84.78217397, 9.946236903 ], [ -84.189003, 9.97052 ] ] ] } },
{ "type": "Feature", "properties": { "start_id": 2588, "end_id": 1129, "distance(k": 55.551151882513835, "from": "maritime", "to": "port", "transport_": "multimodal" }, "geometry": { "type": "MultiLineString", "coordinates": [ [ [ -65.384425978311455, 18.572322382883915 ], [ -64.91745178, 18.34129062 ] ] ] } },
{ "type": "Feature", "properties": { "start_id": 2588, "end_id": 1125, "distance(k": 60.523629142064763, "from": "maritime", "to": "port", "transport_": "multimodal" }, "geometry": { "type": "MultiLineString", "coordinates": [ [ [ -65.384425978311455, 18.572322382883915 ], [ -65.87181722, 18.28517286 ] ] ] } },
{ "type": "Feature", "properties": { "start_id": 1129, "end_id": 1130, "distance(k": 69.401148257926934, "from": "port", "to": "port", "transport_": "multimodal" }, "geometry": { "type": "MultiLineString", "coordinates": [ [ [ -64.91745178, 18.34129062 ], [ -64.79434173, 17.72822707 ] ] ] } },
{ "type": "Feature", "properties": { "start_id": 965, "end_id": 971, "distance(k": 128.20643468347421, "from": "port", "to": "port", "transport_": "multimodal" }, "geometry": { "type": "MultiLineString", "coordinates": [ [ [ -83.04904688, 9.978143558 ], [ -82.25921818, 9.127998356 ] ] ] } },
{ "type": "Feature", "properties": { "start_id": 2665, "end_id": 998, "distance(k": 242.35895406324215, "from": "maritime", "to": "port", "transport_": "multimodal" }, "geometry": { "type": "MultiLineString", "coordinates": [ [ [ -79.159238711714934, 11.195735316089518 ], [ -79.74076726, 9.092653688 ] ] ] } },
{ "type": "Feature", "properties": { "start_id": 1130, "end_id": 2614, "distance(k": 180.85372888791946, "from": "port", "to": "maritime", "transport_": "multimodal" }, "geometry": { "type": "MultiLineString", "coordinates": [ [ [ -64.79434173, 17.72822707 ], [ -64.842405191815075, 16.102420527566085 ] ] ] } },
{ "type": "Feature", "properties": { "start_id": 1130, "end_id": 1145, "distance(k": 247.82895966425144, "from": "port", "to": "port", "transport_": "multimodal" }, "geometry": { "type": "MultiLineString", "coordinates": [ [ [ -64.79434173, 17.72822707 ], [ -62.47403266, 17.45357345 ] ] ] } },
{ "type": "Feature", "properties": { "start_id": 1145, "end_id": 1151, "distance(k": 173.66671825439292, "from": "port", "to": "port", "transport_": "multimodal" }, "geometry": { "type": "MultiLineString", "coordinates": [ [ [ -62.47403266, 17.45357345 ], [ -61.63239878, 16.11564611 ] ] ] } },
{ "type": "Feature", "properties": { "start_id": 2615, "end_id": 1154, "distance(k": 300.3475593015458, "from": "maritime", "to": "port", "transport_": "multimodal" }, "geometry": { "type": "MultiLineString", "coordinates": [ [ [ -58.705931973710385, 16.102420527566085 ], [ -61.389, 15.31194 ] ] ] } },
{ "type": "Feature", "properties": { "start_id": 1151, "end_id": 1154, "distance(k": 93.088145069886053, "from": "port", "to": "port", "transport_": "multimodal" }, "geometry": { "type": "MultiLineString", "coordinates": [ [ [ -61.63239878, 16.11564611 ], [ -61.389, 15.31194 ] ] ] } },
{ "type": "Feature", "properties": { "start_id": 1154, "end_id": 1156, "distance(k": 135.10993718329465, "from": "port", "to": "port", "transport_": "multimodal" }, "geometry": { "type": "MultiLineString", "coordinates": [ [ [ -61.389, 15.31194 ], [ -61.01514814, 14.15190533 ] ] ] } },
{ "type": "Feature", "properties": { "start_id": 1156, "end_id": 1162, "distance(k": 189.45289830848418, "from": "port", "to": "port", "transport_": "multimodal" }, "geometry": { "type": "MultiLineString", "coordinates": [ [ [ -61.01514814, 14.15190533 ], [ -59.6331, 13.1036 ] ] ] } },
{ "type": "Feature", "properties": { "start_id": 1162, "end_id": 2669, "distance(k": 279.71342105639695, "from": "port", "to": "maritime", "transport_": "multimodal" }, "geometry": { "type": "MultiLineString", "coordinates": [ [ [ -59.6331, 13.1036 ], [ -57.955960628260044, 11.195735316089518 ] ] ] } },
{ "type": "Feature", "properties": { "start_id": 2642, "end_id": 1152, "distance(k": 115.26362514936743, "from": "maritime", "to": "port", "transport_": "multimodal" }, "geometry": { "type": "MultiLineString", "coordinates": [ [ [ -61.340602013781485, 13.644203112651439 ], [ -61.43783832, 12.61194666 ] ] ] } },
{ "type": "Feature", "properties": { "start_id": 1152, "end_id": 2668, "distance(k": 165.00295280815359, "from": "port", "to": "maritime", "transport_": "multimodal" }, "geometry": { "type": "MultiLineString", "coordinates": [ [ [ -61.43783832, 12.61194666 ], [ -60.985000354467878, 11.195735316089518 ] ] ] } },
{ "type": "Feature", "properties": { "start_id": 2668, "end_id": 2147, "distance(k": 85.994515229179598, "from": "maritime", "to": "country", "transport_": "multimodal" }, "geometry": { "type": "MultiLineString", "coordinates": [ [ [ -60.985000354467878, 11.195735316089518 ], [ -61.2526016, 10.4684 ] ] ] } },
{ "type": "Feature", "properties": { "start_id": 2639, "end_id": 1095, "distance(k": 176.71295749474481, "from": "maritime", "to": "port", "transport_": "multimodal" }, "geometry": { "type": "MultiLineString", "coordinates": [ [ [ -70.480707904539415, 13.644203112651439 ], [ -70.10855001, 12.09694971 ] ] ] } },
{ "type": "Feature", "properties": { "start_id": 1153, "end_id": 1146, "distance(k": 100.26160567953866, "from": "port", "to": "port", "transport_": "multimodal" }, "geometry": { "type": "MultiLineString", "coordinates": [ [ [ -61.40398146, 10.35075303 ], [ -62.2933, 10.5703 ] ] ] } },
{ "type": "Feature", "properties": { "start_id": 1153, "end_id": 1149, "distance(k": 195.69751586223342, "from": "port", "to": "port", "transport_": "multimodal" }, "geometry": { "type": "MultiLineString", "coordinates": [ [ [ -61.40398146, 10.35075303 ], [ -62.1506, 8.7522 ] ] ] } },
{ "type": "Feature", "properties": { "start_id": 494, "end_id": 1135, "distance(k": 207.48148368785985, "from": "road", "to": "port", "transport_": "multimodal" }, "geometry": { "type": "MultiLineString", "coordinates": [ [ [ -62.404440623839641, 10.560333313258052 ], [ -64.30226011, 10.53471505 ] ] ] } },
{ "type": "Feature", "properties": { "start_id": 1105, "end_id": 1095, "distance(k": 158.87762619763234, "from": "port", "to": "port", "transport_": "multimodal" }, "geometry": { "type": "MultiLineString", "coordinates": [ [ [ -68.64788668, 12.14214571 ], [ -70.10855001, 12.09694971 ] ] ] } },
{ "type": "Feature", "properties": { "start_id": 1105, "end_id": 1113, "distance(k": 195.11918189636822, "from": "port", "to": "port", "transport_": "multimodal" }, "geometry": { "type": "MultiLineString", "coordinates": [ [ [ -68.64788668, 12.14214571 ], [ -68.05995447, 10.48479581 ] ] ] } },
{ "type": "Feature", "properties": { "start_id": 2667, "end_id": 1118, "distance(k": 65.803567593426351, "from": "maritime", "to": "port", "transport_": "multimodal" }, "geometry": { "type": "MultiLineString", "coordinates": [ [ [ -67.043079806883554, 11.195735316089518 ], [ -66.99103003, 10.60616085 ] ] ] } },
{ "type": "Feature", "properties": { "start_id": 1095, "end_id": 493, "distance(k": 184.28820336914347, "from": "port", "to": "road", "transport_": "multimodal" }, "geometry": { "type": "MultiLineString", "coordinates": [ [ [ -70.10855001, 12.09694971 ], [ -70.741875674038141, 10.560333313258052 ] ] ] } },
{ "type": "Feature", "properties": { "start_id": 2709, "end_id": 1202, "distance(k": 182.63529068876122, "from": "maritime", "to": "port", "transport_": "multimodal" }, "geometry": { "type": "MultiLineString", "coordinates": [ [ [ -51.479379442644564, 6.320713330752366 ], [ -52.46330198, 5.001964918 ] ] ] } },
{ "type": "Feature", "properties": { "start_id": 1118, "end_id": 1113, "distance(k": 117.62805809719046, "from": "port", "to": "port", "transport_": "multimodal" }, "geometry": { "type": "MultiLineString", "coordinates": [ [ [ -66.99103003, 10.60616085 ], [ -68.05995447, 10.48479581 ] ] ] } },
{ "type": "Feature", "properties": { "start_id": 1070, "end_id": 1057, "distance(k": 189.04697991119727, "from": "port", "to": "port", "transport_": "multimodal" }, "geometry": { "type": "MultiLineString", "coordinates": [ [ [ -71.97655542, 12.26035969 ], [ -73.381642, 11.261216 ] ] ] } },
{ "type": "Feature", "properties": { "start_id": 1070, "end_id": 1074, "distance(k": 196.16751008372893, "from": "port", "to": "port", "transport_": "multimodal" }, "geometry": { "type": "MultiLineString", "coordinates": [ [ [ -71.97655542, 12.26035969 ], [ -71.53376734, 10.55040613 ] ] ] } },
{ "type": "Feature", "properties": { "start_id": 1174, "end_id": 1180, "distance(k": 96.608041994205223, "from": "port", "to": "port", "transport_": "multimodal" }, "geometry": { "type": "MultiLineString", "coordinates": [ [ [ -58.1994, 6.8183 ], [ -57.50353123, 6.292064333 ] ] ] } },
{ "type": "Feature", "properties": { "start_id": 1192, "end_id": 1181, "distance(k": 209.89631703034374, "from": "port", "to": "port", "transport_": "multimodal" }, "geometry": { "type": "MultiLineString", "coordinates": [ [ [ -55.11891275, 5.71225315 ], [ -57.0013, 5.94973 ] ] ] } },
{ "type": "Feature", "properties": { "start_id": 1180, "end_id": 1181, "distance(k": 67.322121423360045, "from": "port", "to": "port", "transport_": "multimodal" }, "geometry": { "type": "MultiLineString", "coordinates": [ [ [ -57.50353123, 6.292064333 ], [ -57.0013, 5.94973 ] ] ] } },
{ "type": "Feature", "properties": { "start_id": 1057, "end_id": 1050, "distance(k": 126.78917564417192, "from": "port", "to": "port", "transport_": "multimodal" }, "geometry": { "type": "MultiLineString", "coordinates": [ [ [ -73.381642, 11.261216 ], [ -74.52978675, 11.08398079 ] ] ] } },
{ "type": "Feature", "properties": { "start_id": 1050, "end_id": 1041, "distance(k": 136.77271531315827, "from": "port", "to": "port", "transport_": "multimodal" }, "geometry": { "type": "MultiLineString", "coordinates": [ [ [ -74.52978675, 11.08398079 ], [ -75.53552294, 10.35154723 ] ] ] } },
{ "type": "Feature", "properties": { "start_id": 2666, "end_id": 1041, "distance(k": 114.15387742578221, "from": "maritime", "to": "port", "transport_": "multimodal" }, "geometry": { "type": "MultiLineString", "coordinates": [ [ [ -76.130198985507079, 11.195735316089518 ], [ -75.53552294, 10.35154723 ] ] ] } },
{ "type": "Feature", "properties": { "start_id": 1041, "end_id": 1039, "distance(k": 91.703936293919867, "from": "port", "to": "port", "transport_": "multimodal" }, "geometry": { "type": "MultiLineString", "coordinates": [ [ [ -75.53552294, 10.35154723 ], [ -75.5819, 9.5281 ] ] ] } },
{ "type": "Feature", "properties": { "start_id": 2758, "end_id": 2786, "distance(k": 269.80206857472666, "from": "maritime", "to": "maritime", "transport_": "multimodal" }, "geometry": { "type": "MultiLineString", "coordinates": [ [ [ -48.302473414266302, 1.463252960218705 ], [ -48.296965854061312, -0.963129086041152 ] ] ] } },
{ "type": "Feature", "properties": { "start_id": 2758, "end_id": 568, "distance(k": 274.01085313097769, "from": "maritime", "to": "road", "transport_": "multimodal" }, "geometry": { "type": "MultiLineString", "coordinates": [ [ [ -48.302473414266302, 1.463252960218705 ], [ -50.762535875068032, 1.621220751157004 ] ] ] } },
{ "type": "Feature", "properties": { "start_id": 568, "end_id": 1206, "distance(k": 191.18690079644972, "from": "road", "to": "port", "transport_": "multimodal" }, "geometry": { "type": "MultiLineString", "coordinates": [ [ [ -50.762535875068032, 1.621220751157004 ], [ -51.1667, -0.05 ] ] ] } },
{ "type": "Feature", "properties": { "start_id": 2786, "end_id": 1213, "distance(k": 70.300395822794741, "from": "maritime", "to": "port", "transport_": "multimodal" }, "geometry": { "type": "MultiLineString", "coordinates": [ [ [ -48.296965854061312, -0.963129086041152 ], [ -48.63183143, -1.499438865 ] ] ] } },
{ "type": "Feature", "properties": { "start_id": 986, "end_id": 521, "distance(k": 120.43735918580018, "from": "port", "to": "road", "transport_": "multimodal" }, "geometry": { "type": "MultiLineString", "coordinates": [ [ [ -80.694628, 9.01982 ], [ -81.530477561509898, 8.319543933089816 ] ] ] } },
{ "type": "Feature", "properties": { "start_id": 1221, "end_id": 614, "distance(k": 316.19174908870821, "from": "port", "to": "road", "transport_": "multimodal" }, "geometry": { "type": "MultiLineString", "coordinates": [ [ [ -44.24898831, -2.449773553 ], [ -45.359506641737056, -5.068593553092819 ] ] ] } },
{ "type": "Feature", "properties": { "start_id": 971, "end_id": 966, "distance(k": 112.52753134046226, "from": "port", "to": "port", "transport_": "multimodal" }, "geometry": { "type": "MultiLineString", "coordinates": [ [ [ -82.25921818, 9.127998356 ], [ -83.0283606, 8.45989176 ] ] ] } },
{ "type": "Feature", "properties": { "start_id": 971, "end_id": 521, "distance(k": 120.40082008221376, "from": "port", "to": "road", "transport_": "multimodal" }, "geometry": { "type": "MultiLineString", "coordinates": [ [ [ -82.25921818, 9.127998356 ], [ -81.530477561509898, 8.319543933089816 ] ] ] } },
{ "type": "Feature", "properties": { "start_id": 1228, "end_id": 615, "distance(k": 205.05690083529208, "from": "port", "to": "road", "transport_": "multimodal" }, "geometry": { "type": "MultiLineString", "coordinates": [ [ [ -38.68642237, -3.63209894 ], [ -39.846196746109683, -5.068593553092819 ] ] ] } },
{ "type": "Feature", "properties": { "start_id": 1228, "end_id": 1231, "distance(k": 224.84478452342822, "from": "port", "to": "port", "transport_": "multimodal" }, "geometry": { "type": "MultiLineString", "coordinates": [ [ [ -38.68642237, -3.63209894 ], [ -37.044686, -4.818788 ] ] ] } },
{ "type": "Feature", "properties": { "start_id": 521, "end_id": 2708, "distance(k": 222.260495584376, "from": "road", "to": "maritime", "transport_": "multimodal" }, "geometry": { "type": "MultiLineString", "coordinates": [ [ [ -81.530477561509898, 8.319543933089816 ], [ -81.525516564110717, 6.320713330752366 ] ] ] } },
{ "type": "Feature", "properties": { "start_id": 1231, "end_id": 616, "distance(k": 28.21808958649067, "from": "port", "to": "road", "transport_": "multimodal" }, "geometry": { "type": "MultiLineString", "coordinates": [ [ [ -37.044686, -4.818788 ], [ -37.089541798295976, -5.068593553092819 ] ] ] } },
{ "type": "Feature", "properties": { "start_id": 2827, "end_id": 1235, "distance(k": 195.57155451428758, "from": "maritime", "to": "port", "transport_": "multimodal" }, "geometry": { "type": "MultiLineString", "coordinates": [ [ [ -33.432502921426895, -5.819554202736426 ], [ -35.2, -5.7833 ] ] ] } },
{ "type": "Feature", "properties": { "start_id": 1235, "end_id": 1237, "distance(k": 137.68615877165672, "from": "port", "to": "port", "transport_": "multimodal" }, "geometry": { "type": "MultiLineString", "coordinates": [ [ [ -35.2, -5.7833 ], [ -34.8333, -6.9667 ] ] ] } },
{ "type": "Feature", "properties": { "start_id": 603, "end_id": 1611, "distance(k": 117.14338243956703, "from": "road", "to": "port", "transport_": "multimodal" }, "geometry": { "type": "MultiLineString", "coordinates": [ [ [ 40.030277123264376, -2.83743844333639 ], [ 39.7552166, -3.85451992 ] ] ] } },
{ "type": "Feature", "properties": { "start_id": 617, "end_id": 1417, "distance(k": 61.406956854510774, "from": "road", "to": "port", "transport_": "multimodal" }, "geometry": { "type": "MultiLineString", "coordinates": [ [ [ 12.5302472623505, -5.068593553092819 ], [ 12.04093923, -5.328438345 ] ] ] } },
{ "type": "Feature", "properties": { "start_id": 1611, "end_id": 1601, "distance(k": 153.87999208964789, "from": "port", "to": "port", "transport_": "multimodal" }, "geometry": { "type": "MultiLineString", "coordinates": [ [ [ 39.7552166, -3.85451992 ], [ 39.1167, -5.0833 ] ] ] } },
{ "type": "Feature", "properties": { "start_id": 1601, "end_id": 1607, "distance(k": 66.935760415624074, "from": "port", "to": "port", "transport_": "multimodal" }, "geometry": { "type": "MultiLineString", "coordinates": [ [ [ 39.1167, -5.0833 ], [ 39.65, -5.3667 ] ] ] } },
{ "type": "Feature", "properties": { "start_id": 1607, "end_id": 1603, "distance(k": 123.22096006993739, "from": "port", "to": "port", "transport_": "multimodal" }, "geometry": { "type": "MultiLineString", "coordinates": [ [ [ 39.65, -5.3667 ], [ 39.22323845, -6.390317324 ] ] ] } },
{ "type": "Feature", "properties": { "start_id": 1603, "end_id": 1606, "distance(k": 284.5537753675427, "from": "port", "to": "port", "transport_": "multimodal" }, "geometry": { "type": "MultiLineString", "coordinates": [ [ [ 39.22323845, -6.390317324 ], [ 39.5169, -8.93277 ] ] ] } },
{ "type": "Feature", "properties": { "start_id": 1680, "end_id": 1682, "distance(k": 309.12512113669078, "from": "port", "to": "port", "transport_": "multimodal" }, "geometry": { "type": "MultiLineString", "coordinates": [ [ [ 55.6401377, -4.459089572 ], [ 56.2656, -7.1686 ] ] ] } },
{ "type": "Feature", "properties": { "start_id": 1429, "end_id": 643, "distance(k": 247.58271181883333, "from": "port", "to": "road", "transport_": "multimodal" }, "geometry": { "type": "MultiLineString", "coordinates": [ [ [ 13.3186821, -8.642143517 ], [ 15.381648492320654, -9.541100900487754 ] ] ] } },
{ "type": "Feature", "properties": { "start_id": 2855, "end_id": 1606, "distance(k": 259.4881007652782, "from": "maritime", "to": "port", "transport_": "multimodal" }, "geometry": { "type": "MultiLineString", "coordinates": [ [ [ 41.774682125419503, -8.252964051334699 ], [ 39.5169, -8.93277 ] ] ] } },
{ "type": "Feature", "properties": { "start_id": 1606, "end_id": 1614, "distance(k": 166.16092177220006, "from": "port", "to": "port", "transport_": "multimodal" }, "geometry": { "type": "MultiLineString", "coordinates": [ [ [ 39.5169, -8.93277 ], [ 40.2, -10.2667 ] ] ] } },
{ "type": "Feature", "properties": { "start_id": 1702, "end_id": 2861, "distance(k": 120.22698302463881, "from": "port", "to": "maritime", "transport_": "multimodal" }, "geometry": { "type": "MultiLineString", "coordinates": [ [ [ 72.42, -7.3019 ], [ 71.900894276300548, -8.252964051334699 ] ] ] } },
{ "type": "Feature", "properties": { "start_id": 1702, "end_id": 2862, "distance(k": 294.36457553690167, "from": "port", "to": "maritime", "transport_": "multimodal" }, "geometry": { "type": "MultiLineString", "coordinates": [ [ [ 72.42, -7.3019 ], [ 74.913515491388665, -8.252964051334699 ] ] ] } },
{ "type": "Feature", "properties": { "start_id": 1780, "end_id": 1775, "distance(k": 106.60246228190731, "from": "port", "to": "port", "transport_": "multimodal" }, "geometry": { "type": "MultiLineString", "coordinates": [ [ [ 106.0019668, -1.873992127 ], [ 105.0772611, -2.129075637 ] ] ] } },
{ "type": "Feature", "properties": { "start_id": 1780, "end_id": 605, "distance(k": 107.48269604672515, "from": "port", "to": "road", "transport_": "multimodal" }, "geometry": { "type": "MultiLineString", "coordinates": [ [ [ 106.0019668, -1.873992127 ], [ 106.080238495530523, -2.83743844333639 ] ] ] } },
{ "type": "Feature", "properties": { "start_id": 1775, "end_id": 1774, "distance(k": 100.63533548887708, "from": "port", "to": "port", "transport_": "multimodal" }, "geometry": { "type": "MultiLineString", "coordinates": [ [ [ 105.0772611, -2.129075637 ], [ 104.8115619, -2.994312732 ] ] ] } },
{ "type": "Feature", "properties": { "start_id": 604, "end_id": 1764, "distance(k": 159.33008400610501, "from": "road", "to": "port", "transport_": "multimodal" }, "geometry": { "type": "MultiLineString", "coordinates": [ [ [ 103.328156771686096, -2.83743844333639 ], [ 102.25, -3.7833 ] ] ] } },
{ "type": "Feature", "properties": { "start_id": 605, "end_id": 2819, "distance(k": 166.77500227838166, "from": "road", "to": "maritime", "transport_": "multimodal" }, "geometry": { "type": "MultiLineString", "coordinates": [ [ [ 106.080238495530523, -2.83743844333639 ], [ 107.476584959100464, -3.390173450947668 ] ] ] } },
{ "type": "Feature", "properties": { "start_id": 1764, "end_id": 2841, "distance(k": 234.54960241631653, "from": "port", "to": "maritime", "transport_": "multimodal" }, "geometry": { "type": "MultiLineString", "coordinates": [ [ [ 102.25, -3.7833 ], [ 101.697533350550898, -5.819554202736426 ] ] ] } },
{ "type": "Feature", "properties": { "start_id": 1788, "end_id": 2819, "distance(k": 72.496855963133754, "from": "port", "to": "maritime", "transport_": "multimodal" }, "geometry": { "type": "MultiLineString", "coordinates": [ [ [ 107.6401, -2.75897 ], [ 107.476584959100464, -3.390173450947668 ] ] ] } },
{ "type": "Feature", "properties": { "start_id": 1788, "end_id": 1790, "distance(k": 72.839973961210404, "from": "port", "to": "port", "transport_": "multimodal" }, "geometry": { "type": "MultiLineString", "coordinates": [ [ [ 107.6401, -2.75897 ], [ 108.28931, -2.85196 ] ] ] } },
{ "type": "Feature", "properties": { "start_id": 607, "end_id": 1822, "distance(k": 79.140158277410222, "from": "road", "to": "port", "transport_": "multimodal" }, "geometry": { "type": "MultiLineString", "coordinates": [ [ [ 114.336483667063817, -2.83743844333639 ], [ 114.5255853, -3.523662099 ] ] ] } },
{ "type": "Feature", "properties": { "start_id": 1776, "end_id": 2842, "distance(k": 78.023003348986506, "from": "port", "to": "maritime", "transport_": "multimodal" }, "geometry": { "type": "MultiLineString", "coordinates": [ [ [ 105.3067111, -5.461338398 ], [ 104.70042304548376, -5.819554202736426 ] ] ] } },
{ "type": "Feature", "properties": { "start_id": 1776, "end_id": 1781, "distance(k": 115.6026819997322, "from": "port", "to": "port", "transport_": "multimodal" }, "geometry": { "type": "MultiLineString", "coordinates": [ [ [ 105.3067111, -5.461338398 ], [ 106.3294, -5.2514 ] ] ] } },
{ "type": "Feature", "properties": { "start_id": 1822, "end_id": 1828, "distance(k": 110.91578274144602, "from": "port", "to": "port", "transport_": "multimodal" }, "geometry": { "type": "MultiLineString", "coordinates": [ [ [ 114.5255853, -3.523662099 ], [ 115.48, -3.82 ] ] ] } },
{ "type": "Feature", "properties": { "start_id": 1784, "end_id": 1782, "distance(k": 109.38104683979157, "from": "port", "to": "port", "transport_": "multimodal" }, "geometry": { "type": "MultiLineString", "coordinates": [ [ [ 106.4326002, -5.99350487 ], [ 106.4016585, -6.976711727 ] ] ] } },
{ "type": "Feature", "properties": { "start_id": 2820, "end_id": 1835, "distance(k": 35.030320164488828, "from": "maritime", "to": "port", "transport_": "multimodal" }, "geometry": { "type": "MultiLineString", "coordinates": [ [ [ 116.466289765992968, -3.390173450947668 ], [ 116.269531, -3.636503786 ] ] ] } },
{ "type": "Feature", "properties": { "start_id": 2821, "end_id": 1905, "distance(k": 89.430137855663119, "from": "maritime", "to": "port", "transport_": "multimodal" }, "geometry": { "type": "MultiLineString", "coordinates": [ [ [ 122.459426303921305, -3.390173450947668 ], [ 122.5182391, -4.192294205 ] ] ] } },
{ "type": "Feature", "properties": { "start_id": 2010, "end_id": 2824, "distance(k": 312.04229938377676, "from": "port", "to": "maritime", "transport_": "multimodal" }, "geometry": { "type": "MultiLineString", "coordinates": [ [ [ 143.6257, -3.56017 ], [ 146.43197245563465, -3.390173450947668 ] ] ] } },
{ "type": "Feature", "properties": { "start_id": 1905, "end_id": 621, "distance(k": 102.20218564420632, "from": "port", "to": "road", "transport_": "multimodal" }, "geometry": { "type": "MultiLineString", "coordinates": [ [ [ 122.5182391, -4.192294205 ], [ 122.796445174898224, -5.068593553092819 ] ] ] } },
{ "type": "Feature", "properties": { "start_id": 1835, "end_id": 1828, "distance(k": 89.950703749255794, "from": "port", "to": "port", "transport_": "multimodal" }, "geometry": { "type": "MultiLineString", "coordinates": [ [ [ 116.269531, -3.636503786 ], [ 115.48, -3.82 ] ] ] } },
{ "type": "Feature", "properties": { "start_id": 1835, "end_id": 2844, "distance(k": 247.64580121157658, "from": "port", "to": "maritime", "transport_": "multimodal" }, "geometry": { "type": "MultiLineString", "coordinates": [ [ [ 116.269531, -3.636503786 ], [ 116.711981825215105, -5.819554202736426 ] ] ] } },
{ "type": "Feature", "properties": { "start_id": 1862, "end_id": 1869, "distance(k": 118.56581290255669, "from": "port", "to": "port", "transport_": "multimodal" }, "geometry": { "type": "MultiLineString", "coordinates": [ [ [ 119.5371587, -4.574588118 ], [ 119.9664, -5.5514 ] ] ] } },
{ "type": "Feature", "properties": { "start_id": 621, "end_id": 1907, "distance(k": 51.010639236739529, "from": "road", "to": "port", "transport_": "multimodal" }, "geometry": { "type": "MultiLineString", "coordinates": [ [ [ 122.796445174898224, -5.068593553092819 ], [ 122.6072316, -5.486866897 ] ] ] } },
{ "type": "Feature", "properties": { "start_id": 1958, "end_id": 1964, "distance(k": 134.99307580894688, "from": "port", "to": "port", "transport_": "multimodal" }, "geometry": { "type": "MultiLineString", "coordinates": [ [ [ 133.02, -5.6681 ], [ 134.2372, -5.7514 ] ] ] } },
{ "type": "Feature", "properties": { "start_id": 1964, "end_id": 2866, "distance(k": 296.44284156193726, "from": "port", "to": "maritime", "transport_": "multimodal" }, "geometry": { "type": "MultiLineString", "coordinates": [ [ [ 134.2372, -5.7514 ], [ 135.165939793150756, -8.252964051334699 ] ] ] } },
{ "type": "Feature", "properties": { "start_id": 1907, "end_id": 2846, "distance(k": 38.962527225198201, "from": "port", "to": "maritime", "transport_": "multimodal" }, "geometry": { "type": "MultiLineString", "coordinates": [ [ [ 122.6072316, -5.486866897 ], [ 122.717761215080785, -5.819554202736426 ] ] ] } },
{ "type": "Feature", "properties": { "start_id": 1869, "end_id": 2845, "distance(k": 40.787810561656691, "from": "port", "to": "maritime", "transport_": "multimodal" }, "geometry": { "type": "MultiLineString", "coordinates": [ [ [ 119.9664, -5.5514 ], [ 119.714871520147952, -5.819554202736426 ] ] ] } },
{ "type": "Feature", "properties": { "start_id": 2044, "end_id": 2038, "distance(k": 204.5484484063262, "from": "port", "to": "port", "transport_": "multimodal" }, "geometry": { "type": "MultiLineString", "coordinates": [ [ [ 152.5756, -4.3344 ], [ 151.00915, -5.30783 ] ] ] } },
{ "type": "Feature", "properties": { "start_id": 2023, "end_id": 2028, "distance(k": 185.40974459240064, "from": "port", "to": "port", "transport_": "multimodal" }, "geometry": { "type": "MultiLineString", "coordinates": [ [ [ 146.019017, -5.40013607 ], [ 147.0239, -6.735 ] ] ] } },
{ "type": "Feature", "properties": { "start_id": 2038, "end_id": 2034, "distance(k": 98.825658521474338, "from": "port", "to": "port", "transport_": "multimodal" }, "geometry": { "type": "MultiLineString", "coordinates": [ [ [ 151.00915, -5.30783 ], [ 150.1501, -5.54977 ] ] ] } },
{ "type": "Feature", "properties": { "start_id": 2034, "end_id": 2028, "distance(k": 369.89023556124187, "from": "port", "to": "port", "transport_": "multimodal" }, "geometry": { "type": "MultiLineString", "coordinates": [ [ [ 150.1501, -5.54977 ], [ 147.0239, -6.735 ] ] ] } },
{ "type": "Feature", "properties": { "start_id": 2028, "end_id": 2031, "distance(k": 289.47492459841089, "from": "port", "to": "port", "transport_": "multimodal" }, "geometry": { "type": "MultiLineString", "coordinates": [ [ [ 147.0239, -6.735 ], [ 148.4869, -8.89757 ] ] ] } },
{ "type": "Feature", "properties": { "start_id": 2028, "end_id": 2013, "distance(k": 306.83318284706985, "from": "port", "to": "port", "transport_": "multimodal" }, "geometry": { "type": "MultiLineString", "coordinates": [ [ [ 147.0239, -6.735 ], [ 144.6067, -8.1022 ] ] ] } },
{ "type": "Feature", "properties": { "start_id": 2098, "end_id": 2008, "distance(k": 142.06291871492886, "from": "country", "to": "port", "transport_": "multimodal" }, "geometry": { "type": "MultiLineString", "coordinates": [ [ [ 143.0690002, -7.7979898 ], [ 143.2023, -9.06877 ] ] ] } },
{ "type": "Feature", "properties": { "start_id": 2098, "end_id": 2013, "distance(k": 172.68623247763887, "from": "country", "to": "port", "transport_": "multimodal" }, "geometry": { "type": "MultiLineString", "coordinates": [ [ [ 143.0690002, -7.7979898 ], [ 144.6067, -8.1022 ] ] ] } },
{ "type": "Feature", "properties": { "start_id": 1814, "end_id": 635, "distance(k": 75.650636968541463, "from": "port", "to": "road", "transport_": "multimodal" }, "geometry": { "type": "MultiLineString", "coordinates": [ [ [ 112.5918685, -6.871338793 ], [ 112.061709345303214, -7.302705218125654 ] ] ] } },
{ "type": "Feature", "properties": { "start_id": 1814, "end_id": 1817, "distance(k": 143.95919682898361, "from": "port", "to": "port", "transport_": "multimodal" }, "geometry": { "type": "MultiLineString", "coordinates": [ [ [ 112.5918685, -6.871338793 ], [ 113.6093572, -7.682189577 ] ] ] } },
{ "type": "Feature", "properties": { "start_id": 1927, "end_id": 1914, "distance(k": 287.15241535938577, "from": "port", "to": "port", "transport_": "multimodal" }, "geometry": { "type": "MultiLineString", "coordinates": [ [ [ 125.6206346, -8.54553286 ], [ 123.5833, -10.1667 ] ] ] } },
{ "type": "Feature", "properties": { "start_id": 1792, "end_id": 634, "distance(k": 125.3121983676821, "from": "port", "to": "road", "transport_": "multimodal" }, "geometry": { "type": "MultiLineString", "coordinates": [ [ [ 108.4881396, -6.51283615 ], [ 109.29785546553866, -7.302705218125654 ] ] ] } },
{ "type": "Feature", "properties": { "start_id": 1986, "end_id": 2887, "distance(k": 291.27222417111176, "from": "port", "to": "maritime", "transport_": "multimodal" }, "geometry": { "type": "MultiLineString", "coordinates": [ [ [ 140.39086, -8.47877 ], [ 141.81175389543111, -10.69212818981817 ] ] ] } },
{ "type": "Feature", "properties": { "start_id": 1986, "end_id": 2886, "distance(k": 302.54645410254932, "from": "port", "to": "maritime", "transport_": "multimodal" }, "geometry": { "type": "MultiLineString", "coordinates": [ [ [ 140.39086, -8.47877 ], [ 138.785891432869761, -10.69212818981817 ] ] ] } },
{ "type": "Feature", "properties": { "start_id": 1808, "end_id": 634, "distance(k": 130.75146684168232, "from": "port", "to": "road", "transport_": "multimodal" }, "geometry": { "type": "MultiLineString", "coordinates": [ [ [ 110.4277984, -6.948355033 ], [ 109.29785546553866, -7.302705218125654 ] ] ] } },
{ "type": "Feature", "properties": { "start_id": 635, "end_id": 2865, "distance(k": 152.39228745782725, "from": "road", "to": "maritime", "transport_": "multimodal" }, "geometry": { "type": "MultiLineString", "coordinates": [ [ [ 112.061709345303214, -7.302705218125654 ], [ 111.064970072445917, -8.252964051334699 ] ] ] } },
{ "type": "Feature", "properties": { "start_id": 1900, "end_id": 1895, "distance(k": 66.655357598024452, "from": "port", "to": "port", "transport_": "multimodal" }, "geometry": { "type": "MultiLineString", "coordinates": [ [ [ 122.2189, -8.61517 ], [ 121.662, -8.85255 ] ] ] } },
{ "type": "Feature", "properties": { "start_id": 1900, "end_id": 1914, "distance(k": 228.40063042900735, "from": "port", "to": "port", "transport_": "multimodal" }, "geometry": { "type": "MultiLineString", "coordinates": [ [ [ 122.2189, -8.61517 ], [ 123.5833, -10.1667 ] ] ] } },
{ "type": "Feature", "properties": { "start_id": 1817, "end_id": 1824, "distance(k": 123.01090837812426, "from": "port", "to": "port", "transport_": "multimodal" }, "geometry": { "type": "MultiLineString", "coordinates": [ [ [ 113.6093572, -7.682189577 ], [ 114.6100792, -8.17354769 ] ] ] } },
{ "type": "Feature", "properties": { "start_id": 1855, "end_id": 1874, "distance(k": 214.51388315056019, "from": "port", "to": "port", "transport_": "multimodal" }, "geometry": { "type": "MultiLineString", "coordinates": [ [ [ 118.71591, -8.44602 ], [ 120.25055, -9.63969 ] ] ] } },
{ "type": "Feature", "properties": { "start_id": 1855, "end_id": 1833, "distance(k": 292.62916358597482, "from": "port", "to": "port", "transport_": "multimodal" }, "geometry": { "type": "MultiLineString", "coordinates": [ [ [ 118.71591, -8.44602 ], [ 116.0636499, -8.662631471 ] ] ] } },
{ "type": "Feature", "properties": { "start_id": 1895, "end_id": 1874, "distance(k": 177.92276611511178, "from": "port", "to": "port", "transport_": "multimodal" }, "geometry": { "type": "MultiLineString", "coordinates": [ [ [ 121.662, -8.85255 ], [ 120.25055, -9.63969 ] ] ] } },
{ "type": "Feature", "properties": { "start_id": 2051, "end_id": 2049, "distance(k": 76.001689538007625, "from": "port", "to": "port", "transport_": "multimodal" }, "geometry": { "type": "MultiLineString", "coordinates": [ [ [ 156.4077, -6.68667 ], [ 155.8467, -7.08287 ] ] ] } },
{ "type": "Feature", "properties": { "start_id": 1824, "end_id": 1833, "distance(k": 168.88356437877482, "from": "port", "to": "port", "transport_": "multimodal" }, "geometry": { "type": "MultiLineString", "coordinates": [ [ [ 114.6100792, -8.17354769 ], [ 116.0636499, -8.662631471 ] ] ] } },
{ "type": "Feature", "properties": { "start_id": 634, "end_id": 1797, "distance(k": 53.306107461817319, "from": "road", "to": "port", "transport_": "multimodal" }, "geometry": { "type": "MultiLineString", "coordinates": [ [ [ 109.29785546553866, -7.302705218125654 ], [ 109.0445105, -7.711031169 ] ] ] } },
{ "type": "Feature", "properties": { "start_id": 2049, "end_id": 2052, "distance(k": 150.45596739615755, "from": "port", "to": "port", "transport_": "multimodal" }, "geometry": { "type": "MultiLineString", "coordinates": [ [ [ 155.8467, -7.08287 ], [ 156.8930918, -7.951581623 ] ] ] } },
{ "type": "Feature", "properties": { "start_id": 2049, "end_id": 2867, "distance(k": 315.17889796676963, "from": "port", "to": "maritime", "transport_": "multimodal" }, "geometry": { "type": "MultiLineString", "coordinates": [ [ [ 155.8467, -7.08287 ], [ 153.241667083679374, -8.252964051334699 ] ] ] } },
{ "type": "Feature", "properties": { "start_id": 1782, "end_id": 633, "distance(k": 39.079256667264438, "from": "port", "to": "road", "transport_": "multimodal" }, "geometry": { "type": "MultiLineString", "coordinates": [ [ [ 106.4016585, -6.976711727 ], [ 106.534001585774092, -7.302705218125654 ] ] ] } },
{ "type": "Feature", "properties": { "start_id": 2008, "end_id": 2887, "distance(k": 236.19008743538734, "from": "port", "to": "maritime", "transport_": "multimodal" }, "geometry": { "type": "MultiLineString", "coordinates": [ [ [ 143.2023, -9.06877 ], [ 141.81175389543111, -10.69212818981817 ] ] ] } },
{ "type": "Feature", "properties": { "start_id": 2031, "end_id": 2035, "distance(k": 266.87095992094572, "from": "port", "to": "port", "transport_": "multimodal" }, "geometry": { "type": "MultiLineString", "coordinates": [ [ [ 148.4869, -8.89757 ], [ 150.45, -10.3167 ] ] ] } },
{ "type": "Feature", "properties": { "start_id": 654, "end_id": 1433, "distance(k": 213.86262927721009, "from": "road", "to": "port", "transport_": "multimodal" }, "geometry": { "type": "MultiLineString", "coordinates": [ [ [ 15.451855691229907, -11.785137462198822 ], [ 13.5667, -12.3333 ] ] ] } },
{ "type": "Feature", "properties": { "start_id": 1433, "end_id": 1418, "distance(k": 353.47738362744707, "from": "port", "to": "port", "transport_": "multimodal" }, "geometry": { "type": "MultiLineString", "coordinates": [ [ [ 13.5667, -12.3333 ], [ 12.1411, -15.19487 ] ] ] } },
{ "type": "Feature", "properties": { "start_id": 1614, "end_id": 1615, "distance(k": 301.99880334074476, "from": "port", "to": "port", "transport_": "multimodal" }, "geometry": { "type": "MultiLineString", "coordinates": [ [ [ 40.2, -10.2667 ], [ 40.5, -12.9667 ] ] ] } },
{ "type": "Feature", "properties": { "start_id": 657, "end_id": 1630, "distance(k": 124.60872357038313, "from": "road", "to": "port", "transport_": "multimodal" }, "geometry": { "type": "MultiLineString", "coordinates": [ [ [ 43.315862315024845, -11.785137462198822 ], [ 44.39271, -12.16744 ] ] ] } },
{ "type": "Feature", "properties": { "start_id": 657, "end_id": 2896, "distance(k": 193.73429242979648, "from": "road", "to": "maritime", "transport_": "multimodal" }, "geometry": { "type": "MultiLineString", "coordinates": [ [ [ 43.315862315024845, -11.785137462198822 ], [ 42.19248935044974, -13.138818947824873 ] ] ] } },
{ "type": "Feature", "properties": { "start_id": 2873, "end_id": 1650, "distance(k": 259.56776665885263, "from": "maritime", "to": "port", "transport_": "multimodal" }, "geometry": { "type": "MultiLineString", "coordinates": [ [ [ 51.035880018589651, -10.69212818981817 ], [ 49.28513, -12.27509 ] ] ] } },
{ "type": "Feature", "properties": { "start_id": 1630, "end_id": 1634, "distance(k": 113.76647320975351, "from": "port", "to": "port", "transport_": "multimodal" }, "geometry": { "type": "MultiLineString", "coordinates": [ [ [ 44.39271, -12.16744 ], [ 45.23305, -12.77864 ] ] ] } },
{ "type": "Feature", "properties": { "start_id": 1650, "end_id": 1656, "distance(k": 143.21747953001778, "from": "port", "to": "port", "transport_": "multimodal" }, "geometry": { "type": "MultiLineString", "coordinates": [ [ [ 49.28513, -12.27509 ], [ 50.00626, -13.3542 ] ] ] } },
{ "type": "Feature", "properties": { "start_id": 1650, "end_id": 1641, "distance(k": 166.92945826544948, "from": "port", "to": "port", "transport_": "multimodal" }, "geometry": { "type": "MultiLineString", "coordinates": [ [ [ 49.28513, -12.27509 ], [ 48.2657, -13.40017 ] ] ] } },
{ "type": "Feature", "properties": { "start_id": 633, "end_id": 1777, "distance(k": 355.42352570027896, "from": "road", "to": "port", "transport_": "multimodal" }, "geometry": { "type": "MultiLineString", "coordinates": [ [ [ 106.534001585774092, -7.302705218125654 ], [ 105.7458, -10.4028 ] ] ] } },
{ "type": "Feature", "properties": { "start_id": 1874, "end_id": 2905, "distance(k": 405.67231116497703, "from": "port", "to": "maritime", "transport_": "multimodal" }, "geometry": { "type": "MultiLineString", "coordinates": [ [ [ 120.25055, -9.63969 ], [ 121.30403571664371, -13.138818947824873 ] ] ] } },
{ "type": "Feature", "properties": { "start_id": 2884, "end_id": 1946, "distance(k": 264.78283334020011, "from": "maritime", "to": "port", "transport_": "multimodal" }, "geometry": { "type": "MultiLineString", "coordinates": [ [ [ 132.734166507746977, -10.69212818981817 ], [ 130.42435, -11.421117 ] ] ] } },
{ "type": "Feature", "properties": { "start_id": 2052, "end_id": 2055, "distance(k": 195.09054792927981, "from": "port", "to": "port", "transport_": "multimodal" }, "geometry": { "type": "MultiLineString", "coordinates": [ [ [ 156.8930918, -7.951581623 ], [ 158.6565, -7.78747 ] ] ] } },
{ "type": "Feature", "properties": { "start_id": 2885, "end_id": 1970, "distance(k": 196.48406710829062, "from": "maritime", "to": "port", "transport_": "multimodal" }, "geometry": { "type": "MultiLineString", "coordinates": [ [ [ 135.760028970308355, -10.69212818981817 ], [ 136.7, -12.2 ] ] ] } },
{ "type": "Feature", "properties": { "start_id": 2886, "end_id": 1970, "distance(k": 282.46551005065891, "from": "maritime", "to": "port", "transport_": "multimodal" }, "geometry": { "type": "MultiLineString", "coordinates": [ [ [ 138.785891432869761, -10.69212818981817 ], [ 136.7, -12.2 ] ] ] } },
{ "type": "Feature", "properties": { "start_id": 2055, "end_id": 2056, "distance(k": 244.39467743723506, "from": "port", "to": "port", "transport_": "multimodal" }, "geometry": { "type": "MultiLineString", "coordinates": [ [ [ 158.6565, -7.78747 ], [ 160.2231803, -9.346598121 ] ] ] } },
{ "type": "Feature", "properties": { "start_id": 2887, "end_id": 1999, "distance(k": 219.64386698151219, "from": "maritime", "to": "port", "transport_": "multimodal" }, "geometry": { "type": "MultiLineString", "coordinates": [ [ [ 141.81175389543111, -10.69212818981817 ], [ 141.8667, -12.6667 ] ] ] } },
{ "type": "Feature", "properties": { "start_id": 1946, "end_id": 1948, "distance(k": 125.14525367177188, "from": "port", "to": "port", "transport_": "multimodal" }, "geometry": { "type": "MultiLineString", "coordinates": [ [ [ 130.42435, -11.421117 ], [ 130.85, -12.4667 ] ] ] } },
{ "type": "Feature", "properties": { "start_id": 2035, "end_id": 2042, "distance(k": 212.14768826114906, "from": "port", "to": "port", "transport_": "multimodal" }, "geometry": { "type": "MultiLineString", "coordinates": [ [ [ 150.45, -10.3167 ], [ 152.1422, -11.2531 ] ] ] } },
{ "type": "Feature", "properties": { "start_id": 1970, "end_id": 1968, "distance(k": 186.36775048684146, "from": "port", "to": "port", "transport_": "multimodal" }, "geometry": { "type": "MultiLineString", "coordinates": [ [ [ 136.7, -12.2 ], [ 136.414681, -13.852835 ] ] ] } },
{ "type": "Feature", "properties": { "start_id": 1948, "end_id": 671, "distance(k": 180.67815167195482, "from": "port", "to": "road", "transport_": "multimodal" }, "geometry": { "type": "MultiLineString", "coordinates": [ [ [ 130.85, -12.4667 ], [ 130.417930311612963, -14.036211162067465 ] ] ] } },
{ "type": "Feature", "properties": { "start_id": 2056, "end_id": 2057, "distance(k": 208.09184312645749, "from": "port", "to": "port", "transport_": "multimodal" }, "geometry": { "type": "MultiLineString", "coordinates": [ [ [ 160.2231803, -9.346598121 ], [ 161.78604, -10.41038 ] ] ] } },
{ "type": "Feature", "properties": { "start_id": 2093, "end_id": 2094, "distance(k": 897.87236295325988, "from": "port", "to": "port", "transport_": "multimodal" }, "geometry": { "type": "MultiLineString", "coordinates": [ [ [ 179.1897, -8.49767 ], [ 179.3431646, -16.57104303 ] ] ] } },
{ "type": "Feature", "properties": { "start_id": 2057, "end_id": 2065, "distance(k": 813.67735327785874, "from": "port", "to": "port", "transport_": "multimodal" }, "geometry": { "type": "MultiLineString", "coordinates": [ [ [ 161.78604, -10.41038 ], [ 167.1667, -15.5167 ] ] ] } },
{ "type": "Feature", "properties": { "start_id": 2888, "end_id": 2906, "distance(k": 287.66551293559576, "from": "maritime", "to": "maritime", "transport_": "multimodal" }, "geometry": { "type": "MultiLineString", "coordinates": [ [ [ 153.915203745676621, -10.69212818981817 ], [ 154.774305333110362, -13.138818947824873 ] ] ] } },
{ "type": "Feature", "properties": { "start_id": 925, "end_id": 932, "distance(k": 207.32807228205607, "from": "port", "to": "port", "transport_": "multimodal" }, "geometry": { "type": "MultiLineString", "coordinates": [ [ [ -91.3682, -0.26037 ], [ -89.6167, -0.9 ] ] ] } },
{ "type": "Feature", "properties": { "start_id": 932, "end_id": 2784, "distance(k": 267.26087709608845, "from": "port", "to": "maritime", "transport_": "multimodal" }, "geometry": { "type": "MultiLineString", "coordinates": [ [ [ -89.6167, -0.9 ], [ -87.213676595286884, -0.963129086041152 ] ] ] } },
{ "type": "Feature", "properties": { "start_id": 1025, "end_id": 1005, "distance(k": 296.22587675794648, "from": "port", "to": "port", "transport_": "multimodal" }, "geometry": { "type": "MultiLineString", "coordinates": [ [ [ -77.0667, 3.8833 ], [ -78.75, 1.8167 ] ] ] } },
{ "type": "Feature", "properties": { "start_id": 1005, "end_id": 999, "distance(k": 135.77119896971345, "from": "port", "to": "port", "transport_": "multimodal" }, "geometry": { "type": "MultiLineString", "coordinates": [ [ [ -78.75, 1.8167 ], [ -79.64808, 0.98915 ] ] ] } },
{ "type": "Feature", "properties": { "start_id": 999, "end_id": 985, "distance(k": 246.19426331141443, "from": "port", "to": "port", "transport_": "multimodal" }, "geometry": { "type": "MultiLineString", "coordinates": [ [ [ -79.64808, 0.98915 ], [ -80.7167, -0.95 ] ] ] } },
{ "type": "Feature", "properties": { "start_id": 2785, "end_id": 985, "distance(k": 56.696996417050414, "from": "maritime", "to": "port", "transport_": "multimodal" }, "geometry": { "type": "MultiLineString", "coordinates": [ [ [ -81.226490327406026, -0.963129086041152 ], [ -80.7167, -0.95 ] ] ] } },
{ "type": "Feature", "properties": { "start_id": 985, "end_id": 983, "distance(k": 138.34566137165498, "from": "port", "to": "port", "transport_": "multimodal" }, "geometry": { "type": "MultiLineString", "coordinates": [ [ [ -80.7167, -0.95 ], [ -80.91674012, -2.177998499 ] ] ] } },
{ "type": "Feature", "properties": { "start_id": 983, "end_id": 995, "distance(k": 112.32590295669137, "from": "port", "to": "port", "transport_": "multimodal" }, "geometry": { "type": "MultiLineString", "coordinates": [ [ [ -80.91674012, -2.177998499 ], [ -79.9073975, -2.234416979 ] ] ] } },
{ "type": "Feature", "properties": { "start_id": 983, "end_id": 2805, "distance(k": 141.59241131349341, "from": "port", "to": "maritime", "transport_": "multimodal" }, "geometry": { "type": "MultiLineString", "coordinates": [ [ [ -80.91674012, -2.177998499 ], [ -81.307215985642173, -3.390173450947668 ] ] ] } },
{ "type": "Feature", "properties": { "start_id": 2805, "end_id": 987, "distance(k": 78.780295618113087, "from": "maritime", "to": "port", "transport_": "multimodal" }, "geometry": { "type": "MultiLineString", "coordinates": [ [ [ -81.307215985642173, -3.390173450947668 ], [ -80.65406, -3.66759 ] ] ] } },
{ "type": "Feature", "properties": { "start_id": 987, "end_id": 979, "distance(k": 147.53915918727668, "from": "port", "to": "port", "transport_": "multimodal" }, "geometry": { "type": "MultiLineString", "coordinates": [ [ [ -80.65406, -3.66759 ], [ -81.22251424, -4.867254948 ] ] ] } },
{ "type": "Feature", "properties": { "start_id": 2826, "end_id": 996, "distance(k": 216.33480681970747, "from": "maritime", "to": "port", "transport_": "multimodal" }, "geometry": { "type": "MultiLineString", "coordinates": [ [ [ -81.47873804035234, -5.819554202736426 ], [ -79.86957, -6.92758 ] ] ] } },
{ "type": "Feature", "properties": { "start_id": 996, "end_id": 1001, "distance(k": 97.821431715354336, "from": "port", "to": "port", "transport_": "multimodal" }, "geometry": { "type": "MultiLineString", "coordinates": [ [ [ -79.86957, -6.92758 ], [ -79.43635, -7.69523 ] ] ] } },
{ "type": "Feature", "properties": { "start_id": 622, "end_id": 1001, "distance(k": 97.628495366345049, "from": "road", "to": "port", "transport_": "multimodal" }, "geometry": { "type": "MultiLineString", "coordinates": [ [ [ -78.64420835845128, -7.302705218125654 ], [ -79.43635, -7.69523 ] ] ] } },
{ "type": "Feature", "properties": { "start_id": 1001, "end_id": 1004, "distance(k": 73.984844933870747, "from": "port", "to": "port", "transport_": "multimodal" }, "geometry": { "type": "MultiLineString", "coordinates": [ [ [ -79.43635, -7.69523 ], [ -79.0219, -8.2189 ] ] ] } },
{ "type": "Feature", "properties": { "start_id": 1004, "end_id": 1007, "distance(k": 117.37195502385849, "from": "port", "to": "port", "transport_": "multimodal" }, "geometry": { "type": "MultiLineString", "coordinates": [ [ [ -79.0219, -8.2189 ], [ -78.55734308, -9.169327201 ] ] ] } },
{ "type": "Feature", "properties": { "start_id": 1007, "end_id": 1010, "distance(k": 111.54045710694886, "from": "port", "to": "port", "transport_": "multimodal" }, "geometry": { "type": "MultiLineString", "coordinates": [ [ [ -78.55734308, -9.169327201 ], [ -78.17118, -10.09738 ] ] ] } },
{ "type": "Feature", "properties": { "start_id": 1010, "end_id": 2868, "distance(k": 119.04216764463887, "from": "port", "to": "maritime", "transport_": "multimodal" }, "geometry": { "type": "MultiLineString", "coordinates": [ [ [ -78.17118, -10.09738 ], [ -79.076205871549803, -10.69212818981817 ] ] ] } },
{ "type": "Feature", "properties": { "start_id": 1010, "end_id": 1020, "distance(k": 170.93368570267438, "from": "port", "to": "port", "transport_": "multimodal" }, "geometry": { "type": "MultiLineString", "coordinates": [ [ [ -78.17118, -10.09738 ], [ -77.40606675, -11.4383431 ] ] ] } },
{ "type": "Feature", "properties": { "start_id": 1237, "end_id": 1236, "distance(k": 140.28689760623237, "from": "port", "to": "port", "transport_": "multimodal" }, "geometry": { "type": "MultiLineString", "coordinates": [ [ [ -34.8333, -6.9667 ], [ -34.91319743, -8.225842341 ] ] ] } },
{ "type": "Feature", "properties": { "start_id": 1236, "end_id": 1234, "distance(k": 183.80279225407716, "from": "port", "to": "port", "transport_": "multimodal" }, "geometry": { "type": "MultiLineString", "coordinates": [ [ [ -34.91319743, -8.225842341 ], [ -35.7333, -9.6667 ] ] ] } },
{ "type": "Feature", "properties": { "start_id": 1234, "end_id": 2869, "distance(k": 251.18483847276826, "from": "port", "to": "maritime", "transport_": "multimodal" }, "geometry": { "type": "MultiLineString", "coordinates": [ [ [ -35.7333, -9.6667 ], [ -33.688268933129066, -10.69212818981817 ] ] ] } },
{ "type": "Feature", "properties": { "start_id": 642, "end_id": 1232, "distance(k": 152.05438783243241, "from": "road", "to": "port", "transport_": "multimodal" }, "geometry": { "type": "MultiLineString", "coordinates": [ [ [ -37.319418076953561, -9.541100900487754 ], [ -36.9267, -10.8528 ] ] ] } },
{ "type": "Feature", "properties": { "start_id": 1418, "end_id": 2914, "distance(k": 362.8861641374466, "from": "port", "to": "maritime", "transport_": "multimodal" }, "geometry": { "type": "MultiLineString", "coordinates": [ [ [ 12.1411, -15.19487 ], [ 8.781610707923663, -15.594871652631417 ] ] ] } },
{ "type": "Feature", "properties": { "start_id": 1615, "end_id": 1618, "distance(k": 175.12592365349946, "from": "port", "to": "port", "transport_": "multimodal" }, "geometry": { "type": "MultiLineString", "coordinates": [ [ [ 40.5, -12.9667 ], [ 40.6667, -14.5333 ] ] ] } },
{ "type": "Feature", "properties": { "start_id": 1615, "end_id": 2896, "distance(k": 184.32956221752559, "from": "port", "to": "maritime", "transport_": "multimodal" }, "geometry": { "type": "MultiLineString", "coordinates": [ [ [ 40.5, -12.9667 ], [ 42.19248935044974, -13.138818947824873 ] ] ] } },
{ "type": "Feature", "properties": { "start_id": 1641, "end_id": 1637, "distance(k": 330.95873926787436, "from": "port", "to": "port", "transport_": "multimodal" }, "geometry": { "type": "MultiLineString", "coordinates": [ [ [ 48.2657, -13.40017 ], [ 46.25121297, -15.64884969 ] ] ] } },
{ "type": "Feature", "properties": { "start_id": 1618, "end_id": 2915, "distance(k": 227.66570482229153, "from": "port", "to": "maritime", "transport_": "multimodal" }, "geometry": { "type": "MultiLineString", "coordinates": [ [ [ 40.6667, -14.5333 ], [ 42.47978468488607, -15.594871652631417 ] ] ] } },
{ "type": "Feature", "properties": { "start_id": 1618, "end_id": 686, "distance(k": 328.66033741590024, "from": "port", "to": "road", "transport_": "multimodal" }, "geometry": { "type": "MultiLineString", "coordinates": [ [ [ 40.6667, -14.5333 ], [ 38.205279152601229, -16.295768517305071 ] ] ] } },
{ "type": "Feature", "properties": { "start_id": 2905, "end_id": 1915, "distance(k": 418.74477118749451, "from": "maritime", "to": "port", "transport_": "multimodal" }, "geometry": { "type": "MultiLineString", "coordinates": [ [ [ 121.30403571664371, -13.138818947824873 ], [ 123.6855, -16.11767 ] ] ] } },
{ "type": "Feature", "properties": { "start_id": 1999, "end_id": 672, "distance(k": 154.49820920794508, "from": "port", "to": "road", "transport_": "multimodal" }, "geometry": { "type": "MultiLineString", "coordinates": [ [ [ 141.8667, -12.6667 ], [ 141.62572141617926, -14.036211162067465 ] ] ] } },
{ "type": "Feature", "properties": { "start_id": 1968, "end_id": 1969, "distance(k": 167.46895757693031, "from": "port", "to": "port", "transport_": "multimodal" }, "geometry": { "type": "MultiLineString", "coordinates": [ [ [ 136.414681, -13.852835 ], [ 136.5378, -15.3542 ] ] ] } },
{ "type": "Feature", "properties": { "start_id": 671, "end_id": 1939, "distance(k": 295.6697098757158, "from": "road", "to": "port", "transport_": "multimodal" }, "geometry": { "type": "MultiLineString", "coordinates": [ [ [ 130.417930311612963, -14.036211162067465 ], [ 128.1, -15.4667 ] ] ] } },
{ "type": "Feature", "properties": { "start_id": 2018, "end_id": 690, "distance(k": 149.16546049413483, "from": "port", "to": "road", "transport_": "multimodal" }, "geometry": { "type": "MultiLineString", "coordinates": [ [ [ 145.3521, -14.95467 ], [ 145.385196972646781, -16.295768517305071 ] ] ] } },
{ "type": "Feature", "properties": { "start_id": 1969, "end_id": 689, "distance(k": 280.71554694130879, "from": "port", "to": "road", "transport_": "multimodal" }, "geometry": { "type": "MultiLineString", "coordinates": [ [ [ 136.5378, -15.3542 ], [ 134.103100360010416, -16.295768517305071 ] ] ] } },
{ "type": "Feature", "properties": { "start_id": 1969, "end_id": 707, "distance(k": 388.64607291831794, "from": "port", "to": "road", "transport_": "multimodal" }, "geometry": { "type": "MultiLineString", "coordinates": [ [ [ 136.5378, -15.3542 ], [ 137.981013227441053, -18.565318306554289 ] ] ] } },
{ "type": "Feature", "properties": { "start_id": 645, "end_id": 1034, "distance(k": 204.47584471078929, "from": "road", "to": "port", "transport_": "multimodal" }, "geometry": { "type": "MultiLineString", "coordinates": [ [ [ -76.499366167293431, -11.785137462198822 ], [ -76.20805826, -13.60194273 ] ] ] } },
{ "type": "Feature", "properties": { "start_id": 1034, "end_id": 1044, "distance(k": 208.86896627013618, "from": "port", "to": "port", "transport_": "multimodal" }, "geometry": { "type": "MultiLineString", "coordinates": [ [ [ -76.20805826, -13.60194273 ], [ -75.2542, -15.2375 ] ] ] } },
{ "type": "Feature", "properties": { "start_id": 658, "end_id": 1044, "distance(k": 180.61165220706931, "from": "road", "to": "port", "transport_": "multimodal" }, "geometry": { "type": "MultiLineString", "coordinates": [ [ [ -74.124257346721947, -14.036211162067465 ], [ -75.2542, -15.2375 ] ] ] } },
{ "type": "Feature", "properties": { "start_id": 1044, "end_id": 1055, "distance(k": 207.13119525166414, "from": "port", "to": "port", "transport_": "multimodal" }, "geometry": { "type": "MultiLineString", "coordinates": [ [ [ -75.2542, -15.2375 ], [ -73.6162, -16.2296 ] ] ] } },
{ "type": "Feature", "properties": { "start_id": 1055, "end_id": 1068, "distance(k": 185.35942957815658, "from": "port", "to": "port", "transport_": "multimodal" }, "geometry": { "type": "MultiLineString", "coordinates": [ [ [ -73.6162, -16.2296 ], [ -72.07755972, -17.00747892 ] ] ] } },
{ "type": "Feature", "properties": { "start_id": 1068, "end_id": 1076, "distance(k": 101.51173438347936, "from": "port", "to": "port", "transport_": "multimodal" }, "geometry": { "type": "MultiLineString", "coordinates": [ [ [ -72.07755972, -17.00747892 ], [ -71.4031, -17.6547 ] ] ] } },
{ "type": "Feature", "properties": { "start_id": 653, "end_id": 1229, "distance(k": 220.84899384520213, "from": "road", "to": "port", "transport_": "multimodal" }, "geometry": { "type": "MultiLineString", "coordinates": [ [ [ -40.276157556360012, -11.785137462198822 ], [ -38.55457031, -12.84144886 ] ] ] } },
{ "type": "Feature", "properties": { "start_id": 686, "end_id": 2933, "distance(k": 254.93215642177168, "from": "road", "to": "maritime", "transport_": "multimodal" }, "geometry": { "type": "MultiLineString", "coordinates": [ [ [ 38.205279152601229, -16.295768517305071 ], [ 39.73511509252441, -18.062202158520233 ] ] ] } },
{ "type": "Feature", "properties": { "start_id": 1637, "end_id": 687, "distance(k": 84.550287700117778, "from": "port", "to": "road", "transport_": "multimodal" }, "geometry": { "type": "MultiLineString", "coordinates": [ [ [ 46.25121297, -15.64884969 ], [ 46.666851612078524, -16.295768517305071 ] ] ] } },
{ "type": "Feature", "properties": { "start_id": 688, "end_id": 1652, "distance(k": 208.17343961400982, "from": "road", "to": "port", "transport_": "multimodal" }, "geometry": { "type": "MultiLineString", "coordinates": [ [ [ 49.487375765237623, -16.295768517305071 ], [ 49.4167, -18.1667 ] ] ] } },
{ "type": "Feature", "properties": { "start_id": 1915, "end_id": 1901, "distance(k": 258.30385713041255, "from": "port", "to": "port", "transport_": "multimodal" }, "geometry": { "type": "MultiLineString", "coordinates": [ [ [ 123.6855, -16.11767 ], [ 122.2269, -17.97557 ] ] ] } },
{ "type": "Feature", "properties": { "start_id": 1227, "end_id": 680, "distance(k": 252.06710428784439, "from": "port", "to": "road", "transport_": "multimodal" }, "geometry": { "type": "MultiLineString", "coordinates": [ [ [ -39.0167, -14.7833 ], [ -40.769397135853382, -16.295768517305071 ] ] ] } },
{ "type": "Feature", "properties": { "start_id": 692, "end_id": 1089, "distance(k": 87.780798039278949, "from": "road", "to": "port", "transport_": "multimodal" }, "geometry": { "type": "MultiLineString", "coordinates": [ [ [ -69.507293311646336, -18.565318306554289 ], [ -70.3333, -18.4667 ] ] ] } },
{ "type": "Feature", "properties": { "start_id": 1089, "end_id": 1093, "distance(k": 224.66150140261507, "from": "port", "to": "port", "transport_": "multimodal" }, "geometry": { "type": "MultiLineString", "coordinates": [ [ [ -70.3333, -18.4667 ], [ -70.18805387, -20.48248424 ] ] ] } },
{ "type": "Feature", "properties": { "start_id": 698, "end_id": 1226, "distance(k": 210.94299571684681, "from": "road", "to": "port", "transport_": "multimodal" }, "geometry": { "type": "MultiLineString", "coordinates": [ [ [ -41.084237621360401, -18.565318306554289 ], [ -40.29977112, -20.31221561 ] ] ] } },
{ "type": "Feature", "properties": { "start_id": 703, "end_id": 1577, "distance(k": 254.48796818135946, "from": "road", "to": "port", "transport_": "multimodal" }, "geometry": { "type": "MultiLineString", "coordinates": [ [ [ 32.815707173383082, -18.565318306554289 ], [ 34.8333, -19.8333 ] ] ] } },
{ "type": "Feature", "properties": { "start_id": 1577, "end_id": 720, "distance(k": 212.36320097355753, "from": "port", "to": "road", "transport_": "multimodal" }, "geometry": { "type": "MultiLineString", "coordinates": [ [ [ 34.8333, -19.8333 ], [ 33.106657639043057, -20.846445046128025 ] ] ] } },
{ "type": "Feature", "properties": { "start_id": 704, "end_id": 721, "distance(k": 256.94293623963921, "from": "road", "to": "road", "transport_": "multimodal" }, "geometry": { "type": "MultiLineString", "coordinates": [ [ [ 44.184929449497453, -18.565318306554289 ], [ 44.576681659210969, -20.846445046128025 ] ] ] } },
{ "type": "Feature", "properties": { "start_id": 1685, "end_id": 2224, "distance(k": 38.641259617424552, "from": "port", "to": "country", "transport_": "multimodal" }, "geometry": { "type": "MultiLineString", "coordinates": [ [ [ 57.49912765, -20.14706893 ], [ 57.8684998, -20.1700993 ] ] ] } },
{ "type": "Feature", "properties": { "start_id": 1685, "end_id": 2953, "distance(k": 193.00408809577536, "from": "port", "to": "maritime", "transport_": "multimodal" }, "geometry": { "type": "MultiLineString", "coordinates": [ [ [ 57.49912765, -20.14706893 ], [ 55.696662772465096, -20.542826598741691 ] ] ] } },
{ "type": "Feature", "properties": { "start_id": 1901, "end_id": 706, "distance(k": 175.58455028342343, "from": "port", "to": "road", "transport_": "multimodal" }, "geometry": { "type": "MultiLineString", "coordinates": [ [ [ 122.2269, -17.97557 ], [ 123.7694853822981, -18.565318306554289 ] ] ] } },
{ "type": "Feature", "properties": { "start_id": 1901, "end_id": 1854, "distance(k": 462.84286837374697, "from": "port", "to": "port", "transport_": "multimodal" }, "geometry": { "type": "MultiLineString", "coordinates": [ [ [ 122.2269, -17.97557 ], [ 118.5833, -20.3167 ] ] ] } },
{ "type": "Feature", "properties": { "start_id": 1836, "end_id": 1854, "distance(k": 207.41179206341923, "from": "port", "to": "port", "transport_": "multimodal" }, "geometry": { "type": "MultiLineString", "coordinates": [ [ [ 116.5944418, -20.35642263 ], [ 118.5833, -20.3167 ] ] ] } },
{ "type": "Feature", "properties": { "start_id": 690, "end_id": 2022, "distance(k": 81.034735570991018, "from": "road", "to": "port", "transport_": "multimodal" }, "geometry": { "type": "MultiLineString", "coordinates": [ [ [ 145.385196972646781, -16.295768517305071 ], [ 145.7833, -16.9167 ] ] ] } },
{ "type": "Feature", "properties": { "start_id": 2022, "end_id": 2024, "distance(k": 88.761979897403691, "from": "port", "to": "port", "transport_": "multimodal" }, "geometry": { "type": "MultiLineString", "coordinates": [ [ [ 145.7833, -16.9167 ], [ 146.2072, -17.6047 ] ] ] } },
{ "type": "Feature", "properties": { "start_id": 850, "end_id": 854, "distance(k": 258.58594562736732, "from": "port", "to": "port", "transport_": "multimodal" }, "geometry": { "type": "MultiLineString", "coordinates": [ [ [ -151.7513, -16.51117 ], [ -149.5667, -17.5333 ] ] ] } },
{ "type": "Feature", "properties": { "start_id": 850, "end_id": 844, "distance(k": 992.84051857961083, "from": "port", "to": "port", "transport_": "multimodal" }, "geometry": { "type": "MultiLineString", "coordinates": [ [ [ -151.7513, -16.51117 ], [ -159.7834777, -21.2016624 ] ] ] } },
{ "type": "Feature", "properties": { "start_id": 1093, "end_id": 710, "distance(k": 41.023104085345508, "from": "port", "to": "road", "transport_": "multimodal" }, "geometry": { "type": "MultiLineString", "coordinates": [ [ [ -70.18805387, -20.48248424 ], [ -70.123558542468203, -20.846445046128025 ] ] ] } },
{ "type": "Feature", "properties": { "start_id": 710, "end_id": 1091, "distance(k": 138.00003264167071, "from": "road", "to": "port", "transport_": "multimodal" }, "geometry": { "type": "MultiLineString", "coordinates": [ [ [ -70.123558542468203, -20.846445046128025 ], [ -70.2333, -22.0833 ] ] ] } },
{ "type": "Feature", "properties": { "start_id": 1226, "end_id": 715, "distance(k": 133.52278711694993, "from": "port", "to": "road", "transport_": "multimodal" }, "geometry": { "type": "MultiLineString", "coordinates": [ [ [ -40.29977112, -20.31221561 ], [ -41.448498492048422, -20.846445046128025 ] ] ] } },
{ "type": "Feature", "properties": { "start_id": 1226, "end_id": 2947, "distance(k": 259.20524326457922, "from": "port", "to": "maritime", "transport_": "multimodal" }, "geometry": { "type": "MultiLineString", "coordinates": [ [ [ -40.29977112, -20.31221561 ], [ -37.82443002170519, -20.542826598741691 ] ] ] } },
{ "type": "Feature", "properties": { "start_id": 1091, "end_id": 1088, "distance(k": 126.9163161096145, "from": "port", "to": "port", "transport_": "multimodal" }, "geometry": { "type": "MultiLineString", "coordinates": [ [ [ -70.2333, -22.0833 ], [ -70.40428369, -23.21372586 ] ] ] } },
{ "type": "Feature", "properties": { "start_id": 2965, "end_id": 1445, "distance(k": 235.90173582656297, "from": "maritime", "to": "port", "transport_": "multimodal" }, "geometry": { "type": "MultiLineString", "coordinates": [ [ [ 12.184243993866097, -23.03888404602186 ], [ 14.4872, -22.9561 ] ] ] } },
{ "type": "Feature", "properties": { "start_id": 721, "end_id": 1628, "distance(k": 296.71482316349807, "from": "road", "to": "port", "transport_": "multimodal" }, "geometry": { "type": "MultiLineString", "coordinates": [ [ [ 44.576681659210969, -20.846445046128025 ], [ 43.66442, -23.37752 ] ] ] } },
{ "type": "Feature", "properties": { "start_id": 737, "end_id": 2992, "distance(k": 295.52766023750178, "from": "road", "to": "maritime", "transport_": "multimodal" }, "geometry": { "type": "MultiLineString", "coordinates": [ [ [ 33.440066417094769, -23.140824346297673 ], [ 34.665734757235207, -25.552662950990161 ] ] ] } },
{ "type": "Feature", "properties": { "start_id": 1679, "end_id": 2969, "distance(k": 258.15145521081865, "from": "port", "to": "maritime", "transport_": "multimodal" }, "geometry": { "type": "MultiLineString", "coordinates": [ [ [ 55.26827072, -20.92389689 ], [ 56.300867753339155, -23.03888404602186 ] ] ] } },
{ "type": "Feature", "properties": { "start_id": 1628, "end_id": 754, "distance(k": 298.40140354437733, "from": "port", "to": "road", "transport_": "multimodal" }, "geometry": { "type": "MultiLineString", "coordinates": [ [ [ 43.66442, -23.37752 ], [ 45.536525896040494, -25.450240656158165 ] ] ] } },
{ "type": "Feature", "properties": { "start_id": 2024, "end_id": 2025, "distance(k": 103.74341506563304, "from": "port", "to": "port", "transport_": "multimodal" }, "geometry": { "type": "MultiLineString", "coordinates": [ [ [ 146.2072, -17.6047 ], [ 146.3307, -18.53027 ] ] ] } },
{ "type": "Feature", "properties": { "start_id": 709, "end_id": 2025, "distance(k": 280.9748969174484, "from": "road", "to": "port", "transport_": "multimodal" }, "geometry": { "type": "MultiLineString", "coordinates": [ [ [ 143.665624365498275, -18.565318306554289 ], [ 146.3307, -18.53027 ] ] ] } },
{ "type": "Feature", "properties": { "start_id": 2025, "end_id": 2027, "distance(k": 96.537603329366448, "from": "port", "to": "port", "transport_": "multimodal" }, "geometry": { "type": "MultiLineString", "coordinates": [ [ [ 146.3307, -18.53027 ], [ 146.8167, -19.2667 ] ] ] } },
{ "type": "Feature", "properties": { "start_id": 2027, "end_id": 725, "distance(k": 203.84453818722784, "from": "port", "to": "road", "transport_": "multimodal" }, "geometry": { "type": "MultiLineString", "coordinates": [ [ [ 146.8167, -19.2667 ], [ 147.8068978407222, -20.846445046128025 ] ] ] } },
{ "type": "Feature", "properties": { "start_id": 1820, "end_id": 2973, "distance(k": 160.75188792606482, "from": "port", "to": "maritime", "transport_": "multimodal" }, "geometry": { "type": "MultiLineString", "coordinates": [ [ [ 114.1878726, -22.07386902 ], [ 113.022241158375962, -23.03888404602186 ] ] ] } },
{ "type": "Feature", "properties": { "start_id": 725, "end_id": 2032, "distance(k": 157.09890371460605, "from": "road", "to": "port", "transport_": "multimodal" }, "geometry": { "type": "MultiLineString", "coordinates": [ [ [ 147.8068978407222, -20.846445046128025 ], [ 149.2704443, -21.20683512 ] ] ] } },
{ "type": "Feature", "properties": { "start_id": 2975, "end_id": 890, "distance(k": 3228.8301321404238, "from": "maritime", "to": "port", "transport_": "multimodal" }, "geometry": { "type": "MultiLineString", "coordinates": [ [ [ -76.988837938489638, -25.552662950990161 ], [ -109.4338, -27.14787 ] ] ] } },
{ "type": "Feature", "properties": { "start_id": 1225, "end_id": 1224, "distance(k": 98.78951747415914, "from": "port", "to": "port", "transport_": "multimodal" }, "geometry": { "type": "MultiLineString", "coordinates": [ [ [ -41.0114, -21.8558 ], [ -41.782758, -22.383713 ] ] ] } },
{ "type": "Feature", "properties": { "start_id": 731, "end_id": 1219, "distance(k": 98.235999396335444, "from": "road", "to": "port", "transport_": "multimodal" }, "geometry": { "type": "MultiLineString", "coordinates": [ [ [ -44.762299773061834, -23.140824346297673 ], [ -45.38978639, -23.81108426 ] ] ] } },
{ "type": "Feature", "properties": { "start_id": 731, "end_id": 1222, "distance(k": 109.03752825282838, "from": "road", "to": "port", "transport_": "multimodal" }, "geometry": { "type": "MultiLineString", "coordinates": [ [ [ -44.762299773061834, -23.140824346297673 ], [ -43.71825989, -22.94446571 ] ] ] } },
{ "type": "Feature", "properties": { "start_id": 753, "end_id": 1563, "distance(k": 173.53615462657476, "from": "road", "to": "port", "transport_": "multimodal" }, "geometry": { "type": "MultiLineString", "coordinates": [ [ [ 30.890274022257906, -25.450240656158165 ], [ 32.52521063, -25.96563872 ] ] ] } },
{ "type": "Feature", "properties": { "start_id": 2992, "end_id": 1563, "distance(k": 219.22387433941773, "from": "maritime", "to": "port", "transport_": "multimodal" }, "geometry": { "type": "MultiLineString", "coordinates": [ [ [ 34.665734757235207, -25.552662950990161 ], [ 32.52521063, -25.96563872 ] ] ] } },
{ "type": "Feature", "properties": { "start_id": 1563, "end_id": 769, "distance(k": 236.07722202322714, "from": "port", "to": "road", "transport_": "multimodal" }, "geometry": { "type": "MultiLineString", "coordinates": [ [ [ 32.52521063, -25.96563872 ], [ 31.282869603304377, -27.776608043769507 ] ] ] } },
{ "type": "Feature", "properties": { "start_id": 1638, "end_id": 2993, "distance(k": 71.27756021377202, "from": "port", "to": "maritime", "transport_": "multimodal" }, "geometry": { "type": "MultiLineString", "coordinates": [ [ [ 46.96575, -25.06523 ], [ 47.426257351032334, -25.552662950990161 ] ] ] } },
{ "type": "Feature", "properties": { "start_id": 1638, "end_id": 754, "distance(k": 149.96842547768696, "from": "port", "to": "road", "transport_": "multimodal" }, "geometry": { "type": "MultiLineString", "coordinates": [ [ [ 46.96575, -25.06523 ], [ 45.536525896040494, -25.450240656158165 ] ] ] } },
{ "type": "Feature", "properties": { "start_id": 754, "end_id": 3023, "distance(k": 300.8692035128397, "from": "road", "to": "maritime", "transport_": "multimodal" }, "geometry": { "type": "MultiLineString", "coordinates": [ [ [ 45.536525896040494, -25.450240656158165 ], [ 44.854494206691264, -28.086632483779752 ] ] ] } },
{ "type": "Feature", "properties": { "start_id": 755, "end_id": 1816, "distance(k": 91.692827917483953, "from": "road", "to": "port", "transport_": "multimodal" }, "geometry": { "type": "MultiLineString", "coordinates": [ [ [ 112.909284515440405, -25.450240656158165 ], [ 113.4153, -26.13757 ] ] ] } },
{ "type": "Feature", "properties": { "start_id": 2032, "end_id": 2039, "distance(k": 357.3626899801589, "from": "port", "to": "port", "transport_": "multimodal" }, "geometry": { "type": "MultiLineString", "coordinates": [ [ [ 149.2704443, -21.20683512 ], [ 151.25, -23.85 ] ] ] } },
{ "type": "Feature", "properties": { "start_id": 2065, "end_id": 691, "distance(k": 120.45684800088502, "from": "port", "to": "road", "transport_": "multimodal" }, "geometry": { "type": "MultiLineString", "coordinates": [ [ [ 167.1667, -15.5167 ], [ 167.949390197919485, -16.295768517305071 ] ] ] } },
{ "type": "Feature", "properties": { "start_id": 691, "end_id": 2067, "distance(k": 166.37513484962236, "from": "road", "to": "port", "transport_": "multimodal" }, "geometry": { "type": "MultiLineString", "coordinates": [ [ [ 167.949390197919485, -16.295768517305071 ], [ 168.2967, -17.7547 ] ] ] } },
{ "type": "Feature", "properties": { "start_id": 2067, "end_id": 2061, "distance(k": 497.25248916780555, "from": "port", "to": "port", "transport_": "multimodal" }, "geometry": { "type": "MultiLineString", "coordinates": [ [ [ 168.2967, -17.7547 ], [ 165.1126438, -21.06879685 ] ] ] } },
{ "type": "Feature", "properties": { "start_id": 2974, "end_id": 2043, "distance(k": 261.03181729763151, "from": "maritime", "to": "port", "transport_": "multimodal" }, "geometry": { "type": "MultiLineString", "coordinates": [ [ [ 153.987677506458056, -23.03888404602186 ], [ 152.3677, -24.86077 ] ] ] } },
{ "type": "Feature", "properties": { "start_id": 2039, "end_id": 2043, "distance(k": 159.53275434063431, "from": "port", "to": "port", "transport_": "multimodal" }, "geometry": { "type": "MultiLineString", "coordinates": [ [ [ 151.25, -23.85 ], [ 152.3677, -24.86077 ] ] ] } },
{ "type": "Feature", "properties": { "start_id": 2061, "end_id": 2063, "distance(k": 210.93975804633993, "from": "port", "to": "port", "transport_": "multimodal" }, "geometry": { "type": "MultiLineString", "coordinates": [ [ [ 165.1126438, -21.06879685 ], [ 166.65827, -22.30821527 ] ] ] } },
{ "type": "Feature", "properties": { "start_id": 1086, "end_id": 759, "distance(k": 173.57884181858307, "from": "port", "to": "road", "transport_": "multimodal" }, "geometry": { "type": "MultiLineString", "coordinates": [ [ [ -70.73402141, -26.60251999 ], [ -69.577425551700529, -27.776608043769507 ] ] ] } },
{ "type": "Feature", "properties": { "start_id": 759, "end_id": 1078, "distance(k": 181.08521523863664, "from": "road", "to": "port", "transport_": "multimodal" }, "geometry": { "type": "MultiLineString", "coordinates": [ [ [ -69.577425551700529, -27.776608043769507 ], [ -71.25, -28.4667 ] ] ] } },
{ "type": "Feature", "properties": { "start_id": 3001, "end_id": 1078, "distance(k": 54.142331099552216, "from": "maritime", "to": "port", "transport_": "multimodal" }, "geometry": { "type": "MultiLineString", "coordinates": [ [ [ -71.595599072376018, -28.086632483779752 ], [ -71.25, -28.4667 ] ] ] } },
{ "type": "Feature", "properties": { "start_id": 1078, "end_id": 1077, "distance(k": 165.13344533926622, "from": "port", "to": "port", "transport_": "multimodal" }, "geometry": { "type": "MultiLineString", "coordinates": [ [ [ -71.25, -28.4667 ], [ -71.3333, -29.95 ] ] ] } },
{ "type": "Feature", "properties": { "start_id": 1222, "end_id": 1223, "distance(k": 174.23778621490948, "from": "port", "to": "port", "transport_": "multimodal" }, "geometry": { "type": "MultiLineString", "coordinates": [ [ [ -43.71825989, -22.94446571 ], [ -42.0167, -22.9667 ] ] ] } },
{ "type": "Feature", "properties": { "start_id": 1216, "end_id": 1219, "distance(k": 98.283581564166894, "from": "port", "to": "port", "transport_": "multimodal" }, "geometry": { "type": "MultiLineString", "coordinates": [ [ [ -46.3461, -23.9397 ], [ -45.38978639, -23.81108426 ] ] ] } },
{ "type": "Feature", "properties": { "start_id": 1216, "end_id": 2977, "distance(k": 264.97179609543281, "from": "port", "to": "maritime", "transport_": "multimodal" }, "geometry": { "type": "MultiLineString", "coordinates": [ [ [ -46.3461, -23.9397 ], [ -48.277662102446108, -25.552662950990161 ] ] ] } },
{ "type": "Feature", "properties": { "start_id": 1224, "end_id": 1223, "distance(k": 69.126096995431737, "from": "port", "to": "port", "transport_": "multimodal" }, "geometry": { "type": "MultiLineString", "coordinates": [ [ [ -41.782758, -22.383713 ], [ -42.0167, -22.9667 ] ] ] } },
{ "type": "Feature", "properties": { "start_id": 747, "end_id": 1212, "distance(k": 263.46627397353888, "from": "road", "to": "port", "transport_": "multimodal" }, "geometry": { "type": "MultiLineString", "coordinates": [ [ [ -51.128736470924586, -25.450240656158165 ], [ -48.6467, -26.2406 ] ] ] } },
{ "type": "Feature", "properties": { "start_id": 1219, "end_id": 2978, "distance(k": 196.04755132264989, "from": "port", "to": "maritime", "transport_": "multimodal" }, "geometry": { "type": "MultiLineString", "coordinates": [ [ [ -45.38978639, -23.81108426 ], [ -45.087531453996831, -25.552662950990161 ] ] ] } },
{ "type": "Feature", "properties": { "start_id": 1223, "end_id": 2957, "distance(k": 65.057177213965943, "from": "port", "to": "maritime", "transport_": "multimodal" }, "geometry": { "type": "MultiLineString", "coordinates": [ [ [ -42.0167, -22.9667 ], [ -41.385941999779767, -23.03888404602186 ] ] ] } },
{ "type": "Feature", "properties": { "start_id": 1816, "end_id": 770, "distance(k": 204.18816358870356, "from": "port", "to": "road", "transport_": "multimodal" }, "geometry": { "type": "MultiLineString", "coordinates": [ [ [ 113.4153, -26.13757 ], [ 114.344289142720172, -27.776608043769507 ] ] ] } },
{ "type": "Feature", "properties": { "start_id": 770, "end_id": 1823, "distance(k": 114.70535686248896, "from": "road", "to": "port", "transport_": "multimodal" }, "geometry": { "type": "MultiLineString", "coordinates": [ [ [ 114.344289142720172, -27.776608043769507 ], [ 114.6, -28.7833 ] ] ] } },
{ "type": "Feature", "properties": { "start_id": 770, "end_id": 3027, "distance(k": 157.13973577562561, "from": "road", "to": "maritime", "transport_": "multimodal" }, "geometry": { "type": "MultiLineString", "coordinates": [ [ [ 114.344289142720172, -27.776608043769507 ], [ 112.783715286147185, -28.086632483779752 ] ] ] } },
{ "type": "Feature", "properties": { "start_id": 2043, "end_id": 2047, "distance(k": 230.46992232164283, "from": "port", "to": "port", "transport_": "multimodal" }, "geometry": { "type": "MultiLineString", "coordinates": [ [ [ 152.3677, -24.86077 ], [ 153.1565, -26.80807 ] ] ] } },
{ "type": "Feature", "properties": { "start_id": 1077, "end_id": 777, "distance(k": 76.531673131377772, "from": "port", "to": "road", "transport_": "multimodal" }, "geometry": { "type": "MultiLineString", "coordinates": [ [ [ -71.3333, -29.95 ], [ -70.563492597525126, -30.12199484734095 ] ] ] } },
{ "type": "Feature", "properties": { "start_id": 1077, "end_id": 3029, "distance(k": 154.01246086568662, "from": "port", "to": "maritime", "transport_": "multimodal" }, "geometry": { "type": "MultiLineString", "coordinates": [ [ [ -71.3333, -29.95 ], [ -72.721932251402777, -30.643480263658457 ] ] ] } },
{ "type": "Feature", "properties": { "start_id": 3029, "end_id": 1075, "distance(k": 181.86420559070075, "from": "maritime", "to": "port", "transport_": "multimodal" }, "geometry": { "type": "MultiLineString", "coordinates": [ [ [ -72.721932251402777, -30.643480263658457 ], [ -71.51069215, -31.90975205 ] ] ] } },
{ "type": "Feature", "properties": { "start_id": 1214, "end_id": 2977, "distance(k": 14.499317679660518, "from": "port", "to": "maritime", "transport_": "multimodal" }, "geometry": { "type": "MultiLineString", "coordinates": [ [ [ -48.42202591, -25.55902906 ], [ -48.277662102446108, -25.552662950990161 ] ] ] } },
{ "type": "Feature", "properties": { "start_id": 1214, "end_id": 1212, "distance(k": 79.049005412879822, "from": "port", "to": "port", "transport_": "multimodal" }, "geometry": { "type": "MultiLineString", "coordinates": [ [ [ -48.42202591, -25.55902906 ], [ -48.6467, -26.2406 ] ] ] } },
{ "type": "Feature", "properties": { "start_id": 1212, "end_id": 1211, "distance(k": 73.923659757433029, "from": "port", "to": "port", "transport_": "multimodal" }, "geometry": { "type": "MultiLineString", "coordinates": [ [ [ -48.6467, -26.2406 ], [ -48.655, -26.90537 ] ] ] } },
{ "type": "Feature", "properties": { "start_id": 764, "end_id": 1205, "distance(k": 265.28984176501672, "from": "road", "to": "port", "transport_": "multimodal" }, "geometry": { "type": "MultiLineString", "coordinates": [ [ [ -51.778549936111425, -27.776608043769507 ], [ -51.2975, -30.125 ] ] ] } },
{ "type": "Feature", "properties": { "start_id": 1560, "end_id": 1555, "distance(k": 155.521785757651, "from": "port", "to": "port", "transport_": "multimodal" }, "geometry": { "type": "MultiLineString", "coordinates": [ [ [ 32.0922, -28.7911 ], [ 31.0667, -29.8667 ] ] ] } },
{ "type": "Feature", "properties": { "start_id": 787, "end_id": 3054, "distance(k": 146.87426878537948, "from": "road", "to": "maritime", "transport_": "multimodal" }, "geometry": { "type": "MultiLineString", "coordinates": [ [ [ 115.964802326527092, -30.12199484734095 ], [ 114.558014855206977, -30.643480263658457 ] ] ] } },
{ "type": "Feature", "properties": { "start_id": 790, "end_id": 1961, "distance(k": 230.42480620927756, "from": "road", "to": "port", "transport_": "multimodal" }, "geometry": { "type": "MultiLineString", "coordinates": [ [ [ 134.015927641757969, -30.12199484734095 ], [ 133.593553899999989, -32.16248643 ] ] ] } },
{ "type": "Feature", "properties": { "start_id": 2047, "end_id": 2046, "distance(k": 72.373716243629787, "from": "port", "to": "port", "transport_": "multimodal" }, "geometry": { "type": "MultiLineString", "coordinates": [ [ [ 153.1565, -26.80807 ], [ 153.1008464, -27.45705527 ] ] ] } },
{ "type": "Feature", "properties": { "start_id": 2046, "end_id": 3028, "distance(k": 184.43052591533626, "from": "port", "to": "maritime", "transport_": "multimodal" }, "geometry": { "type": "MultiLineString", "coordinates": [ [ [ 153.1008464, -27.45705527 ], [ 154.835137859143714, -28.086632483779752 ] ] ] } },
{ "type": "Feature", "properties": { "start_id": 844, "end_id": 841, "distance(k": 1387.1130718263234, "from": "port", "to": "port", "transport_": "multimodal" }, "geometry": { "type": "MultiLineString", "coordinates": [ [ [ -159.7834777, -21.2016624 ], [ -170.6909, -14.28117 ] ] ] } },
{ "type": "Feature", "properties": { "start_id": 841, "end_id": 840, "distance(k": 127.01893393057554, "from": "port", "to": "port", "transport_": "multimodal" }, "geometry": { "type": "MultiLineString", "coordinates": [ [ [ -170.6909, -14.28117 ], [ -171.7667, -13.8167 ] ] ] } },
{ "type": "Feature", "properties": { "start_id": 840, "end_id": 838, "distance(k": 589.5769993992202, "from": "port", "to": "port", "transport_": "multimodal" }, "geometry": { "type": "MultiLineString", "coordinates": [ [ [ -171.7667, -13.8167 ], [ -174.0117438, -18.66135737 ] ] ] } },
{ "type": "Feature", "properties": { "start_id": 1075, "end_id": 1073, "distance(k": 140.56360166924958, "from": "port", "to": "port", "transport_": "multimodal" }, "geometry": { "type": "MultiLineString", "coordinates": [ [ [ -71.51069215, -31.90975205 ], [ -71.59907393, -33.17167348 ] ] ] } },
{ "type": "Feature", "properties": { "start_id": 3057, "end_id": 1073, "distance(k": 223.94437662824421, "from": "maritime", "to": "port", "transport_": "multimodal" }, "geometry": { "type": "MultiLineString", "coordinates": [ [ [ -74.005083122263542, -33.226158472872044 ], [ -71.59907393, -33.17167348 ] ] ] } },
{ "type": "Feature", "properties": { "start_id": 802, "end_id": 1497, "distance(k": 206.57325057430828, "from": "road", "to": "port", "transport_": "multimodal" }, "geometry": { "type": "MultiLineString", "coordinates": [ [ [ 23.058297598907625, -32.488653294573965 ], [ 22.1728, -34.1928 ] ] ] } },
{ "type": "Feature", "properties": { "start_id": 803, "end_id": 1523, "distance(k": 163.69464713386128, "from": "road", "to": "port", "transport_": "multimodal" }, "geometry": { "type": "MultiLineString", "coordinates": [ [ [ 26.114216925157713, -32.488653294573965 ], [ 25.73192409, -33.92562935 ] ] ] } },
{ "type": "Feature", "properties": { "start_id": 803, "end_id": 1537, "distance(k": 180.09231633785342, "from": "road", "to": "port", "transport_": "multimodal" }, "geometry": { "type": "MultiLineString", "coordinates": [ [ [ 26.114216925157713, -32.488653294573965 ], [ 27.9242, -33.0425 ] ] ] } },
{ "type": "Feature", "properties": { "start_id": 801, "end_id": 1471, "distance(k": 236.31994095051445, "from": "road", "to": "port", "transport_": "multimodal" }, "geometry": { "type": "MultiLineString", "coordinates": [ [ [ 20.00237827265758, -32.488653294573965 ], [ 18.41879737, -34.15181124 ] ] ] } },
{ "type": "Feature", "properties": { "start_id": 1831, "end_id": 1830, "distance(k": 136.58974932075674, "from": "port", "to": "port", "transport_": "multimodal" }, "geometry": { "type": "MultiLineString", "coordinates": [ [ [ 115.6527977, -32.08842844 ], [ 115.6333, -33.3167 ] ] ] } },
{ "type": "Feature", "properties": { "start_id": 1831, "end_id": 804, "distance(k": 205.92941102142564, "from": "port", "to": "road", "transport_": "multimodal" }, "geometry": { "type": "MultiLineString", "coordinates": [ [ [ 115.6527977, -32.08842844 ], [ 117.79179671266013, -32.488653294573965 ] ] ] } },
{ "type": "Feature", "properties": { "start_id": 1830, "end_id": 812, "distance(k": 201.46944048968723, "from": "port", "to": "road", "transport_": "multimodal" }, "geometry": { "type": "MultiLineString", "coordinates": [ [ [ 115.6333, -33.3167 ], [ 116.741415668770316, -34.879055553177587 ] ] ] } },
{ "type": "Feature", "properties": { "start_id": 1961, "end_id": 805, "distance(k": 240.81826779265108, "from": "port", "to": "road", "transport_": "multimodal" }, "geometry": { "type": "MultiLineString", "coordinates": [ [ [ 133.593553899999989, -32.16248643 ], [ 136.127312670160592, -32.488653294573965 ] ] ] } },
{ "type": "Feature", "properties": { "start_id": 2063, "end_id": 3056, "distance(k": 999.1445285951304, "from": "port", "to": "maritime", "transport_": "multimodal" }, "geometry": { "type": "MultiLineString", "coordinates": [ [ [ 166.65827, -22.30821527 ], [ 170.413437676476548, -30.643480263658457 ] ] ] } },
{ "type": "Feature", "properties": { "start_id": 805, "end_id": 1975, "distance(k": 169.85739747283679, "from": "road", "to": "port", "transport_": "multimodal" }, "geometry": { "type": "MultiLineString", "coordinates": [ [ [ 136.127312670160592, -32.488653294573965 ], [ 137.8058785, -33.0733871 ] ] ] } },
{ "type": "Feature", "properties": { "start_id": 806, "end_id": 1975, "distance(k": 144.24698902330647, "from": "road", "to": "port", "transport_": "multimodal" }, "geometry": { "type": "MultiLineString", "coordinates": [ [ [ 139.183231996410683, -32.488653294573965 ], [ 137.8058785, -33.0733871 ] ] ] } },
{ "type": "Feature", "properties": { "start_id": 783, "end_id": 1205, "distance(k": 116.84291059135607, "from": "road", "to": "port", "transport_": "multimodal" }, "geometry": { "type": "MultiLineString", "coordinates": [ [ [ -52.512367282294257, -30.12199484734095 ], [ -51.2975, -30.125 ] ] ] } },
{ "type": "Feature", "properties": { "start_id": 1205, "end_id": 1209, "distance(k": 113.15035229842033, "from": "port", "to": "port", "transport_": "multimodal" }, "geometry": { "type": "MultiLineString", "coordinates": [ [ [ -51.2975, -30.125 ], [ -50.1333, -29.9833 ] ] ] } },
{ "type": "Feature", "properties": { "start_id": 1173, "end_id": 1171, "distance(k": 70.261676915088415, "from": "port", "to": "port", "transport_": "multimodal" }, "geometry": { "type": "MultiLineString", "coordinates": [ [ [ -58.213, -32.49557 ], [ -58.3306, -33.11967 ] ] ] } },
{ "type": "Feature", "properties": { "start_id": 1209, "end_id": 3030, "distance(k": 83.323115544791378, "from": "port", "to": "maritime", "transport_": "multimodal" }, "geometry": { "type": "MultiLineString", "coordinates": [ [ [ -50.1333, -29.9833 ], [ -49.722640501468248, -30.643480263658457 ] ] ] } },
{ "type": "Feature", "properties": { "start_id": 1171, "end_id": 1164, "distance(k": 113.55454504948, "from": "port", "to": "port", "transport_": "multimodal" }, "geometry": { "type": "MultiLineString", "coordinates": [ [ [ -58.3306, -33.11967 ], [ -59.15314692, -33.87625094 ] ] ] } },
{ "type": "Feature", "properties": { "start_id": 800, "end_id": 3058, "distance(k": 268.71424442672935, "from": "road", "to": "maritime", "transport_": "multimodal" }, "geometry": { "type": "MultiLineString", "coordinates": [ [ [ -53.339685557344346, -32.488653294573965 ], [ -50.59997760577388, -33.226158472872044 ] ] ] } },
{ "type": "Feature", "properties": { "start_id": 3077, "end_id": 1471, "distance(k": 223.72126055733332, "from": "maritime", "to": "port", "transport_": "multimodal" }, "geometry": { "type": "MultiLineString", "coordinates": [ [ [ 16.271752441339466, -33.226158472872044 ], [ 18.41879737, -34.15181124 ] ] ] } },
{ "type": "Feature", "properties": { "start_id": 1471, "end_id": 1484, "distance(k": 178.98633418366694, "from": "port", "to": "port", "transport_": "multimodal" }, "geometry": { "type": "MultiLineString", "coordinates": [ [ [ 18.41879737, -34.15181124 ], [ 20.0056, -35.0931 ] ] ] } },
{ "type": "Feature", "properties": { "start_id": 1471, "end_id": 3105, "distance(k": 250.60518136760703, "from": "port", "to": "maritime", "transport_": "multimodal" }, "geometry": { "type": "MultiLineString", "coordinates": [ [ [ 18.41879737, -34.15181124 ], [ 16.593128838904423, -35.83794108896884 ] ] ] } },
{ "type": "Feature", "properties": { "start_id": 1497, "end_id": 1484, "distance(k": 222.09135930888556, "from": "port", "to": "port", "transport_": "multimodal" }, "geometry": { "type": "MultiLineString", "coordinates": [ [ [ 22.1728, -34.1928 ], [ 20.0056, -35.0931 ] ] ] } },
{ "type": "Feature", "properties": { "start_id": 1897, "end_id": 3113, "distance(k": 222.0831352387697, "from": "port", "to": "maritime", "transport_": "multimodal" }, "geometry": { "type": "MultiLineString", "coordinates": [ [ [ 121.9, -33.8667 ], [ 122.291480405289974, -35.83794108896884 ] ] ] } },
{ "type": "Feature", "properties": { "start_id": 1847, "end_id": 3112, "distance(k": 127.82582751360565, "from": "port", "to": "maritime", "transport_": "multimodal" }, "geometry": { "type": "MultiLineString", "coordinates": [ [ [ 117.8861631, -35.02350041 ], [ 118.881856161213022, -35.83794108896884 ] ] ] } },
{ "type": "Feature", "properties": { "start_id": 1975, "end_id": 1974, "distance(k": 156.07736193079862, "from": "port", "to": "port", "transport_": "multimodal" }, "geometry": { "type": "MultiLineString", "coordinates": [ [ [ 137.8058785, -33.0733871 ], [ 137.7758004, -34.47680188 ] ] ] } },
{ "type": "Feature", "properties": { "start_id": 1974, "end_id": 813, "distance(k": 80.42599815346513, "from": "port", "to": "road", "transport_": "multimodal" }, "geometry": { "type": "MultiLineString", "coordinates": [ [ [ 137.7758004, -34.47680188 ], [ 138.506764878604429, -34.879055553177587 ] ] ] } },
{ "type": "Feature", "properties": { "start_id": 1974, "end_id": 1967, "distance(k": 178.27671353943236, "from": "port", "to": "port", "transport_": "multimodal" }, "geometry": { "type": "MultiLineString", "coordinates": [ [ [ 137.7758004, -34.47680188 ], [ 135.85, -34.7167 ] ] ] } },
{ "type": "Feature", "properties": { "start_id": 1967, "end_id": 3114, "distance(k": 124.88750321170586, "from": "port", "to": "maritime", "transport_": "multimodal" }, "geometry": { "type": "MultiLineString", "coordinates": [ [ [ 135.85, -34.7167 ], [ 135.92997738159778, -35.83794108896884 ] ] ] } },
{ "type": "Feature", "properties": { "start_id": 2088, "end_id": 2091, "distance(k": 118.86864449782256, "from": "port", "to": "port", "transport_": "multimodal" }, "geometry": { "type": "MultiLineString", "coordinates": [ [ [ 177.4195369, -17.64109731 ], [ 178.4167, -18.1333 ] ] ] } },
{ "type": "Feature", "properties": { "start_id": 2092, "end_id": 2094, "distance(k": 84.18163437539198, "from": "port", "to": "port", "transport_": "multimodal" }, "geometry": { "type": "MultiLineString", "coordinates": [ [ [ 178.68772, -16.99455 ], [ 179.3431646, -16.57104303 ] ] ] } },
{ "type": "Feature", "properties": { "start_id": 2092, "end_id": 2091, "distance(k": 129.84176144090051, "from": "port", "to": "port", "transport_": "multimodal" }, "geometry": { "type": "MultiLineString", "coordinates": [ [ [ 178.68772, -16.99455 ], [ 178.4167, -18.1333 ] ] ] } },
{ "type": "Feature", "properties": { "start_id": 2094, "end_id": 838, "distance(k": 741.53218023329089, "from": "port", "to": "port", "transport_": "multimodal" }, "geometry": { "type": "MultiLineString", "coordinates": [ [ [ 179.3431646, -16.57104303 ], [ -174.0117438, -18.66135737 ] ] ] } },
{ "type": "Feature", "properties": { "start_id": 838, "end_id": 837, "distance(k": 131.60202027524167, "from": "port", "to": "port", "transport_": "multimodal" }, "geometry": { "type": "MultiLineString", "coordinates": [ [ [ -174.0117438, -18.66135737 ], [ -174.3549, -19.79967 ] ] ] } },
{ "type": "Feature", "properties": { "start_id": 837, "end_id": 836, "distance(k": 172.59323663902828, "from": "port", "to": "port", "transport_": "multimodal" }, "geometry": { "type": "MultiLineString", "coordinates": [ [ [ -174.3549, -19.79967 ], [ -175.2037, -21.13267 ] ] ] } },
{ "type": "Feature", "properties": { "start_id": 820, "end_id": 1998, "distance(k": 123.01763232471829, "from": "road", "to": "port", "transport_": "multimodal" }, "geometry": { "type": "MultiLineString", "coordinates": [ [ [ 141.190309614206598, -37.295938195578451 ], [ 141.6392, -38.3439 ] ] ] } },
{ "type": "Feature", "properties": { "start_id": 821, "end_id": 2012, "distance(k": 94.969229466873188, "from": "road", "to": "port", "transport_": "multimodal" }, "geometry": { "type": "MultiLineString", "coordinates": [ [ [ 144.359888057841516, -37.295938195578451 ], [ 144.3667, -38.15 ] ] ] } },
{ "type": "Feature", "properties": { "start_id": 1184, "end_id": 1182, "distance(k": 59.956779935715048, "from": "port", "to": "port", "transport_": "multimodal" }, "geometry": { "type": "MultiLineString", "coordinates": [ [ [ -56.185115, -34.905502 ], [ -56.741207, -35.194456 ] ] ] } },
{ "type": "Feature", "properties": { "start_id": 1184, "end_id": 1193, "distance(k": 123.71845154951315, "from": "port", "to": "port", "transport_": "multimodal" }, "geometry": { "type": "MultiLineString", "coordinates": [ [ [ -56.185115, -34.905502 ], [ -54.82847119, -34.92649848 ] ] ] } },
{ "type": "Feature", "properties": { "start_id": 1182, "end_id": 819, "distance(k": 281.56532472668391, "from": "port", "to": "road", "transport_": "multimodal" }, "geometry": { "type": "MultiLineString", "coordinates": [ [ [ -56.741207, -35.194456 ], [ -58.493132334790893, -37.295938195578451 ] ] ] } },
{ "type": "Feature", "properties": { "start_id": 1193, "end_id": 3086, "distance(k": 102.66041774614054, "from": "port", "to": "maritime", "transport_": "multimodal" }, "geometry": { "type": "MultiLineString", "coordinates": [ [ [ -54.82847119, -34.92649848 ], [ -55.008980286711584, -35.83794108896884 ] ] ] } },
{ "type": "Feature", "properties": { "start_id": 818, "end_id": 1148, "distance(k": 175.18101633606506, "from": "road", "to": "port", "transport_": "multimodal" }, "geometry": { "type": "MultiLineString", "coordinates": [ [ [ -61.662710778425769, -37.295938195578451 ], [ -62.20023447, -38.81346781 ] ] ] } },
{ "type": "Feature", "properties": { "start_id": 1058, "end_id": 1060, "distance(k": 199.2166986313552, "from": "port", "to": "port", "transport_": "multimodal" }, "geometry": { "type": "MultiLineString", "coordinates": [ [ [ -73.33716168, -39.84229161 ], [ -73.06872984, -41.62230902 ] ] ] } },
{ "type": "Feature", "properties": { "start_id": 3132, "end_id": 1998, "distance(k": 236.28255818840128, "from": "maritime", "to": "port", "transport_": "multimodal" }, "geometry": { "type": "MultiLineString", "coordinates": [ [ [ 138.932937407747431, -38.482496054673746 ], [ 141.6392, -38.3439 ] ] ] } },
{ "type": "Feature", "properties": { "start_id": 819, "end_id": 1179, "distance(k": 114.29385909963997, "from": "road", "to": "port", "transport_": "multimodal" }, "geometry": { "type": "MultiLineString", "coordinates": [ [ [ -58.493132334790893, -37.295938195578451 ], [ -57.5475, -38.00017 ] ] ] } },
{ "type": "Feature", "properties": { "start_id": 1148, "end_id": 826, "distance(k": 123.50436121756296, "from": "port", "to": "road", "transport_": "multimodal" }, "geometry": { "type": "MultiLineString", "coordinates": [ [ [ -62.20023447, -38.81346781 ], [ -62.986935183699821, -39.742357812707255 ] ] ] } },
{ "type": "Feature", "properties": { "start_id": 3135, "end_id": 1052, "distance(k": 157.06667792003077, "from": "maritime", "to": "port", "transport_": "multimodal" }, "geometry": { "type": "MultiLineString", "coordinates": [ [ [ -75.469798804437431, -41.163977832468724 ], [ -73.8333, -41.8667 ] ] ] } },
{ "type": "Feature", "properties": { "start_id": 1179, "end_id": 1167, "distance(k": 120.67598104692168, "from": "port", "to": "port", "transport_": "multimodal" }, "geometry": { "type": "MultiLineString", "coordinates": [ [ [ -57.5475, -38.00017 ], [ -58.7, -38.6 ] ] ] } },
{ "type": "Feature", "properties": { "start_id": 1060, "end_id": 1052, "distance(k": 69.008083189617722, "from": "port", "to": "port", "transport_": "multimodal" }, "geometry": { "type": "MultiLineString", "coordinates": [ [ [ -73.06872984, -41.62230902 ], [ -73.8333, -41.8667 ] ] ] } },
{ "type": "Feature", "properties": { "start_id": 1060, "end_id": 828, "distance(k": 174.67402544913156, "from": "port", "to": "road", "transport_": "multimodal" }, "geometry": { "type": "MultiLineString", "coordinates": [ [ [ -73.06872984, -41.62230902 ], [ -71.117178255711949, -42.221761620272943 ] ] ] } },
{ "type": "Feature", "properties": { "start_id": 3122, "end_id": 1233, "distance(k": 1760.9599381116825, "from": "maritime", "to": "port", "transport_": "multimodal" }, "geometry": { "type": "MultiLineString", "coordinates": [ [ [ -35.314539422338576, -38.482496054673746 ], [ -36.51, -54.2983 ] ] ] } },
{ "type": "Feature", "properties": { "start_id": 1998, "end_id": 2012, "distance(k": 239.14913156810553, "from": "port", "to": "port", "transport_": "multimodal" }, "geometry": { "type": "MultiLineString", "coordinates": [ [ [ 141.6392, -38.3439 ], [ 144.3667, -38.15 ] ] ] } },
{ "type": "Feature", "properties": { "start_id": 2012, "end_id": 2016, "distance(k": 62.73552340496876, "from": "port", "to": "port", "transport_": "multimodal" }, "geometry": { "type": "MultiLineString", "coordinates": [ [ [ 144.3667, -38.15 ], [ 145.0811823, -38.10090306 ] ] ] } },
{ "type": "Feature", "properties": { "start_id": 2016, "end_id": 822, "distance(k": 233.25118134505803, "from": "port", "to": "road", "transport_": "multimodal" }, "geometry": { "type": "MultiLineString", "coordinates": [ [ [ 145.0811823, -38.10090306 ], [ 147.529466501476378, -37.295938195578451 ] ] ] } },
{ "type": "Feature", "properties": { "start_id": 822, "end_id": 3133, "distance(k": 209.75807967569918, "from": "road", "to": "maritime", "transport_": "multimodal" }, "geometry": { "type": "MultiLineString", "coordinates": [ [ [ 147.529466501476378, -37.295938195578451 ], [ 149.3877860175526, -38.482496054673746 ] ] ] } },
{ "type": "Feature", "properties": { "start_id": 2033, "end_id": 3133, "distance(k": 164.14848386586507, "from": "port", "to": "maritime", "transport_": "multimodal" }, "geometry": { "type": "MultiLineString", "coordinates": [ [ [ 149.9167, -37.0667 ], [ 149.3877860175526, -38.482496054673746 ] ] ] } },
{ "type": "Feature", "properties": { "start_id": 2019, "end_id": 2026, "distance(k": 114.9734501358939, "from": "port", "to": "port", "transport_": "multimodal" }, "geometry": { "type": "MultiLineString", "coordinates": [ [ [ 145.372756399999986, -40.81146298 ], [ 146.6661109, -41.15179726 ] ] ] } },
{ "type": "Feature", "properties": { "start_id": 3137, "end_id": 830, "distance(k": 193.55489472371664, "from": "maritime", "to": "road", "transport_": "multimodal" }, "geometry": { "type": "MultiLineString", "coordinates": [ [ [ 149.509973764603615, -41.163977832468724 ], [ 147.658538823898226, -42.221761620272943 ] ] ] } },
{ "type": "Feature", "properties": { "start_id": 830, "end_id": 2029, "distance(k": 78.235245213155565, "from": "road", "to": "port", "transport_": "multimodal" }, "geometry": { "type": "MultiLineString", "coordinates": [ [ [ 147.658538823898226, -42.221761620272943 ], [ 147.3333, -42.8833 ] ] ] } },
{ "type": "Feature", "properties": { "start_id": 3085, "end_id": 2082, "distance(k": 275.33845802899901, "from": "maritime", "to": "port", "transport_": "multimodal" }, "geometry": { "type": "MultiLineString", "coordinates": [ [ [ 173.420318052055848, -33.226158472872044 ], [ 174.2944513, -35.59503105 ] ] ] } },
{ "type": "Feature", "properties": { "start_id": 3115, "end_id": 2086, "distance(k": 208.71608792079059, "from": "maritime", "to": "port", "transport_": "multimodal" }, "geometry": { "type": "MultiLineString", "coordinates": [ [ [ 176.845468310521227, -35.83794108896884 ], [ 176.1711325, -37.63551229 ] ] ] } },
{ "type": "Feature", "properties": { "start_id": 3115, "end_id": 2082, "distance(k": 231.87968878788953, "from": "maritime", "to": "port", "transport_": "multimodal" }, "geometry": { "type": "MultiLineString", "coordinates": [ [ [ 176.845468310521227, -35.83794108896884 ], [ 174.2944513, -35.59503105 ] ] ] } },
{ "type": "Feature", "properties": { "start_id": 2086, "end_id": 2090, "distance(k": 196.60218621890004, "from": "port", "to": "port", "transport_": "multimodal" }, "geometry": { "type": "MultiLineString", "coordinates": [ [ [ 176.1711325, -37.63551229 ], [ 177.9893, -38.67587 ] ] ] } },
{ "type": "Feature", "properties": { "start_id": 2090, "end_id": 2087, "distance(k": 128.96554988851648, "from": "port", "to": "port", "transport_": "multimodal" }, "geometry": { "type": "MultiLineString", "coordinates": [ [ [ 177.9893, -38.67587 ], [ 176.9167, -39.4833 ] ] ] } },
{ "type": "Feature", "properties": { "start_id": 2083, "end_id": 3134, "distance(k": 90.709504170154403, "from": "port", "to": "maritime", "transport_": "multimodal" }, "geometry": { "type": "MultiLineString", "coordinates": [ [ [ 174.732, -38.1502 ], [ 173.782432773764668, -38.482496054673746 ] ] ] } },
{ "type": "Feature", "properties": { "start_id": 3134, "end_id": 2081, "distance(k": 68.19889644558269, "from": "maritime", "to": "port", "transport_": "multimodal" }, "geometry": { "type": "MultiLineString", "coordinates": [ [ [ 173.782432773764668, -38.482496054673746 ], [ 174.0983, -39.0442 ] ] ] } },
{ "type": "Feature", "properties": { "start_id": 827, "end_id": 2084, "distance(k": 230.02356918750559, "from": "road", "to": "port", "transport_": "multimodal" }, "geometry": { "type": "MultiLineString", "coordinates": [ [ [ 176.598872522084292, -39.742357812707255 ], [ 174.7833, -41.2833 ] ] ] } },
{ "type": "Feature", "properties": { "start_id": 3138, "end_id": 2084, "distance(k": 26.593704548955799, "from": "maritime", "to": "port", "transport_": "multimodal" }, "geometry": { "type": "MultiLineString", "coordinates": [ [ [ 174.507726272274851, -41.163977832468724 ], [ 174.7833, -41.2833 ] ] ] } },
{ "type": "Feature", "properties": { "start_id": 3138, "end_id": 2080, "distance(k": 41.078179601536164, "from": "maritime", "to": "port", "transport_": "multimodal" }, "geometry": { "type": "MultiLineString", "coordinates": [ [ [ 174.507726272274851, -41.163977832468724 ], [ 174.0483, -41.2947 ] ] ] } },
{ "type": "Feature", "properties": { "start_id": 2080, "end_id": 2078, "distance(k": 65.385596013204093, "from": "port", "to": "port", "transport_": "multimodal" }, "geometry": { "type": "MultiLineString", "coordinates": [ [ [ 174.0483, -41.2947 ], [ 173.2667, -41.2667 ] ] ] } },
{ "type": "Feature", "properties": { "start_id": 2078, "end_id": 2097, "distance(k": 152.19971235007156, "from": "port", "to": "country", "transport_": "multimodal" }, "geometry": { "type": "MultiLineString", "coordinates": [ [ [ 173.2667, -41.2667 ], [ 171.6040039, -41.837101 ] ] ] } },
{ "type": "Feature", "properties": { "start_id": 2076, "end_id": 2074, "distance(k": 148.47074471167966, "from": "port", "to": "port", "transport_": "multimodal" }, "geometry": { "type": "MultiLineString", "coordinates": [ [ [ 172.711306400000012, -43.57687336 ], [ 171.25, -44.4 ] ] ] } },
{ "type": "Feature", "properties": { "start_id": 2074, "end_id": 2072, "distance(k": 166.87751904380988, "from": "port", "to": "port", "transport_": "multimodal" }, "geometry": { "type": "MultiLineString", "coordinates": [ [ [ 171.25, -44.4 ], [ 170.5891493, -45.82647996 ] ] ] } },
{ "type": "Feature", "properties": { "start_id": 829, "end_id": 1128, "distance(k": 234.96987354840843, "from": "road", "to": "port", "transport_": "multimodal" }, "geometry": { "type": "MultiLineString", "coordinates": [ [ [ -67.80239466359663, -42.221761620272943 ], [ -65.0333, -42.7667 ] ] ] } },
{ "type": "Feature", "properties": { "start_id": 1062, "end_id": 3141, "distance(k": 290.80866145914985, "from": "port", "to": "maritime", "transport_": "multimodal" }, "geometry": { "type": "MultiLineString", "coordinates": [ [ [ -72.83361582, -45.47167587 ], [ -76.193647880336073, -46.657537848045742 ] ] ] } },
{ "type": "Feature", "properties": { "start_id": 831, "end_id": 1116, "distance(k": 227.06827759462223, "from": "road", "to": "port", "transport_": "multimodal" }, "geometry": { "type": "MultiLineString", "coordinates": [ [ [ -69.597902692237639, -44.738078571830663 ], [ -67.49925121, -46.15325669 ] ] ] } },
{ "type": "Feature", "properties": { "start_id": 1128, "end_id": 832, "distance(k": 238.24333343976306, "from": "port", "to": "road", "transport_": "multimodal" }, "geometry": { "type": "MultiLineString", "coordinates": [ [ [ -65.0333, -42.7667 ], [ -66.195338711503624, -44.738078571830663 ] ] ] } },
{ "type": "Feature", "properties": { "start_id": 832, "end_id": 1116, "distance(k": 187.36943316959827, "from": "road", "to": "port", "transport_": "multimodal" }, "geometry": { "type": "MultiLineString", "coordinates": [ [ [ -66.195338711503624, -44.738078571830663 ], [ -67.49925121, -46.15325669 ] ] ] } },
{ "type": "Feature", "properties": { "start_id": 1116, "end_id": 1124, "distance(k": 215.13350190555386, "from": "port", "to": "port", "transport_": "multimodal" }, "geometry": { "type": "MultiLineString", "coordinates": [ [ [ -67.49925121, -46.15325669 ], [ -65.8929, -47.74737 ] ] ] } },
{ "type": "Feature", "properties": { "start_id": 1124, "end_id": 3144, "distance(k": 276.11078379104492, "from": "port", "to": "maritime", "transport_": "multimodal" }, "geometry": { "type": "MultiLineString", "coordinates": [ [ [ -65.8929, -47.74737 ], [ -63.204237606580236, -49.481665163599935 ] ] ] } },
{ "type": "Feature", "properties": { "start_id": 1124, "end_id": 1109, "distance(k": 316.10169906738298, "from": "port", "to": "port", "transport_": "multimodal" }, "geometry": { "type": "MultiLineString", "coordinates": [ [ [ -65.8929, -47.74737 ], [ -68.4356, -50.0472 ] ] ] } },
{ "type": "Feature", "properties": { "start_id": 1043, "end_id": 1065, "distance(k": 249.50643626355117, "from": "port", "to": "port", "transport_": "multimodal" }, "geometry": { "type": "MultiLineString", "coordinates": [ [ [ -75.3333, -50.3667 ], [ -72.5097, -51.73997 ] ] ] } },
{ "type": "Feature", "properties": { "start_id": 834, "end_id": 1109, "distance(k": 141.48233768072166, "from": "road", "to": "port", "transport_": "multimodal" }, "geometry": { "type": "MultiLineString", "coordinates": [ [ [ -70.400830672952907, -49.900335515728941 ], [ -68.4356, -50.0472 ] ] ] } },
{ "type": "Feature", "properties": { "start_id": 1065, "end_id": 1072, "distance(k": 143.92008550755668, "from": "port", "to": "port", "transport_": "multimodal" }, "geometry": { "type": "MultiLineString", "coordinates": [ [ [ -72.5097, -51.73997 ], [ -71.710973, -52.938772 ] ] ] } },
{ "type": "Feature", "properties": { "start_id": 1072, "end_id": 1083, "distance(k": 59.014236593265501, "from": "port", "to": "port", "transport_": "multimodal" }, "geometry": { "type": "MultiLineString", "coordinates": [ [ [ -71.710973, -52.938772 ], [ -70.86121543, -53.08114387 ] ] ] } },
{ "type": "Feature", "properties": { "start_id": 1072, "end_id": 3145, "distance(k": 278.22833649901582, "from": "port", "to": "maritime", "transport_": "multimodal" }, "geometry": { "type": "MultiLineString", "coordinates": [ [ [ -71.710973, -52.938772 ], [ -73.001168846072247, -55.324130873400804 ] ] ] } },
{ "type": "Feature", "properties": { "start_id": 1092, "end_id": 1083, "distance(k": 65.385739642471847, "from": "port", "to": "port", "transport_": "multimodal" }, "geometry": { "type": "MultiLineString", "coordinates": [ [ [ -70.2028, -52.6478 ], [ -70.86121543, -53.08114387 ] ] ] } },
{ "type": "Feature", "properties": { "start_id": 1092, "end_id": 1111, "distance(k": 138.69362922166383, "from": "port", "to": "port", "transport_": "multimodal" }, "geometry": { "type": "MultiLineString", "coordinates": [ [ [ -70.2028, -52.6478 ], [ -68.26028463, -53.0725151 ] ] ] } },
{ "type": "Feature", "properties": { "start_id": 1111, "end_id": 1110, "distance(k": 192.46732682312614, "from": "port", "to": "port", "transport_": "multimodal" }, "geometry": { "type": "MultiLineString", "coordinates": [ [ [ -68.26028463, -53.0725151 ], [ -68.2984, -54.80327 ] ] ] } },
{ "type": "Feature", "properties": { "start_id": 1110, "end_id": 1114, "distance(k": 46.222904813962579, "from": "port", "to": "port", "transport_": "multimodal" }, "geometry": { "type": "MultiLineString", "coordinates": [ [ [ -68.2984, -54.80327 ], [ -67.6101, -54.92937 ] ] ] } },
{ "type": "Feature", "properties": { "start_id": 1114, "end_id": 3146, "distance(k": 203.78688099059582, "from": "port", "to": "maritime", "transport_": "multimodal" }, "geometry": { "type": "MultiLineString", "coordinates": [ [ [ -67.6101, -54.92937 ], [ -64.479686447007367, -55.324130873400804 ] ] ] } },
{ "type": "Feature", "properties": { "start_id": 1233, "end_id": 2236, "distance(k": 3505.5540565387614, "from": "port", "to": "country", "transport_": "multimodal" }, "geometry": { "type": "MultiLineString", "coordinates": [ [ [ -36.51, -54.2983 ], [ 21.3115997, -80.4406967 ] ] ] } },
{ "type": "Feature", "properties": { "start_id": 2068, "end_id": 3143, "distance(k": 105.47971433834446, "from": "port", "to": "maritime", "transport_": "multimodal" }, "geometry": { "type": "MultiLineString", "coordinates": [ [ [ 168.4133, -46.6294 ], [ 169.79443153640679, -46.657537848045742 ] ] ] } },
{ "type": "Feature", "properties": { "start_id": 2072, "end_id": 3143, "distance(k": 110.7902044512404, "from": "port", "to": "maritime", "transport_": "multimodal" }, "geometry": { "type": "MultiLineString", "coordinates": [ [ [ 170.5891493, -45.82647996 ], [ 169.79443153640679, -46.657537848045742 ] ] ] } },
{ "type": "Feature", "properties": { "start_id": 0, "end_id": 1520, "distance(k": 199.17053036810881, "from": "road", "to": "port", "transport_": "multimodal" }, "geometry": { "type": "MultiLineString", "coordinates": [ [ [ 23.529905212057749, 68.431934303023993 ], [ 25.0903, 70.1361 ] ] ] } },
{ "type": "Feature", "properties": { "start_id": 0, "end_id": 1489, "distance(k": 204.35756786011584, "from": "road", "to": "port", "transport_": "multimodal" }, "geometry": { "type": "MultiLineString", "coordinates": [ [ [ 23.529905212057749, 68.431934303023993 ], [ 20.9709, 70.03053 ] ] ] } },
{ "type": "Feature", "properties": { "start_id": 1, "end_id": 1688, "distance(k": 283.32801361371361, "from": "road", "to": "port", "transport_": "multimodal" }, "geometry": { "type": "MultiLineString", "coordinates": [ [ [ 64.942546649263477, 68.431934303023993 ], [ 58.02685613, 68.81243696 ] ] ] } },
{ "type": "Feature", "properties": { "start_id": 3, "end_id": 2071, "distance(k": 701.34057331378813, "from": "road", "to": "port", "transport_": "multimodal" }, "geometry": { "type": "MultiLineString", "coordinates": [ [ [ 152.944409703325562, 68.431934303023993 ], [ 170.302787099999989, 69.69845987 ] ] ] } },
{ "type": "Feature", "properties": { "start_id": 6, "end_id": 1248, "distance(k": 123.10311795490242, "from": "road", "to": "port", "transport_": "multimodal" }, "geometry": { "type": "MultiLineString", "coordinates": [ [ [ -21.226469549278143, 65.285699906755681 ], [ -23.1239, 66.07 ] ] ] } },
{ "type": "Feature", "properties": { "start_id": 8, "end_id": 1514, "distance(k": 115.75872276732291, "from": "road", "to": "port", "transport_": "multimodal" }, "geometry": { "type": "MultiLineString", "coordinates": [ [ [ 26.4247789195995, 65.285699906755681 ], [ 24.4167, 64.6833 ] ] ] } },
{ "type": "Feature", "properties": { "start_id": 10, "end_id": 1613, "distance(k": 269.70570636855911, "from": "road", "to": "port", "transport_": "multimodal" }, "geometry": { "type": "MultiLineString", "coordinates": [ [ [ 45.485278307150544, 65.285699906755681 ], [ 39.89906387, 64.72369192 ] ] ] } },
{ "type": "Feature", "properties": { "start_id": 11, "end_id": 1380, "distance(k": 103.92663442150429, "from": "road", "to": "port", "transport_": "multimodal" }, "geometry": { "type": "MultiLineString", "coordinates": [ [ [ 6.876069651209806, 62.268807460944494 ], [ 7.7333, 63.1167 ] ] ] } },
{ "type": "Feature", "properties": { "start_id": 12, "end_id": 1406, "distance(k": 197.01907889362008, "from": "road", "to": "port", "transport_": "multimodal" }, "geometry": { "type": "MultiLineString", "coordinates": [ [ [ 11.325293801558844, 62.268807460944494 ], [ 10.79181266, 64.02419541 ] ] ] } },
{ "type": "Feature", "properties": { "start_id": 12, "end_id": 1376, "distance(k": 223.4986557956239, "from": "road", "to": "port", "transport_": "multimodal" }, "geometry": { "type": "MultiLineString", "coordinates": [ [ [ 11.325293801558844, 62.268807460944494 ], [ 7.045831628, 62.61814587 ] ] ] } },
{ "type": "Feature", "properties": { "start_id": 13, "end_id": 1501, "distance(k": 191.86784829509162, "from": "road", "to": "port", "transport_": "multimodal" }, "geometry": { "type": "MultiLineString", "coordinates": [ [ [ 24.672966252605963, 62.268807460944494 ], [ 22.86977729, 63.78837138 ] ] ] } },
{ "type": "Feature", "properties": { "start_id": 13, "end_id": 1493, "distance(k": 206.02903641491542, "from": "road", "to": "port", "transport_": "multimodal" }, "geometry": { "type": "MultiLineString", "coordinates": [ [ [ 24.672966252605963, 62.268807460944494 ], [ 21.43471297, 61.2272848 ] ] ] } },
{ "type": "Feature", "properties": { "start_id": 14, "end_id": 1531, "distance(k": 231.43755750103361, "from": "road", "to": "port", "transport_": "multimodal" }, "geometry": { "type": "MultiLineString", "coordinates": [ [ [ 29.122190402955002, 62.268807460944494 ], [ 26.95672384, 60.46427094 ] ] ] } },
{ "type": "Feature", "properties": { "start_id": 15, "end_id": 1576, "distance(k": 258.53847978807875, "from": "road", "to": "port", "transport_": "multimodal" }, "geometry": { "type": "MultiLineString", "coordinates": [ [ [ 33.571414553303981, 62.268807460944494 ], [ 34.79115531, 64.52895393 ] ] ] } },
{ "type": "Feature", "properties": { "start_id": 15, "end_id": 1548, "distance(k": 322.4319698679771, "from": "road", "to": "port", "transport_": "multimodal" }, "geometry": { "type": "MultiLineString", "coordinates": [ [ [ 33.571414553303981, 62.268807460944494 ], [ 29.8929271, 59.97583139 ] ] ] } },
{ "type": "Feature", "properties": { "start_id": 20, "end_id": 1384, "distance(k": 206.66168371428216, "from": "road", "to": "port", "transport_": "multimodal" }, "geometry": { "type": "MultiLineString", "coordinates": [ [ [ 10.685638018259251, 59.357326606469819 ], [ 8.01859105, 58.11660399 ] ] ] } },
{ "type": "Feature", "properties": { "start_id": 23, "end_id": 1538, "distance(k": 208.36091779346015, "from": "road", "to": "port", "transport_": "multimodal" }, "geometry": { "type": "MultiLineString", "coordinates": [ [ [ 31.675291605075181, 59.357326606469819 ], [ 28.00605892, 59.54063967 ] ] ] } },
{ "type": "Feature", "properties": { "start_id": 27, "end_id": 2249, "distance(k": 499.26922410939193, "from": "road", "to": "maritime", "transport_": "multimodal" }, "geometry": { "type": "MultiLineString", "coordinates": [ [ [ 161.811143843334037, 59.357326606469819 ], [ 167.269925361860487, 55.943425022583448 ] ] ] } },
{ "type": "Feature", "properties": { "start_id": 28, "end_id": 861, "distance(k": 250.11531074181357, "from": "road", "to": "port", "transport_": "multimodal" }, "geometry": { "type": "MultiLineString", "coordinates": [ [ [ -129.582780062768421, 56.533882859658227 ], [ -132.8163, 55.20363 ] ] ] } },
{ "type": "Feature", "properties": { "start_id": 30, "end_id": 2245, "distance(k": 87.238499066837377, "from": "road", "to": "maritime", "transport_": "multimodal" }, "geometry": { "type": "MultiLineString", "coordinates": [ [ [ -5.807635058780036, 56.533882859658227 ], [ -4.877998882468623, 55.943425022583448 ] ] ] } },
{ "type": "Feature", "properties": { "start_id": 32, "end_id": 1458, "distance(k": 105.911477201517, "from": "road", "to": "port", "transport_": "multimodal" }, "geometry": { "type": "MultiLineString", "coordinates": [ [ [ 14.156098006379374, 56.533882859658227 ], [ 15.65191861, 56.06646758 ] ] ] } },
{ "type": "Feature", "properties": { "start_id": 48, "end_id": 1003, "distance(k": 312.64613066041892, "from": "road", "to": "port", "transport_": "multimodal" }, "geometry": { "type": "MultiLineString", "coordinates": [ [ [ -78.174253680078124, 53.78531077684525 ], [ -79.2167, 56.5333 ] ] ] } },
{ "type": "Feature", "properties": { "start_id": 48, "end_id": 1029, "distance(k": 322.48971203610233, "from": "road", "to": "port", "transport_": "multimodal" }, "geometry": { "type": "MultiLineString", "coordinates": [ [ [ -78.174253680078124, 53.78531077684525 ], [ -76.55, 56.5333 ] ] ] } },
{ "type": "Feature", "properties": { "start_id": 51, "end_id": 1375, "distance(k": 186.38786981312941, "from": "road", "to": "port", "transport_": "multimodal" }, "geometry": { "type": "MultiLineString", "coordinates": [ [ [ 9.728347671041208, 53.78531077684525 ], [ 6.968262624, 53.42719159 ] ] ] } },
{ "type": "Feature", "properties": { "start_id": 52, "end_id": 1448, "distance(k": 175.14377577991254, "from": "road", "to": "port", "transport_": "multimodal" }, "geometry": { "type": "MultiLineString", "coordinates": [ [ [ 13.55019990369858, 53.78531077684525 ], [ 14.89595446, 55.15261921 ] ] ] } },
{ "type": "Feature", "properties": { "start_id": 52, "end_id": 1436, "distance(k": 184.1522775785661, "from": "road", "to": "port", "transport_": "multimodal" }, "geometry": { "type": "MultiLineString", "coordinates": [ [ [ 13.55019990369858, 53.78531077684525 ], [ 13.8333, 55.4333 ] ] ] } },
{ "type": "Feature", "properties": { "start_id": 54, "end_id": 1473, "distance(k": 192.75252489178422, "from": "road", "to": "port", "transport_": "multimodal" }, "geometry": { "type": "MultiLineString", "coordinates": [ [ [ 21.193904369013325, 53.78531077684525 ], [ 18.54403464, 54.55960807 ] ] ] } },
{ "type": "Feature", "properties": { "start_id": 54, "end_id": 1491, "distance(k": 214.81778764073636, "from": "road", "to": "port", "transport_": "multimodal" }, "geometry": { "type": "MultiLineString", "coordinates": [ [ [ 21.193904369013325, 53.78531077684525 ], [ 21.1167, 55.7167 ] ] ] } },
{ "type": "Feature", "properties": { "start_id": 69, "end_id": 2275, "distance(k": 235.34269872430409, "from": "road", "to": "maritime", "transport_": "multimodal" }, "geometry": { "type": "MultiLineString", "coordinates": [ [ [ -56.831002951323775, 51.101298772248654 ], [ -59.743350693229146, 50.071105542797362 ] ] ] } },
{ "type": "Feature", "properties": { "start_id": 70, "end_id": 1330, "distance(k": 194.90678851842625, "from": "road", "to": "port", "transport_": "multimodal" }, "geometry": { "type": "MultiLineString", "coordinates": [ [ [ -1.67150332421539, 51.101298772248654 ], [ -1.897566221, 49.35443369 ] ] ] } },
{ "type": "Feature", "properties": { "start_id": 96, "end_id": 2275, "distance(k": 200.16274379483511, "from": "road", "to": "maritime", "transport_": "multimodal" }, "geometry": { "type": "MultiLineString", "coordinates": [ [ [ -58.471662630742308, 48.473553704137302 ], [ -59.743350693229146, 50.071105542797362 ] ] ] } },
{ "type": "Feature", "properties": { "start_id": 97, "end_id": 2307, "distance(k": 151.62540509047111, "from": "road", "to": "maritime", "transport_": "multimodal" }, "geometry": { "type": "MultiLineString", "coordinates": [ [ [ -5.168768695731423, 48.473553704137302 ], [ -4.318654832710477, 47.234980716592936 ] ] ] } },
{ "type": "Feature", "properties": { "start_id": 107, "end_id": 1558, "distance(k": 215.51823397071374, "from": "road", "to": "port", "transport_": "multimodal" }, "geometry": { "type": "MultiLineString", "coordinates": [ [ [ 30.366493927609156, 48.473553704137302 ], [ 31.96370201, 46.86107937 ] ] ] } },
{ "type": "Feature", "properties": { "start_id": 126, "end_id": 1121, "distance(k": 108.11622951565326, "from": "road", "to": "port", "transport_": "multimodal" }, "geometry": { "type": "MultiLineString", "coordinates": [ [ [ -67.05024107489308, 45.895258794291813 ], [ -66.03310904, 45.2331936 ] ] ] } },
{ "type": "Feature", "properties": { "start_id": 126, "end_id": 1123, "distance(k": 253.56889159360153, "from": "road", "to": "port", "transport_": "multimodal" }, "geometry": { "type": "MultiLineString", "coordinates": [ [ [ -67.05024107489308, 45.895258794291813 ], [ -65.93638144, 48.04533411 ] ] ] } },
{ "type": "Feature", "properties": { "start_id": 145, "end_id": 2308, "distance(k": 352.2043508653241, "from": "road", "to": "maritime", "transport_": "multimodal" }, "geometry": { "type": "MultiLineString", "coordinates": [ [ [ 136.293704853700063, 45.895258794291813 ], [ 140.469220020692489, 47.234980716592936 ] ] ] } },
{ "type": "Feature", "properties": { "start_id": 145, "end_id": 2000, "distance(k": 435.35901773174089, "from": "road", "to": "port", "transport_": "multimodal" }, "geometry": { "type": "MultiLineString", "coordinates": [ [ [ 136.293704853700063, 45.895258794291813 ], [ 141.8889287, 45.59564647 ] ] ] } },
{ "type": "Feature", "properties": { "start_id": 155, "end_id": 1081, "distance(k": 137.32014209420925, "from": "road", "to": "port", "transport_": "multimodal" }, "geometry": { "type": "MultiLineString", "coordinates": [ [ [ -71.942565818388204, 43.360707025151228 ], [ -71.00146837, 42.3364541 ] ] ] } },
{ "type": "Feature", "properties": { "start_id": 156, "end_id": 2337, "distance(k": 124.83123566256802, "from": "road", "to": "maritime", "transport_": "multimodal" }, "geometry": { "type": "MultiLineString", "coordinates": [ [ [ -8.23071996944263, 43.360707025151228 ], [ -7.877290922718376, 44.454086083266183 ] ] ] } },
{ "type": "Feature", "properties": { "start_id": 157, "end_id": 1325, "distance(k": 185.99586193003478, "from": "road", "to": "port", "transport_": "multimodal" }, "geometry": { "type": "MultiLineString", "coordinates": [ [ [ -4.877464924761277, 43.360707025151228 ], [ -2.576885401, 43.4147294 ] ] ] } },
{ "type": "Feature", "properties": { "start_id": 158, "end_id": 2338, "distance(k": 245.37625989068192, "from": "road", "to": "maritime", "transport_": "multimodal" }, "geometry": { "type": "MultiLineString", "coordinates": [ [ [ -1.524209880079923, 43.360707025151228 ], [ -4.185001570592709, 44.454086083266183 ] ] ] } },
{ "type": "Feature", "properties": { "start_id": 158, "end_id": 1336, "distance(k": 248.47672595447983, "from": "road", "to": "port", "transport_": "multimodal" }, "geometry": { "type": "MultiLineString", "coordinates": [ [ [ -1.524209880079923, 43.360707025151228 ], [ -0.891041029, 45.54915202 ] ] ] } },
{ "type": "Feature", "properties": { "start_id": 159, "end_id": 2365, "distance(k": 210.35385043587704, "from": "road", "to": "maritime", "transport_": "multimodal" }, "geometry": { "type": "MultiLineString", "coordinates": [ [ [ 1.829045164601431, 43.360707025151228 ], [ 3.111269599903316, 41.721664659400808 ] ] ] } },
{ "type": "Feature", "properties": { "start_id": 160, "end_id": 2366, "distance(k": 220.69558002189328, "from": "road", "to": "maritime", "transport_": "multimodal" }, "geometry": { "type": "MultiLineString", "coordinates": [ [ [ 5.182300209282738, 43.360707025151228 ], [ 6.701652683488938, 41.721664659400808 ] ] ] } },
{ "type": "Feature", "properties": { "start_id": 161, "end_id": 1399, "distance(k": 165.83013700181644, "from": "road", "to": "port", "transport_": "multimodal" }, "geometry": { "type": "MultiLineString", "coordinates": [ [ [ 11.888810298645446, 43.360707025151228 ], [ 9.856796756, 43.17390066 ] ] ] } },
{ "type": "Feature", "properties": { "start_id": 162, "end_id": 1477, "distance(k": 144.15548234178431, "from": "road", "to": "port", "transport_": "multimodal" }, "geometry": { "type": "MultiLineString", "coordinates": [ [ [ 18.595320388008155, 43.360707025151228 ], [ 18.9495562, 42.09066719 ] ] ] } },
{ "type": "Feature", "properties": { "start_id": 172, "end_id": 1952, "distance(k": 217.90716067675433, "from": "road", "to": "port", "transport_": "multimodal" }, "geometry": { "type": "MultiLineString", "coordinates": [ [ [ 129.252736862492583, 43.360707025151228 ], [ 131.925, 43.133 ] ] ] } },
{ "type": "Feature", "properties": { "start_id": 182, "end_id": 1032, "distance(k": 224.01363674528037, "from": "road", "to": "port", "transport_": "multimodal" }, "geometry": { "type": "MultiLineString", "coordinates": [ [ [ -76.731508868133261, 40.865044586172232 ], [ -76.46794098, 38.8606222 ] ] ] } },
{ "type": "Feature", "properties": { "start_id": 183, "end_id": 1067, "distance(k": 126.2909058483137, "from": "road", "to": "port", "transport_": "multimodal" }, "geometry": { "type": "MultiLineString", "coordinates": [ [ [ -73.460010554537433, 40.865044586172232 ], [ -72.09052373, 41.33944386 ] ] ] } },
{ "type": "Feature", "properties": { "start_id": 187, "end_id": 1397, "distance(k": 105.02202811399275, "from": "road", "to": "port", "transport_": "multimodal" }, "geometry": { "type": "MultiLineString", "coordinates": [ [ [ 8.327447285358913, 40.865044586172232 ], [ 9.57085074, 40.96059215 ] ] ] } },
{ "type": "Feature", "properties": { "start_id": 188, "end_id": 1430, "distance(k": 127.71751561459455, "from": "road", "to": "port", "transport_": "multimodal" }, "geometry": { "type": "MultiLineString", "coordinates": [ [ [ 14.870443912550638, 40.865044586172232 ], [ 13.44232676, 41.26493454 ] ] ] } },
{ "type": "Feature", "properties": { "start_id": 190, "end_id": 1524, "distance(k": 100.8570991364073, "from": "road", "to": "port", "transport_": "multimodal" }, "geometry": { "type": "MultiLineString", "coordinates": [ [ [ 24.684938853338178, 40.865044586172232 ], [ 25.8833, 40.8333 ] ] ] } },
{ "type": "Feature", "properties": { "start_id": 192, "end_id": 1581, "distance(k": 139.69239779447992, "from": "road", "to": "port", "transport_": "multimodal" }, "geometry": { "type": "MultiLineString", "coordinates": [ [ [ 34.499433794125757, 40.865044586172232 ], [ 35.14748017, 42.02362124 ] ] ] } },
{ "type": "Feature", "properties": { "start_id": 192, "end_id": 1587, "distance(k": 162.46642563560619, "from": "road", "to": "port", "transport_": "multimodal" }, "geometry": { "type": "MultiLineString", "coordinates": [ [ [ 34.499433794125757, 40.865044586172232 ], [ 36.35, 41.3 ] ] ] } },
{ "type": "Feature", "properties": { "start_id": 193, "end_id": 1608, "distance(k": 161.43563608346764, "from": "road", "to": "port", "transport_": "multimodal" }, "geometry": { "type": "MultiLineString", "coordinates": [ [ [ 37.77093210772162, 40.865044586172232 ], [ 39.68051793, 41.03120175 ] ] ] } },
{ "type": "Feature", "properties": { "start_id": 204, "end_id": 1857, "distance(k": 210.32925247876113, "from": "road", "to": "port", "transport_": "multimodal" }, "geometry": { "type": "MultiLineString", "coordinates": [ [ [ 119.558389947617954, 40.865044586172232 ], [ 118.7827141, 39.06933119 ] ] ] } },
{ "type": "Feature", "properties": { "start_id": 205, "end_id": 1885, "distance(k": 151.31842473037707, "from": "road", "to": "port", "transport_": "multimodal" }, "geometry": { "type": "MultiLineString", "coordinates": [ [ [ 122.829888261213796, 40.865044586172232 ], [ 121.0417962, 40.72535 ] ] ] } },
{ "type": "Feature", "properties": { "start_id": 205, "end_id": 1918, "distance(k": 161.57173040115705, "from": "road", "to": "port", "transport_": "multimodal" }, "geometry": { "type": "MultiLineString", "coordinates": [ [ [ 122.829888261213796, 40.865044586172232 ], [ 124.15, 39.8167 ] ] ] } },
{ "type": "Feature", "properties": { "start_id": 207, "end_id": 2369, "distance(k": 267.49566296247536, "from": "road", "to": "maritime", "transport_": "multimodal" }, "geometry": { "type": "MultiLineString", "coordinates": [ [ [ 129.372884888405537, 40.865044586172232 ], [ 132.365060608985686, 41.721664659400808 ] ] ] } },
{ "type": "Feature", "properties": { "start_id": 221, "end_id": 1527, "distance(k": 98.035781817813373, "from": "road", "to": "port", "transport_": "multimodal" }, "geometry": { "type": "MultiLineString", "coordinates": [ [ [ 27.341006905610342, 38.404086085661085 ], [ 26.21875285, 38.34683402 ] ] ] } },
{ "type": "Feature", "properties": { "start_id": 221, "end_id": 1539, "distance(k": 224.66995813844483, "from": "road", "to": "port", "transport_": "multimodal" }, "geometry": { "type": "MultiLineString", "coordinates": [ [ [ 27.341006905610342, 38.404086085661085 ], [ 28.18090973, 36.49674226 ] ] ] } },
{ "type": "Feature", "properties": { "start_id": 222, "end_id": 1544, "distance(k": 232.40669013858312, "from": "road", "to": "port", "transport_": "multimodal" }, "geometry": { "type": "MultiLineString", "coordinates": [ [ [ 30.540486776726073, 38.404086085661085 ], [ 29.02926375, 36.69143505 ] ] ] } },
{ "type": "Feature", "properties": { "start_id": 224, "end_id": 1586, "distance(k": 198.83395374502078, "from": "road", "to": "port", "transport_": "multimodal" }, "geometry": { "type": "MultiLineString", "coordinates": [ [ [ 36.939446518957524, 38.404086085661085 ], [ 36.04917416, 36.76096542 ] ] ] } },
{ "type": "Feature", "properties": { "start_id": 237, "end_id": 2445, "distance(k": 254.03603487286483, "from": "road", "to": "maritime", "transport_": "multimodal" }, "geometry": { "type": "MultiLineString", "coordinates": [ [ [ -120.586433919518996, 35.974178125305095 ], [ -121.28195459087226, 33.761971999546539 ] ] ] } },
{ "type": "Feature", "properties": { "start_id": 246, "end_id": 247, "distance(k": 282.17387712196222, "from": "road", "to": "road", "transport_": "multimodal" }, "geometry": { "type": "MultiLineString", "coordinates": [ [ [ -79.820808284181666, 35.974178125305095 ], [ -76.684990927617264, 35.974178125305095 ] ] ] } },
{ "type": "Feature", "properties": { "start_id": 248, "end_id": 1339, "distance(k": 180.74850898303086, "from": "road", "to": "port", "transport_": "multimodal" }, "geometry": { "type": "MultiLineString", "coordinates": [ [ [ 1.710442986492968, 35.974178125305095 ], [ -0.286914521, 35.81802804 ] ] ] } },
{ "type": "Feature", "properties": { "start_id": 249, "end_id": 2167, "distance(k": 14.840833150981238, "from": "road", "to": "country", "transport_": "multimodal" }, "geometry": { "type": "MultiLineString", "coordinates": [ [ [ 14.253712412750589, 35.974178125305095 ], [ 14.4046001, 35.9203987 ] ] ] } },
{ "type": "Feature", "properties": { "start_id": 265, "end_id": 1864, "distance(k": 203.80672282875787, "from": "road", "to": "port", "transport_": "multimodal" }, "geometry": { "type": "MultiLineString", "coordinates": [ [ [ 117.735685179376048, 35.974178125305095 ], [ 119.5756436, 34.91925161 ] ] ] } },
{ "type": "Feature", "properties": { "start_id": 266, "end_id": 1931, "distance(k": 139.67883817068301, "from": "road", "to": "port", "transport_": "multimodal" }, "geometry": { "type": "MultiLineString", "coordinates": [ [ [ 127.143137249069284, 35.974178125305095 ], [ 126.6261187, 37.15972765 ] ] ] } },
{ "type": "Feature", "properties": { "start_id": 278, "end_id": 1301, "distance(k": 237.74753599303739, "from": "road", "to": "port", "transport_": "multimodal" }, "geometry": { "type": "MultiLineString", "coordinates": [ [ [ -4.479142612313677, 33.572096391225102 ], [ -6.152, 35.20493 ] ] ] } },
{ "type": "Feature", "properties": { "start_id": 280, "end_id": 1403, "distance(k": 215.5672725691488, "from": "road", "to": "port", "transport_": "multimodal" }, "geometry": { "type": "MultiLineString", "coordinates": [ [ [ 7.838491890264016, 33.572096391225102 ], [ 10.09335084, 34.07146309 ] ] ] } },
{ "type": "Feature", "properties": { "start_id": 282, "end_id": 2469, "distance(k": 226.42503895568333, "from": "road", "to": "maritime", "transport_": "multimodal" }, "geometry": { "type": "MultiLineString", "coordinates": [ [ [ 35.553169521063879, 33.572096391225102 ], [ 33.117110713731485, 33.761971999546539 ] ] ] } },
{ "type": "Feature", "properties": { "start_id": 283, "end_id": 1584, "distance(k": 290.3870748028134, "from": "road", "to": "port", "transport_": "multimodal" }, "geometry": { "type": "MultiLineString", "coordinates": [ [ [ 38.632578146708319, 33.572096391225102 ], [ 35.66775368, 34.45594071 ] ] ] } },
{ "type": "Feature", "properties": { "start_id": 299, "end_id": 1944, "distance(k": 173.00428529089723, "from": "road", "to": "port", "transport_": "multimodal" }, "geometry": { "type": "MultiLineString", "coordinates": [ [ [ 131.014836916041077, 33.572096391225102 ], [ 129.3, 34.2 ] ] ] } },
{ "type": "Feature", "properties": { "start_id": 300, "end_id": 1963, "distance(k": 219.11108930542156, "from": "road", "to": "port", "transport_": "multimodal" }, "geometry": { "type": "MultiLineString", "coordinates": [ [ [ 134.094245541685495, 33.572096391225102 ], [ 134.1879, 35.5411 ] ] ] } },
{ "type": "Feature", "properties": { "start_id": 306, "end_id": 936, "distance(k": 242.77246659811215, "from": "road", "to": "port", "transport_": "multimodal" }, "geometry": { "type": "MultiLineString", "coordinates": [ [ [ -86.199201489108404, 31.194966538777738 ], [ -88.59560102, 30.46510686 ] ] ] } },
{ "type": "Feature", "properties": { "start_id": 309, "end_id": 1427, "distance(k": 264.35952050496843, "from": "road", "to": "port", "transport_": "multimodal" }, "geometry": { "type": "MultiLineString", "coordinates": [ [ [ 10.740472494724992, 31.194966538777738 ], [ 12.73275577, 32.86832798 ] ] ] } },
{ "type": "Feature", "properties": { "start_id": 310, "end_id": 1481, "distance(k": 280.29161316773252, "from": "road", "to": "port", "transport_": "multimodal" }, "geometry": { "type": "MultiLineString", "coordinates": [ [ [ 16.799202118714593, 31.194966538777738 ], [ 19.5894, 30.4133 ] ] ] } },
{ "type": "Feature", "properties": { "start_id": 311, "end_id": 1485, "distance(k": 284.83835582483351, "from": "road", "to": "port", "transport_": "multimodal" }, "geometry": { "type": "MultiLineString", "coordinates": [ [ [ 22.857931742704153, 31.194966538777738 ], [ 20.05, 32.1167 ] ] ] } },
{ "type": "Feature", "properties": { "start_id": 312, "end_id": 1542, "distance(k": 285.31746635773322, "from": "road", "to": "port", "transport_": "multimodal" }, "geometry": { "type": "MultiLineString", "coordinates": [ [ [ 25.887296554698953, 31.194966538777738 ], [ 28.8744, 30.9917 ] ] ] } },
{ "type": "Feature", "properties": { "start_id": 315, "end_id": 1642, "distance(k": 209.80136655231345, "from": "road", "to": "port", "transport_": "multimodal" }, "geometry": { "type": "MultiLineString", "coordinates": [ [ [ 50.122215050657317, 31.194966538777738 ], [ 48.42995798, 29.99567823 ] ] ] } },
{ "type": "Feature", "properties": { "start_id": 332, "end_id": 2496, "distance(k": 259.46571337903532, "from": "road", "to": "maritime", "transport_": "multimodal" }, "geometry": { "type": "MultiLineString", "coordinates": [ [ [ -10.311690121520197, 28.840202324758884 ], [ -10.330816438900207, 31.173574779410764 ] ] ] } },
{ "type": "Feature", "properties": { "start_id": 335, "end_id": 1530, "distance(k": 348.99170946885073, "from": "road", "to": "port", "transport_": "multimodal" }, "geometry": { "type": "MultiLineString", "coordinates": [ [ [ 28.492817778509377, 28.840202324758884 ], [ 26.568, 31.5015 ] ] ] } },
{ "type": "Feature", "properties": { "start_id": 353, "end_id": 1472, "distance(k": 499.483308832435, "from": "road", "to": "port", "transport_": "multimodal" }, "geometry": { "type": "MultiLineString", "coordinates": [ [ [ 16.334725124906306, 26.505456470477299 ], [ 18.47951166, 30.58355466 ] ] ] } },
{ "type": "Feature", "properties": { "start_id": 354, "end_id": 1583, "distance(k": 192.86499244933913, "from": "road", "to": "port", "transport_": "multimodal" }, "geometry": { "type": "MultiLineString", "coordinates": [ [ [ 34.008365036127778, 26.505456470477299 ], [ 35.64513872, 27.44391547 ] ] ] } },
{ "type": "Feature", "properties": { "start_id": 354, "end_id": 1565, "distance(k": 330.76234477632039, "from": "road", "to": "port", "transport_": "multimodal" }, "geometry": { "type": "MultiLineString", "coordinates": [ [ [ 34.008365036127778, 26.505456470477299 ], [ 32.81459125, 29.28675464 ] ] ] } },
{ "type": "Feature", "properties": { "start_id": 355, "end_id": 1687, "distance(k": 98.445677756857947, "from": "road", "to": "port", "transport_": "multimodal" }, "geometry": { "type": "MultiLineString", "coordinates": [ [ [ 57.573218251089713, 26.505456470477299 ], [ 57.7825, 25.6403 ] ] ] } },
{ "type": "Feature", "properties": { "start_id": 355, "end_id": 1681, "distance(k": 140.47180505453429, "from": "road", "to": "port", "transport_": "multimodal" }, "geometry": { "type": "MultiLineString", "coordinates": [ [ [ 57.573218251089713, 26.505456470477299 ], [ 56.16312268, 26.5726017 ] ] ] } },
{ "type": "Feature", "properties": { "start_id": 356, "end_id": 1687, "distance(k": 289.73002554934794, "from": "road", "to": "port", "transport_": "multimodal" }, "geometry": { "type": "MultiLineString", "coordinates": [ [ [ 60.518824902959963, 26.505456470477299 ], [ 57.7825, 25.6403 ] ] ] } },
{ "type": "Feature", "properties": { "start_id": 369, "end_id": 2542, "distance(k": 175.98029777009612, "from": "road", "to": "maritime", "transport_": "multimodal" }, "geometry": { "type": "MultiLineString", "coordinates": [ [ [ 119.430957940364877, 26.505456470477299 ], [ 121.129066188608391, 26.073197253333667 ] ] ] } },
{ "type": "Feature", "properties": { "start_id": 372, "end_id": 1275, "distance(k": 326.14033648270907, "from": "road", "to": "port", "transport_": "multimodal" }, "geometry": { "type": "MultiLineString", "coordinates": [ [ [ -12.966328618625131, 24.18858107111306 ], [ -13.4369, 27.0908 ] ] ] } },
{ "type": "Feature", "properties": { "start_id": 374, "end_id": 1660, "distance(k": 142.27291248016891, "from": "road", "to": "port", "transport_": "multimodal" }, "geometry": { "type": "MultiLineString", "coordinates": [ [ [ 51.071444580626533, 24.18858107111306 ], [ 51.5537651, 25.39081799 ] ] ] } },
{ "type": "Feature", "properties": { "start_id": 374, "end_id": 1669, "distance(k": 202.87259972817895, "from": "road", "to": "port", "transport_": "multimodal" }, "geometry": { "type": "MultiLineString", "coordinates": [ [ [ 51.071444580626533, 24.18858107111306 ], [ 52.96299579, 24.79332895 ] ] ] } },
{ "type": "Feature", "properties": { "start_id": 376, "end_id": 2554, "distance(k": 275.88642723010355, "from": "road", "to": "maritime", "transport_": "multimodal" }, "geometry": { "type": "MultiLineString", "coordinates": [ [ [ 68.536291816786104, 24.18858107111306 ], [ 65.912836788486985, 23.555465493916248 ] ] ] } },
{ "type": "Feature", "properties": { "start_id": 390, "end_id": 1843, "distance(k": 253.84728824206059, "from": "road", "to": "port", "transport_": "multimodal" }, "geometry": { "type": "MultiLineString", "coordinates": [ [ [ 115.109217779878207, 24.18858107111306 ], [ 117.5696811, 23.79030664 ] ] ] } },
{ "type": "Feature", "properties": { "start_id": 391, "end_id": 1863, "distance(k": 156.96384622050354, "from": "road", "to": "port", "transport_": "multimodal" }, "geometry": { "type": "MultiLineString", "coordinates": [ [ [ 120.930833525264759, 24.18858107111306 ], [ 119.5627167, 23.53494486 ] ] ] } },
{ "type": "Feature", "properties": { "start_id": 392, "end_id": 847, "distance(k": 188.79613322504647, "from": "road", "to": "port", "transport_": "multimodal" }, "geometry": { "type": "MultiLineString", "coordinates": [ [ [ -159.717913805261389, 21.887595261445966 ], [ -158.005246, 21.29861638 ] ] ] } },
{ "type": "Feature", "properties": { "start_id": 393, "end_id": 2562, "distance(k": 192.90089523351833, "from": "road", "to": "maritime", "transport_": "multimodal" }, "geometry": { "type": "MultiLineString", "coordinates": [ [ [ -104.99489177363084, 21.887595261445966 ], [ -106.630924743819207, 21.055948186680951 ] ] ] } },
{ "type": "Feature", "properties": { "start_id": 396, "end_id": 946, "distance(k": 275.60279859108448, "from": "road", "to": "port", "transport_": "multimodal" }, "geometry": { "type": "MultiLineString", "coordinates": [ [ [ -84.833778393556429, 21.887595261445966 ], [ -87.06156102, 20.53472381 ] ] ] } },
{ "type": "Feature", "properties": { "start_id": 400, "end_id": 2551, "distance(k": 242.88451245258537, "from": "road", "to": "maritime", "transport_": "multimodal" }, "geometry": { "type": "MultiLineString", "coordinates": [ [ [ 39.013060941186382, 21.887595261445966 ], [ 37.483827302927892, 23.555465493916248 ] ] ] } },
{ "type": "Feature", "properties": { "start_id": 403, "end_id": 375, "distance(k": 263.09689770577126, "from": "road", "to": "road", "transport_": "multimodal" }, "geometry": { "type": "MultiLineString", "coordinates": [ [ [ 56.294015266964443, 21.887595261445966 ], [ 56.893060326013028, 24.18858107111306 ] ] ] } },
{ "type": "Feature", "properties": { "start_id": 405, "end_id": 1704, "distance(k": 132.00687399983815, "from": "road", "to": "port", "transport_": "multimodal" }, "geometry": { "type": "MultiLineString", "coordinates": [ [ [ 73.574969592742519, 21.887595261445966 ], [ 72.67685774, 21.04450609 ] ] ] } },
{ "type": "Feature", "properties": { "start_id": 409, "end_id": 1732, "distance(k": 247.9310536839015, "from": "road", "to": "port", "transport_": "multimodal" }, "geometry": { "type": "MultiLineString", "coordinates": [ [ [ 85.095605809927918, 21.887595261445966 ], [ 86.7103, 20.244 ] ] ] } },
{ "type": "Feature", "properties": { "start_id": 414, "end_id": 2575, "distance(k": 140.95276334898489, "from": "road", "to": "maritime", "transport_": "multimodal" }, "geometry": { "type": "MultiLineString", "coordinates": [ [ [ 111.017037298595, 21.887595261445966 ], [ 112.045070251156147, 21.055948186680951 ] ] ] } },
{ "type": "Feature", "properties": { "start_id": 415, "end_id": 846, "distance(k": 488.74161631215196, "from": "road", "to": "port", "transport_": "multimodal" }, "geometry": { "type": "MultiLineString", "coordinates": [ [ [ -155.3763564616537, 19.600658461531079 ], [ -159.35, 21.95 ] ] ] } },
{ "type": "Feature", "properties": { "start_id": 415, "end_id": 2606, "distance(k": 621.55495717093208, "from": "road", "to": "maritime", "transport_": "multimodal" }, "geometry": { "type": "MultiLineString", "coordinates": [ [ [ -155.3763564616537, 19.600658461531079 ], [ -159.957740072437758, 16.102420527566085 ] ] ] } },
{ "type": "Feature", "properties": { "start_id": 416, "end_id": 2585, "distance(k": 202.31680311034401, "from": "road", "to": "maritime", "transport_": "multimodal" }, "geometry": { "type": "MultiLineString", "coordinates": [ [ [ -104.016560022656378, 19.600658461531079 ], [ -105.604919883742198, 18.572322382883915 ] ] ] } },
{ "type": "Feature", "properties": { "start_id": 419, "end_id": 923, "distance(k": 244.54761561786501, "from": "road", "to": "port", "transport_": "multimodal" }, "geometry": { "type": "MultiLineString", "coordinates": [ [ [ -89.749949900712693, 19.600658461531079 ], [ -92.0042838, 20.1865928 ] ] ] } },
{ "type": "Feature", "properties": { "start_id": 420, "end_id": 1054, "distance(k": 194.79576359082824, "from": "road", "to": "port", "transport_": "multimodal" }, "geometry": { "type": "MultiLineString", "coordinates": [ [ [ -72.630017754380248, 19.600658461531079 ], [ -73.6703, 21.0558 ] ] ] } },
{ "type": "Feature", "properties": { "start_id": 422, "end_id": 2595, "distance(k": 436.74542040842579, "from": "road", "to": "maritime", "transport_": "multimodal" }, "geometry": { "type": "MultiLineString", "coordinates": [ [ [ 35.796219172391879, 19.600658461531079 ], [ 39.807635005122812, 18.572322382883915 ] ] ] } },
{ "type": "Feature", "properties": { "start_id": 423, "end_id": 1699, "distance(k": 206.94299097175087, "from": "road", "to": "port", "transport_": "multimodal" }, "geometry": { "type": "MultiLineString", "coordinates": [ [ [ 72.889405489445465, 19.600658461531079 ], [ 71.47729588, 20.90782022 ] ] ] } },
{ "type": "Feature", "properties": { "start_id": 428, "end_id": 1742, "distance(k": 324.64196447116421, "from": "road", "to": "port", "transport_": "multimodal" }, "geometry": { "type": "MultiLineString", "coordinates": [ [ [ 95.715981684555402, 19.600658461531079 ], [ 96.21424857, 16.7197159 ] ] ] } },
{ "type": "Feature", "properties": { "start_id": 434, "end_id": 897, "distance(k": 257.46272787857083, "from": "road", "to": "port", "transport_": "multimodal" }, "geometry": { "type": "MultiLineString", "coordinates": [ [ [ -97.506901910888999, 17.326047954329745 ], [ -99.87177916, 16.8252259 ] ] ] } },
{ "type": "Feature", "properties": { "start_id": 435, "end_id": 2586, "distance(k": 206.51649423583189, "from": "road", "to": "maritime", "transport_": "multimodal" }, "geometry": { "type": "MultiLineString", "coordinates": [ [ [ -94.676886362648915, 17.326047954329745 ], [ -93.229383297455826, 18.572322382883915 ] ] ] } },
{ "type": "Feature", "properties": { "start_id": 436, "end_id": 917, "distance(k": 201.2212240140793, "from": "road", "to": "port", "transport_": "multimodal" }, "geometry": { "type": "MultiLineString", "coordinates": [ [ [ -91.846870814408845, 17.326047954329745 ], [ -93.17877531, 18.61824194 ] ] ] } },
{ "type": "Feature", "properties": { "start_id": 437, "end_id": 938, "distance(k": 90.034619539288144, "from": "road", "to": "port", "transport_": "multimodal" }, "geometry": { "type": "MultiLineString", "coordinates": [ [ [ -89.01685526616879, 17.326047954329745 ], [ -88.1849, 17.48543 ] ] ] } },
{ "type": "Feature", "properties": { "start_id": 441, "end_id": 2624, "distance(k": 243.46046769350994, "from": "road", "to": "maritime", "transport_": "multimodal" }, "geometry": { "type": "MultiLineString", "coordinates": [ [ [ 75.124046531755226, 17.326047954329745 ], [ 73.228242215540476, 16.102420527566085 ] ] ] } },
{ "type": "Feature", "properties": { "start_id": 447, "end_id": 1789, "distance(k": 248.51392776987902, "from": "road", "to": "port", "transport_": "multimodal" }, "geometry": { "type": "MultiLineString", "coordinates": [ [ [ 106.254217562395979, 17.326047954329745 ], [ 108.1847, 16.07063 ] ] ] } },
{ "type": "Feature", "properties": { "start_id": 448, "end_id": 2602, "distance(k": 139.55433850096603, "from": "road", "to": "maritime", "transport_": "multimodal" }, "geometry": { "type": "MultiLineString", "coordinates": [ [ [ 120.404295303596314, 17.326047954329745 ], [ 120.248622815984305, 18.572322382883915 ] ] ] } },
{ "type": "Feature", "properties": { "start_id": 451, "end_id": 954, "distance(k": 135.28030192178923, "from": "road", "to": "port", "transport_": "multimodal" }, "geometry": { "type": "MultiLineString", "coordinates": [ [ [ -85.577467049834354, 15.062139851324615 ], [ -85.93104579, 16.230133 ] ] ] } },
{ "type": "Feature", "properties": { "start_id": 463, "end_id": 1623, "distance(k": 238.23137793849958, "from": "road", "to": "port", "transport_": "multimodal" }, "geometry": { "type": "MultiLineString", "coordinates": [ [ [ 43.682822614366735, 15.062139851324615 ], [ 42.5345, 16.89833 ] ] ] } },
{ "type": "Feature", "properties": { "start_id": 464, "end_id": 1711, "distance(k": 109.75080192671805, "from": "road", "to": "port", "transport_": "multimodal" }, "geometry": { "type": "MultiLineString", "coordinates": [ [ [ 74.592891881893081, 15.062139851324615 ], [ 73.72567372, 15.58622091 ] ] ] } },
{ "type": "Feature", "properties": { "start_id": 471, "end_id": 1259, "distance(k": 160.92901695140728, "from": "road", "to": "port", "transport_": "multimodal" }, "geometry": { "type": "MultiLineString", "coordinates": [ [ [ -15.235103325549815, 12.807392720877612 ], [ -16.5667, 13.45 ] ] ] } },
{ "type": "Feature", "properties": { "start_id": 489, "end_id": 1769, "distance(k": 289.78777134404845, "from": "road", "to": "port", "transport_": "multimodal" }, "geometry": { "type": "MultiLineString", "coordinates": [ [ [ 102.075172773246479, 12.807392720877612 ], [ 103.5164374, 10.61638605 ] ] ] } },
{ "type": "Feature", "properties": { "start_id": 490, "end_id": 1769, "distance(k": 284.63357309607397, "from": "road", "to": "port", "transport_": "multimodal" }, "geometry": { "type": "MultiLineString", "coordinates": [ [ [ 104.868274585122577, 12.807392720877612 ], [ 103.5164374, 10.61638605 ] ] ] } },
{ "type": "Feature", "properties": { "start_id": 494, "end_id": 2147, "distance(k": 126.3422625764471, "from": "road", "to": "country", "transport_": "multimodal" }, "geometry": { "type": "MultiLineString", "coordinates": [ [ [ -62.404440623839641, 10.560333313258052 ], [ -61.2526016, 10.4684 ] ] ] } },
{ "type": "Feature", "properties": { "start_id": 514, "end_id": 1632, "distance(k": 270.59464015399305, "from": "road", "to": "port", "transport_": "multimodal" }, "geometry": { "type": "MultiLineString", "coordinates": [ [ [ 45.982215028740846, 10.560333313258052 ], [ 44.9789, 12.7867 ] ] ] } },
{ "type": "Feature", "properties": { "start_id": 516, "end_id": 2678, "distance(k": 234.51981246084875, "from": "road", "to": "maritime", "transport_": "multimodal" }, "geometry": { "type": "MultiLineString", "coordinates": [ [ [ 79.331955229534842, 10.560333313258052 ], [ 81.379866777300634, 11.195735316089518 ] ] ] } },
{ "type": "Feature", "properties": { "start_id": 517, "end_id": 1753, "distance(k": 194.52615512586775, "from": "road", "to": "port", "transport_": "multimodal" }, "geometry": { "type": "MultiLineString", "coordinates": [ [ [ 98.785970346664698, 10.560333313258052 ], [ 99.78373956, 9.11325841 ] ] ] } },
{ "type": "Feature", "properties": { "start_id": 519, "end_id": 1785, "distance(k": 123.07801973271263, "from": "road", "to": "port", "transport_": "multimodal" }, "geometry": { "type": "MultiLineString", "coordinates": [ [ [ 107.123405396863163, 10.560333313258052 ], [ 106.50538, 9.635698 ] ] ] } },
{ "type": "Feature", "properties": { "start_id": 520, "end_id": 2111, "distance(k": 166.10195370052639, "from": "road", "to": "country", "transport_": "multimodal" }, "geometry": { "type": "MultiLineString", "coordinates": [ [ [ 123.798275497260164, 10.560333313258052 ], [ 122.8740005, 11.7474003 ] ] ] } },
{ "type": "Feature", "properties": { "start_id": 526, "end_id": 1135, "distance(k": 255.53576634295413, "from": "road", "to": "port", "transport_": "multimodal" }, "geometry": { "type": "MultiLineString", "coordinates": [ [ [ -64.92241782894537, 8.319543933089816 ], [ -64.30226011, 10.53471505 ] ] ] } },
{ "type": "Feature", "properties": { "start_id": 531, "end_id": 2717, "distance(k": 288.94317432605374, "from": "road", "to": "maritime", "transport_": "multimodal" }, "geometry": { "type": "MultiLineString", "coordinates": [ [ [ 4.277831056740084, 8.319543933089816 ], [ 2.603667375994499, 6.320713330752366 ] ] ] } },
{ "type": "Feature", "properties": { "start_id": 541, "end_id": 1748, "distance(k": 184.57887289878849, "from": "road", "to": "port", "transport_": "multimodal" }, "geometry": { "type": "MultiLineString", "coordinates": [ [ [ 98.390169541272371, 8.319543933089816 ], [ 98.5772, 9.9692 ] ] ] } },
{ "type": "Feature", "properties": { "start_id": 547, "end_id": 2740, "distance(k": 247.42679127991263, "from": "road", "to": "maritime", "transport_": "multimodal" }, "geometry": { "type": "MultiLineString", "coordinates": [ [ [ -6.773562492711532, 6.083651096124247 ], [ -6.39520144982552, 3.890641497345556 ] ] ] } },
{ "type": "Feature", "properties": { "start_id": 567, "end_id": 1025, "distance(k": 304.6746733443926, "from": "road", "to": "port", "transport_": "multimodal" }, "geometry": { "type": "MultiLineString", "coordinates": [ [ [ -75.518648213121693, 1.621220751157004 ], [ -77.0667, 3.8833 ] ] ] } },
{ "type": "Feature", "properties": { "start_id": 568, "end_id": 2732, "distance(k": 367.12773413677871, "from": "road", "to": "maritime", "transport_": "multimodal" }, "geometry": { "type": "MultiLineString", "coordinates": [ [ [ -50.762535875068032, 1.621220751157004 ], [ -48.36154270771209, 3.890641497345556 ] ] ] } },
{ "type": "Feature", "properties": { "start_id": 578, "end_id": 1759, "distance(k": 180.88571965577262, "from": "road", "to": "port", "transport_": "multimodal" }, "geometry": { "type": "MultiLineString", "coordinates": [ [ [ 100.524817301926475, 1.621220751157004 ], [ 101.3874507, 3.000860896 ] ] ] } },
{ "type": "Feature", "properties": { "start_id": 579, "end_id": 2777, "distance(k": 124.92172146677245, "from": "road", "to": "maritime", "transport_": "multimodal" }, "geometry": { "type": "MultiLineString", "coordinates": [ [ [ 103.275496450599107, 1.621220751157004 ], [ 104.388186560381953, 1.463252960218705 ] ] ] } },
{ "type": "Feature", "properties": { "start_id": 581, "end_id": 1845, "distance(k": 149.41441000399718, "from": "road", "to": "port", "transport_": "multimodal" }, "geometry": { "type": "MultiLineString", "coordinates": [ [ [ 117.02889219396225, 1.621220751157004 ], [ 117.732126, 0.476136816 ] ] ] } },
{ "type": "Feature", "properties": { "start_id": 581, "end_id": 1844, "distance(k": 209.6353308238935, "from": "road", "to": "port", "transport_": "multimodal" }, "geometry": { "type": "MultiLineString", "coordinates": [ [ [ 117.02889219396225, 1.621220751157004 ], [ 117.7109582, 3.379074042 ] ] ] } },
{ "type": "Feature", "properties": { "start_id": 582, "end_id": 1938, "distance(k": 129.44853405692007, "from": "road", "to": "port", "transport_": "multimodal" }, "geometry": { "type": "MultiLineString", "coordinates": [ [ [ 128.03160878865279, 1.621220751157004 ], [ 127.9688572, 0.458753978 ] ] ] } },
{ "type": "Feature", "properties": { "start_id": 582, "end_id": 1945, "distance(k": 241.52320368669692, "from": "road", "to": "port", "transport_": "multimodal" }, "geometry": { "type": "MultiLineString", "coordinates": [ [ [ 128.03160878865279, 1.621220751157004 ], [ 129.4192, -0.05 ] ] ] } },
{ "type": "Feature", "properties": { "start_id": 584, "end_id": 2792, "distance(k": 135.84630703309841, "from": "road", "to": "maritime", "transport_": "multimodal" }, "geometry": { "type": "MultiLineString", "coordinates": [ [ [ 9.750335660541509, -0.607932458106252 ], [ 8.581303690806834, -0.963129086041152 ] ] ] } },
{ "type": "Feature", "properties": { "start_id": 592, "end_id": 1838, "distance(k": 293.73338409324924, "from": "road", "to": "port", "transport_": "multimodal" }, "geometry": { "type": "MultiLineString", "coordinates": [ [ [ 114.253959988818607, -0.607932458106252 ], [ 116.8167, -1.25 ] ] ] } },
{ "type": "Feature", "properties": { "start_id": 594, "end_id": 1880, "distance(k": 140.71905544391299, "from": "road", "to": "port", "transport_": "multimodal" }, "geometry": { "type": "MultiLineString", "coordinates": [ [ [ 119.754150742938421, -0.607932458106252 ], [ 120.75516, -1.38242 ] ] ] } },
{ "type": "Feature", "properties": { "start_id": 599, "end_id": 1417, "distance(k": 281.8181477469231, "from": "road", "to": "port", "transport_": "multimodal" }, "geometry": { "type": "MultiLineString", "coordinates": [ [ [ 12.509459884820165, -2.83743844333639 ], [ 12.04093923, -5.328438345 ] ] ] } },
{ "type": "Feature", "properties": { "start_id": 602, "end_id": 1601, "distance(k": 322.41603807329943, "from": "road", "to": "port", "transport_": "multimodal" }, "geometry": { "type": "MultiLineString", "coordinates": [ [ [ 37.27819539941995, -2.83743844333639 ], [ 39.1167, -5.0833 ] ] ] } },
{ "type": "Feature", "properties": { "start_id": 605, "end_id": 1775, "distance(k": 136.45027294513741, "from": "road", "to": "port", "transport_": "multimodal" }, "geometry": { "type": "MultiLineString", "coordinates": [ [ [ 106.080238495530523, -2.83743844333639 ], [ 105.0772611, -2.129075637 ] ] ] } },
{ "type": "Feature", "properties": { "start_id": 606, "end_id": 607, "distance(k": 305.64227727713148, "from": "road", "to": "road", "transport_": "multimodal" }, "geometry": { "type": "MultiLineString", "coordinates": [ [ [ 111.584401943219376, -2.83743844333639 ], [ 114.336483667063817, -2.83743844333639 ] ] ] } },
{ "type": "Feature", "properties": { "start_id": 610, "end_id": 1962, "distance(k": 334.14178711700089, "from": "road", "to": "port", "transport_": "multimodal" }, "geometry": { "type": "MultiLineString", "coordinates": [ [ [ 136.353137457819173, -2.83743844333639 ], [ 134.0833, -0.8667 ] ] ] } },
{ "type": "Feature", "properties": { "start_id": 610, "end_id": 1964, "distance(k": 400.02797554183491, "from": "road", "to": "port", "transport_": "multimodal" }, "geometry": { "type": "MultiLineString", "coordinates": [ [ [ 136.353137457819173, -2.83743844333639 ], [ 134.2372, -5.7514 ] ] ] } },
{ "type": "Feature", "properties": { "start_id": 611, "end_id": 987, "distance(k": 166.97072426703571, "from": "road", "to": "port", "transport_": "multimodal" }, "geometry": { "type": "MultiLineString", "coordinates": [ [ [ -81.19602096331505, -5.068593553092819 ], [ -80.65406, -3.66759 ] ] ] } },
{ "type": "Feature", "properties": { "start_id": 621, "end_id": 2846, "distance(k": 83.956016824077821, "from": "road", "to": "maritime", "transport_": "multimodal" }, "geometry": { "type": "MultiLineString", "coordinates": [ [ [ 122.796445174898224, -5.068593553092819 ], [ 122.717761215080785, -5.819554202736426 ] ] ] } },
{ "type": "Feature", "properties": { "start_id": 622, "end_id": 1004, "distance(k": 110.04699750010082, "from": "road", "to": "port", "transport_": "multimodal" }, "geometry": { "type": "MultiLineString", "coordinates": [ [ [ -78.64420835845128, -7.302705218125654 ], [ -79.0219, -8.2189 ] ] ] } },
{ "type": "Feature", "properties": { "start_id": 628, "end_id": 1429, "distance(k": 266.61181250852098, "from": "road", "to": "port", "transport_": "multimodal" }, "geometry": { "type": "MultiLineString", "coordinates": [ [ [ 15.32682355354371, -7.302705218125654 ], [ 13.3186821, -8.642143517 ] ] ] } },
{ "type": "Feature", "properties": { "start_id": 635, "end_id": 1817, "distance(k": 175.76133572153728, "from": "road", "to": "port", "transport_": "multimodal" }, "geometry": { "type": "MultiLineString", "coordinates": [ [ [ 112.061709345303214, -7.302705218125654 ], [ 113.6093572, -7.682189577 ] ] ] } },
{ "type": "Feature", "properties": { "start_id": 657, "end_id": 1634, "distance(k": 235.78090972540917, "from": "road", "to": "port", "transport_": "multimodal" }, "geometry": { "type": "MultiLineString", "coordinates": [ [ [ 43.315862315024845, -11.785137462198822 ], [ 45.23305, -12.77864 ] ] ] } },
{ "type": "Feature", "properties": { "start_id": 658, "end_id": 1034, "distance(k": 230.12330072039035, "from": "road", "to": "port", "transport_": "multimodal" }, "geometry": { "type": "MultiLineString", "coordinates": [ [ [ -74.124257346721947, -14.036211162067465 ], [ -76.20805826, -13.60194273 ] ] ] } },
{ "type": "Feature", "properties": { "start_id": 671, "end_id": 1946, "distance(k": 290.78603699980471, "from": "road", "to": "port", "transport_": "multimodal" }, "geometry": { "type": "MultiLineString", "coordinates": [ [ [ 130.417930311612963, -14.036211162067465 ], [ 130.42435, -11.421117 ] ] ] } },
{ "type": "Feature", "properties": { "start_id": 672, "end_id": 1991, "distance(k": 392.56397226996251, "from": "road", "to": "port", "transport_": "multimodal" }, "geometry": { "type": "MultiLineString", "coordinates": [ [ [ 141.62572141617926, -14.036211162067465 ], [ 140.8333, -17.4833 ] ] ] } },
{ "type": "Feature", "properties": { "start_id": 672, "end_id": 2018, "distance(k": 413.95092699535877, "from": "road", "to": "port", "transport_": "multimodal" }, "geometry": { "type": "MultiLineString", "coordinates": [ [ [ 141.62572141617926, -14.036211162067465 ], [ 145.3521, -14.95467 ] ] ] } },
{ "type": "Feature", "properties": { "start_id": 673, "end_id": 1076, "distance(k": 156.75318369436644, "from": "road", "to": "port", "transport_": "multimodal" }, "geometry": { "type": "MultiLineString", "coordinates": [ [ [ -71.795162820603394, -16.295768517305071 ], [ -71.4031, -17.6547 ] ] ] } },
{ "type": "Feature", "properties": { "start_id": 688, "end_id": 1656, "distance(k": 331.80783185536251, "from": "road", "to": "port", "transport_": "multimodal" }, "geometry": { "type": "MultiLineString", "coordinates": [ [ [ 49.487375765237623, -16.295768517305071 ], [ 50.00626, -13.3542 ] ] ] } },
{ "type": "Feature", "properties": { "start_id": 689, "end_id": 1968, "distance(k": 367.93511883368274, "from": "road", "to": "port", "transport_": "multimodal" }, "geometry": { "type": "MultiLineString", "coordinates": [ [ [ 134.103100360010416, -16.295768517305071 ], [ 136.414681, -13.852835 ] ] ] } },
{ "type": "Feature", "properties": { "start_id": 690, "end_id": 2024, "distance(k": 169.78720215787226, "from": "road", "to": "port", "transport_": "multimodal" }, "geometry": { "type": "MultiLineString", "coordinates": [ [ [ 145.385196972646781, -16.295768517305071 ], [ 146.2072, -17.6047 ] ] ] } },
{ "type": "Feature", "properties": { "start_id": 691, "end_id": 2061, "distance(k": 609.01424241074983, "from": "road", "to": "port", "transport_": "multimodal" }, "geometry": { "type": "MultiLineString", "coordinates": [ [ [ 167.949390197919485, -16.295768517305071 ], [ 165.1126438, -21.06879685 ] ] ] } },
{ "type": "Feature", "properties": { "start_id": 692, "end_id": 2926, "distance(k": 211.73541084430434, "from": "road", "to": "maritime", "transport_": "multimodal" }, "geometry": { "type": "MultiLineString", "coordinates": [ [ [ -69.507293311646336, -18.565318306554289 ], [ -71.44180699091477, -18.062202158520233 ] ] ] } },
{ "type": "Feature", "properties": { "start_id": 706, "end_id": 1915, "distance(k": 272.31199045186656, "from": "road", "to": "port", "transport_": "multimodal" }, "geometry": { "type": "MultiLineString", "coordinates": [ [ [ 123.7694853822981, -18.565318306554289 ], [ 123.6855, -16.11767 ] ] ] } },
{ "type": "Feature", "properties": { "start_id": 706, "end_id": 1939, "distance(k": 575.02666059757814, "from": "road", "to": "port", "transport_": "multimodal" }, "geometry": { "type": "MultiLineString", "coordinates": [ [ [ 123.7694853822981, -18.565318306554289 ], [ 128.1, -15.4667 ] ] ] } },
{ "type": "Feature", "properties": { "start_id": 716, "end_id": 1445, "distance(k": 276.26018697520163, "from": "road", "to": "port", "transport_": "multimodal" }, "geometry": { "type": "MultiLineString", "coordinates": [ [ [ 15.901621608791183, -20.846445046128025 ], [ 14.4872, -22.9561 ] ] ] } },
{ "type": "Feature", "properties": { "start_id": 716, "end_id": 2951, "distance(k": 401.69541893251977, "from": "road", "to": "maritime", "transport_": "multimodal" }, "geometry": { "type": "MultiLineString", "coordinates": [ [ [ 15.901621608791183, -20.846445046128025 ], [ 12.053486135185631, -20.542826598741691 ] ] ] } },
{ "type": "Feature", "properties": { "start_id": 722, "end_id": 2967, "distance(k": 358.9214152986803, "from": "road", "to": "maritime", "transport_": "multimodal" }, "geometry": { "type": "MultiLineString", "coordinates": [ [ [ 47.444187664252951, -20.846445046128025 ], [ 49.99849293055729, -23.03888404602186 ] ] ] } },
{ "type": "Feature", "properties": { "start_id": 730, "end_id": 2977, "distance(k": 275.41587697196132, "from": "road", "to": "maritime", "transport_": "multimodal" }, "geometry": { "type": "MultiLineString", "coordinates": [ [ [ -47.658683706030608, -23.140824346297673 ], [ -48.277662102446108, -25.552662950990161 ] ] ] } },
{ "type": "Feature", "properties": { "start_id": 742, "end_id": 2032, "distance(k": 365.58642515374953, "from": "road", "to": "port", "transport_": "multimodal" }, "geometry": { "type": "MultiLineString", "coordinates": [ [ [ 146.399039802876501, -23.140824346297673 ], [ 149.2704443, -21.20683512 ] ] ] } },
{ "type": "Feature", "properties": { "start_id": 759, "end_id": 3001, "distance(k": 201.24041507526238, "from": "road", "to": "maritime", "transport_": "multimodal" }, "geometry": { "type": "MultiLineString", "coordinates": [ [ [ -69.577425551700529, -27.776608043769507 ], [ -71.595599072376018, -28.086632483779752 ] ] ] } },
{ "type": "Feature", "properties": { "start_id": 775, "end_id": 2047, "distance(k": 335.38778218362944, "from": "road", "to": "port", "transport_": "multimodal" }, "geometry": { "type": "MultiLineString", "coordinates": [ [ [ 149.942040373898351, -27.776608043769507 ], [ 153.1565, -26.80807 ] ] ] } },
{ "type": "Feature", "properties": { "start_id": 777, "end_id": 3029, "distance(k": 215.00869124358849, "from": "road", "to": "maritime", "transport_": "multimodal" }, "geometry": { "type": "MultiLineString", "coordinates": [ [ [ -70.563492597525126, -30.12199484734095 ], [ -72.721932251402777, -30.643480263658457 ] ] ] } },
{ "type": "Feature", "properties": { "start_id": 783, "end_id": 1209, "distance(k": 229.49145242489939, "from": "road", "to": "port", "transport_": "multimodal" }, "geometry": { "type": "MultiLineString", "coordinates": [ [ [ -52.512367282294257, -30.12199484734095 ], [ -50.1333, -29.9833 ] ] ] } },
{ "type": "Feature", "properties": { "start_id": 784, "end_id": 3046, "distance(k": 359.84463331140932, "from": "road", "to": "maritime", "transport_": "multimodal" }, "geometry": { "type": "MultiLineString", "coordinates": [ [ [ 19.692133978629194, -30.12199484734095 ], [ 15.989621641201841, -30.643480263658457 ] ] ] } },
{ "type": "Feature", "properties": { "start_id": 789, "end_id": 1961, "distance(k": 578.6668764156168, "from": "road", "to": "port", "transport_": "multimodal" }, "geometry": { "type": "MultiLineString", "coordinates": [ [ [ 127.99888587001432, -30.12199484734095 ], [ 133.593553899999989, -32.16248643 ] ] ] } },
{ "type": "Feature", "properties": { "start_id": 798, "end_id": 1171, "distance(k": 126.08901279952117, "from": "road", "to": "port", "transport_": "multimodal" }, "geometry": { "type": "MultiLineString", "coordinates": [ [ [ -59.451524209844514, -32.488653294573965 ], [ -58.3306, -33.11967 ] ] ] } },
{ "type": "Feature", "properties": { "start_id": 805, "end_id": 1967, "distance(k": 249.07476747829256, "from": "road", "to": "port", "transport_": "multimodal" }, "geometry": { "type": "MultiLineString", "coordinates": [ [ [ 136.127312670160592, -32.488653294573965 ], [ 135.85, -34.7167 ] ] ] } },
{ "type": "Feature", "properties": { "start_id": 808, "end_id": 2040, "distance(k": 317.49518567878886, "from": "road", "to": "port", "transport_": "multimodal" }, "geometry": { "type": "MultiLineString", "coordinates": [ [ [ 148.3509899751609, -32.488653294573965 ], [ 151.5157816, -33.54287477 ] ] ] } },
{ "type": "Feature", "properties": { "start_id": 820, "end_id": 3132, "distance(k": 237.99999326849164, "from": "road", "to": "maritime", "transport_": "multimodal" }, "geometry": { "type": "MultiLineString", "coordinates": [ [ [ 141.190309614206598, -37.295938195578451 ], [ 138.932937407747431, -38.482496054673746 ] ] ] } },
{ "type": "Feature", "properties": { "start_id": 822, "end_id": 2033, "distance(k": 213.01444111231274, "from": "road", "to": "port", "transport_": "multimodal" }, "geometry": { "type": "MultiLineString", "coordinates": [ [ [ 147.529466501476378, -37.295938195578451 ], [ 149.9167, -37.0667 ] ] ] } },
{ "type": "Feature", "properties": { "start_id": 823, "end_id": 1052, "distance(k": 254.74578995704462, "from": "road", "to": "port", "transport_": "multimodal" }, "geometry": { "type": "MultiLineString", "coordinates": [ [ [ -72.69987333393432, -39.742357812707255 ], [ -73.8333, -41.8667 ] ] ] } },
{ "type": "Feature", "properties": { "start_id": 827, "end_id": 2090, "distance(k": 168.56164008138711, "from": "road", "to": "port", "transport_": "multimodal" }, "geometry": { "type": "MultiLineString", "coordinates": [ [ [ 176.598872522084292, -39.742357812707255 ], [ 177.9893, -38.67587 ] ] ] } },
{ "type": "Feature", "properties": { "start_id": 833, "end_id": 2068, "distance(k": 210.7110720633255, "from": "road", "to": "port", "transport_": "multimodal" }, "geometry": { "type": "MultiLineString", "coordinates": [ [ [ 168.581575959144288, -44.738078571830663 ], [ 168.4133, -46.6294 ] ] ] } },
{ "type": "Feature", "properties": { "start_id": 834, "end_id": 1092, "distance(k": 305.81419844286097, "from": "road", "to": "port", "transport_": "multimodal" }, "geometry": { "type": "MultiLineString", "coordinates": [ [ [ -70.400830672952907, -49.900335515728941 ], [ -70.2028, -52.6478 ] ] ] } },
{ "type": "Feature", "properties": { "start_id": 836, "end_id": 2091, "distance(k": 746.62474506381363, "from": "port", "to": "port", "transport_": "multimodal" }, "geometry": { "type": "MultiLineString", "coordinates": [ [ [ -175.2037, -21.13267 ], [ 178.4167, -18.1333 ] ] ] } },
{ "type": "Feature", "properties": { "start_id": 837, "end_id": 840, "distance(k": 720.00215676625407, "from": "port", "to": "port", "transport_": "multimodal" }, "geometry": { "type": "MultiLineString", "coordinates": [ [ [ -174.3549, -19.79967 ], [ -171.7667, -13.8167 ] ] ] } },
{ "type": "Feature", "properties": { "start_id": 839, "end_id": 2089, "distance(k": 438.19613385426084, "from": "port", "to": "port", "transport_": "multimodal" }, "geometry": { "type": "MultiLineString", "coordinates": [ [ [ -173.2981, 64.4511 ], [ 177.532610799999986, 64.74047604 ] ] ] } },
{ "type": "Feature", "properties": { "start_id": 841, "end_id": 836, "distance(k": 899.20083653138386, "from": "port", "to": "port", "transport_": "multimodal" }, "geometry": { "type": "MultiLineString", "coordinates": [ [ [ -170.6909, -14.28117 ], [ -175.2037, -21.13267 ] ] ] } },
{ "type": "Feature", "properties": { "start_id": 842, "end_id": 2252, "distance(k": 391.92193901925964, "from": "port", "to": "maritime", "transport_": "multimodal" }, "geometry": { "type": "MultiLineString", "coordinates": [ [ [ -166.5459169, 53.89795387 ], [ -160.836086447831633, 52.970591630113567 ] ] ] } },
{ "type": "Feature", "properties": { "start_id": 842, "end_id": 2263, "distance(k": 496.32408568959096, "from": "port", "to": "maritime", "transport_": "multimodal" }, "geometry": { "type": "MultiLineString", "coordinates": [ [ [ -166.5459169, 53.89795387 ], [ -170.280903715712441, 50.071105542797362 ] ] ] } },
{ "type": "Feature", "properties": { "start_id": 843, "end_id": 2095, "distance(k": 762.91505741880474, "from": "port", "to": "port", "transport_": "multimodal" }, "geometry": { "type": "MultiLineString", "coordinates": [ [ [ -165.4345085, 64.49856173 ], [ 179.3445, 63.05473 ] ] ] } },
{ "type": "Feature", "properties": { "start_id": 844, "end_id": 854, "distance(k": 1146.3825400810315, "from": "port", "to": "port", "transport_": "multimodal" }, "geometry": { "type": "MultiLineString", "coordinates": [ [ [ -159.7834777, -21.2016624 ], [ -149.5667, -17.5333 ] ] ] } },
{ "type": "Feature", "properties": { "start_id": 849, "end_id": 852, "distance(k": 331.0108032227804, "from": "port", "to": "port", "transport_": "multimodal" }, "geometry": { "type": "MultiLineString", "coordinates": [ [ [ -152.4003, 57.7872 ], [ -151.263636, 60.70688 ] ] ] } },
{ "type": "Feature", "properties": { "start_id": 851, "end_id": 855, "distance(k": 323.0018044498558, "from": "port", "to": "port", "transport_": "multimodal" }, "geometry": { "type": "MultiLineString", "coordinates": [ [ [ -151.418878299999989, 59.6047541 ], [ -146.384223100000014, 61.10230849 ] ] ] } },
{ "type": "Feature", "properties": { "start_id": 855, "end_id": 856, "distance(k": 404.62991680773524, "from": "port", "to": "port", "transport_": "multimodal" }, "geometry": { "type": "MultiLineString", "coordinates": [ [ [ -146.384223100000014, 61.10230849 ], [ -139.7351, 59.54633 ] ] ] } },
{ "type": "Feature", "properties": { "start_id": 856, "end_id": 859, "distance(k": 248.8309481173556, "from": "port", "to": "port", "transport_": "multimodal" }, "geometry": { "type": "MultiLineString", "coordinates": [ [ [ -139.7351, 59.54633 ], [ -135.329449399999987, 59.45040169 ] ] ] } },
{ "type": "Feature", "properties": { "start_id": 858, "end_id": 860, "distance(k": 151.08155228611409, "from": "port", "to": "port", "transport_": "multimodal" }, "geometry": { "type": "MultiLineString", "coordinates": [ [ [ -135.3439, 57.0517 ], [ -134.5445382, 58.34153508 ] ] ] } },
{ "type": "Feature", "properties": { "start_id": 866, "end_id": 868, "distance(k": 104.07873687280764, "from": "port", "to": "port", "transport_": "multimodal" }, "geometry": { "type": "MultiLineString", "coordinates": [ [ [ -126.122, 49.65993 ], [ -124.8271, 49.25053 ] ] ] } },
{ "type": "Feature", "properties": { "start_id": 869, "end_id": 894, "distance(k": 767.22931933174482, "from": "port", "to": "port", "transport_": "multimodal" }, "geometry": { "type": "MultiLineString", "coordinates": [ [ [ -124.75, 70.1833 ], [ -105.0585, 69.1135 ] ] ] } },
{ "type": "Feature", "properties": { "start_id": 869, "end_id": 909, "distance(k": 1105.4373800236092, "from": "port", "to": "port", "transport_": "multimodal" }, "geometry": { "type": "MultiLineString", "coordinates": [ [ [ -124.75, 70.1833 ], [ -94.8333, 74.6833 ] ] ] } },
{ "type": "Feature", "properties": { "start_id": 870, "end_id": 875, "distance(k": 135.21587804278448, "from": "port", "to": "port", "transport_": "multimodal" }, "geometry": { "type": "MultiLineString", "coordinates": [ [ [ -124.5258, 49.84573 ], [ -123.2624651, 48.94972894 ] ] ] } },
{ "type": "Feature", "properties": { "start_id": 871, "end_id": 872, "distance(k": 290.56096327260519, "from": "port", "to": "port", "transport_": "multimodal" }, "geometry": { "type": "MultiLineString", "coordinates": [ [ [ -124.2293628, 43.41285418 ], [ -124.1833, 40.8 ] ] ] } },
{ "type": "Feature", "properties": { "start_id": 877, "end_id": 878, "distance(k": 179.37208337899969, "from": "port", "to": "port", "transport_": "multimodal" }, "geometry": { "type": "MultiLineString", "coordinates": [ [ [ -122.9236995, 45.89812863 ], [ -122.5225509, 47.48762782 ] ] ] } },
{ "type": "Feature", "properties": { "start_id": 883, "end_id": 2476, "distance(k": 248.90939927532679, "from": "port", "to": "maritime", "transport_": "multimodal" }, "geometry": { "type": "MultiLineString", "coordinates": [ [ [ -116.6333, 31.8667 ], [ -119.130268691181442, 31.173574779410764 ] ] ] } },
{ "type": "Feature", "properties": { "start_id": 885, "end_id": 904, "distance(k": 793.76059166363689, "from": "port", "to": "port", "transport_": "multimodal" }, "geometry": { "type": "MultiLineString", "coordinates": [ [ [ -115.05, 67.8 ], [ -95.8667, 68.6167 ] ] ] } },
{ "type": "Feature", "properties": { "start_id": 888, "end_id": 891, "distance(k": 316.37125625207818, "from": "port", "to": "port", "transport_": "multimodal" }, "geometry": { "type": "MultiLineString", "coordinates": [ [ [ -110.9167, 27.9167 ], [ -109.0667, 25.6 ] ] ] } },
{ "type": "Feature", "properties": { "start_id": 889, "end_id": 2561, "distance(k": 365.30036473892, "from": "port", "to": "maritime", "transport_": "multimodal" }, "geometry": { "type": "MultiLineString", "coordinates": [ [ [ -110.4948436, 24.26945377 ], [ -109.754867529461706, 21.055948186680951 ] ] ] } },
{ "type": "Feature", "properties": { "start_id": 890, "end_id": 2944, "distance(k": 3236.4436209397873, "from": "port", "to": "maritime", "transport_": "multimodal" }, "geometry": { "type": "MultiLineString", "coordinates": [ [ [ -109.4338, -27.14787 ], [ -78.350236899178981, -20.542826598741691 ] ] ] } },
{ "type": "Feature", "properties": { "start_id": 890, "end_id": 3116, "distance(k": 3249.6252752015348, "from": "port", "to": "maritime", "transport_": "multimodal" }, "geometry": { "type": "MultiLineString", "coordinates": [ [ [ -109.4338, -27.14787 ], [ -77.133933861559214, -38.482496054673746 ] ] ] } },
{ "type": "Feature", "properties": { "start_id": 892, "end_id": 2562, "distance(k": 239.42651345539593, "from": "port", "to": "maritime", "transport_": "multimodal" }, "geometry": { "type": "MultiLineString", "coordinates": [ [ [ -106.4167, 23.2 ], [ -106.630924743819207, 21.055948186680951 ] ] ] } },
{ "type": "Feature", "properties": { "start_id": 901, "end_id": 902, "distance(k": 312.41999811656723, "from": "port", "to": "port", "transport_": "multimodal" }, "geometry": { "type": "MultiLineString", "coordinates": [ [ [ -97.4, 25.95 ], [ -96.5719, 28.66163 ] ] ] } },
{ "type": "Feature", "properties": { "start_id": 905, "end_id": 928, "distance(k": 256.46618369966581, "from": "port", "to": "port", "transport_": "multimodal" }, "geometry": { "type": "MultiLineString", "coordinates": [ [ [ -95.5764, 64.1511 ], [ -90.7, 63.3333 ] ] ] } },
{ "type": "Feature", "properties": { "start_id": 905, "end_id": 918, "distance(k": 267.37366623004027, "from": "port", "to": "port", "transport_": "multimodal" }, "geometry": { "type": "MultiLineString", "coordinates": [ [ [ -95.5764, 64.1511 ], [ -92.5667, 62.1667 ] ] ] } },
{ "type": "Feature", "properties": { "start_id": 909, "end_id": 1013, "distance(k": 566.13023381330038, "from": "port", "to": "port", "transport_": "multimodal" }, "geometry": { "type": "MultiLineString", "coordinates": [ [ [ -94.8333, 74.6833 ], [ -77.95, 72.75 ] ] ] } },
{ "type": "Feature", "properties": { "start_id": 912, "end_id": 2122, "distance(k": 370.01848617662881, "from": "port", "to": "country", "transport_": "multimodal" }, "geometry": { "type": "MultiLineString", "coordinates": [ [ [ -94.14175837, 58.77363836 ], [ -98.2609024, 61.3931007 ] ] ] } },
{ "type": "Feature", "properties": { "start_id": 914, "end_id": 910, "distance(k": 190.06885739591328, "from": "port", "to": "port", "transport_": "multimodal" }, "geometry": { "type": "MultiLineString", "coordinates": [ [ [ -93.72869081, 30.02681352 ], [ -94.6026, 28.4969 ] ] ] } },
{ "type": "Feature", "properties": { "start_id": 919, "end_id": 2636, "distance(k": 139.4650770590292, "from": "port", "to": "maritime", "transport_": "multimodal" }, "geometry": { "type": "MultiLineString", "coordinates": [ [ [ -92.4422, 14.7372 ], [ -91.807621649641263, 13.644203112651439 ] ] ] } },
{ "type": "Feature", "properties": { "start_id": 925, "end_id": 2784, "distance(k": 468.49564843694083, "from": "port", "to": "maritime", "transport_": "multimodal" }, "geometry": { "type": "MultiLineString", "coordinates": [ [ [ -91.3682, -0.26037 ], [ -87.213676595286884, -0.963129086041152 ] ] ] } },
{ "type": "Feature", "properties": { "start_id": 925, "end_id": 2706, "distance(k": 770.59106141202972, "from": "port", "to": "maritime", "transport_": "multimodal" }, "geometry": { "type": "MultiLineString", "coordinates": [ [ [ -91.3682, -0.26037 ], [ -93.543971412697175, 6.320713330752366 ] ] ] } },
{ "type": "Feature", "properties": { "start_id": 929, "end_id": 945, "distance(k": 311.36399720802098, "from": "port", "to": "port", "transport_": "multimodal" }, "geometry": { "type": "MultiLineString", "coordinates": [ [ [ -90.34504536, 29.68718469 ], [ -87.2167, 30.4 ] ] ] } },
{ "type": "Feature", "properties": { "start_id": 931, "end_id": 923, "distance(k": 271.95818563689056, "from": "port", "to": "port", "transport_": "multimodal" }, "geometry": { "type": "MultiLineString", "coordinates": [ [ [ -89.6667, 21.2833 ], [ -92.0042838, 20.1865928 ] ] ] } },
{ "type": "Feature", "properties": { "start_id": 932, "end_id": 2804, "distance(k": 652.0234442865235, "from": "port", "to": "maritime", "transport_": "multimodal" }, "geometry": { "type": "MultiLineString", "coordinates": [ [ [ -89.6167, -0.9 ], [ -84.303784254606356, -3.390173450947668 ] ] ] } },
{ "type": "Feature", "properties": { "start_id": 942, "end_id": 2139, "distance(k": 194.84039075884186, "from": "port", "to": "country", "transport_": "multimodal" }, "geometry": { "type": "MultiLineString", "coordinates": [ [ [ -87.64571315, 13.37702117 ], [ -86.6196976, 14.8192997 ] ] ] } },
{ "type": "Feature", "properties": { "start_id": 953, "end_id": 1102, "distance(k": 454.69117382555993, "from": "port", "to": "port", "transport_": "multimodal" }, "geometry": { "type": "MultiLineString", "coordinates": [ [ [ -85.9333, 79.9667 ], [ -69.2361, 77.4669 ] ] ] } },
{ "type": "Feature", "properties": { "start_id": 953, "end_id": 1104, "distance(k": 539.1922881016302, "from": "port", "to": "port", "transport_": "multimodal" }, "geometry": { "type": "MultiLineString", "coordinates": [ [ [ -85.9333, 79.9667 ], [ -68.8386, 76.5403 ] ] ] } },
{ "type": "Feature", "properties": { "start_id": 964, "end_id": 1038, "distance(k": 434.327078714008, "from": "port", "to": "port", "transport_": "multimodal" }, "geometry": { "type": "MultiLineString", "coordinates": [ [ [ -83.1609, 64.1334 ], [ -75.6333, 62.2 ] ] ] } },
{ "type": "Feature", "properties": { "start_id": 966, "end_id": 2688, "distance(k": 200.12823895674478, "from": "port", "to": "maritime", "transport_": "multimodal" }, "geometry": { "type": "MultiLineString", "coordinates": [ [ [ -83.0283606, 8.45989176 ], [ -84.823998946065046, 8.755166711699014 ] ] ] } },
{ "type": "Feature", "properties": { "start_id": 968, "end_id": 976, "distance(k": 124.76391133548273, "from": "port", "to": "port", "transport_": "multimodal" }, "geometry": { "type": "MultiLineString", "coordinates": [ [ [ -82.75844854, 23.04186226 ], [ -81.53927, 23.06364 ] ] ] } },
{ "type": "Feature", "properties": { "start_id": 978, "end_id": 988, "distance(k": 332.34612631690197, "from": "port", "to": "port", "transport_": "multimodal" }, "geometry": { "type": "MultiLineString", "coordinates": [ [ [ -81.367439, 19.286932 ], [ -80.45, 22.15 ] ] ] } },
{ "type": "Feature", "properties": { "start_id": 978, "end_id": 2610, "distance(k": 375.64651877977298, "from": "port", "to": "maritime", "transport_": "multimodal" }, "geometry": { "type": "MultiLineString", "coordinates": [ [ [ -81.367439, 19.286932 ], [ -80.183588237076805, 16.102420527566085 ] ] ] } },
{ "type": "Feature", "properties": { "start_id": 980, "end_id": 916, "distance(k": 493.31986684614657, "from": "port", "to": "port", "transport_": "multimodal" }, "geometry": { "type": "MultiLineString", "coordinates": [ [ [ -81.2167, 68.7667 ], [ -93.5167, 69.5333 ] ] ] } },
{ "type": "Feature", "properties": { "start_id": 1005, "end_id": 2757, "distance(k": 279.07072484614173, "from": "port", "to": "maritime", "transport_": "multimodal" }, "geometry": { "type": "MultiLineString", "coordinates": [ [ [ -78.75, 1.8167 ], [ -81.235753016641425, 1.463252960218705 ] ] ] } },
{ "type": "Feature", "properties": { "start_id": 1007, "end_id": 2868, "distance(k": 178.60957022524656, "from": "port", "to": "maritime", "transport_": "multimodal" }, "geometry": { "type": "MultiLineString", "coordinates": [ [ [ -78.55734308, -9.169327201 ], [ -79.076205871549803, -10.69212818981817 ] ] ] } },
{ "type": "Feature", "properties": { "start_id": 1008, "end_id": 1019, "distance(k": 204.09327810297782, "from": "port", "to": "port", "transport_": "multimodal" }, "geometry": { "type": "MultiLineString", "coordinates": [ [ [ -78.4764811, 26.56976796 ], [ -77.58615719, 24.91875434 ] ] ] } },
{ "type": "Feature", "properties": { "start_id": 1009, "end_id": 1049, "distance(k": 238.62406612659657, "from": "port", "to": "port", "transport_": "multimodal" }, "geometry": { "type": "MultiLineString", "coordinates": [ [ [ -78.2, 60.8 ], [ -74.7223, 62.16023 ] ] ] } },
{ "type": "Feature", "properties": { "start_id": 1016, "end_id": 1011, "distance(k": 354.60439464984796, "from": "port", "to": "port", "transport_": "multimodal" }, "geometry": { "type": "MultiLineString", "coordinates": [ [ [ -77.75, 55.2667 ], [ -78.1, 58.45 ] ] ] } },
{ "type": "Feature", "properties": { "start_id": 1017, "end_id": 1028, "distance(k": 128.27311236501922, "from": "port", "to": "port", "transport_": "multimodal" }, "geometry": { "type": "MultiLineString", "coordinates": [ [ [ -77.6167, 20.7 ], [ -76.5544, 21.2892 ] ] ] } },
{ "type": "Feature", "properties": { "start_id": 1027, "end_id": 1033, "distance(k": 249.02204016364942, "from": "port", "to": "port", "transport_": "multimodal" }, "geometry": { "type": "MultiLineString", "coordinates": [ [ [ -76.7211, 34.7261 ], [ -76.24189893, 36.93166113 ] ] ] } },
{ "type": "Feature", "properties": { "start_id": 1035, "end_id": 2535, "distance(k": 256.95757532336597, "from": "port", "to": "maritime", "transport_": "multimodal" }, "geometry": { "type": "MultiLineString", "coordinates": [ [ [ -76.1928, 24.88053 ], [ -74.000191162855899, 26.073197253333667 ] ] ] } },
{ "type": "Feature", "properties": { "start_id": 1042, "end_id": 2547, "distance(k": 270.11084547659647, "from": "port", "to": "maritime", "transport_": "multimodal" }, "geometry": { "type": "MultiLineString", "coordinates": [ [ [ -75.5208, 24.5067 ], [ -73.073431807579638, 23.555465493916248 ] ] ] } },
{ "type": "Feature", "properties": { "start_id": 1043, "end_id": 3141, "distance(k": 417.27252620845093, "from": "port", "to": "maritime", "transport_": "multimodal" }, "geometry": { "type": "MultiLineString", "coordinates": [ [ [ -75.3333, -50.3667 ], [ -76.193647880336073, -46.657537848045742 ] ] ] } },
{ "type": "Feature", "properties": { "start_id": 1050, "end_id": 2666, "distance(k": 175.04612499374412, "from": "port", "to": "maritime", "transport_": "multimodal" }, "geometry": { "type": "MultiLineString", "coordinates": [ [ [ -74.52978675, 11.08398079 ], [ -76.130198985507079, 11.195735316089518 ] ] ] } },
{ "type": "Feature", "properties": { "start_id": 1053, "end_id": 1061, "distance(k": 175.22861940782849, "from": "port", "to": "port", "transport_": "multimodal" }, "geometry": { "type": "MultiLineString", "coordinates": [ [ [ -73.77079035, 42.55931999 ], [ -72.8930791, 41.12548463 ] ] ] } },
{ "type": "Feature", "properties": { "start_id": 1057, "end_id": 1074, "distance(k": 216.69058463948315, "from": "port", "to": "port", "transport_": "multimodal" }, "geometry": { "type": "MultiLineString", "coordinates": [ [ [ -73.381642, 11.261216 ], [ -71.53376734, 10.55040613 ] ] ] } },
{ "type": "Feature", "properties": { "start_id": 1058, "end_id": 3135, "distance(k": 232.60539081291481, "from": "port", "to": "maritime", "transport_": "multimodal" }, "geometry": { "type": "MultiLineString", "coordinates": [ [ [ -73.33716168, -39.84229161 ], [ -75.469798804437431, -41.163977832468724 ] ] ] } },
{ "type": "Feature", "properties": { "start_id": 1063, "end_id": 1069, "distance(k": 139.04309809703534, "from": "port", "to": "port", "transport_": "multimodal" }, "geometry": { "type": "MultiLineString", "coordinates": [ [ [ -72.7037663, 18.68376169 ], [ -71.98618743, 19.73469093 ] ] ] } },
{ "type": "Feature", "properties": { "start_id": 1063, "end_id": 2587, "distance(k": 207.13807737278481, "from": "port", "to": "maritime", "transport_": "multimodal" }, "geometry": { "type": "MultiLineString", "coordinates": [ [ [ -72.7037663, 18.68376169 ], [ -74.666078418026231, 18.572322382883915 ] ] ] } },
{ "type": "Feature", "properties": { "start_id": 1083, "end_id": 1111, "distance(k": 173.73434765545457, "from": "port", "to": "port", "transport_": "multimodal" }, "geometry": { "type": "MultiLineString", "coordinates": [ [ [ -70.86121543, -53.08114387 ], [ -68.26028463, -53.0725151 ] ] ] } },
{ "type": "Feature", "properties": { "start_id": 1088, "end_id": 2946, "distance(k": 345.50397615138633, "from": "port", "to": "maritime", "transport_": "multimodal" }, "geometry": { "type": "MultiLineString", "coordinates": [ [ [ -70.40428369, -23.21372586 ], [ -72.115497379567628, -20.542826598741691 ] ] ] } },
{ "type": "Feature", "properties": { "start_id": 1097, "end_id": 1122, "distance(k": 230.13563315212392, "from": "port", "to": "port", "transport_": "multimodal" }, "geometry": { "type": "MultiLineString", "coordinates": [ [ [ -69.9333, 58.7 ], [ -65.95, 58.6833 ] ] ] } },
{ "type": "Feature", "properties": { "start_id": 1097, "end_id": 1099, "distance(k": 260.05152182499415, "from": "port", "to": "port", "transport_": "multimodal" }, "geometry": { "type": "MultiLineString", "coordinates": [ [ [ -69.9333, 58.7 ], [ -69.6167, 61.0333 ] ] ] } },
{ "type": "Feature", "properties": { "start_id": 1106, "end_id": 1126, "distance(k": 495.8335424820466, "from": "port", "to": "port", "transport_": "multimodal" }, "geometry": { "type": "MultiLineString", "coordinates": [ [ [ -68.5942, 70.4679 ], [ -65.75, 66.1333 ] ] ] } },
{ "type": "Feature", "properties": { "start_id": 1110, "end_id": 3146, "distance(k": 249.9329993574527, "from": "port", "to": "maritime", "transport_": "multimodal" }, "geometry": { "type": "MultiLineString", "coordinates": [ [ [ -68.2984, -54.80327 ], [ -64.479686447007367, -55.324130873400804 ] ] ] } },
{ "type": "Feature", "properties": { "start_id": 1119, "end_id": 1129, "distance(k": 203.98951419569821, "from": "port", "to": "port", "transport_": "multimodal" }, "geometry": { "type": "MultiLineString", "coordinates": [ [ [ -66.84464424, 18.21203949 ], [ -64.91745178, 18.34129062 ] ] ] } },
{ "type": "Feature", "properties": { "start_id": 1120, "end_id": 1133, "distance(k": 168.11444210210425, "from": "port", "to": "port", "transport_": "multimodal" }, "geometry": { "type": "MultiLineString", "coordinates": [ [ [ -66.65319419, 50.1218529 ], [ -64.3543, 49.80693 ] ] ] } },
{ "type": "Feature", "properties": { "start_id": 1120, "end_id": 1132, "distance(k": 210.39702784014401, "from": "port", "to": "port", "transport_": "multimodal" }, "geometry": { "type": "MultiLineString", "coordinates": [ [ [ -66.65319419, 50.1218529 ], [ -64.5011, 48.8467 ] ] ] } },
{ "type": "Feature", "properties": { "start_id": 1127, "end_id": 1140, "distance(k": 170.78658671454639, "from": "port", "to": "port", "transport_": "multimodal" }, "geometry": { "type": "MultiLineString", "coordinates": [ [ [ -65.3193, 43.74983 ], [ -63.5833, 44.65 ] ] ] } },
{ "type": "Feature", "properties": { "start_id": 1128, "end_id": 826, "distance(k": 377.26868358389083, "from": "port", "to": "road", "transport_": "multimodal" }, "geometry": { "type": "MultiLineString", "coordinates": [ [ [ -65.0333, -42.7667 ], [ -62.986935183699821, -39.742357812707255 ] ] ] } },
{ "type": "Feature", "properties": { "start_id": 1135, "end_id": 1146, "distance(k": 219.64341394359261, "from": "port", "to": "port", "transport_": "multimodal" }, "geometry": { "type": "MultiLineString", "coordinates": [ [ [ -64.30226011, 10.53471505 ], [ -62.2933, 10.5703 ] ] ] } },
{ "type": "Feature", "properties": { "start_id": 1138, "end_id": 1147, "distance(k": 119.26386682446791, "from": "port", "to": "port", "transport_": "multimodal" }, "geometry": { "type": "MultiLineString", "coordinates": [ [ [ -63.7997, 46.38863 ], [ -62.2467, 46.34373 ] ] ] } },
{ "type": "Feature", "properties": { "start_id": 1138, "end_id": 1144, "distance(k": 198.45762755108638, "from": "port", "to": "port", "transport_": "multimodal" }, "geometry": { "type": "MultiLineString", "coordinates": [ [ [ -63.7997, 46.38863 ], [ -62.5172, 44.8456 ] ] ] } },
{ "type": "Feature", "properties": { "start_id": 1148, "end_id": 1167, "distance(k": 304.62859317002909, "from": "port", "to": "port", "transport_": "multimodal" }, "geometry": { "type": "MultiLineString", "coordinates": [ [ [ -62.20023447, -38.81346781 ], [ -58.7, -38.6 ] ] ] } },
{ "type": "Feature", "properties": { "start_id": 1150, "end_id": 1170, "distance(k": 334.39172566209203, "from": "port", "to": "port", "transport_": "multimodal" }, "geometry": { "type": "MultiLineString", "coordinates": [ [ [ -61.6833, 56.55 ], [ -58.4167, 54.1833 ] ] ] } },
{ "type": "Feature", "properties": { "start_id": 1151, "end_id": 2642, "distance(k": 276.59491865425377, "from": "port", "to": "maritime", "transport_": "multimodal" }, "geometry": { "type": "MultiLineString", "coordinates": [ [ [ -61.63239878, 16.11564611 ], [ -61.340602013781485, 13.644203112651439 ] ] ] } },
{ "type": "Feature", "properties": { "start_id": 1152, "end_id": 1162, "distance(k": 203.13937683996596, "from": "port", "to": "port", "transport_": "multimodal" }, "geometry": { "type": "MultiLineString", "coordinates": [ [ [ -61.43783832, 12.61194666 ], [ -59.6331, 13.1036 ] ] ] } },
{ "type": "Feature", "properties": { "start_id": 1158, "end_id": 1159, "distance(k": 233.19689529890888, "from": "port", "to": "port", "transport_": "multimodal" }, "geometry": { "type": "MultiLineString", "coordinates": [ [ [ -60.3574, 53.36033 ], [ -60.2004, 55.45553 ] ] ] } },
{ "type": "Feature", "properties": { "start_id": 1160, "end_id": 1142, "distance(k": 234.23665181764937, "from": "port", "to": "port", "transport_": "multimodal" }, "geometry": { "type": "MultiLineString", "coordinates": [ [ [ -60.08328056, 46.24016489 ], [ -63.1289, 46.23053 ] ] ] } },
{ "type": "Feature", "properties": { "start_id": 1165, "end_id": 1169, "distance(k": 115.23691304686621, "from": "port", "to": "port", "transport_": "multimodal" }, "geometry": { "type": "MultiLineString", "coordinates": [ [ [ -59.1331, 47.5797 ], [ -58.4419, 48.50733 ] ] ] } },
{ "type": "Feature", "properties": { "start_id": 1174, "end_id": 1181, "distance(k": 163.87889321264709, "from": "port", "to": "port", "transport_": "multimodal" }, "geometry": { "type": "MultiLineString", "coordinates": [ [ [ -58.1994, 6.8183 ], [ -57.0013, 5.94973 ] ] ] } },
{ "type": "Feature", "properties": { "start_id": 1174, "end_id": 1192, "distance(k": 362.01413914332704, "from": "port", "to": "port", "transport_": "multimodal" }, "geometry": { "type": "MultiLineString", "coordinates": [ [ [ -58.1994, 6.8183 ], [ -55.11891275, 5.71225315 ] ] ] } },
{ "type": "Feature", "properties": { "start_id": 1180, "end_id": 2689, "distance(k": 415.12894431822787, "from": "port", "to": "maritime", "transport_": "multimodal" }, "geometry": { "type": "MultiLineString", "coordinates": [ [ [ -57.50353123, 6.292064333 ], [ -54.67340654551807, 8.755166711699014 ] ] ] } },
{ "type": "Feature", "properties": { "start_id": 1185, "end_id": 1203, "distance(k": 273.53837496364144, "from": "port", "to": "port", "transport_": "multimodal" }, "geometry": { "type": "MultiLineString", "coordinates": [ [ [ -56.1489, 72.7872 ], [ -52.1206, 70.6747 ] ] ] } },
{ "type": "Feature", "properties": { "start_id": 1188, "end_id": 1199, "distance(k": 203.30284602168092, "from": "port", "to": "port", "transport_": "multimodal" }, "geometry": { "type": "MultiLineString", "coordinates": [ [ [ -56.01381493, 46.94392467 ], [ -53.46695878, 47.53845476 ] ] ] } },
{ "type": "Feature", "properties": { "start_id": 1189, "end_id": 1198, "distance(k": 330.92014322207712, "from": "port", "to": "port", "transport_": "multimodal" }, "geometry": { "type": "MultiLineString", "coordinates": [ [ [ -55.5333, 72.15 ], [ -53.5467, 69.2469 ] ] ] } },
{ "type": "Feature", "properties": { "start_id": 1190, "end_id": 1191, "distance(k": 226.28889188874248, "from": "port", "to": "port", "transport_": "multimodal" }, "geometry": { "type": "MultiLineString", "coordinates": [ [ [ -55.19468474, 49.20017467 ], [ -55.1615, 47.16523 ] ] ] } },
{ "type": "Feature", "properties": { "start_id": 1197, "end_id": 1207, "distance(k": 106.56609289581895, "from": "port", "to": "port", "transport_": "multimodal" }, "geometry": { "type": "MultiLineString", "coordinates": [ [ [ -53.5481, 68.6189 ], [ -51.13860797, 69.01982718 ] ] ] } },
{ "type": "Feature", "properties": { "start_id": 1200, "end_id": 1208, "distance(k": 178.41443042622137, "from": "port", "to": "port", "transport_": "multimodal" }, "geometry": { "type": "MultiLineString", "coordinates": [ [ [ -53.09928205, 65.6145711 ], [ -50.95, 66.9667 ] ] ] } },
{ "type": "Feature", "properties": { "start_id": 1206, "end_id": 1213, "distance(k": 324.66089040009876, "from": "port", "to": "port", "transport_": "multimodal" }, "geometry": { "type": "MultiLineString", "coordinates": [ [ [ -51.1667, -0.05 ], [ -48.63183143, -1.499438865 ] ] ] } },
{ "type": "Feature", "properties": { "start_id": 1206, "end_id": 2786, "distance(k": 334.8492752603849, "from": "port", "to": "maritime", "transport_": "multimodal" }, "geometry": { "type": "MultiLineString", "coordinates": [ [ [ -51.1667, -0.05 ], [ -48.296965854061312, -0.963129086041152 ] ] ] } },
{ "type": "Feature", "properties": { "start_id": 1210, "end_id": 1218, "distance(k": 243.44900035738644, "from": "port", "to": "port", "transport_": "multimodal" }, "geometry": { "type": "MultiLineString", "coordinates": [ [ [ -49.6725, 61.9961 ], [ -45.4342, 61.145 ] ] ] } },
{ "type": "Feature", "properties": { "start_id": 1211, "end_id": 1214, "distance(k": 151.49887960729177, "from": "port", "to": "port", "transport_": "multimodal" }, "geometry": { "type": "MultiLineString", "coordinates": [ [ [ -48.655, -26.90537 ], [ -48.42202591, -25.55902906 ] ] ] } },
{ "type": "Feature", "properties": { "start_id": 1215, "end_id": 1218, "distance(k": 143.179268006911, "from": "port", "to": "port", "transport_": "multimodal" }, "geometry": { "type": "MultiLineString", "coordinates": [ [ [ -48.1, 61.2333 ], [ -45.4342, 61.145 ] ] ] } },
{ "type": "Feature", "properties": { "start_id": 1224, "end_id": 2957, "distance(k": 83.450861933018658, "from": "port", "to": "maritime", "transport_": "multimodal" }, "geometry": { "type": "MultiLineString", "coordinates": [ [ [ -41.782758, -22.383713 ], [ -41.385941999779767, -23.03888404602186 ] ] ] } },
{ "type": "Feature", "properties": { "start_id": 1229, "end_id": 1232, "distance(k": 283.33327813815663, "from": "port", "to": "port", "transport_": "multimodal" }, "geometry": { "type": "MultiLineString", "coordinates": [ [ [ -38.55457031, -12.84144886 ], [ -36.9267, -10.8528 ] ] ] } },
{ "type": "Feature", "properties": { "start_id": 1230, "end_id": 1246, "distance(k": 625.77675465836967, "from": "port", "to": "port", "transport_": "multimodal" }, "geometry": { "type": "MultiLineString", "coordinates": [ [ [ -37.6331, 65.6175 ], [ -23.9833, 65.5833 ] ] ] } },
{ "type": "Feature", "properties": { "start_id": 1230, "end_id": 1248, "distance(k": 660.64754336889723, "from": "port", "to": "port", "transport_": "multimodal" }, "geometry": { "type": "MultiLineString", "coordinates": [ [ [ -37.6331, 65.6175 ], [ -23.1239, 66.07 ] ] ] } },
{ "type": "Feature", "properties": { "start_id": 1233, "end_id": 3146, "distance(k": 1783.7836575092563, "from": "port", "to": "maritime", "transport_": "multimodal" }, "geometry": { "type": "MultiLineString", "coordinates": [ [ [ -36.51, -54.2983 ], [ -64.479686447007367, -55.324130873400804 ] ] ] } },
{ "type": "Feature", "properties": { "start_id": 1237, "end_id": 2827, "distance(k": 200.57599381011835, "from": "port", "to": "maritime", "transport_": "multimodal" }, "geometry": { "type": "MultiLineString", "coordinates": [ [ [ -34.8333, -6.9667 ], [ -33.432502921426895, -5.819554202736426 ] ] ] } },
{ "type": "Feature", "properties": { "start_id": 1244, "end_id": 1247, "distance(k": 97.719873247461692, "from": "port", "to": "port", "transport_": "multimodal" }, "geometry": { "type": "MultiLineString", "coordinates": [ [ [ -24.4233, 14.9206 ], [ -23.5139, 14.91053 ] ] ] } },
{ "type": "Feature", "properties": { "start_id": 1253, "end_id": 1269, "distance(k": 168.03723968130942, "from": "port", "to": "port", "transport_": "multimodal" }, "geometry": { "type": "MultiLineString", "coordinates": [ [ [ -18.49057926, 65.92874944 ], [ -14.8217, 65.7558 ] ] ] } },
{ "type": "Feature", "properties": { "start_id": 1256, "end_id": 2539, "distance(k": 235.05330696968406, "from": "port", "to": "maritime", "transport_": "multimodal" }, "geometry": { "type": "MultiLineString", "coordinates": [ [ [ -17.1113, 28.0958 ], [ -16.421066042751683, 26.073197253333667 ] ] ] } },
{ "type": "Feature", "properties": { "start_id": 1257, "end_id": 2594, "distance(k": 325.25272273012638, "from": "port", "to": "maritime", "transport_": "multimodal" }, "geometry": { "type": "MultiLineString", "coordinates": [ [ [ -17.05234702, 20.86949849 ], [ -18.976163779737515, 18.572322382883915 ] ] ] } },
{ "type": "Feature", "properties": { "start_id": 1268, "end_id": 1267, "distance(k": 216.51403632363795, "from": "port", "to": "port", "transport_": "multimodal" }, "geometry": { "type": "MultiLineString", "coordinates": [ [ [ -15.2036, 64.2536 ], [ -15.3333, 66.2 ] ] ] } },
{ "type": "Feature", "properties": { "start_id": 1270, "end_id": 2694, "distance(k": 232.46768302983571, "from": "port", "to": "maritime", "transport_": "multimodal" }, "geometry": { "type": "MultiLineString", "coordinates": [ [ [ -14.6125, 10.664 ], [ -15.477636424806994, 8.755166711699014 ] ] ] } },
{ "type": "Feature", "properties": { "start_id": 1271, "end_id": 2829, "distance(k": 914.94086958063951, "from": "port", "to": "maritime", "transport_": "multimodal" }, "geometry": { "type": "MultiLineString", "coordinates": [ [ [ -14.4206, -7.9186 ], [ -6.406495667031333, -5.819554202736426 ] ] ] } },
{ "type": "Feature", "properties": { "start_id": 1275, "end_id": 1278, "distance(k": 256.70884940369103, "from": "port", "to": "port", "transport_": "multimodal" }, "geometry": { "type": "MultiLineString", "coordinates": [ [ [ -13.4369, 27.0908 ], [ -11.3509, 28.478 ] ] ] } },
{ "type": "Feature", "properties": { "start_id": 1280, "end_id": 2739, "distance(k": 231.14493480023032, "from": "port", "to": "maritime", "transport_": "multimodal" }, "geometry": { "type": "MultiLineString", "coordinates": [ [ [ -10.0361, 5.8681 ], [ -9.392797253960275, 3.890641497345556 ] ] ] } },
{ "type": "Feature", "properties": { "start_id": 1281, "end_id": 2276, "distance(k": 202.06559849156929, "from": "port", "to": "maritime", "transport_": "multimodal" }, "geometry": { "type": "MultiLineString", "coordinates": [ [ [ -9.742293787, 51.68632559 ], [ -8.422343932790469, 50.071105542797362 ] ] ] } },
{ "type": "Feature", "properties": { "start_id": 1290, "end_id": 2276, "distance(k": 192.61194113509512, "from": "port", "to": "maritime", "transport_": "multimodal" }, "geometry": { "type": "MultiLineString", "coordinates": [ [ [ -8.405886166, 51.80327531 ], [ -8.422343932790469, 50.071105542797362 ] ] ] } },
{ "type": "Feature", "properties": { "start_id": 1292, "end_id": 1302, "distance(k": 156.08073633106011, "from": "port", "to": "port", "transport_": "multimodal" }, "geometry": { "type": "MultiLineString", "coordinates": [ [ [ -7.73786795, 37.14922771 ], [ -5.995906382, 37.36860373 ] ] ] } },
{ "type": "Feature", "properties": { "start_id": 1294, "end_id": 1311, "distance(k": 181.18653339404699, "from": "port", "to": "port", "transport_": "multimodal" }, "geometry": { "type": "MultiLineString", "coordinates": [ [ [ -7.20231476, 57.47027182 ], [ -4.176300669, 57.60178632 ] ] ] } },
{ "type": "Feature", "properties": { "start_id": 1294, "end_id": 2240, "distance(k": 208.58948529548189, "from": "port", "to": "maritime", "transport_": "multimodal" }, "geometry": { "type": "MultiLineString", "coordinates": [ [ [ -7.20231476, 57.47027182 ], [ -5.144960601634955, 59.002172697018793 ] ] ] } },
{ "type": "Feature", "properties": { "start_id": 1295, "end_id": 1335, "distance(k": 372.99799383943844, "from": "port", "to": "port", "transport_": "multimodal" }, "geometry": { "type": "MultiLineString", "coordinates": [ [ [ -6.892296599, 61.96166655 ], [ -1.150328103, 60.08376311 ] ] ] } },
{ "type": "Feature", "properties": { "start_id": 1297, "end_id": 1307, "distance(k": 159.97232323514319, "from": "port", "to": "port", "transport_": "multimodal" }, "geometry": { "type": "MultiLineString", "coordinates": [ [ [ -6.415614442, 55.16342081 ], [ -4.561938324, 54.20337488 ] ] ] } },
{ "type": "Feature", "properties": { "start_id": 1298, "end_id": 1307, "distance(k": 174.69513926006007, "from": "port", "to": "port", "transport_": "multimodal" }, "geometry": { "type": "MultiLineString", "coordinates": [ [ [ -6.390503882, 53.06624346 ], [ -4.561938324, 54.20337488 ] ] ] } },
{ "type": "Feature", "properties": { "start_id": 1300, "end_id": 1308, "distance(k": 133.56582239145783, "from": "port", "to": "port", "transport_": "multimodal" }, "geometry": { "type": "MultiLineString", "coordinates": [ [ [ -6.3017, 49.9303 ], [ -4.528992111, 50.31923377 ] ] ] } },
{ "type": "Feature", "properties": { "start_id": 1305, "end_id": 1308, "distance(k": 154.04421292513129, "from": "port", "to": "port", "transport_": "multimodal" }, "geometry": { "type": "MultiLineString", "coordinates": [ [ [ -4.848341497, 51.68993842 ], [ -4.528992111, 50.31923377 ] ] ] } },
{ "type": "Feature", "properties": { "start_id": 1313, "end_id": 2741, "distance(k": 167.2750164038855, "from": "port", "to": "maritime", "transport_": "multimodal" }, "geometry": { "type": "MultiLineString", "coordinates": [ [ [ -3.981744768, 5.27773124 ], [ -3.397605645690765, 3.890641497345556 ] ] ] } },
{ "type": "Feature", "properties": { "start_id": 1314, "end_id": 2176, "distance(k": 73.428498356777538, "from": "port", "to": "country", "transport_": "multimodal" }, "geometry": { "type": "MultiLineString", "coordinates": [ [ [ -3.519079784, 54.71395885 ], [ -2.9005001, 54.1601982 ] ] ] } },
{ "type": "Feature", "properties": { "start_id": 1314, "end_id": 1321, "distance(k": 147.20802593721777, "from": "port", "to": "port", "transport_": "multimodal" }, "geometry": { "type": "MultiLineString", "coordinates": [ [ [ -3.519079784, 54.71395885 ], [ -2.980438496, 53.42835648 ] ] ] } },
{ "type": "Feature", "properties": { "start_id": 1316, "end_id": 1334, "distance(k": 157.73756301885234, "from": "port", "to": "port", "transport_": "multimodal" }, "geometry": { "type": "MultiLineString", "coordinates": [ [ [ -3.274125678, 51.49673917 ], [ -1.360188797, 50.74226412 ] ] ] } },
{ "type": "Feature", "properties": { "start_id": 1333, "end_id": 1341, "distance(k": 207.89133472515653, "from": "port", "to": "port", "transport_": "multimodal" }, "geometry": { "type": "MultiLineString", "coordinates": [ [ [ -1.721720877, 4.910431731 ], [ 0.0167, 5.6167 ] ] ] } },
{ "type": "Feature", "properties": { "start_id": 1337, "end_id": 1342, "distance(k": 153.63654679722467, "from": "port", "to": "port", "transport_": "multimodal" }, "geometry": { "type": "MultiLineString", "coordinates": [ [ [ -0.759579282, 54.31409129 ], [ 0.0333, 53.0147 ] ] ] } },
{ "type": "Feature", "properties": { "start_id": 1338, "end_id": 1348, "distance(k": 202.68931691878328, "from": "port", "to": "port", "transport_": "multimodal" }, "geometry": { "type": "MultiLineString", "coordinates": [ [ [ -0.687547135, 37.98431025 ], [ 1.45, 38.7 ] ] ] } },
{ "type": "Feature", "properties": { "start_id": 1346, "end_id": 1355, "distance(k": 156.67243128495531, "from": "port", "to": "port", "transport_": "multimodal" }, "geometry": { "type": "MultiLineString", "coordinates": [ [ [ 1.3061, 36.51813 ], [ 3.027521638, 36.79794534 ] ] ] } },
{ "type": "Feature", "properties": { "start_id": 1352, "end_id": 1368, "distance(k": 185.40918689523369, "from": "port", "to": "port", "transport_": "multimodal" }, "geometry": { "type": "MultiLineString", "coordinates": [ [ [ 2.480253557, 61.13745005 ], [ 5.926874663, 61.30338958 ] ] ] } },
{ "type": "Feature", "properties": { "start_id": 1359, "end_id": 2398, "distance(k": 141.95514508606189, "from": "port", "to": "maritime", "transport_": "multimodal" }, "geometry": { "type": "MultiLineString", "coordinates": [ [ [ 4.2667, 39.8833 ], [ 3.034475555310147, 39.032002689525108 ] ] ] } },
{ "type": "Feature", "properties": { "start_id": 1359, "end_id": 2399, "distance(k": 216.6139867550425, "from": "port", "to": "maritime", "transport_": "multimodal" }, "geometry": { "type": "MultiLineString", "coordinates": [ [ [ 4.2667, 39.8833 ], [ 6.536238855307742, 39.032002689525108 ] ] ] } },
{ "type": "Feature", "properties": { "start_id": 1360, "end_id": 1374, "distance(k": 162.96673536274153, "from": "port", "to": "port", "transport_": "multimodal" }, "geometry": { "type": "MultiLineString", "coordinates": [ [ [ 5.084249577, 36.75561591 ], [ 6.908138709, 36.88293116 ] ] ] } },
{ "type": "Feature", "properties": { "start_id": 1362, "end_id": 2366, "distance(k": 218.08321716228531, "from": "port", "to": "maritime", "transport_": "multimodal" }, "geometry": { "type": "MultiLineString", "coordinates": [ [ [ 5.249554897, 43.36553195 ], [ 6.701652683488938, 41.721664659400808 ] ] ] } },
{ "type": "Feature", "properties": { "start_id": 1367, "end_id": 1382, "distance(k": 173.09675354524182, "from": "port", "to": "port", "transport_": "multimodal" }, "geometry": { "type": "MultiLineString", "coordinates": [ [ [ 5.834846789, 36.8353752 ], [ 7.776293345, 36.94687652 ] ] ] } },
{ "type": "Feature", "properties": { "start_id": 1369, "end_id": 1402, "distance(k": 237.27373350668785, "from": "port", "to": "port", "transport_": "multimodal" }, "geometry": { "type": "MultiLineString", "coordinates": [ [ [ 6.097118463, 59.818359 ], [ 10.07214665, 59.12684642 ] ] ] } },
{ "type": "Feature", "properties": { "start_id": 1372, "end_id": 1393, "distance(k": 259.05453638227846, "from": "port", "to": "port", "transport_": "multimodal" }, "geometry": { "type": "MultiLineString", "coordinates": [ [ [ 6.7371, 0.34523 ], [ 8.781165, -0.772646 ] ] ] } },
{ "type": "Feature", "properties": { "start_id": 1379, "end_id": 1406, "distance(k": 155.13916008794016, "from": "port", "to": "port", "transport_": "multimodal" }, "geometry": { "type": "MultiLineString", "coordinates": [ [ [ 7.699259, 64.393719 ], [ 10.79181266, 64.02419541 ] ] ] } },
{ "type": "Feature", "properties": { "start_id": 1396, "end_id": 2771, "distance(k": 160.49008283493208, "from": "port", "to": "maritime", "transport_": "multimodal" }, "geometry": { "type": "MultiLineString", "coordinates": [ [ [ 9.484275705, 0.336393124 ], [ 8.582282262563437, 1.463252960218705 ] ] ] } },
{ "type": "Feature", "properties": { "start_id": 1401, "end_id": 1404, "distance(k": 138.73790320740878, "from": "port", "to": "port", "transport_": "multimodal" }, "geometry": { "type": "MultiLineString", "coordinates": [ [ [ 10.0572541, 36.98621422 ], [ 10.65, 35.8333 ] ] ] } },
{ "type": "Feature", "properties": { "start_id": 1407, "end_id": 1413, "distance(k": 136.33994475078967, "from": "port", "to": "port", "transport_": "multimodal" }, "geometry": { "type": "MultiLineString", "coordinates": [ [ [ 10.82616043, 55.55023913 ], [ 11.5131, 56.7151 ] ] ] } },
{ "type": "Feature", "properties": { "start_id": 1410, "end_id": 1416, "distance(k": 94.032273994723312, "from": "port", "to": "port", "transport_": "multimodal" }, "geometry": { "type": "MultiLineString", "coordinates": [ [ [ 11.1167, 33.5 ], [ 12.0367, 33.8592 ] ] ] } },
{ "type": "Feature", "properties": { "start_id": 1418, "end_id": 2895, "distance(k": 433.72184203647987, "from": "port", "to": "maritime", "transport_": "multimodal" }, "geometry": { "type": "MultiLineString", "coordinates": [ [ [ 12.1411, -15.19487 ], [ 8.722219733983058, -13.138818947824873 ] ] ] } },
{ "type": "Feature", "properties": { "start_id": 1419, "end_id": 2367, "distance(k": 160.06018992636584, "from": "port", "to": "maritime", "transport_": "multimodal" }, "geometry": { "type": "MultiLineString", "coordinates": [ [ [ 12.22016114, 41.77374875 ], [ 10.292035767074561, 41.721664659400808 ] ] ] } },
{ "type": "Feature", "properties": { "start_id": 1420, "end_id": 1431, "distance(k": 177.5777636324658, "from": "port", "to": "port", "transport_": "multimodal" }, "geometry": { "type": "MultiLineString", "coordinates": [ [ [ 12.30194286, 44.98722347 ], [ 13.46322346, 43.62344347 ] ] ] } },
{ "type": "Feature", "properties": { "start_id": 1423, "end_id": 1415, "distance(k": 163.35326915764981, "from": "port", "to": "port", "transport_": "multimodal" }, "geometry": { "type": "MultiLineString", "coordinates": [ [ [ 12.6033, 35.4931 ], [ 11.9364, 36.86 ] ] ] } },
{ "type": "Feature", "properties": { "start_id": 1423, "end_id": 2167, "distance(k": 169.43780599749704, "from": "port", "to": "country", "transport_": "multimodal" }, "geometry": { "type": "MultiLineString", "coordinates": [ [ [ 12.6033, 35.4931 ], [ 14.4046001, 35.9203987 ] ] ] } },
{ "type": "Feature", "properties": { "start_id": 1432, "end_id": 1454, "distance(k": 176.42362450571568, "from": "port", "to": "port", "transport_": "multimodal" }, "geometry": { "type": "MultiLineString", "coordinates": [ [ [ 13.52885923, 38.0501244 ], [ 15.47204264, 38.48590008 ] ] ] } },
{ "type": "Feature", "properties": { "start_id": 1440, "end_id": 1526, "distance(k": 857.53777031803543, "from": "port", "to": "port", "transport_": "multimodal" }, "geometry": { "type": "MultiLineString", "coordinates": [ [ [ 14.22501739, 78.06656563 ], [ 25.970207, 70.982291 ] ] ] } },
{ "type": "Feature", "properties": { "start_id": 1441, "end_id": 2465, "distance(k": 170.39357926021205, "from": "port", "to": "maritime", "transport_": "multimodal" }, "geometry": { "type": "MultiLineString", "coordinates": [ [ [ 14.2592033, 32.66673759 ], [ 12.978102195739694, 33.761971999546539 ] ] ] } },
{ "type": "Feature", "properties": { "start_id": 1443, "end_id": 1447, "distance(k": 161.83026896103749, "from": "port", "to": "port", "transport_": "multimodal" }, "geometry": { "type": "MultiLineString", "coordinates": [ [ [ 14.3969439, 40.74206869 ], [ 14.70344863, 42.17920588 ] ] ] } },
{ "type": "Feature", "properties": { "start_id": 1450, "end_id": 3019, "distance(k": 305.96510303002839, "from": "port", "to": "maritime", "transport_": "multimodal" }, "geometry": { "type": "MultiLineString", "coordinates": [ [ [ 15.15, -26.65 ], [ 12.507246073617019, -28.086632483779752 ] ] ] } },
{ "type": "Feature", "properties": { "start_id": 1452, "end_id": 2152, "distance(k": 139.71528932140873, "from": "port", "to": "country", "transport_": "multimodal" }, "geometry": { "type": "MultiLineString", "coordinates": [ [ [ 15.26003516, 44.08960878 ], [ 16.4069004, 45.0442009 ] ] ] } },
{ "type": "Feature", "properties": { "start_id": 1457, "end_id": 1478, "distance(k": 447.23479254942328, "from": "port", "to": "port", "transport_": "multimodal" }, "geometry": { "type": "MultiLineString", "coordinates": [ [ [ 15.6278, 78.2261 ], [ 19.0886, 74.2872 ] ] ] } },
{ "type": "Feature", "properties": { "start_id": 1461, "end_id": 2247, "distance(k": 169.5293135747873, "from": "port", "to": "maritime", "transport_": "multimodal" }, "geometry": { "type": "MultiLineString", "coordinates": [ [ [ 16.57129807, 57.46756577 ], [ 16.640491648072516, 55.943425022583448 ] ] ] } },
{ "type": "Feature", "properties": { "start_id": 1462, "end_id": 2178, "distance(k": 58.236457788638781, "from": "port", "to": "country", "transport_": "multimodal" }, "geometry": { "type": "MultiLineString", "coordinates": [ [ [ 16.8021089, 68.71481859 ], [ 15.3767996, 68.8022995 ] ] ] } },
{ "type": "Feature", "properties": { "start_id": 1465, "end_id": 1463, "distance(k": 203.44232028377183, "from": "port", "to": "port", "transport_": "multimodal" }, "geometry": { "type": "MultiLineString", "coordinates": [ [ [ 17.12711, 39.080793 ], [ 17.02670697, 40.90877656 ] ] ] } },
{ "type": "Feature", "properties": { "start_id": 1466, "end_id": 1483, "distance(k": 183.38544170466287, "from": "port", "to": "port", "transport_": "multimodal" }, "geometry": { "type": "MultiLineString", "coordinates": [ [ [ 17.20587916, 61.06222976 ], [ 19.9333, 60.1 ] ] ] } },
{ "type": "Feature", "properties": { "start_id": 1467, "end_id": 1477, "distance(k": 163.68991936362207, "from": "port", "to": "port", "transport_": "multimodal" }, "geometry": { "type": "MultiLineString", "coordinates": [ [ [ 17.4333, 43.05 ], [ 18.9495562, 42.09066719 ] ] ] } },
{ "type": "Feature", "properties": { "start_id": 1475, "end_id": 1490, "distance(k": 195.75970842415069, "from": "port", "to": "port", "transport_": "multimodal" }, "geometry": { "type": "MultiLineString", "coordinates": [ [ [ 18.69737281, 57.7584065 ], [ 21.01055083, 56.52356085 ] ] ] } },
{ "type": "Feature", "properties": { "start_id": 1476, "end_id": 2175, "distance(k": 124.7380969804082, "from": "port", "to": "country", "transport_": "multimodal" }, "geometry": { "type": "MultiLineString", "coordinates": [ [ [ 18.93697836, 63.30542829 ], [ 16.7411995, 62.7877007 ] ] ] } },
{ "type": "Feature", "properties": { "start_id": 1487, "end_id": 1492, "distance(k": 117.53687921105896, "from": "port", "to": "port", "transport_": "multimodal" }, "geometry": { "type": "MultiLineString", "coordinates": [ [ [ 20.3333, 63.7 ], [ 21.26374469, 64.67634442 ] ] ] } },
{ "type": "Feature", "properties": { "start_id": 1488, "end_id": 1496, "distance(k": 219.29770026072305, "from": "port", "to": "port", "transport_": "multimodal" }, "geometry": { "type": "MultiLineString", "coordinates": [ [ [ 20.66031649, 38.65494116 ], [ 21.89156383, 36.93936819 ] ] ] } },
{ "type": "Feature", "properties": { "start_id": 1492, "end_id": 1509, "distance(k": 129.01507611694223, "from": "port", "to": "port", "transport_": "multimodal" }, "geometry": { "type": "MultiLineString", "coordinates": [ [ [ 21.26374469, 64.67634442 ], [ 23.72999559, 64.21313657 ] ] ] } },
{ "type": "Feature", "properties": { "start_id": 1493, "end_id": 1502, "distance(k": 164.12819318744658, "from": "port", "to": "port", "transport_": "multimodal" }, "geometry": { "type": "MultiLineString", "coordinates": [ [ [ 21.43471297, 61.2272848 ], [ 23.0222861, 59.97364388 ] ] ] } },
{ "type": "Feature", "properties": { "start_id": 1508, "end_id": 1521, "distance(k": 158.88217557194744, "from": "port", "to": "port", "transport_": "multimodal" }, "geometry": { "type": "MultiLineString", "coordinates": [ [ [ 23.7064, 40.6778 ], [ 25.11289638, 39.73551095 ] ] ] } },
{ "type": "Feature", "properties": { "start_id": 1510, "end_id": 2160, "distance(k": 160.63114140297517, "from": "port", "to": "country", "transport_": "multimodal" }, "geometry": { "type": "MultiLineString", "coordinates": [ [ [ 23.85696367, 37.77043613 ], [ 22.9880009, 39.0444984 ] ] ] } },
{ "type": "Feature", "properties": { "start_id": 1517, "end_id": 2156, "distance(k": 99.680256355358438, "from": "port", "to": "country", "transport_": "multimodal" }, "geometry": { "type": "MultiLineString", "coordinates": [ [ [ 24.6632, 59.4531 ], [ 25.5258007, 58.6739998 ] ] ] } },
{ "type": "Feature", "properties": { "start_id": 1520, "end_id": 1536, "distance(k": 139.18660637777396, "from": "port", "to": "port", "transport_": "multimodal" }, "geometry": { "type": "MultiLineString", "coordinates": [ [ [ 25.0903, 70.1361 ], [ 27.7575, 71.0197 ] ] ] } },
{ "type": "Feature", "properties": { "start_id": 1523, "end_id": 1537, "distance(k": 225.77906328455862, "from": "port", "to": "port", "transport_": "multimodal" }, "geometry": { "type": "MultiLineString", "coordinates": [ [ [ 25.73192409, -33.92562935 ], [ 27.9242, -33.0425 ] ] ] } },
{ "type": "Feature", "properties": { "start_id": 1529, "end_id": 1538, "distance(k": 83.027416382024285, "from": "port", "to": "port", "transport_": "multimodal" }, "geometry": { "type": "MultiLineString", "coordinates": [ [ [ 26.5333, 59.5333 ], [ 28.00605892, 59.54063967 ] ] ] } },
{ "type": "Feature", "properties": { "start_id": 1543, "end_id": 1553, "distance(k": 184.10178800118223, "from": "port", "to": "port", "transport_": "multimodal" }, "geometry": { "type": "MultiLineString", "coordinates": [ [ [ 28.88163311, 45.33265993 ], [ 30.69841964, 46.40086657 ] ] ] } },
{ "type": "Feature", "properties": { "start_id": 1546, "end_id": 1550, "distance(k": 101.03758491019792, "from": "port", "to": "port", "transport_": "multimodal" }, "geometry": { "type": "MultiLineString", "coordinates": [ [ [ 29.7333, 70.6333 ], [ 30.05440382, 69.73118881 ] ] ] } },
{ "type": "Feature", "properties": { "start_id": 1552, "end_id": 1557, "distance(k": 114.02473316615284, "from": "port", "to": "port", "transport_": "multimodal" }, "geometry": { "type": "MultiLineString", "coordinates": [ [ [ 30.6719, 41.1132 ], [ 31.9238974, 41.52230027 ] ] ] } },
{ "type": "Feature", "properties": { "start_id": 1554, "end_id": 1568, "distance(k": 176.70131471346792, "from": "port", "to": "port", "transport_": "multimodal" }, "geometry": { "type": "MultiLineString", "coordinates": [ [ [ 30.9583, 70.2861 ], [ 33.31173026, 68.92467991 ] ] ] } },
{ "type": "Feature", "properties": { "start_id": 1555, "end_id": 2235, "distance(k": 221.40138088058418, "from": "port", "to": "country", "transport_": "multimodal" }, "geometry": { "type": "MultiLineString", "coordinates": [ [ [ 31.0667, -29.8667 ], [ 29.3913994, -28.5154991 ] ] ] } },
{ "type": "Feature", "properties": { "start_id": 1556, "end_id": 1561, "distance(k": 61.165329556162163, "from": "port", "to": "port", "transport_": "multimodal" }, "geometry": { "type": "MultiLineString", "coordinates": [ [ [ 31.75, 31.4833 ], [ 32.33361354, 31.25036423 ] ] ] } },
{ "type": "Feature", "properties": { "start_id": 1560, "end_id": 3047, "distance(k": 208.35943375987395, "from": "port", "to": "maritime", "transport_": "multimodal" }, "geometry": { "type": "MultiLineString", "coordinates": [ [ [ 32.0922, -28.7911 ], [ 32.417687176869364, -30.643480263658457 ] ] ] } },
{ "type": "Feature", "properties": { "start_id": 1564, "end_id": 1571, "distance(k": 250.84399070479114, "from": "port", "to": "port", "transport_": "multimodal" }, "geometry": { "type": "MultiLineString", "coordinates": [ [ [ 32.6, 46.6167 ], [ 33.83082084, 44.53172223 ] ] ] } },
{ "type": "Feature", "properties": { "start_id": 1565, "end_id": 1579, "distance(k": 211.54558157537679, "from": "port", "to": "port", "transport_": "multimodal" }, "geometry": { "type": "MultiLineString", "coordinates": [ [ [ 32.81459125, 29.28675464 ], [ 34.97947992, 29.53792613 ] ] ] } },
{ "type": "Feature", "properties": { "start_id": 1582, "end_id": 1594, "distance(k": 165.20330756376987, "from": "port", "to": "port", "transport_": "multimodal" }, "geometry": { "type": "MultiLineString", "coordinates": [ [ [ 35.3922, 45.0264 ], [ 37.492626, 44.98268989 ] ] ] } },
{ "type": "Feature", "properties": { "start_id": 1590, "end_id": 2933, "distance(k": 298.51180704071828, "from": "port", "to": "maritime", "transport_": "multimodal" }, "geometry": { "type": "MultiLineString", "coordinates": [ [ [ 36.921858, -17.850264 ], [ 39.73511509252441, -18.062202158520233 ] ] ] } },
{ "type": "Feature", "properties": { "start_id": 1591, "end_id": 1597, "distance(k": 112.3342027611553, "from": "port", "to": "port", "transport_": "multimodal" }, "geometry": { "type": "MultiLineString", "coordinates": [ [ [ 37.2936, 41.1281 ], [ 38.61342003, 40.95575377 ] ] ] } },
{ "type": "Feature", "properties": { "start_id": 1600, "end_id": 1596, "distance(k": 299.92220256709777, "from": "port", "to": "port", "transport_": "multimodal" }, "geometry": { "type": "MultiLineString", "coordinates": [ [ [ 39.0667, 44.1 ], [ 38.26710157, 46.73826983 ] ] ] } },
{ "type": "Feature", "properties": { "start_id": 1604, "end_id": 1623, "distance(k": 357.13726104641148, "from": "port", "to": "port", "transport_": "multimodal" }, "geometry": { "type": "MultiLineString", "coordinates": [ [ [ 39.4667, 15.6167 ], [ 42.5345, 16.89833 ] ] ] } },
{ "type": "Feature", "properties": { "start_id": 1614, "end_id": 2855, "distance(k": 282.84369633807148, "from": "port", "to": "maritime", "transport_": "multimodal" }, "geometry": { "type": "MultiLineString", "coordinates": [ [ [ 40.2, -10.2667 ], [ 41.774682125419503, -8.252964051334699 ] ] ] } },
{ "type": "Feature", "properties": { "start_id": 1624, "end_id": 1631, "distance(k": 338.68536466924638, "from": "port", "to": "port", "transport_": "multimodal" }, "geometry": { "type": "MultiLineString", "coordinates": [ [ [ 42.55, -0.3667 ], [ 44.77425, 1.71447 ] ] ] } },
{ "type": "Feature", "properties": { "start_id": 1626, "end_id": 1632, "distance(k": 245.83229761625481, "from": "port", "to": "port", "transport_": "multimodal" }, "geometry": { "type": "MultiLineString", "coordinates": [ [ [ 43.0115786, 11.69513455 ], [ 44.9789, 12.7867 ] ] ] } },
{ "type": "Feature", "properties": { "start_id": 1628, "end_id": 1638, "distance(k": 383.76316607941385, "from": "port", "to": "port", "transport_": "multimodal" }, "geometry": { "type": "MultiLineString", "coordinates": [ [ [ 43.66442, -23.37752 ], [ 46.96575, -25.06523 ] ] ] } },
{ "type": "Feature", "properties": { "start_id": 1630, "end_id": 2896, "distance(k": 262.00776113880113, "from": "port", "to": "maritime", "transport_": "multimodal" }, "geometry": { "type": "MultiLineString", "coordinates": [ [ [ 44.39271, -12.16744 ], [ 42.19248935044974, -13.138818947824873 ] ] ] } },
{ "type": "Feature", "properties": { "start_id": 1634, "end_id": 1641, "distance(k": 335.64214949961126, "from": "port", "to": "port", "transport_": "multimodal" }, "geometry": { "type": "MultiLineString", "coordinates": [ [ [ 45.23305, -12.77864 ], [ 48.2657, -13.40017 ] ] ] } },
{ "type": "Feature", "properties": { "start_id": 1645, "end_id": 1605, "distance(k": 393.64917257737164, "from": "port", "to": "port", "transport_": "multimodal" }, "geometry": { "type": "MultiLineString", "coordinates": [ [ [ 48.8467, 67.6353 ], [ 39.5161, 68.05543 ] ] ] } },
{ "type": "Feature", "properties": { "start_id": 1649, "end_id": 2193, "distance(k": 213.76717868989292, "from": "port", "to": "country", "transport_": "multimodal" }, "geometry": { "type": "MultiLineString", "coordinates": [ [ [ 49.186823, 27.498399 ], [ 50.5625, 26.0195007 ] ] ] } },
{ "type": "Feature", "properties": { "start_id": 1656, "end_id": 2873, "distance(k": 316.47675606100307, "from": "port", "to": "maritime", "transport_": "multimodal" }, "geometry": { "type": "MultiLineString", "coordinates": [ [ [ 50.00626, -13.3542 ], [ 51.035880018589651, -10.69212818981817 ] ] ] } },
{ "type": "Feature", "properties": { "start_id": 1658, "end_id": 1646, "distance(k": 211.06359800227116, "from": "port", "to": "port", "transport_": "multimodal" }, "geometry": { "type": "MultiLineString", "coordinates": [ [ [ 50.59021929, 29.0873144 ], [ 49.09539137, 30.47289386 ] ] ] } },
{ "type": "Feature", "properties": { "start_id": 1663, "end_id": 1674, "distance(k": 233.23540002728598, "from": "port", "to": "port", "transport_": "multimodal" }, "geometry": { "type": "MultiLineString", "coordinates": [ [ [ 52.15, 15.8167 ], [ 53.995389, 16.941487 ] ] ] } },
{ "type": "Feature", "properties": { "start_id": 1666, "end_id": 1675, "distance(k": 187.2537768360537, "from": "port", "to": "port", "transport_": "multimodal" }, "geometry": { "type": "MultiLineString", "coordinates": [ [ [ 52.48575098, 27.56580819 ], [ 54.00491, 26.56285 ] ] ] } },
{ "type": "Feature", "properties": { "start_id": 1668, "end_id": 1682, "distance(k": 390.45641963792912, "from": "port", "to": "port", "transport_": "multimodal" }, "geometry": { "type": "MultiLineString", "coordinates": [ [ [ 52.7311, -7.0019 ], [ 56.2656, -7.1686 ] ] ] } },
{ "type": "Feature", "properties": { "start_id": 1669, "end_id": 2202, "distance(k": 169.78220815328314, "from": "port", "to": "country", "transport_": "multimodal" }, "geometry": { "type": "MultiLineString", "coordinates": [ [ [ 52.96299579, 24.79332895 ], [ 54.3321991, 23.9127007 ] ] ] } },
{ "type": "Feature", "properties": { "start_id": 1685, "end_id": 2954, "distance(k": 143.97883752715836, "from": "port", "to": "maritime", "transport_": "multimodal" }, "geometry": { "type": "MultiLineString", "coordinates": [ [ [ 57.49912765, -20.14706893 ], [ 58.814032532270772, -20.542826598741691 ] ] ] } },
{ "type": "Feature", "properties": { "start_id": 1690, "end_id": 2596, "distance(k": 237.85176996298406, "from": "port", "to": "maritime", "transport_": "multimodal" }, "geometry": { "type": "MultiLineString", "coordinates": [ [ [ 58.87074, 20.65893 ], [ 58.370939884552385, 18.572322382883915 ] ] ] } },
{ "type": "Feature", "properties": { "start_id": 1693, "end_id": 1700, "distance(k": 421.48054911663462, "from": "port", "to": "port", "transport_": "multimodal" }, "geometry": { "type": "MultiLineString", "coordinates": [ [ [ 61.6241311, 69.76307415 ], [ 71.97094381, 71.3633168 ] ] ] } },
{ "type": "Feature", "properties": { "start_id": 1694, "end_id": 1695, "distance(k": 229.32017945414185, "from": "port", "to": "port", "transport_": "multimodal" }, "geometry": { "type": "MultiLineString", "coordinates": [ [ [ 67.02641649, 24.87129475 ], [ 68.6356, 23.4231 ] ] ] } },
{ "type": "Feature", "properties": { "start_id": 1700, "end_id": 1724, "distance(k": 369.70903572065066, "from": "port", "to": "port", "transport_": "multimodal" }, "geometry": { "type": "MultiLineString", "coordinates": [ [ [ 71.97094381, 71.3633168 ], [ 80.42316868, 73.50372855 ] ] ] } },
{ "type": "Feature", "properties": { "start_id": 1702, "end_id": 2837, "distance(k": 298.3723169831926, "from": "port", "to": "maritime", "transport_": "multimodal" }, "geometry": { "type": "MultiLineString", "coordinates": [ [ [ 72.42, -7.3019 ], [ 74.671526096155347, -5.819554202736426 ] ] ] } },
{ "type": "Feature", "properties": { "start_id": 1703, "end_id": 2697, "distance(k": 325.85697959845152, "from": "port", "to": "maritime", "transport_": "multimodal" }, "geometry": { "type": "MultiLineString", "coordinates": [ [ [ 72.64, 10.57 ], [ 74.974140776833963, 8.755166711699014 ] ] ] } },
{ "type": "Feature", "properties": { "start_id": 1703, "end_id": 2651, "distance(k": 341.93115709855726, "from": "port", "to": "maritime", "transport_": "multimodal" }, "geometry": { "type": "MultiLineString", "coordinates": [ [ [ 72.64, 10.57 ], [ 72.714284384001502, 13.644203112651439 ] ] ] } },
{ "type": "Feature", "properties": { "start_id": 1707, "end_id": 2797, "distance(k": 475.26782769158268, "from": "port", "to": "maritime", "transport_": "multimodal" }, "geometry": { "type": "MultiLineString", "coordinates": [ [ [ 73.1685, -0.68307 ], [ 77.433945771436697, -0.963129086041152 ] ] ] } },
{ "type": "Feature", "properties": { "start_id": 1709, "end_id": 2720, "distance(k": 524.96426499783627, "from": "port", "to": "maritime", "transport_": "multimodal" }, "geometry": { "type": "MultiLineString", "coordinates": [ [ [ 73.5, 4.1667 ], [ 77.719010179659875, 6.320713330752366 ] ] ] } },
{ "type": "Feature", "properties": { "start_id": 1709, "end_id": 2775, "distance(k": 531.10800721927092, "from": "port", "to": "maritime", "transport_": "multimodal" }, "geometry": { "type": "MultiLineString", "coordinates": [ [ [ 73.5, 4.1667 ], [ 77.442775976620496, 1.463252960218705 ] ] ] } },
{ "type": "Feature", "properties": { "start_id": 1718, "end_id": 1726, "distance(k": 173.15955425660488, "from": "port", "to": "port", "transport_": "multimodal" }, "geometry": { "type": "MultiLineString", "coordinates": [ [ [ 79.731575, 8.034866 ], [ 81.2167, 8.55 ] ] ] } },
{ "type": "Feature", "properties": { "start_id": 1721, "end_id": 2625, "distance(k": 320.44968010331473, "from": "port", "to": "maritime", "transport_": "multimodal" }, "geometry": { "type": "MultiLineString", "coordinates": [ [ [ 80.1167, 14.2833 ], [ 82.432952042697508, 16.102420527566085 ] ] ] } },
{ "type": "Feature", "properties": { "start_id": 1722, "end_id": 2678, "distance(k": 256.47597231539589, "from": "port", "to": "maritime", "transport_": "multimodal" }, "geometry": { "type": "MultiLineString", "coordinates": [ [ [ 80.32799541, 13.26055467 ], [ 81.379866777300634, 11.195735316089518 ] ] ] } },
{ "type": "Feature", "properties": { "start_id": 1724, "end_id": 1730, "distance(k": 499.21005493316954, "from": "port", "to": "port", "transport_": "multimodal" }, "geometry": { "type": "MultiLineString", "coordinates": [ [ [ 80.42316868, 73.50372855 ], [ 86.17167206, 69.39841121 ] ] ] } },
{ "type": "Feature", "properties": { "start_id": 1725, "end_id": 2749, "distance(k": 257.39180362257622, "from": "port", "to": "maritime", "transport_": "multimodal" }, "geometry": { "type": "MultiLineString", "coordinates": [ [ [ 81.1192, 6.1311 ], [ 80.535076870082378, 3.890641497345556 ] ] ] } },
{ "type": "Feature", "properties": { "start_id": 1726, "end_id": 1725, "distance(k": 269.18421936052704, "from": "port", "to": "port", "transport_": "multimodal" }, "geometry": { "type": "MultiLineString", "coordinates": [ [ [ 81.2167, 8.55 ], [ 81.1192, 6.1311 ] ] ] } },
{ "type": "Feature", "properties": { "start_id": 1734, "end_id": 1736, "distance(k": 217.67690017516227, "from": "port", "to": "port", "transport_": "multimodal" }, "geometry": { "type": "MultiLineString", "coordinates": [ [ [ 88.19243756, 22.30118365 ], [ 90.27897, 21.98919 ] ] ] } },
{ "type": "Feature", "properties": { "start_id": 1738, "end_id": 1737, "distance(k": 197.7184206677656, "from": "port", "to": "port", "transport_": "multimodal" }, "geometry": { "type": "MultiLineString", "coordinates": [ [ [ 91.7961112, 22.32937298 ], [ 90.47984911, 23.63066561 ] ] ] } },
{ "type": "Feature", "properties": { "start_id": 1739, "end_id": 1742, "distance(k": 673.03080862640036, "from": "port", "to": "port", "transport_": "multimodal" }, "geometry": { "type": "MultiLineString", "coordinates": [ [ [ 92.75, 11.6833 ], [ 96.21424857, 16.7197159 ] ] ] } },
{ "type": "Feature", "properties": { "start_id": 1740, "end_id": 1741, "distance(k": 194.55454559788558, "from": "port", "to": "port", "transport_": "multimodal" }, "geometry": { "type": "MultiLineString", "coordinates": [ [ [ 95.28428584, 5.664908531 ], [ 96.1333, 4.1333 ] ] ] } },
{ "type": "Feature", "properties": { "start_id": 1743, "end_id": 1749, "distance(k": 274.59445447582203, "from": "port", "to": "port", "transport_": "multimodal" }, "geometry": { "type": "MultiLineString", "coordinates": [ [ [ 96.4036, 2.45556 ], [ 98.7667, 1.7333 ] ] ] } },
{ "type": "Feature", "properties": { "start_id": 1745, "end_id": 1750, "distance(k": 307.97687920034963, "from": "port", "to": "port", "transport_": "multimodal" }, "geometry": { "type": "MultiLineString", "coordinates": [ [ [ 97.60955, 1.3059 ], [ 99.4608, 3.3675 ] ] ] } },
{ "type": "Feature", "properties": { "start_id": 1749, "end_id": 1746, "distance(k": 271.26929560296003, "from": "port", "to": "port", "transport_": "multimodal" }, "geometry": { "type": "MultiLineString", "coordinates": [ [ [ 98.7667, 1.7333 ], [ 98.31709759, 4.131212302 ] ] ] } },
{ "type": "Feature", "properties": { "start_id": 1754, "end_id": 1756, "distance(k": 202.14248958953175, "from": "port", "to": "port", "transport_": "multimodal" }, "geometry": { "type": "MultiLineString", "coordinates": [ [ [ 100.3464139, 5.414099258 ], [ 100.5833, 7.2167 ] ] ] } },
{ "type": "Feature", "properties": { "start_id": 1756, "end_id": 1762, "distance(k": 187.70664690380218, "from": "port", "to": "port", "transport_": "multimodal" }, "geometry": { "type": "MultiLineString", "coordinates": [ [ [ 100.5833, 7.2167 ], [ 102.0308135, 6.331523394 ] ] ] } },
{ "type": "Feature", "properties": { "start_id": 1764, "end_id": 1770, "distance(k": 287.74518748035365, "from": "port", "to": "port", "transport_": "multimodal" }, "geometry": { "type": "MultiLineString", "coordinates": [ [ [ 102.25, -3.7833 ], [ 103.6197, -1.58677 ] ] ] } },
{ "type": "Feature", "properties": { "start_id": 1765, "end_id": 1767, "distance(k": 155.55168703505598, "from": "port", "to": "port", "transport_": "multimodal" }, "geometry": { "type": "MultiLineString", "coordinates": [ [ [ 103.1458728, 5.344143744 ], [ 103.3953, 3.9675 ] ] ] } },
{ "type": "Feature", "properties": { "start_id": 1767, "end_id": 1773, "distance(k": 188.11780367559714, "from": "port", "to": "port", "transport_": "multimodal" }, "geometry": { "type": "MultiLineString", "coordinates": [ [ [ 103.3953, 3.9675 ], [ 104.7622, 2.9672 ] ] ] } },
{ "type": "Feature", "properties": { "start_id": 1768, "end_id": 1773, "distance(k": 239.7113508888342, "from": "port", "to": "port", "transport_": "multimodal" }, "geometry": { "type": "MultiLineString", "coordinates": [ [ [ 103.4387858, 4.671267517 ], [ 104.7622, 2.9672 ] ] ] } },
{ "type": "Feature", "properties": { "start_id": 1772, "end_id": 1776, "distance(k": 79.129762550995693, "from": "port", "to": "port", "transport_": "multimodal" }, "geometry": { "type": "MultiLineString", "coordinates": [ [ [ 104.5956, -5.5347 ], [ 105.3067111, -5.461338398 ] ] ] } },
{ "type": "Feature", "properties": { "start_id": 1772, "end_id": 1784, "distance(k": 209.53714964536647, "from": "port", "to": "port", "transport_": "multimodal" }, "geometry": { "type": "MultiLineString", "coordinates": [ [ [ 104.5956, -5.5347 ], [ 106.4326002, -5.99350487 ] ] ] } },
{ "type": "Feature", "properties": { "start_id": 1777, "end_id": 1782, "distance(k": 387.72250750872195, "from": "port", "to": "port", "transport_": "multimodal" }, "geometry": { "type": "MultiLineString", "coordinates": [ [ [ 105.7458, -10.4028 ], [ 106.4016585, -6.976711727 ] ] ] } },
{ "type": "Feature", "properties": { "start_id": 1777, "end_id": 1797, "distance(k": 469.86004603134472, "from": "port", "to": "port", "transport_": "multimodal" }, "geometry": { "type": "MultiLineString", "coordinates": [ [ [ 105.7458, -10.4028 ], [ 109.0445105, -7.711031169 ] ] ] } },
{ "type": "Feature", "properties": { "start_id": 1788, "end_id": 2800, "distance(k": 201.9338441173669, "from": "port", "to": "maritime", "transport_": "multimodal" }, "geometry": { "type": "MultiLineString", "coordinates": [ [ [ 107.6401, -2.75897 ], [ 107.369877110840989, -0.963129086041152 ] ] ] } },
{ "type": "Feature", "properties": { "start_id": 1790, "end_id": 2800, "distance(k": 233.56296869549337, "from": "port", "to": "maritime", "transport_": "multimodal" }, "geometry": { "type": "MultiLineString", "coordinates": [ [ [ 108.28931, -2.85196 ], [ 107.369877110840989, -0.963129086041152 ] ] ] } },
{ "type": "Feature", "properties": { "start_id": 1792, "end_id": 1797, "distance(k": 146.69570869117052, "from": "port", "to": "port", "transport_": "multimodal" }, "geometry": { "type": "MultiLineString", "coordinates": [ [ [ 108.4881396, -6.51283615 ], [ 109.0445105, -7.711031169 ] ] ] } },
{ "type": "Feature", "properties": { "start_id": 1799, "end_id": 1805, "distance(k": 112.50198732208501, "from": "port", "to": "port", "transport_": "multimodal" }, "geometry": { "type": "MultiLineString", "coordinates": [ [ [ 109.1833, 19.7333 ], [ 110.1842278, 20.10489816 ] ] ] } },
{ "type": "Feature", "properties": { "start_id": 1802, "end_id": 1809, "distance(k": 183.62876503622189, "from": "port", "to": "port", "transport_": "multimodal" }, "geometry": { "type": "MultiLineString", "coordinates": [ [ [ 109.45, 18.3167 ], [ 110.7480519, 19.42056569 ] ] ] } },
{ "type": "Feature", "properties": { "start_id": 1803, "end_id": 2574, "distance(k": 94.673141172909396, "from": "port", "to": "maritime", "transport_": "multimodal" }, "geometry": { "type": "MultiLineString", "coordinates": [ [ [ 109.6969, 21.5058 ], [ 108.921127465513649, 21.055948186680951 ] ] ] } },
{ "type": "Feature", "properties": { "start_id": 1811, "end_id": 2110, "distance(k": 268.27541334401974, "from": "port", "to": "country", "transport_": "multimodal" }, "geometry": { "type": "MultiLineString", "coordinates": [ [ [ 111.5368258, 2.212602641 ], [ 109.711998, 3.7938299 ] ] ] } },
{ "type": "Feature", "properties": { "start_id": 1813, "end_id": 1802, "distance(k": 349.96464208722563, "from": "port", "to": "port", "transport_": "multimodal" }, "geometry": { "type": "MultiLineString", "coordinates": [ [ [ 112.3644, 16.8378 ], [ 109.45, 18.3167 ] ] ] } },
{ "type": "Feature", "properties": { "start_id": 1815, "end_id": 2106, "distance(k": 235.04461403910034, "from": "port", "to": "country", "transport_": "multimodal" }, "geometry": { "type": "MultiLineString", "coordinates": [ [ [ 113.0311567, 3.300884259 ], [ 114.7610016, 4.5214801 ] ] ] } },
{ "type": "Feature", "properties": { "start_id": 1816, "end_id": 3027, "distance(k": 225.55967816106221, "from": "port", "to": "maritime", "transport_": "multimodal" }, "geometry": { "type": "MultiLineString", "coordinates": [ [ [ 113.4153, -26.13757 ], [ 112.783715286147185, -28.086632483779752 ] ] ] } },
{ "type": "Feature", "properties": { "start_id": 1819, "end_id": 1827, "distance(k": 146.24704706306633, "from": "port", "to": "port", "transport_": "multimodal" }, "geometry": { "type": "MultiLineString", "coordinates": [ [ [ 114.0618463, 4.523100267 ], [ 115.2553166, 5.084761772 ] ] ] } },
{ "type": "Feature", "properties": { "start_id": 1820, "end_id": 1829, "distance(k": 208.05768822100825, "from": "port", "to": "port", "transport_": "multimodal" }, "geometry": { "type": "MultiLineString", "coordinates": [ [ [ 114.1878726, -22.07386902 ], [ 115.5735726, -20.71867156 ] ] ] } },
{ "type": "Feature", "properties": { "start_id": 1822, "end_id": 2820, "distance(k": 215.91455669313783, "from": "port", "to": "maritime", "transport_": "multimodal" }, "geometry": { "type": "MultiLineString", "coordinates": [ [ [ 114.5255853, -3.523662099 ], [ 116.466289765992968, -3.390173450947668 ] ] ] } },
{ "type": "Feature", "properties": { "start_id": 1824, "end_id": 2843, "distance(k": 280.00155187123812, "from": "port", "to": "maritime", "transport_": "multimodal" }, "geometry": { "type": "MultiLineString", "coordinates": [ [ [ 114.6100792, -8.17354769 ], [ 113.709092130282272, -5.819554202736426 ] ] ] } },
{ "type": "Feature", "properties": { "start_id": 1825, "end_id": 2973, "distance(k": 265.15602457880618, "from": "port", "to": "maritime", "transport_": "multimodal" }, "geometry": { "type": "MultiLineString", "coordinates": [ [ [ 115.045297, -21.56130468 ], [ 113.022241158375962, -23.03888404602186 ] ] ] } },
{ "type": "Feature", "properties": { "start_id": 1833, "end_id": 2844, "distance(k": 324.12235103675027, "from": "port", "to": "maritime", "transport_": "multimodal" }, "geometry": { "type": "MultiLineString", "coordinates": [ [ [ 116.0636499, -8.662631471 ], [ 116.711981825215105, -5.819554202736426 ] ] ] } },
{ "type": "Feature", "properties": { "start_id": 1837, "end_id": 1848, "distance(k": 197.45776888028317, "from": "port", "to": "port", "transport_": "multimodal" }, "geometry": { "type": "MultiLineString", "coordinates": [ [ [ 116.6375307, 23.24796085 ], [ 118.0667, 24.45 ] ] ] } },
{ "type": "Feature", "properties": { "start_id": 1841, "end_id": 1856, "distance(k": 199.2659110778622, "from": "port", "to": "port", "transport_": "multimodal" }, "geometry": { "type": "MultiLineString", "coordinates": [ [ [ 117.4658, 8.5022 ], [ 118.7661, 9.7525 ] ] ] } },
{ "type": "Feature", "properties": { "start_id": 1841, "end_id": 2698, "distance(k": 301.90354934368946, "from": "port", "to": "maritime", "transport_": "multimodal" }, "geometry": { "type": "MultiLineString", "coordinates": [ [ [ 117.4658, 8.5022 ], [ 120.200029377654417, 8.755166711699014 ] ] ] } },
{ "type": "Feature", "properties": { "start_id": 1849, "end_id": 1867, "distance(k": 206.58085437355271, "from": "port", "to": "port", "transport_": "multimodal" }, "geometry": { "type": "MultiLineString", "coordinates": [ [ [ 118.1165736, 5.817704509 ], [ 119.6997, 4.8344 ] ] ] } },
{ "type": "Feature", "properties": { "start_id": 1854, "end_id": 2942, "distance(k": 304.25908373985374, "from": "port", "to": "maritime", "transport_": "multimodal" }, "geometry": { "type": "MultiLineString", "coordinates": [ [ [ 118.5833, -20.3167 ], [ 116.941310983801628, -18.062202158520233 ] ] ] } },
{ "type": "Feature", "properties": { "start_id": 1855, "end_id": 2845, "distance(k": 312.15250441637659, "from": "port", "to": "maritime", "transport_": "multimodal" }, "geometry": { "type": "MultiLineString", "coordinates": [ [ [ 118.71591, -8.44602 ], [ 119.714871520147952, -5.819554202736426 ] ] ] } },
{ "type": "Feature", "properties": { "start_id": 1862, "end_id": 2845, "distance(k": 139.82566405566524, "from": "port", "to": "maritime", "transport_": "multimodal" }, "geometry": { "type": "MultiLineString", "coordinates": [ [ [ 119.5371587, -4.574588118 ], [ 119.714871520147952, -5.819554202736426 ] ] ] } },
{ "type": "Feature", "properties": { "start_id": 1868, "end_id": 608, "distance(k": 240.59179022101506, "from": "port", "to": "road", "transport_": "multimodal" }, "geometry": { "type": "MultiLineString", "coordinates": [ [ [ 119.7853904, -0.674449437 ], [ 119.840647114752628, -2.83743844333639 ] ] ] } },
{ "type": "Feature", "properties": { "start_id": 1869, "end_id": 1892, "distance(k": 234.43596756158823, "from": "port", "to": "port", "transport_": "multimodal" }, "geometry": { "type": "MultiLineString", "coordinates": [ [ [ 119.9664, -5.5514 ], [ 121.5897198, -4.198972515 ] ] ] } },
{ "type": "Feature", "properties": { "start_id": 1870, "end_id": 1887, "distance(k": 142.57369249236234, "from": "port", "to": "port", "transport_": "multimodal" }, "geometry": { "type": "MultiLineString", "coordinates": [ [ [ 120.1016397, 37.57710755 ], [ 121.2669, 36.6933 ] ] ] } },
{ "type": "Feature", "properties": { "start_id": 1882, "end_id": 1890, "distance(k": 224.40783945581651, "from": "port", "to": "port", "transport_": "multimodal" }, "geometry": { "type": "MultiLineString", "coordinates": [ [ [ 120.9811269, 14.0329984 ], [ 121.3836, 12.0533 ] ] ] } },
{ "type": "Feature", "properties": { "start_id": 1883, "end_id": 2751, "distance(k": 291.75275950500156, "from": "port", "to": "maritime", "transport_": "multimodal" }, "geometry": { "type": "MultiLineString", "coordinates": [ [ [ 121.0, 6.05 ], [ 119.5038223238342, 3.890641497345556 ] ] ] } },
{ "type": "Feature", "properties": { "start_id": 1890, "end_id": 1906, "distance(k": 142.04290399400938, "from": "port", "to": "port", "transport_": "multimodal" }, "geometry": { "type": "MultiLineString", "coordinates": [ [ [ 121.3836, 12.0533 ], [ 122.6023266, 11.59624974 ] ] ] } },
{ "type": "Feature", "properties": { "start_id": 1892, "end_id": 2821, "distance(k": 131.90642364156113, "from": "port", "to": "maritime", "transport_": "multimodal" }, "geometry": { "type": "MultiLineString", "coordinates": [ [ [ 121.5897198, -4.198972515 ], [ 122.459426303921305, -3.390173450947668 ] ] ] } },
{ "type": "Feature", "properties": { "start_id": 1893, "end_id": 1903, "distance(k": 82.584329889568423, "from": "port", "to": "port", "transport_": "multimodal" }, "geometry": { "type": "MultiLineString", "coordinates": [ [ [ 121.634628, 38.91495802 ], [ 122.3839, 39.3775 ] ] ] } },
{ "type": "Feature", "properties": { "start_id": 1894, "end_id": 2602, "distance(k": 149.81527603011875, "from": "port", "to": "maritime", "transport_": "multimodal" }, "geometry": { "type": "MultiLineString", "coordinates": [ [ [ 121.6507, 18.35633 ], [ 120.248622815984305, 18.572322382883915 ] ] ] } },
{ "type": "Feature", "properties": { "start_id": 1895, "end_id": 1914, "distance(k": 256.41091702739806, "from": "port", "to": "port", "transport_": "multimodal" }, "geometry": { "type": "MultiLineString", "coordinates": [ [ [ 121.662, -8.85255 ], [ 123.5833, -10.1667 ] ] ] } },
{ "type": "Feature", "properties": { "start_id": 1897, "end_id": 3112, "distance(k": 351.94985032193051, "from": "port", "to": "maritime", "transport_": "multimodal" }, "geometry": { "type": "MultiLineString", "coordinates": [ [ [ 121.9, -33.8667 ], [ 118.881856161213022, -35.83794108896884 ] ] ] } },
{ "type": "Feature", "properties": { "start_id": 1898, "end_id": 2699, "distance(k": 257.54687674964327, "from": "port", "to": "maritime", "transport_": "multimodal" }, "geometry": { "type": "MultiLineString", "coordinates": [ [ [ 122.0002647, 6.776286579 ], [ 123.215088617709128, 8.755166711699014 ] ] ] } },
{ "type": "Feature", "properties": { "start_id": 1904, "end_id": 1893, "distance(k": 211.12584225356946, "from": "port", "to": "port", "transport_": "multimodal" }, "geometry": { "type": "MultiLineString", "coordinates": [ [ [ 122.4622481, 37.13167366 ], [ 121.634628, 38.91495802 ] ] ] } },
{ "type": "Feature", "properties": { "start_id": 1912, "end_id": 1913, "distance(k": 237.05815430352826, "from": "port", "to": "port", "transport_": "multimodal" }, "geometry": { "type": "MultiLineString", "coordinates": [ [ [ 123.06938, 0.49764 ], [ 123.49923, -1.5905 ] ] ] } },
{ "type": "Feature", "properties": { "start_id": 1922, "end_id": 1937, "distance(k": 315.81540132854599, "from": "port", "to": "port", "transport_": "multimodal" }, "geometry": { "type": "MultiLineString", "coordinates": [ [ [ 125.2833, 24.8 ], [ 127.8734368, 26.41615252 ] ] ] } },
{ "type": "Feature", "properties": { "start_id": 1922, "end_id": 1896, "distance(k": 358.62581141538408, "from": "port", "to": "port", "transport_": "multimodal" }, "geometry": { "type": "MultiLineString", "coordinates": [ [ [ 125.2833, 24.8 ], [ 121.7445592, 24.55034354 ] ] ] } },
{ "type": "Feature", "properties": { "start_id": 1923, "end_id": 2726, "distance(k": 102.50177050828779, "from": "port", "to": "maritime", "transport_": "multimodal" }, "geometry": { "type": "MultiLineString", "coordinates": [ [ [ 125.3681, 5.5014 ], [ 125.792829574005694, 6.320713330752366 ] ] ] } },
{ "type": "Feature", "properties": { "start_id": 1924, "end_id": 1926, "distance(k": 95.379016814706858, "from": "port", "to": "port", "transport_": "multimodal" }, "geometry": { "type": "MultiLineString", "coordinates": [ [ [ 125.3840047, 6.24066122 ], [ 125.6167, 7.0667 ] ] ] } },
{ "type": "Feature", "properties": { "start_id": 1929, "end_id": 2471, "distance(k": 130.11039366024596, "from": "port", "to": "maritime", "transport_": "multimodal" }, "geometry": { "type": "MultiLineString", "coordinates": [ [ [ 126.3838309, 34.77178174 ], [ 127.099150464359866, 33.761971999546539 ] ] ] } },
{ "type": "Feature", "properties": { "start_id": 1934, "end_id": 1936, "distance(k": 298.45409390773347, "from": "port", "to": "port", "transport_": "multimodal" }, "geometry": { "type": "MultiLineString", "coordinates": [ [ [ 127.2428423, -3.30069114 ], [ 127.47193, -0.62641 ] ] ] } },
{ "type": "Feature", "properties": { "start_id": 1937, "end_id": 2524, "distance(k": 550.9145304178378, "from": "port", "to": "maritime", "transport_": "multimodal" }, "geometry": { "type": "MultiLineString", "coordinates": [ [ [ 127.8734368, 26.41615252 ], [ 122.86465899438474, 28.6116543300115 ] ] ] } },
{ "type": "Feature", "properties": { "start_id": 1939, "end_id": 1948, "distance(k": 446.44379257917967, "from": "port", "to": "port", "transport_": "multimodal" }, "geometry": { "type": "MultiLineString", "coordinates": [ [ [ 128.1, -15.4667 ], [ 130.85, -12.4667 ] ] ] } },
{ "type": "Feature", "properties": { "start_id": 1940, "end_id": 2822, "distance(k": 302.60271616812935, "from": "port", "to": "maritime", "transport_": "multimodal" }, "geometry": { "type": "MultiLineString", "coordinates": [ [ [ 128.1667, -3.6833 ], [ 125.455994572885473, -3.390173450947668 ] ] ] } },
{ "type": "Feature", "properties": { "start_id": 1943, "end_id": 2102, "distance(k": 174.03566404809041, "from": "port", "to": "country", "transport_": "multimodal" }, "geometry": { "type": "MultiLineString", "coordinates": [ [ [ 129.1280203, 37.53909857 ], [ 127.8290024, 36.3676987 ] ] ] } },
{ "type": "Feature", "properties": { "start_id": 1951, "end_id": 1955, "distance(k": 246.73412160303494, "from": "port", "to": "port", "transport_": "multimodal" }, "geometry": { "type": "MultiLineString", "coordinates": [ [ [ 131.12411, -1.040766942 ], [ 132.2833, -2.9333 ] ] ] } },
{ "type": "Feature", "properties": { "start_id": 1954, "end_id": 1960, "distance(k": 182.22086488952954, "from": "port", "to": "port", "transport_": "multimodal" }, "geometry": { "type": "MultiLineString", "coordinates": [ [ [ 132.0833, 34.9 ], [ 133.3223, 36.19203 ] ] ] } },
{ "type": "Feature", "properties": { "start_id": 1966, "end_id": 1972, "distance(k": 156.80226552076419, "from": "port", "to": "port", "transport_": "multimodal" }, "geometry": { "type": "MultiLineString", "coordinates": [ [ [ 135.452444, 35.50486084 ], [ 136.9028552, 34.74243786 ] ] ] } },
{ "type": "Feature", "properties": { "start_id": 1971, "end_id": 2101, "distance(k": 133.45229931986708, "from": "port", "to": "country", "transport_": "multimodal" }, "geometry": { "type": "MultiLineString", "coordinates": [ [ [ 136.8883887, 36.70841717 ], [ 137.973999, 37.5397987 ] ] ] } },
{ "type": "Feature", "properties": { "start_id": 1980, "end_id": 1987, "distance(k": 202.02939655988658, "from": "port", "to": "port", "transport_": "multimodal" }, "geometry": { "type": "MultiLineString", "coordinates": [ [ [ 139.345445899999987, 34.92698486 ], [ 140.7443735, 36.34423888 ] ] ] } },
{ "type": "Feature", "properties": { "start_id": 1981, "end_id": 1988, "distance(k": 147.44923864397214, "from": "port", "to": "port", "transport_": "multimodal" }, "geometry": { "type": "MultiLineString", "coordinates": [ [ [ 139.4553, 42.1783 ], [ 140.7618013, 43.09188064 ] ] ] } },
{ "type": "Feature", "properties": { "start_id": 1985, "end_id": 2003, "distance(k": 249.30947921403799, "from": "port", "to": "port", "transport_": "multimodal" }, "geometry": { "type": "MultiLineString", "coordinates": [ [ [ 140.260888599999987, 49.03187011 ], [ 142.1561, 50.9139 ] ] ] } },
{ "type": "Feature", "properties": { "start_id": 1986, "end_id": 2098, "distance(k": 304.35829212901535, "from": "port", "to": "country", "transport_": "multimodal" }, "geometry": { "type": "MultiLineString", "coordinates": [ [ [ 140.39086, -8.47877 ], [ 143.0690002, -7.7979898 ] ] ] } },
{ "type": "Feature", "properties": { "start_id": 1989, "end_id": 1990, "distance(k": 185.23068894275403, "from": "port", "to": "port", "transport_": "multimodal" }, "geometry": { "type": "MultiLineString", "coordinates": [ [ [ 140.7722, 53.1481 ], [ 140.796516200000013, 51.48234669 ] ] ] } },
{ "type": "Feature", "properties": { "start_id": 1993, "end_id": 2010, "distance(k": 309.10553395840378, "from": "port", "to": "port", "transport_": "multimodal" }, "geometry": { "type": "MultiLineString", "coordinates": [ [ [ 141.0094267, -2.610073382 ], [ 143.6257, -3.56017 ] ] ] } },
{ "type": "Feature", "properties": { "start_id": 1995, "end_id": 2005, "distance(k": 245.43049998343554, "from": "port", "to": "port", "transport_": "multimodal" }, "geometry": { "type": "MultiLineString", "coordinates": [ [ [ 141.5173, 52.21223 ], [ 142.6394, 54.315 ] ] ] } },
{ "type": "Feature", "properties": { "start_id": 1996, "end_id": 1997, "distance(k": 146.4103599128911, "from": "port", "to": "port", "transport_": "multimodal" }, "geometry": { "type": "MultiLineString", "coordinates": [ [ [ 141.6333, 42.6333 ], [ 141.6333, 43.95 ] ] ] } },
{ "type": "Feature", "properties": { "start_id": 1999, "end_id": 2886, "distance(k": 400.92287991900764, "from": "port", "to": "maritime", "transport_": "multimodal" }, "geometry": { "type": "MultiLineString", "coordinates": [ [ [ 141.8667, -12.6667 ], [ 138.785891432869761, -10.69212818981817 ] ] ] } },
{ "type": "Feature", "properties": { "start_id": 2006, "end_id": 2002, "distance(k": 307.93388745645399, "from": "port", "to": "port", "transport_": "multimodal" }, "geometry": { "type": "MultiLineString", "coordinates": [ [ [ 142.7667, 46.6167 ], [ 142.105689399999989, 49.35047591 ] ] ] } },
{ "type": "Feature", "properties": { "start_id": 2008, "end_id": 2013, "distance(k": 188.13282613759139, "from": "port", "to": "port", "transport_": "multimodal" }, "geometry": { "type": "MultiLineString", "coordinates": [ [ [ 143.2023, -9.06877 ], [ 144.6067, -8.1022 ] ] ] } },
{ "type": "Feature", "properties": { "start_id": 2011, "end_id": 2020, "distance(k": 129.16339381699535, "from": "port", "to": "port", "transport_": "multimodal" }, "geometry": { "type": "MultiLineString", "coordinates": [ [ [ 144.2833, 44.0167 ], [ 145.5757, 43.32713 ] ] ] } },
{ "type": "Feature", "properties": { "start_id": 2017, "end_id": 2658, "distance(k": 260.11678884433758, "from": "port", "to": "maritime", "transport_": "multimodal" }, "geometry": { "type": "MultiLineString", "coordinates": [ [ [ 145.1436, 14.13943 ], [ 142.788429546478994, 13.644203112651439 ] ] ] } },
{ "type": "Feature", "properties": { "start_id": 2018, "end_id": 2022, "distance(k": 222.9855639995591, "from": "port", "to": "port", "transport_": "multimodal" }, "geometry": { "type": "MultiLineString", "coordinates": [ [ [ 145.3521, -14.95467 ], [ 145.7833, -16.9167 ] ] ] } },
{ "type": "Feature", "properties": { "start_id": 2019, "end_id": 2029, "distance(k": 281.84259986885149, "from": "port", "to": "port", "transport_": "multimodal" }, "geometry": { "type": "MultiLineString", "coordinates": [ [ [ 145.372756399999986, -40.81146298 ], [ 147.3333, -42.8833 ] ] ] } },
{ "type": "Feature", "properties": { "start_id": 2019, "end_id": 2016, "distance(k": 302.43770643672252, "from": "port", "to": "port", "transport_": "multimodal" }, "geometry": { "type": "MultiLineString", "coordinates": [ [ [ 145.372756399999986, -40.81146298 ], [ 145.0811823, -38.10090306 ] ] ] } },
{ "type": "Feature", "properties": { "start_id": 2026, "end_id": 2029, "distance(k": 200.2662388245428, "from": "port", "to": "port", "transport_": "multimodal" }, "geometry": { "type": "MultiLineString", "coordinates": [ [ [ 146.6661109, -41.15179726 ], [ 147.3333, -42.8833 ] ] ] } },
{ "type": "Feature", "properties": { "start_id": 2030, "end_id": 2036, "distance(k": 385.23742587802292, "from": "port", "to": "port", "transport_": "multimodal" }, "geometry": { "type": "MultiLineString", "coordinates": [ [ [ 147.3709283, -1.997959531 ], [ 150.7885, -2.58267 ] ] ] } },
{ "type": "Feature", "properties": { "start_id": 2030, "end_id": 2023, "distance(k": 406.95399087313615, "from": "port", "to": "port", "transport_": "multimodal" }, "geometry": { "type": "MultiLineString", "coordinates": [ [ [ 147.3709283, -1.997959531 ], [ 146.019017, -5.40013607 ] ] ] } },
{ "type": "Feature", "properties": { "start_id": 2031, "end_id": 2034, "distance(k": 415.00363324331437, "from": "port", "to": "port", "transport_": "multimodal" }, "geometry": { "type": "MultiLineString", "coordinates": [ [ [ 148.4869, -8.89757 ], [ 150.1501, -5.54977 ] ] ] } },
{ "type": "Feature", "properties": { "start_id": 2033, "end_id": 2040, "distance(k": 417.81736489618265, "from": "port", "to": "port", "transport_": "multimodal" }, "geometry": { "type": "MultiLineString", "coordinates": [ [ [ 149.9167, -37.0667 ], [ 151.5157816, -33.54287477 ] ] ] } },
{ "type": "Feature", "properties": { "start_id": 2035, "end_id": 2867, "distance(k": 382.75309777029383, "from": "port", "to": "maritime", "transport_": "multimodal" }, "geometry": { "type": "MultiLineString", "coordinates": [ [ [ 150.45, -10.3167 ], [ 153.241667083679374, -8.252964051334699 ] ] ] } },
{ "type": "Feature", "properties": { "start_id": 2037, "end_id": 2048, "distance(k": 549.00644057120473, "from": "port", "to": "port", "transport_": "multimodal" }, "geometry": { "type": "MultiLineString", "coordinates": [ [ [ 150.9734271, 59.58111926 ], [ 155.4931, 55.2819 ] ] ] } },
{ "type": "Feature", "properties": { "start_id": 2037, "end_id": 2050, "distance(k": 726.82069717265063, "from": "port", "to": "port", "transport_": "multimodal" }, "geometry": { "type": "MultiLineString", "coordinates": [ [ [ 150.9734271, 59.58111926 ], [ 156.0433, 53.6647 ] ] ] } },
{ "type": "Feature", "properties": { "start_id": 2038, "end_id": 2825, "distance(k": 264.78935829783603, "from": "port", "to": "maritime", "transport_": "multimodal" }, "geometry": { "type": "MultiLineString", "coordinates": [ [ [ 151.00915, -5.30783 ], [ 152.425108993562986, -3.390173450947668 ] ] ] } },
{ "type": "Feature", "properties": { "start_id": 2039, "end_id": 2974, "distance(k": 293.47985546082833, "from": "port", "to": "maritime", "transport_": "multimodal" }, "geometry": { "type": "MultiLineString", "coordinates": [ [ [ 151.25, -23.85 ], [ 153.987677506458056, -23.03888404602186 ] ] ] } },
{ "type": "Feature", "properties": { "start_id": 2041, "end_id": 2756, "distance(k": 712.44910127251512, "from": "port", "to": "maritime", "transport_": "multimodal" }, "geometry": { "type": "MultiLineString", "coordinates": [ [ [ 151.83988, 7.4455 ], [ 146.482184561046978, 3.890641497345556 ] ] ] } },
{ "type": "Feature", "properties": { "start_id": 2045, "end_id": 2279, "distance(k": 390.40214365291121, "from": "port", "to": "maritime", "transport_": "multimodal" }, "geometry": { "type": "MultiLineString", "coordinates": [ [ [ 153.0425, 48.0133 ], [ 157.383985600934494, 50.071105542797362 ] ] ] } },
{ "type": "Feature", "properties": { "start_id": 2048, "end_id": 2054, "distance(k": 322.15150004124195, "from": "port", "to": "port", "transport_": "multimodal" }, "geometry": { "type": "MultiLineString", "coordinates": [ [ [ 155.4931, 55.2819 ], [ 158.65, 53.05 ] ] ] } },
{ "type": "Feature", "properties": { "start_id": 2051, "end_id": 2055, "distance(k": 276.61482146744191, "from": "port", "to": "port", "transport_": "multimodal" }, "geometry": { "type": "MultiLineString", "coordinates": [ [ [ 156.4077, -6.68667 ], [ 158.6565, -7.78747 ] ] ] } },
{ "type": "Feature", "properties": { "start_id": 2053, "end_id": 2783, "distance(k": 897.59043380463311, "from": "port", "to": "maritime", "transport_": "multimodal" }, "geometry": { "type": "MultiLineString", "coordinates": [ [ [ 158.20214, 6.98029 ], [ 152.291138709291175, 1.463252960218705 ] ] ] } },
{ "type": "Feature", "properties": { "start_id": 2056, "end_id": 2889, "distance(k": 389.27821566883375, "from": "port", "to": "maritime", "transport_": "multimodal" }, "geometry": { "type": "MultiLineString", "coordinates": [ [ [ 160.2231803, -9.346598121 ], [ 156.941066208238027, -10.69212818981817 ] ] ] } },
{ "type": "Feature", "properties": { "start_id": 2057, "end_id": 2889, "distance(k": 530.54719266137965, "from": "port", "to": "maritime", "transport_": "multimodal" }, "geometry": { "type": "MultiLineString", "coordinates": [ [ [ 161.78604, -10.41038 ], [ 156.941066208238027, -10.69212818981817 ] ] ] } },
{ "type": "Feature", "properties": { "start_id": 2060, "end_id": 2064, "distance(k": 789.06826891478045, "from": "port", "to": "port", "transport_": "multimodal" }, "geometry": { "type": "MultiLineString", "coordinates": [ [ [ 162.95701, 5.35165 ], [ 166.9347823, -0.528504741 ] ] ] } },
{ "type": "Feature", "properties": { "start_id": 2062, "end_id": 2059, "distance(k": 510.43159972339868, "from": "port", "to": "port", "transport_": "multimodal" }, "geometry": { "type": "MultiLineString", "coordinates": [ [ [ 166.3794, 60.35 ], [ 162.5117, 56.2322 ] ] ] } },
{ "type": "Feature", "properties": { "start_id": 2063, "end_id": 2067, "distance(k": 534.45585534734221, "from": "port", "to": "port", "transport_": "multimodal" }, "geometry": { "type": "MultiLineString", "coordinates": [ [ [ 166.65827, -22.30821527 ], [ 168.2967, -17.7547 ] ] ] } },
{ "type": "Feature", "properties": { "start_id": 2064, "end_id": 2079, "distance(k": 739.60657446153164, "from": "port", "to": "port", "transport_": "multimodal" }, "geometry": { "type": "MultiLineString", "coordinates": [ [ [ 166.9347823, -0.528504741 ], [ 173.5481, 0.1833 ] ] ] } },
{ "type": "Feature", "properties": { "start_id": 2066, "end_id": 2073, "distance(k": 383.44348756521185, "from": "port", "to": "port", "transport_": "multimodal" }, "geometry": { "type": "MultiLineString", "coordinates": [ [ [ 167.73667, 8.73203 ], [ 171.22527, 8.70441 ] ] ] } },
{ "type": "Feature", "properties": { "start_id": 2069, "end_id": 2085, "distance(k": 716.87096277810952, "from": "port", "to": "port", "transport_": "multimodal" }, "geometry": { "type": "MultiLineString", "coordinates": [ [ [ 169.53438, -0.86506 ], [ 175.9667, -1.3167 ] ] ] } },
{ "type": "Feature", "properties": { "start_id": 2070, "end_id": 2075, "distance(k": 492.71933941757629, "from": "port", "to": "port", "transport_": "multimodal" }, "geometry": { "type": "MultiLineString", "coordinates": [ [ [ 169.7303, 11.2031 ], [ 171.3833, 7.0833 ] ] ] } },
{ "type": "Feature", "properties": { "start_id": 2076, "end_id": 2078, "distance(k": 260.89166602089585, "from": "port", "to": "port", "transport_": "multimodal" }, "geometry": { "type": "MultiLineString", "coordinates": [ [ [ 172.711306400000012, -43.57687336 ], [ 173.2667, -41.2667 ] ] ] } },
{ "type": "Feature", "properties": { "start_id": 2080, "end_id": 2084, "distance(k": 61.422771608706405, "from": "port", "to": "port", "transport_": "multimodal" }, "geometry": { "type": "MultiLineString", "coordinates": [ [ [ 174.0483, -41.2947 ], [ 174.7833, -41.2833 ] ] ] } },
{ "type": "Feature", "properties": { "start_id": 2081, "end_id": 2083, "distance(k": 113.64272545242885, "from": "port", "to": "port", "transport_": "multimodal" }, "geometry": { "type": "MultiLineString", "coordinates": [ [ [ 174.0983, -39.0442 ], [ 174.732, -38.1502 ] ] ] } },
{ "type": "Feature", "properties": { "start_id": 2081, "end_id": 3138, "distance(k": 238.26590194571796, "from": "port", "to": "maritime", "transport_": "multimodal" }, "geometry": { "type": "MultiLineString", "coordinates": [ [ [ 174.0983, -39.0442 ], [ 174.507726272274851, -41.163977832468724 ] ] ] } },
{ "type": "Feature", "properties": { "start_id": 2088, "end_id": 2092, "distance(k": 152.6159307912599, "from": "port", "to": "port", "transport_": "multimodal" }, "geometry": { "type": "MultiLineString", "coordinates": [ [ [ 177.4195369, -17.64109731 ], [ 178.68772, -16.99455 ] ] ] } },
{ "type": "Feature", "properties": { "start_id": 2093, "end_id": 2088, "distance(k": 1034.5799845116874, "from": "port", "to": "port", "transport_": "multimodal" }, "geometry": { "type": "MultiLineString", "coordinates": [ [ [ 179.1897, -8.49767 ], [ 177.4195369, -17.64109731 ] ] ] } },
{ "type": "Feature", "properties": { "start_id": 2125, "end_id": 1207, "distance(k": 715.65867546628624, "from": "country", "to": "port", "transport_": "multimodal" }, "geometry": { "type": "MultiLineString", "coordinates": [ [ [ -41.3917999, 74.7173996 ], [ -51.13860797, 69.01982718 ] ] ] } },
{ "type": "Feature", "properties": { "start_id": 2145, "end_id": 2611, "distance(k": 228.85745113887879, "from": "country", "to": "maritime", "transport_": "multimodal" }, "geometry": { "type": "MultiLineString", "coordinates": [ [ [ -77.3197021, 18.1513004 ], [ -77.115351628024456, 16.102420527566085 ] ] ] } },
{ "type": "Feature", "properties": { "start_id": 2153, "end_id": 2469, "distance(k": 142.74771467221336, "from": "country", "to": "maritime", "transport_": "multimodal" }, "geometry": { "type": "MultiLineString", "coordinates": [ [ [ 33.2186012, 35.0429993 ], [ 33.117110713731485, 33.761971999546539 ] ] ] } },
{ "type": "Feature", "properties": { "start_id": 2178, "end_id": 1479, "distance(k": 169.29456052619798, "from": "country", "to": "port", "transport_": "multimodal" }, "geometry": { "type": "MultiLineString", "coordinates": [ [ [ 15.3767996, 68.8022995 ], [ 19.19194254, 69.49125944 ] ] ] } },
{ "type": "Feature", "properties": { "start_id": 2204, "end_id": 1572, "distance(k": 428.26091515695867, "from": "country", "to": "port", "transport_": "multimodal" }, "geometry": { "type": "MultiLineString", "coordinates": [ [ [ 29.8722992, 26.4941006 ], [ 34.17268781, 26.39672483 ] ] ] } },
{ "type": "Feature", "properties": { "start_id": 2227, "end_id": 1603, "distance(k": 486.43876508898961, "from": "country", "to": "port", "transport_": "multimodal" }, "geometry": { "type": "MultiLineString", "coordinates": [ [ [ 34.8233986, -6.2701998 ], [ 39.22323845, -6.390317324 ] ] ] } },
{ "type": "Feature", "properties": { "start_id": 2236, "end_id": 1114, "distance(k": 4004.5525225779179, "from": "country", "to": "port", "transport_": "multimodal" }, "geometry": { "type": "MultiLineString", "coordinates": [ [ [ 21.3115997, -80.4406967 ], [ -67.6101, -54.92937 ] ] ] } },
{ "type": "Feature", "properties": { "start_id": 2241, "end_id": 1326, "distance(k": 185.12498791193389, "from": "maritime", "to": "port", "transport_": "multimodal" }, "geometry": { "type": "MultiLineString", "coordinates": [ [ [ -0.605730943990557, 59.002172697018793 ], [ -2.509764221, 57.67052721 ] ] ] } },
{ "type": "Feature", "properties": { "start_id": 2246, "end_id": 1391, "distance(k": 322.60698047572293, "from": "maritime", "to": "port", "transport_": "multimodal" }, "geometry": { "type": "MultiLineString", "coordinates": [ [ [ 3.729397329747833, 55.943425022583448 ], [ 8.741617436, 56.78880225 ] ] ] } },
{ "type": "Feature", "properties": { "start_id": 2250, "end_id": 2261, "distance(k": 328.36702113476844, "from": "maritime", "to": "maritime", "transport_": "multimodal" }, "geometry": { "type": "MultiLineString", "coordinates": [ [ [ -177.275844550940036, 52.970591630113567 ], [ -178.176443217318422, 50.071105542797362 ] ] ] } },
{ "type": "Feature", "properties": { "start_id": 2250, "end_id": 2262, "distance(k": 385.14333416540597, "from": "maritime", "to": "maritime", "transport_": "multimodal" }, "geometry": { "type": "MultiLineString", "coordinates": [ [ [ -177.275844550940036, 52.970591630113567 ], [ -174.228673466515431, 50.071105542797362 ] ] ] } },
{ "type": "Feature", "properties": { "start_id": 2258, "end_id": 2168, "distance(k": 159.10960886834042, "from": "maritime", "to": "country", "transport_": "multimodal" }, "geometry": { "type": "MultiLineString", "coordinates": [ [ [ 3.56149458325243, 52.970591630113567 ], [ 5.6009998, 52.2536011 ] ] ] } },
{ "type": "Feature", "properties": { "start_id": 2399, "end_id": 1388, "distance(k": 201.18585009766079, "from": "maritime", "to": "port", "transport_": "multimodal" }, "geometry": { "type": "MultiLineString", "coordinates": [ [ [ 6.536238855307742, 39.032002689525108 ], [ 8.588386, 39.906182 ] ] ] } },
{ "type": "Feature", "properties": { "start_id": 2404, "end_id": 1978, "distance(k": 238.24142607167505, "from": "maritime", "to": "port", "transport_": "multimodal" }, "geometry": { "type": "MultiLineString", "coordinates": [ [ [ 136.10148095521879, 39.032002689525108 ], [ 138.5613, 38.08793 ] ] ] } },
{ "type": "Feature", "properties": { "start_id": 2434, "end_id": 1444, "distance(k": 208.44900320152277, "from": "maritime", "to": "port", "transport_": "multimodal" }, "geometry": { "type": "MultiLineString", "coordinates": [ [ [ 16.664763663488831, 36.38019468571062 ], [ 14.40336989, 35.95413381 ] ] ] } },
{ "type": "Feature", "properties": { "start_id": 2435, "end_id": 1488, "distance(k": 257.90663057274861, "from": "maritime", "to": "port", "transport_": "multimodal" }, "geometry": { "type": "MultiLineString", "coordinates": [ [ [ 20.089107725449107, 36.38019468571062 ], [ 20.66031649, 38.65494116 ] ] ] } },
{ "type": "Feature", "properties": { "start_id": 2464, "end_id": 1293, "distance(k": 279.12107567118557, "from": "maritime", "to": "port", "transport_": "multimodal" }, "geometry": { "type": "MultiLineString", "coordinates": [ [ [ -10.517407741917401, 33.761971999546539 ], [ -7.503151033, 33.64601884 ] ] ] } },
{ "type": "Feature", "properties": { "start_id": 2494, "end_id": 1262, "distance(k": 308.29048268728138, "from": "maritime", "to": "port", "transport_": "multimodal" }, "geometry": { "type": "MultiLineString", "coordinates": [ [ [ -16.924722636008163, 31.173574779410764 ], [ -16.2333, 28.4667 ] ] ] } },
{ "type": "Feature", "properties": { "start_id": 2497, "end_id": 1889, "distance(k": 332.68539212408564, "from": "maritime", "to": "port", "transport_": "multimodal" }, "geometry": { "type": "MultiLineString", "coordinates": [ [ [ 124.844260601812849, 31.173574779410764 ], [ 121.3468469, 31.22940971 ] ] ] } },
{ "type": "Feature", "properties": { "start_id": 2510, "end_id": 1008, "distance(k": 406.0179985924355, "from": "maritime", "to": "port", "transport_": "multimodal" }, "geometry": { "type": "MultiLineString", "coordinates": [ [ [ -75.060499835659044, 28.6116543300115 ], [ -78.4764811, 26.56976796 ] ] ] } },
{ "type": "Feature", "properties": { "start_id": 2545, "end_id": 898, "distance(k": 312.45723076377033, "from": "maritime", "to": "port", "transport_": "multimodal" }, "geometry": { "type": "MultiLineString", "coordinates": [ [ [ -95.184883629681167, 23.555465493916248 ], [ -97.8667, 22.2167 ] ] ] } },
{ "type": "Feature", "properties": { "start_id": 2565, "end_id": 2146, "distance(k": 318.69021180022975, "from": "maritime", "to": "country", "transport_": "multimodal" }, "geometry": { "type": "MultiLineString", "coordinates": [ [ [ -66.019668530466632, 21.055948186680951 ], [ -66.4661026, 18.2208996 ] ] ] } },
{ "type": "Feature", "properties": { "start_id": 2571, "end_id": 1691, "distance(k": 319.27410095584264, "from": "maritime", "to": "port", "transport_": "multimodal" }, "geometry": { "type": "MultiLineString", "coordinates": [ [ [ 62.06198568087607, 21.055948186680951 ], [ 59.46720681, 22.61920379 ] ] ] } },
{ "type": "Feature", "properties": { "start_id": 2577, "end_id": 1894, "distance(k": 301.17970057035353, "from": "maritime", "to": "port", "transport_": "multimodal" }, "geometry": { "type": "MultiLineString", "coordinates": [ [ [ 121.416898608083656, 21.055948186680951 ], [ 121.6507, 18.35633 ] ] ] } },
{ "type": "Feature", "properties": { "start_id": 2600, "end_id": 1698, "distance(k": 252.17403527890144, "from": "maritime", "to": "port", "transport_": "multimodal" }, "geometry": { "type": "MultiLineString", "coordinates": [ [ [ 70.746476470838786, 18.572322382883915 ], [ 70.52130216, 20.83024972 ] ] ] } },
{ "type": "Feature", "properties": { "start_id": 2665, "end_id": 2141, "distance(k": 316.72687826661127, "from": "maritime", "to": "country", "transport_": "multimodal" }, "geometry": { "type": "MultiLineString", "coordinates": [ [ [ -79.159238711714934, 11.195735316089518 ], [ -80.1091003, 8.5054398 ] ] ] } },
{ "type": "Feature", "properties": { "start_id": 2669, "end_id": 2668, "distance(k": 330.40270033389095, "from": "maritime", "to": "maritime", "transport_": "multimodal" }, "geometry": { "type": "MultiLineString", "coordinates": [ [ [ -57.955960628260044, 11.195735316089518 ], [ -60.985000354467878, 11.195735316089518 ] ] ] } },
{ "type": "Feature", "properties": { "start_id": 2715, "end_id": 1276, "distance(k": 352.63374297511069, "from": "maritime", "to": "port", "transport_": "multimodal" }, "geometry": { "type": "MultiLineString", "coordinates": [ [ [ -15.424014896885186, 6.320713330752366 ], [ -13.14110576, 8.541841222 ] ] ] } },
{ "type": "Feature", "properties": { "start_id": 2727, "end_id": 1928, "distance(k": 291.12640939981702, "from": "maritime", "to": "port", "transport_": "multimodal" }, "geometry": { "type": "MultiLineString", "coordinates": [ [ [ 128.797443286152316, 6.320713330752366 ], [ 126.23625, 6.93925 ] ] ] } },
{ "type": "Feature", "properties": { "start_id": 2743, "end_id": 1351, "distance(k": 274.38536573740782, "from": "maritime", "to": "port", "transport_": "multimodal" }, "geometry": { "type": "MultiLineString", "coordinates": [ [ [ 2.597585962578745, 3.890641497345556 ], [ 2.4172, 6.3517 ] ] ] } },
{ "type": "Feature", "properties": { "start_id": 2785, "end_id": 995, "distance(k": 203.66445205804104, "from": "maritime", "to": "port", "transport_": "multimodal" }, "geometry": { "type": "MultiLineString", "coordinates": [ [ [ -81.226490327406026, -0.963129086041152 ], [ -79.9073975, -2.234416979 ] ] ] } },
{ "type": "Feature", "properties": { "start_id": 2803, "end_id": 2044, "distance(k": 376.36395501724439, "from": "maritime", "to": "port", "transport_": "multimodal" }, "geometry": { "type": "MultiLineString", "coordinates": [ [ [ 152.273774119947404, -0.963129086041152 ], [ 152.5756, -4.3344 ] ] ] } },
{ "type": "Feature", "properties": { "start_id": 2822, "end_id": 1913, "distance(k": 295.45658510325137, "from": "maritime", "to": "port", "transport_": "multimodal" }, "geometry": { "type": "MultiLineString", "coordinates": [ [ [ 125.455994572885473, -3.390173450947668 ], [ 123.49923, -1.5905 ] ] ] } },
{ "type": "Feature", "properties": { "start_id": 2841, "end_id": 2842, "distance(k": 332.18481037730868, "from": "maritime", "to": "maritime", "transport_": "multimodal" }, "geometry": { "type": "MultiLineString", "coordinates": [ [ [ 101.697533350550898, -5.819554202736426 ], [ 104.70042304548376, -5.819554202736426 ] ] ] } },
{ "type": "Feature", "properties": { "start_id": 2866, "end_id": 1958, "distance(k": 372.43060881162467, "from": "maritime", "to": "port", "transport_": "multimodal" }, "geometry": { "type": "MultiLineString", "coordinates": [ [ [ 135.165939793150756, -8.252964051334699 ], [ 133.02, -5.6681 ] ] ] } },
{ "type": "Feature", "properties": { "start_id": 2895, "end_id": 1433, "distance(k": 532.99526262979975, "from": "maritime", "to": "port", "transport_": "multimodal" }, "geometry": { "type": "MultiLineString", "coordinates": [ [ [ 8.722219733983058, -13.138818947824873 ], [ 13.5667, -12.3333 ] ] ] } },
{ "type": "Feature", "properties": { "start_id": 2915, "end_id": 704, "distance(k": 376.74369948306827, "from": "maritime", "to": "road", "transport_": "multimodal" }, "geometry": { "type": "MultiLineString", "coordinates": [ [ [ 42.47978468488607, -15.594871652631417 ], [ 44.184929449497453, -18.565318306554289 ] ] ] } },
{ "type": "Feature", "properties": { "start_id": 2958, "end_id": 1225, "distance(k": 314.20867661532202, "from": "maritime", "to": "port", "transport_": "multimodal" }, "geometry": { "type": "MultiLineString", "coordinates": [ [ [ -38.234754588388832, -23.03888404602186 ], [ -41.0114, -21.8558 ] ] ] } },
{ "type": "Feature", "properties": { "start_id": 2966, "end_id": 737, "distance(k": 404.55697027411463, "from": "maritime", "to": "road", "transport_": "multimodal" }, "geometry": { "type": "MultiLineString", "coordinates": [ [ [ 37.393743284993555, -23.03888404602186 ], [ 33.440066417094769, -23.140824346297673 ] ] ] } },
{ "type": "Feature", "properties": { "start_id": 3055, "end_id": 776, "distance(k": 335.47042010845973, "from": "maritime", "to": "road", "transport_": "multimodal" }, "geometry": { "type": "MultiLineString", "coordinates": [ [ [ 153.985372140809005, -30.643480263658457 ], [ 152.908519643163231, -27.776608043769507 ] ] ] } },
{ "type": "Feature", "properties": { "start_id": 3056, "end_id": 2082, "distance(k": 658.47045083851617, "from": "maritime", "to": "port", "transport_": "multimodal" }, "geometry": { "type": "MultiLineString", "coordinates": [ [ [ 170.413437676476548, -30.643480263658457 ], [ 174.2944513, -35.59503105 ] ] ] } },
{ "type": "Feature", "properties": { "start_id": 3057, "end_id": 1059, "distance(k": 410.66938466205022, "from": "maritime", "to": "port", "transport_": "multimodal" }, "geometry": { "type": "MultiLineString", "coordinates": [ [ [ -74.005083122263542, -33.226158472872044 ], [ -73.08811438, -36.84233652 ] ] ] } },
{ "type": "Feature", "properties": { "start_id": 3114, "end_id": 813, "distance(k": 256.839125219609, "from": "maritime", "to": "road", "transport_": "multimodal" }, "geometry": { "type": "MultiLineString", "coordinates": [ [ [ 135.92997738159778, -35.83794108896884 ], [ 138.506764878604429, -34.879055553177587 ] ] ] } },
{ "type": "Feature", "properties": { "start_id": 3114, "end_id": 1979, "distance(k": 264.50109671419261, "from": "maritime", "to": "port", "transport_": "multimodal" }, "geometry": { "type": "MultiLineString", "coordinates": [ [ [ 135.92997738159778, -35.83794108896884 ], [ 138.5883, -34.8594 ] ] ] } },
{ "type": "Feature", "properties": { "start_id": 3116, "end_id": 1059, "distance(k": 400.05940691849202, "from": "maritime", "to": "port", "transport_": "multimodal" }, "geometry": { "type": "MultiLineString", "coordinates": [ [ [ -77.133933861559214, -38.482496054673746 ], [ -73.08811438, -36.84233652 ] ] ] } },
{ "type": "Feature", "properties": { "start_id": 3140, "end_id": 1043, "distance(k": 535.66461392090389, "from": "maritime", "to": "port", "transport_": "multimodal" }, "geometry": { "type": "MultiLineString", "coordinates": [ [ [ -79.978079871362894, -46.657537848045742 ], [ -75.3333, -50.3667 ] ] ] } },
{ "type": "Feature", "properties": { "start_id": 3140, "end_id": 1062, "distance(k": 566.54341823997925, "from": "maritime", "to": "port", "transport_": "multimodal" }, "geometry": { "type": "MultiLineString", "coordinates": [ [ [ -79.978079871362894, -46.657537848045742 ], [ -72.83361582, -45.47167587 ] ] ] } },
{ "type": "Feature", "properties": { "start_id": 3142, "end_id": 832, "distance(k": 452.49707553282792, "from": "maritime", "to": "road", "transport_": "multimodal" }, "geometry": { "type": "MultiLineString", "coordinates": [ [ [ -61.055919916228817, -46.657537848045742 ], [ -66.195338711503624, -44.738078571830663 ] ] ] } },
{ "type": "Feature", "properties": { "start_id": 3144, "end_id": 1109, "distance(k": 380.88216177672473, "from": "maritime", "to": "port", "transport_": "multimodal" }, "geometry": { "type": "MultiLineString", "coordinates": [ [ [ -63.204237606580236, -49.481665163599935 ], [ -68.4356, -50.0472 ] ] ] } },
{ "type": "Feature", "properties": { "start_id": 2505, "end_id": 2559, "distance(k": 1513.85360550415, "from": "maritime", "to": "maritime", "transport_": "multimodal" }, "geometry": { "type": "MultiLineString", "coordinates": [ [ [ 177.595510178676477, 31.173574779410764 ], [ -172.233723242311811, 21.055948186680951 ] ] ] } },
{ "type": "Feature", "properties": { "start_id": 3134, "end_id": 2582, "distance(k": 6550.6814095467807, "from": "maritime", "to": "maritime", "transport_": "multimodal" }, "geometry": { "type": "MultiLineString", "coordinates": [ [ [ 173.782432773764668, -38.482496054673746 ], [ -170.576486961745729, 18.572322382883915 ] ] ] } }
]
}
