{
"type": "FeatureCollection",
"name": "road_edges",
"crs": { "type": "name", "properties": { "name": "urn:ogc:def:crs:OGC:1.3:CRS84" } },
"features": [
{ "type": "Feature", "properties": { "start_id": 0, "end_id": 1504, "km": 172.94947241744009, "from": "road", "to": "port", "type": "road" }, "geometry": { "type": "LineString", "coordinates": [ [ 23.529905212057749, 68.431934303023993 ], [ 23.27320178, 69.98463832 ] ] } },
{ "type": "Feature", "properties": { "start_id": 1455, "end_id": 1442, "km": 52.568654798663367, "from": "port", "to": "port", "type": "road" }, "geometry": { "type": "LineString", "coordinates": [ [ 15.47549382, 67.06983228 ], [ 14.27619969, 67.00220774 ] ] } },
{ "type": "Feature", "properties": { "start_id": 7, "end_id": 1426, "km": 204.69226470330884, "from": "road", "to": "port", "type": "road" }, "geometry": { "type": "LineString", "coordinates": [ [ 16.894529225823945, 65.285699906755681 ], [ 12.66630305, 65.86299357 ] ] } },
{ "type": "Feature", "properties": { "start_id": 9, "end_id": 1576, "km": 189.48783357526725, "from": "road", "to": "port", "type": "road" }, "geometry": { "type": "LineString", "coordinates": [ [ 31.189903766487276, 65.285699906755681 ], [ 34.79115531, 64.52895393 ] ] } },
{ "type": "Feature", "properties": { "start_id": 14, "end_id": 15, "km": 230.16495692203358, "from": "road", "to": "road", "type": "road" }, "geometry": { "type": "LineString", "coordinates": [ [ 29.122190402955002, 62.268807460944494 ], [ 33.571414553303981, 62.268807460944494 ] ] } },
{ "type": "Feature", "properties": { "start_id": 1616, "end_id": 10, "km": 247.18971679634558, "from": "port", "to": "road", "type": "road" }, "geometry": { "type": "LineString", "coordinates": [ [ 40.53567657, 64.54925926 ], [ 45.485278307150544, 65.285699906755681 ] ] } },
{ "type": "Feature", "properties": { "start_id": 1394, "end_id": 12, "km": 172.70638096724528, "from": "port", "to": "road", "type": "road" }, "geometry": { "type": "LineString", "coordinates": [ [ 8.900758477, 63.35778813 ], [ 11.325293801558844, 62.268807460944494 ] ] } },
{ "type": "Feature", "properties": { "start_id": 10, "end_id": 1645, "km": 300.80677313289652, "from": "road", "to": "port", "type": "road" }, "geometry": { "type": "LineString", "coordinates": [ [ 45.485278307150544, 65.285699906755681 ], [ 48.8467, 67.6353 ] ] } },
{ "type": "Feature", "properties": { "start_id": 2156, "end_id": 1515, "km": 68.700323045082868, "from": "country", "to": "port", "type": "road" }, "geometry": { "type": "LineString", "coordinates": [ [ 25.5258007, 58.6739998 ], [ 24.4923, 58.37313 ] ] } },
{ "type": "Feature", "properties": { "start_id": 21, "end_id": 1434, "km": 69.532319038612613, "from": "road", "to": "port", "type": "road" }, "geometry": { "type": "LineString", "coordinates": [ [ 14.883568735622447, 59.357326606469819 ], [ 13.6786473, 59.2449268 ] ] } },
{ "type": "Feature", "properties": { "start_id": 21, "end_id": 1464, "km": 149.1260137766983, "from": "road", "to": "port", "type": "road" }, "geometry": { "type": "LineString", "coordinates": [ [ 14.883568735622447, 59.357326606469819 ], [ 17.1167, 58.6667 ] ] } },
{ "type": "Feature", "properties": { "start_id": 1662, "end_id": 1671, "km": 44.264887588387623, "from": "port", "to": "port", "type": "road" }, "geometry": { "type": "LineString", "coordinates": [ [ 52.0211, 67.6425 ], [ 53.06761434, 67.65030754 ] ] } },
{ "type": "Feature", "properties": { "start_id": 2164, "end_id": 34, "km": 81.91632877603783, "from": "country", "to": "road", "type": "road" }, "geometry": { "type": "LineString", "coordinates": [ [ 24.9291992, 56.8577003 ], [ 26.134337845475056, 56.533882859658227 ] ] } },
{ "type": "Feature", "properties": { "start_id": 33, "end_id": 1490, "km": 69.371011650635296, "from": "road", "to": "port", "type": "road" }, "geometry": { "type": "LineString", "coordinates": [ [ 22.141591232443162, 56.533882859658227 ], [ 21.01055083, 56.52356085 ] ] } },
{ "type": "Feature", "properties": { "start_id": 33, "end_id": 2165, "km": 172.32256266673551, "from": "road", "to": "country", "type": "road" }, "geometry": { "type": "LineString", "coordinates": [ [ 22.141591232443162, 56.533882859658227 ], [ 23.8967991, 55.3358002 ] ] } },
{ "type": "Feature", "properties": { "start_id": 34, "end_id": 35, "km": 244.79175245773899, "from": "road", "to": "road", "type": "road" }, "geometry": { "type": "LineString", "coordinates": [ [ 26.134337845475056, 56.533882859658227 ], [ 30.127084458506893, 56.533882859658227 ] ] } },
{ "type": "Feature", "properties": { "start_id": 32, "end_id": 1446, "km": 58.419677672209659, "from": "road", "to": "port", "type": "road" }, "geometry": { "type": "LineString", "coordinates": [ [ 14.156098006379374, 56.533882859658227 ], [ 14.57080087, 56.06157239 ] ] } },
{ "type": "Feature", "properties": { "start_id": 1612, "end_id": 36, "km": 161.89865934541487, "from": "port", "to": "road", "type": "road" }, "geometry": { "type": "LineString", "coordinates": [ [ 39.884471, 57.626074 ], [ 38.112577684570681, 56.533882859658227 ] ] } },
{ "type": "Feature", "properties": { "start_id": 1612, "end_id": 1629, "km": 287.98189510999862, "from": "port", "to": "port", "type": "road" }, "geometry": { "type": "LineString", "coordinates": [ [ 39.884471, 57.626074 ], [ 44.005, 56.3342 ] ] } },
{ "type": "Feature", "properties": { "start_id": 2165, "end_id": 55, "km": 186.88676988011085, "from": "country", "to": "road", "type": "road" }, "geometry": { "type": "LineString", "coordinates": [ [ 23.8967991, 55.3358002 ], [ 25.015756601670699, 53.78531077684525 ] ] } },
{ "type": "Feature", "properties": { "start_id": 31, "end_id": 2155, "km": 63.936397272314331, "from": "road", "to": "country", "type": "road" }, "geometry": { "type": "LineString", "coordinates": [ [ 10.163351393347481, 56.533882859658227 ], [ 10.0508003, 55.9622993 ] ] } },
{ "type": "Feature", "properties": { "start_id": 31, "end_id": 1391, "km": 91.388889920473957, "from": "road", "to": "port", "type": "road" }, "geometry": { "type": "LineString", "coordinates": [ [ 10.163351393347481, 56.533882859658227 ], [ 8.741617436, 56.78880225 ] ] } },
{ "type": "Feature", "properties": { "start_id": 1693, "end_id": 1, "km": 198.03768258389607, "from": "port", "to": "road", "type": "road" }, "geometry": { "type": "LineString", "coordinates": [ [ 61.6241311, 69.76307415 ], [ 64.942546649263477, 68.431934303023993 ] ] } },
{ "type": "Feature", "properties": { "start_id": 1473, "end_id": 53, "km": 115.0261093114775, "from": "port", "to": "road", "type": "road" }, "geometry": { "type": "LineString", "coordinates": [ [ 18.54403464, 54.55960807 ], [ 17.372052136355954, 53.78531077684525 ] ] } },
{ "type": "Feature", "properties": { "start_id": 24, "end_id": 38, "km": 328.22631171635066, "from": "road", "to": "road", "type": "road" }, "geometry": { "type": "LineString", "coordinates": [ [ 48.467014474527971, 59.357326606469819 ], [ 50.090817523666367, 56.533882859658227 ] ] } },
{ "type": "Feature", "properties": { "start_id": 55, "end_id": 2181, "km": 201.55507276630922, "from": "road", "to": "country", "type": "road" }, "geometry": { "type": "LineString", "coordinates": [ [ 25.015756601670699, 53.78531077684525 ], [ 28.0470009, 53.5401993 ] ] } },
{ "type": "Feature", "properties": { "start_id": 1456, "end_id": 53, "km": 125.15171476831699, "from": "port", "to": "road", "type": "road" }, "geometry": { "type": "LineString", "coordinates": [ [ 15.5751, 54.1728 ], [ 17.372052136355954, 53.78531077684525 ] ] } },
{ "type": "Feature", "properties": { "start_id": 56, "end_id": 2181, "km": 58.789851322912327, "from": "road", "to": "country", "type": "road" }, "geometry": { "type": "LineString", "coordinates": [ [ 28.837608834328023, 53.78531077684525 ], [ 28.0470009, 53.5401993 ] ] } },
{ "type": "Feature", "properties": { "start_id": 56, "end_id": 57, "km": 251.04764048022881, "from": "road", "to": "road", "type": "road" }, "geometry": { "type": "LineString", "coordinates": [ [ 28.837608834328023, 53.78531077684525 ], [ 32.659461066985394, 53.78531077684525 ] ] } },
{ "type": "Feature", "properties": { "start_id": 1435, "end_id": 52, "km": 35.996259811516246, "from": "port", "to": "road", "type": "road" }, "geometry": { "type": "LineString", "coordinates": [ [ 13.78450152, 54.07817177 ], [ 13.55019990369858, 53.78531077684525 ] ] } },
{ "type": "Feature", "properties": { "start_id": 1629, "end_id": 37, "km": 130.57669395838911, "from": "port", "to": "road", "type": "road" }, "geometry": { "type": "LineString", "coordinates": [ [ 44.005, 56.3342 ], [ 46.098070910634462, 56.533882859658227 ] ] } },
{ "type": "Feature", "properties": { "start_id": 57, "end_id": 58, "km": 251.04764048022921, "from": "road", "to": "road", "type": "road" }, "geometry": { "type": "LineString", "coordinates": [ [ 32.659461066985394, 53.78531077684525 ], [ 36.481313299642771, 53.78531077684525 ] ] } },
{ "type": "Feature", "properties": { "start_id": 37, "end_id": 1647, "km": 204.84611248368356, "from": "road", "to": "port", "type": "road" }, "geometry": { "type": "LineString", "coordinates": [ [ 46.098070910634462, 56.533882859658227 ], [ 49.123329, 55.787894 ] ] } },
{ "type": "Feature", "properties": { "start_id": 1326, "end_id": 1329, "km": 49.469658137261192, "from": "port", "to": "port", "type": "road" }, "geometry": { "type": "LineString", "coordinates": [ [ -2.509764221, 57.67052721 ], [ -1.951859016, 57.34173602 ] ] } },
{ "type": "Feature", "properties": { "start_id": 58, "end_id": 59, "km": 251.04764048022841, "from": "road", "to": "road", "type": "road" }, "geometry": { "type": "LineString", "coordinates": [ [ 36.481313299642771, 53.78531077684525 ], [ 40.303165532300135, 53.78531077684525 ] ] } },
{ "type": "Feature", "properties": { "start_id": 1253, "end_id": 2179, "km": 105.71411924062626, "from": "port", "to": "country", "type": "road" }, "geometry": { "type": "LineString", "coordinates": [ [ -18.49057926, 65.92874944 ], [ -18.5757999, 64.9786987 ] ] } },
{ "type": "Feature", "properties": { "start_id": 16, "end_id": 41, "km": 645.73729298919795, "from": "road", "to": "road", "type": "road" }, "geometry": { "type": "LineString", "coordinates": [ [ 60.266759455398159, 62.268807460944494 ], [ 62.069057362761988, 56.533882859658227 ] ] } },
{ "type": "Feature", "properties": { "start_id": 2169, "end_id": 76, "km": 132.79674550519829, "from": "country", "to": "road", "type": "road" }, "geometry": { "type": "LineString", "coordinates": [ [ 19.4008999, 52.1246986 ], [ 20.392296526627966, 51.101298772248654 ] ] } },
{ "type": "Feature", "properties": { "start_id": 2169, "end_id": 75, "km": 217.56677517278092, "from": "country", "to": "road", "type": "road" }, "geometry": { "type": "LineString", "coordinates": [ [ 19.4008999, 52.1246986 ], [ 16.714996551487395, 51.101298772248654 ] ] } },
{ "type": "Feature", "properties": { "start_id": 38, "end_id": 1647, "km": 102.31889044359578, "from": "road", "to": "port", "type": "road" }, "geometry": { "type": "LineString", "coordinates": [ [ 50.090817523666367, 56.533882859658227 ], [ 49.123329, 55.787894 ] ] } },
{ "type": "Feature", "properties": { "start_id": 38, "end_id": 1664, "km": 168.10776350465557, "from": "road", "to": "port", "type": "road" }, "geometry": { "type": "LineString", "coordinates": [ [ 50.090817523666367, 56.533882859658227 ], [ 52.389288, 55.730569 ] ] } },
{ "type": "Feature", "properties": { "start_id": 1647, "end_id": 60, "km": 235.09749318905733, "from": "port", "to": "road", "type": "road" }, "geometry": { "type": "LineString", "coordinates": [ [ 49.123329, 55.787894 ], [ 47.94686999761489, 53.78531077684525 ] ] } },
{ "type": "Feature", "properties": { "start_id": 77, "end_id": 78, "km": 256.73836465563181, "from": "road", "to": "road", "type": "road" }, "geometry": { "type": "LineString", "coordinates": [ [ 24.069596501768537, 51.101298772248654 ], [ 27.746896476909054, 51.101298772248654 ] ] } },
{ "type": "Feature", "properties": { "start_id": 78, "end_id": 79, "km": 256.73836465563517, "from": "road", "to": "road", "type": "road" }, "geometry": { "type": "LineString", "coordinates": [ [ 27.746896476909054, 51.101298772248654 ], [ 31.424196452049621, 51.101298772248654 ] ] } },
{ "type": "Feature", "properties": { "start_id": 1400, "end_id": 2159, "km": 121.45224548126259, "from": "port", "to": "country", "type": "road" }, "geometry": { "type": "LineString", "coordinates": [ [ 9.9366, 52.1652 ], [ 10.3922997, 51.110199 ] ] } },
{ "type": "Feature", "properties": { "start_id": 75, "end_id": 2154, "km": 179.78247026086493, "from": "road", "to": "country", "type": "road" }, "geometry": { "type": "LineString", "coordinates": [ [ 16.714996551487395, 51.101298772248654 ], [ 15.3382998, 49.743 ] ] } },
{ "type": "Feature", "properties": { "start_id": 79, "end_id": 2183, "km": 231.87787319060416, "from": "road", "to": "country", "type": "road" }, "geometry": { "type": "LineString", "coordinates": [ [ 31.424196452049621, 51.101298772248654 ], [ 31.3878002, 49.0161018 ] ] } },
{ "type": "Feature", "properties": { "start_id": 79, "end_id": 80, "km": 256.73836465563556, "from": "road", "to": "road", "type": "road" }, "geometry": { "type": "LineString", "coordinates": [ [ 31.424196452049621, 51.101298772248654 ], [ 35.101496427190192, 51.101298772248654 ] ] } },
{ "type": "Feature", "properties": { "start_id": 1373, "end_id": 1371, "km": 74.756213147095593, "from": "port", "to": "port", "type": "road" }, "geometry": { "type": "LineString", "coordinates": [ [ 6.7683, 52.2811 ], [ 6.473538057, 51.63380371 ] ] } },
{ "type": "Feature", "properties": { "start_id": 1373, "end_id": 2168, "km": 79.491378263673795, "from": "port", "to": "country", "type": "road" }, "geometry": { "type": "LineString", "coordinates": [ [ 6.7683, 52.2811 ], [ 5.6009998, 52.2536011 ] ] } },
{ "type": "Feature", "properties": { "start_id": 1337, "end_id": 50, "km": 86.775268186965889, "from": "port", "to": "road", "type": "road" }, "geometry": { "type": "LineString", "coordinates": [ [ -0.759579282, 54.31409129 ], [ -1.737209026930857, 53.78531077684525 ] ] } },
{ "type": "Feature", "properties": { "start_id": 74, "end_id": 2159, "km": 184.68803392499831, "from": "road", "to": "country", "type": "road" }, "geometry": { "type": "LineString", "coordinates": [ [ 13.03769657634683, 51.101298772248654 ], [ 10.3922997, 51.110199 ] ] } },
{ "type": "Feature", "properties": { "start_id": 39, "end_id": 1664, "km": 137.83858204388039, "from": "road", "to": "port", "type": "road" }, "geometry": { "type": "LineString", "coordinates": [ [ 54.0835641366982, 56.533882859658227 ], [ 52.389288, 55.730569 ] ] } },
{ "type": "Feature", "properties": { "start_id": 39, "end_id": 40, "km": 244.79175245774198, "from": "road", "to": "road", "type": "road" }, "geometry": { "type": "LineString", "coordinates": [ [ 54.0835641366982, 56.533882859658227 ], [ 58.076310749730084, 56.533882859658227 ] ] } },
{ "type": "Feature", "properties": { "start_id": 80, "end_id": 81, "km": 256.73836465563471, "from": "road", "to": "road", "type": "road" }, "geometry": { "type": "LineString", "coordinates": [ [ 35.101496427190192, 51.101298772248654 ], [ 38.778796402330755, 51.101298772248654 ] ] } },
{ "type": "Feature", "properties": { "start_id": 1664, "end_id": 61, "km": 298.23161397360559, "from": "port", "to": "road", "type": "road" }, "geometry": { "type": "LineString", "coordinates": [ [ 52.389288, 55.730569 ], [ 55.590574462929574, 53.78531077684525 ] ] } },
{ "type": "Feature", "properties": { "start_id": 2159, "end_id": 73, "km": 72.051228292005817, "from": "country", "to": "road", "type": "road" }, "geometry": { "type": "LineString", "coordinates": [ [ 10.3922997, 51.110199 ], [ 9.360396601206263, 51.101298772248654 ] ] } },
{ "type": "Feature", "properties": { "start_id": 60, "end_id": 1643, "km": 76.90878835596159, "from": "road", "to": "port", "type": "road" }, "geometry": { "type": "LineString", "coordinates": [ [ 47.94686999761489, 53.78531077684525 ], [ 48.4667, 53.1667 ] ] } },
{ "type": "Feature", "properties": { "start_id": 1371, "end_id": 72, "km": 80.727945584874675, "from": "port", "to": "road", "type": "road" }, "geometry": { "type": "LineString", "coordinates": [ [ 6.473538057, 51.63380371 ], [ 5.683096626065695, 51.101298772248654 ] ] } },
{ "type": "Feature", "properties": { "start_id": 50, "end_id": 1342, "km": 145.32169450505927, "from": "road", "to": "port", "type": "road" }, "geometry": { "type": "LineString", "coordinates": [ [ -1.737209026930857, 53.78531077684525 ], [ 0.0333, 53.0147 ] ] } },
{ "type": "Feature", "properties": { "start_id": 81, "end_id": 82, "km": 256.73836465563517, "from": "road", "to": "road", "type": "road" }, "geometry": { "type": "LineString", "coordinates": [ [ 38.778796402330755, 51.101298772248654 ], [ 42.456096377471319, 51.101298772248654 ] ] } },
{ "type": "Feature", "properties": { "start_id": 2154, "end_id": 103, "km": 153.08782685106607, "from": "country", "to": "road", "type": "road" }, "geometry": { "type": "LineString", "coordinates": [ [ 15.3382998, 49.743 ], [ 16.152388878272934, 48.473553704137302 ] ] } },
{ "type": "Feature", "properties": { "start_id": 1643, "end_id": 1655, "km": 98.11866040737155, "from": "port", "to": "port", "type": "road" }, "geometry": { "type": "LineString", "coordinates": [ [ 48.4667, 53.1667 ], [ 49.9333, 53.1 ] ] } },
{ "type": "Feature", "properties": { "start_id": 1643, "end_id": 1636, "km": 246.30427658942787, "from": "port", "to": "port", "type": "road" }, "geometry": { "type": "LineString", "coordinates": [ [ 48.4667, 53.1667 ], [ 46.0167, 51.5333 ] ] } },
{ "type": "Feature", "properties": { "start_id": 72, "end_id": 1365, "km": 40.444959735094422, "from": "road", "to": "port", "type": "road" }, "geometry": { "type": "LineString", "coordinates": [ [ 5.683096626065695, 51.101298772248654 ], [ 5.644690083, 50.73837522 ] ] } },
{ "type": "Feature", "properties": { "start_id": 40, "end_id": 41, "km": 244.79175245774312, "from": "road", "to": "road", "type": "road" }, "geometry": { "type": "LineString", "coordinates": [ [ 58.076310749730084, 56.533882859658227 ], [ 62.069057362761988, 56.533882859658227 ] ] } },
{ "type": "Feature", "properties": { "start_id": 82, "end_id": 1636, "km": 252.04569723897615, "from": "road", "to": "port", "type": "road" }, "geometry": { "type": "LineString", "coordinates": [ [ 42.456096377471319, 51.101298772248654 ], [ 46.0167, 51.5333 ] ] } },
{ "type": "Feature", "properties": { "start_id": 1365, "end_id": 2150, "km": 69.866836516630158, "from": "port", "to": "country", "type": "road" }, "geometry": { "type": "LineString", "coordinates": [ [ 5.644690083, 50.73837522 ], [ 4.66435, 50.6430016 ] ] } },
{ "type": "Feature", "properties": { "start_id": 1365, "end_id": 2166, "km": 112.07970034068572, "from": "port", "to": "country", "type": "road" }, "geometry": { "type": "LineString", "coordinates": [ [ 5.644690083, 50.73837522 ], [ 6.0875401, 49.7709999 ] ] } },
{ "type": "Feature", "properties": { "start_id": 2183, "end_id": 107, "km": 96.161942336816651, "from": "country", "to": "road", "type": "road" }, "geometry": { "type": "LineString", "coordinates": [ [ 31.3878002, 49.0161018 ], [ 30.366493927609156, 48.473553704137302 ] ] } },
{ "type": "Feature", "properties": { "start_id": 2183, "end_id": 108, "km": 195.21493595756337, "from": "country", "to": "road", "type": "road" }, "geometry": { "type": "LineString", "coordinates": [ [ 31.3878002, 49.0161018 ], [ 33.920020189943223, 48.473553704137302 ] ] } },
{ "type": "Feature", "properties": { "start_id": 2172, "end_id": 104, "km": 30.414776839618298, "from": "country", "to": "road", "type": "road" }, "geometry": { "type": "LineString", "coordinates": [ [ 19.4913998, 48.7074013 ], [ 19.705915140606997, 48.473553704137302 ] ] } },
{ "type": "Feature", "properties": { "start_id": 105, "end_id": 106, "km": 261.93680561447906, "from": "road", "to": "road", "type": "road" }, "geometry": { "type": "LineString", "coordinates": [ [ 23.259441402941068, 48.473553704137302 ], [ 26.812967665275089, 48.473553704137302 ] ] } },
{ "type": "Feature", "properties": { "start_id": 2150, "end_id": 1356, "km": 113.94801970661628, "from": "country", "to": "port", "type": "road" }, "geometry": { "type": "LineString", "coordinates": [ [ 4.66435, 50.6430016 ], [ 3.0485, 50.63673 ] ] } },
{ "type": "Feature", "properties": { "start_id": 106, "end_id": 2184, "km": 188.78626502643544, "from": "road", "to": "country", "type": "road" }, "geometry": { "type": "LineString", "coordinates": [ [ 26.812967665275089, 48.473553704137302 ], [ 28.4743004, 47.1932983 ] ] } },
{ "type": "Feature", "properties": { "start_id": 104, "end_id": 2161, "km": 146.96810259184093, "from": "road", "to": "country", "type": "road" }, "geometry": { "type": "LineString", "coordinates": [ [ 19.705915140606997, 48.473553704137302 ], [ 19.4134998, 47.1665001 ] ] } },
{ "type": "Feature", "properties": { "start_id": 107, "end_id": 2184, "km": 200.52387075816688, "from": "road", "to": "country", "type": "road" }, "geometry": { "type": "LineString", "coordinates": [ [ 30.366493927609156, 48.473553704137302 ], [ 28.4743004, 47.1932983 ] ] } },
{ "type": "Feature", "properties": { "start_id": 103, "end_id": 2149, "km": 178.81191061742288, "from": "road", "to": "country", "type": "road" }, "geometry": { "type": "LineString", "coordinates": [ [ 16.152388878272934, 48.473553704137302 ], [ 14.1400003, 47.5929985 ] ] } },
{ "type": "Feature", "properties": { "start_id": 2166, "end_id": 100, "km": 150.64080327735545, "from": "country", "to": "road", "type": "road" }, "geometry": { "type": "LineString", "coordinates": [ [ 6.0875401, 49.7709999 ], [ 5.491810091270731, 48.473553704137302 ] ] } },
{ "type": "Feature", "properties": { "start_id": 108, "end_id": 1580, "km": 91.996991085217772, "from": "road", "to": "port", "type": "road" }, "geometry": { "type": "LineString", "coordinates": [ [ 33.920020189943223, 48.473553704137302 ], [ 35.08096394, 48.17579408 ] ] } },
{ "type": "Feature", "properties": { "start_id": 102, "end_id": 2149, "km": 150.72108222404199, "from": "road", "to": "country", "type": "road" }, "geometry": { "type": "LineString", "coordinates": [ [ 12.598862615938865, 48.473553704137302 ], [ 14.1400003, 47.5929985 ] ] } },
{ "type": "Feature", "properties": { "start_id": 1298, "end_id": 2162, "km": 118.15835625167013, "from": "port", "to": "country", "type": "road" }, "geometry": { "type": "LineString", "coordinates": [ [ -6.390503882, 53.06624346 ], [ -8.1515799, 53.1771011 ] ] } },
{ "type": "Feature", "properties": { "start_id": 61, "end_id": 83, "km": 316.93875078466044, "from": "road", "to": "road", "type": "road" }, "geometry": { "type": "LineString", "coordinates": [ [ 55.590574462929574, 53.78531077684525 ], [ 57.165296278033551, 51.101298772248654 ] ] } },
{ "type": "Feature", "properties": { "start_id": 41, "end_id": 42, "km": 244.79175245774229, "from": "road", "to": "road", "type": "road" }, "geometry": { "type": "LineString", "coordinates": [ [ 62.069057362761988, 56.533882859658227 ], [ 66.061803975793879, 56.533882859658227 ] ] } },
{ "type": "Feature", "properties": { "start_id": 41, "end_id": 62, "km": 314.45091432784204, "from": "road", "to": "road", "type": "road" }, "geometry": { "type": "LineString", "coordinates": [ [ 62.069057362761988, 56.533882859658227 ], [ 63.234278928244315, 53.78531077684525 ] ] } },
{ "type": "Feature", "properties": { "start_id": 1580, "end_id": 109, "km": 179.9582321770429, "from": "port", "to": "road", "type": "road" }, "geometry": { "type": "LineString", "coordinates": [ [ 35.08096394, 48.17579408 ], [ 37.473546452277283, 48.473553704137302 ] ] } },
{ "type": "Feature", "properties": { "start_id": 109, "end_id": 1593, "km": 158.29362818673897, "from": "road", "to": "port", "type": "road" }, "geometry": { "type": "LineString", "coordinates": [ [ 37.473546452277283, 48.473553704137302 ], [ 37.4833, 47.05 ] ] } },
{ "type": "Feature", "properties": { "start_id": 101, "end_id": 1381, "km": 94.900512884781293, "from": "road", "to": "port", "type": "road" }, "geometry": { "type": "LineString", "coordinates": [ [ 9.045336353604798, 48.473553704137302 ], [ 7.766011146, 48.57607273 ] ] } },
{ "type": "Feature", "properties": { "start_id": 2162, "end_id": 1284, "km": 78.650837445333011, "from": "country", "to": "port", "type": "road" }, "geometry": { "type": "LineString", "coordinates": [ [ -8.1515799, 53.1771011 ], [ -9.203776913, 52.86134779 ] ] } },
{ "type": "Feature", "properties": { "start_id": 1381, "end_id": 1378, "km": 112.98601270374492, "from": "port", "to": "port", "type": "road" }, "geometry": { "type": "LineString", "coordinates": [ [ 7.766011146, 48.57607273 ], [ 7.593992722, 47.56648654 ] ] } },
{ "type": "Feature", "properties": { "start_id": 1381, "end_id": 100, "km": 167.86231045692986, "from": "port", "to": "road", "type": "road" }, "geometry": { "type": "LineString", "coordinates": [ [ 7.766011146, 48.57607273 ], [ 5.491810091270731, 48.473553704137302 ] ] } },
{ "type": "Feature", "properties": { "start_id": 2161, "end_id": 132, "km": 143.2189990268605, "from": "country", "to": "road", "type": "road" }, "geometry": { "type": "LineString", "coordinates": [ [ 19.4134998, 47.1665001 ], [ 19.112447877900635, 45.895258794291813 ] ] } },
{ "type": "Feature", "properties": { "start_id": 2149, "end_id": 2173, "km": 171.53700424855353, "from": "country", "to": "country", "type": "road" }, "geometry": { "type": "LineString", "coordinates": [ [ 14.1400003, 47.5929985 ], [ 14.8270998, 46.1236 ] ] } },
{ "type": "Feature", "properties": { "start_id": 2184, "end_id": 135, "km": 162.54957481900882, "from": "country", "to": "road", "type": "road" }, "geometry": { "type": "LineString", "coordinates": [ [ 28.4743004, 47.1932983 ], [ 29.451970552235856, 45.895258794291813 ] ] } },
{ "type": "Feature", "properties": { "start_id": 1730, "end_id": 1731, "km": 216.48188691137341, "from": "port", "to": "port", "type": "road" }, "geometry": { "type": "LineString", "coordinates": [ [ 86.17167206, 69.39841121 ], [ 86.58217422, 67.45739068 ] ] } },
{ "type": "Feature", "properties": { "start_id": 110, "end_id": 1617, "km": 114.62538794860718, "from": "road", "to": "port", "type": "road" }, "geometry": { "type": "LineString", "coordinates": [ [ 41.02707271461135, 48.473553704137302 ], [ 40.62035064, 47.47930573 ] ] } },
{ "type": "Feature", "properties": { "start_id": 1343, "end_id": 1350, "km": 152.88999816631801, "from": "port", "to": "port", "type": "road" }, "geometry": { "type": "LineString", "coordinates": [ [ 0.503428219, 49.58873278 ], [ 2.329083137, 48.90296077 ] ] } },
{ "type": "Feature", "properties": { "start_id": 1627, "end_id": 111, "km": 79.927719421002251, "from": "port", "to": "road", "type": "road" }, "geometry": { "type": "LineString", "coordinates": [ [ 43.540541, 48.681398 ], [ 44.580598976945424, 48.473553704137302 ] ] } },
{ "type": "Feature", "properties": { "start_id": 1627, "end_id": 1622, "km": 164.66031630889253, "from": "port", "to": "port", "type": "road" }, "geometry": { "type": "LineString", "coordinates": [ [ 43.540541, 48.681398 ], [ 42.202766, 47.500493 ] ] } },
{ "type": "Feature", "properties": { "start_id": 1350, "end_id": 99, "km": 55.702638294211653, "from": "port", "to": "road", "type": "road" }, "geometry": { "type": "LineString", "coordinates": [ [ 2.329083137, 48.90296077 ], [ 1.938283828936712, 48.473553704137302 ] ] } },
{ "type": "Feature", "properties": { "start_id": 42, "end_id": 43, "km": 244.79175245774229, "from": "road", "to": "road", "type": "road" }, "geometry": { "type": "LineString", "coordinates": [ [ 66.061803975793879, 56.533882859658227 ], [ 70.054550588825762, 56.533882859658227 ] ] } },
{ "type": "Feature", "properties": { "start_id": 1553, "end_id": 135, "km": 111.26709263057383, "from": "port", "to": "road", "type": "road" }, "geometry": { "type": "LineString", "coordinates": [ [ 30.69841964, 46.40086657 ], [ 29.451970552235856, 45.895258794291813 ] ] } },
{ "type": "Feature", "properties": { "start_id": 1378, "end_id": 2177, "km": 97.7664018956321, "from": "port", "to": "country", "type": "road" }, "geometry": { "type": "LineString", "coordinates": [ [ 7.593992722, 47.56648654 ], [ 8.23458, 46.8026009 ] ] } },
{ "type": "Feature", "properties": { "start_id": 133, "end_id": 2171, "km": 186.69341762290819, "from": "road", "to": "country", "type": "road" }, "geometry": { "type": "LineString", "coordinates": [ [ 22.558955436012393, 45.895258794291813 ], [ 24.9692001, 45.8436012 ] ] } },
{ "type": "Feature", "properties": { "start_id": 134, "end_id": 2171, "km": 80.436986191858153, "from": "road", "to": "country", "type": "road" }, "geometry": { "type": "LineString", "coordinates": [ [ 26.005462994124102, 45.895258794291813 ], [ 24.9692001, 45.8436012 ] ] } },
{ "type": "Feature", "properties": { "start_id": 134, "end_id": 1534, "km": 219.73011483580862, "from": "road", "to": "port", "type": "road" }, "geometry": { "type": "LineString", "coordinates": [ [ 26.005462994124102, 45.895258794291813 ], [ 27.2481, 44.12513 ] ] } },
{ "type": "Feature", "properties": { "start_id": 1617, "end_id": 1609, "km": 76.469034170127472, "from": "port", "to": "port", "type": "road" }, "geometry": { "type": "LineString", "coordinates": [ [ 40.62035064, 47.47930573 ], [ 39.7167, 47.1667 ] ] } },
{ "type": "Feature", "properties": { "start_id": 1617, "end_id": 1622, "km": 118.91867920654425, "from": "port", "to": "port", "type": "road" }, "geometry": { "type": "LineString", "coordinates": [ [ 40.62035064, 47.47930573 ], [ 42.202766, 47.500493 ] ] } },
{ "type": "Feature", "properties": { "start_id": 132, "end_id": 2185, "km": 218.7321927898582, "from": "road", "to": "country", "type": "road" }, "geometry": { "type": "LineString", "coordinates": [ [ 19.112447877900635, 45.895258794291813 ], [ 19.3887005, 43.9379005 ] ] } },
{ "type": "Feature", "properties": { "start_id": 135, "end_id": 1543, "km": 76.689728406857427, "from": "road", "to": "port", "type": "road" }, "geometry": { "type": "LineString", "coordinates": [ [ 29.451970552235856, 45.895258794291813 ], [ 28.88163311, 45.33265993 ] ] } },
{ "type": "Feature", "properties": { "start_id": 2173, "end_id": 131, "km": 69.580581797789421, "from": "country", "to": "road", "type": "road" }, "geometry": { "type": "LineString", "coordinates": [ [ 14.8270998, 46.1236 ], [ 15.665940319788877, 45.895258794291813 ] ] } },
{ "type": "Feature", "properties": { "start_id": 2173, "end_id": 1438, "km": 121.19505847886612, "from": "country", "to": "port", "type": "road" }, "geometry": { "type": "LineString", "coordinates": [ [ 14.8270998, 46.1236 ], [ 14.04038635, 45.18254727 ] ] } },
{ "type": "Feature", "properties": { "start_id": 131, "end_id": 2152, "km": 110.87686182685522, "from": "road", "to": "country", "type": "road" }, "geometry": { "type": "LineString", "coordinates": [ [ 15.665940319788877, 45.895258794291813 ], [ 16.4069004, 45.0442009 ] ] } },
{ "type": "Feature", "properties": { "start_id": 1622, "end_id": 136, "km": 195.16977021078083, "from": "port", "to": "road", "type": "road" }, "geometry": { "type": "LineString", "coordinates": [ [ 42.202766, 47.500493 ], [ 43.238000784682882, 45.895258794291813 ] ] } },
{ "type": "Feature", "properties": { "start_id": 2177, "end_id": 129, "km": 109.02456219747891, "from": "country", "to": "road", "type": "road" }, "geometry": { "type": "LineString", "coordinates": [ [ 8.23458, 46.8026009 ], [ 8.772925203565364, 45.895258794291813 ] ] } },
{ "type": "Feature", "properties": { "start_id": 1543, "end_id": 1540, "km": 162.67078002293877, "from": "port", "to": "port", "type": "road" }, "geometry": { "type": "LineString", "coordinates": [ [ 28.88163311, 45.33265993 ], [ 28.43232404, 43.90510495 ] ] } },
{ "type": "Feature", "properties": { "start_id": 62, "end_id": 84, "km": 449.50201533449973, "from": "road", "to": "road", "type": "road" }, "geometry": { "type": "LineString", "coordinates": [ [ 63.234278928244315, 53.78531077684525 ], [ 68.197196203455249, 51.101298772248654 ] ] } },
{ "type": "Feature", "properties": { "start_id": 43, "end_id": 44, "km": 244.79175245774385, "from": "road", "to": "road", "type": "road" }, "geometry": { "type": "LineString", "coordinates": [ [ 70.054550588825762, 56.533882859658227 ], [ 74.047297201857674, 56.533882859658227 ] ] } },
{ "type": "Feature", "properties": { "start_id": 129, "end_id": 1385, "km": 213.58598929755351, "from": "road", "to": "port", "type": "road" }, "geometry": { "type": "LineString", "coordinates": [ [ 8.772925203565364, 45.895258794291813 ], [ 8.13400794, 44.02837314 ] ] } },
{ "type": "Feature", "properties": { "start_id": 112, "end_id": 113, "km": 261.93680561448264, "from": "road", "to": "road", "type": "road" }, "geometry": { "type": "LineString", "coordinates": [ [ 51.687651501613509, 48.473553704137302 ], [ 55.241177763947576, 48.473553704137302 ] ] } },
{ "type": "Feature", "properties": { "start_id": 128, "end_id": 2158, "km": 220.8410629378877, "from": "road", "to": "country", "type": "road" }, "geometry": { "type": "LineString", "coordinates": [ [ 5.32641764545361, 45.895258794291813 ], [ 2.50053, 46.2094994 ] ] } },
{ "type": "Feature", "properties": { "start_id": 1534, "end_id": 1540, "km": 97.806665125338682, "from": "port", "to": "port", "type": "road" }, "geometry": { "type": "LineString", "coordinates": [ [ 27.2481, 44.12513 ], [ 28.43232404, 43.90510495 ] ] } },
{ "type": "Feature", "properties": { "start_id": 1534, "end_id": 1525, "km": 108.09968929256263, "from": "port", "to": "port", "type": "road" }, "geometry": { "type": "LineString", "coordinates": [ [ 27.2481, 44.12513 ], [ 25.9493, 43.85683 ] ] } },
{ "type": "Feature", "properties": { "start_id": 2185, "end_id": 162, "km": 90.519682476919925, "from": "country", "to": "road", "type": "road" }, "geometry": { "type": "LineString", "coordinates": [ [ 19.3887005, 43.9379005 ], [ 18.595320388008155, 43.360707025151228 ] ] } },
{ "type": "Feature", "properties": { "start_id": 2185, "end_id": 163, "km": 215.72030325102801, "from": "country", "to": "road", "type": "road" }, "geometry": { "type": "LineString", "coordinates": [ [ 19.3887005, 43.9379005 ], [ 21.948575432689509, 43.360707025151228 ] ] } },
{ "type": "Feature", "properties": { "start_id": 1525, "end_id": 164, "km": 75.899429609611289, "from": "port", "to": "road", "type": "road" }, "geometry": { "type": "LineString", "coordinates": [ [ 25.9493, 43.85683 ], [ 25.301830477370817, 43.360707025151228 ] ] } },
{ "type": "Feature", "properties": { "start_id": 2158, "end_id": 127, "km": 59.284291833509478, "from": "country", "to": "road", "type": "road" }, "geometry": { "type": "LineString", "coordinates": [ [ 2.50053, 46.2094994 ], [ 1.8799100873419, 45.895258794291813 ] ] } },
{ "type": "Feature", "properties": { "start_id": 136, "end_id": 137, "km": 266.69958780555851, "from": "road", "to": "road", "type": "road" }, "geometry": { "type": "LineString", "coordinates": [ [ 43.238000784682882, 45.895258794291813 ], [ 46.684508342794594, 45.895258794291813 ] ] } },
{ "type": "Feature", "properties": { "start_id": 164, "end_id": 2151, "km": 66.885283899200473, "from": "road", "to": "country", "type": "road" }, "geometry": { "type": "LineString", "coordinates": [ [ 25.301830477370817, 43.360707025151228 ], [ 25.2313995, 42.7613983 ] ] } },
{ "type": "Feature", "properties": { "start_id": 127, "end_id": 1336, "km": 218.51095255352485, "from": "road", "to": "port", "type": "road" }, "geometry": { "type": "LineString", "coordinates": [ [ 1.8799100873419, 45.895258794291813 ], [ -0.891041029, 45.54915202 ] ] } },
{ "type": "Feature", "properties": { "start_id": 44, "end_id": 63, "km": 417.20308624567275, "from": "road", "to": "road", "type": "road" }, "geometry": { "type": "LineString", "coordinates": [ [ 74.047297201857674, 56.533882859658227 ], [ 78.521687858873761, 53.78531077684525 ] ] } },
{ "type": "Feature", "properties": { "start_id": 1640, "end_id": 137, "km": 116.75504933130432, "from": "port", "to": "road", "type": "road" }, "geometry": { "type": "LineString", "coordinates": [ [ 48.05, 46.35 ], [ 46.684508342794594, 45.895258794291813 ] ] } },
{ "type": "Feature", "properties": { "start_id": 113, "end_id": 138, "km": 313.02983483921855, "from": "road", "to": "road", "type": "road" }, "geometry": { "type": "LineString", "coordinates": [ [ 55.241177763947576, 48.473553704137302 ], [ 53.577523459018103, 45.895258794291813 ] ] } },
{ "type": "Feature", "properties": { "start_id": 161, "end_id": 2163, "km": 65.045318564542015, "from": "road", "to": "country", "type": "road" }, "geometry": { "type": "LineString", "coordinates": [ [ 11.888810298645446, 43.360707025151228 ], [ 12.0717001, 42.7911987 ] ] } },
{ "type": "Feature", "properties": { "start_id": 2163, "end_id": 1419, "km": 113.79253587429936, "from": "country", "to": "port", "type": "road" }, "geometry": { "type": "LineString", "coordinates": [ [ 12.0717001, 42.7911987 ], [ 12.22016114, 41.77374875 ] ] } },
{ "type": "Feature", "properties": { "start_id": 1362, "end_id": 160, "km": 5.4633145078441778, "from": "port", "to": "road", "type": "road" }, "geometry": { "type": "LineString", "coordinates": [ [ 5.249554897, 43.36553195 ], [ 5.182300209282738, 43.360707025151228 ] ] } },
{ "type": "Feature", "properties": { "start_id": 1459, "end_id": 188, "km": 139.60449819330682, "from": "port", "to": "road", "type": "road" }, "geometry": { "type": "LineString", "coordinates": [ [ 16.04369297, 41.75931351 ], [ 14.870443912550638, 40.865044586172232 ] ] } },
{ "type": "Feature", "properties": { "start_id": 138, "end_id": 1659, "km": 315.99487324412303, "from": "road", "to": "port", "type": "road" }, "geometry": { "type": "LineString", "coordinates": [ [ 53.577523459018103, 45.895258794291813 ], [ 51.16513, 43.62732 ] ] } },
{ "type": "Feature", "properties": { "start_id": 1557, "end_id": 191, "km": 93.445970988574018, "from": "port", "to": "road", "type": "road" }, "geometry": { "type": "LineString", "coordinates": [ [ 31.9238974, 41.52230027 ], [ 31.227935480529901, 40.865044586172232 ] ] } },
{ "type": "Feature", "properties": { "start_id": 1419, "end_id": 1430, "km": 116.42171740815735, "from": "port", "to": "port", "type": "road" }, "geometry": { "type": "LineString", "coordinates": [ [ 12.22016114, 41.77374875 ], [ 13.44232676, 41.26493454 ] ] } },
{ "type": "Feature", "properties": { "start_id": 2180, "end_id": 1480, "km": 89.081770214531588, "from": "country", "to": "port", "type": "road" }, "geometry": { "type": "LineString", "coordinates": [ [ 20.0683994, 41.1425018 ], [ 19.5, 40.4667 ] ] } },
{ "type": "Feature", "properties": { "start_id": 2180, "end_id": 189, "km": 117.00839399359447, "from": "country", "to": "road", "type": "road" }, "geometry": { "type": "LineString", "coordinates": [ [ 20.0683994, 41.1425018 ], [ 21.413440539742361, 40.865044586172232 ] ] } },
{ "type": "Feature", "properties": { "start_id": 84, "end_id": 85, "km": 256.73836465563159, "from": "road", "to": "road", "type": "road" }, "geometry": { "type": "LineString", "coordinates": [ [ 68.197196203455249, 51.101298772248654 ], [ 71.874496178595763, 51.101298772248654 ] ] } },
{ "type": "Feature", "properties": { "start_id": 84, "end_id": 114, "km": 305.82004695289112, "from": "road", "to": "road", "type": "road" }, "geometry": { "type": "LineString", "coordinates": [ [ 68.197196203455249, 51.101298772248654 ], [ 69.455282813283802, 48.473553704137302 ] ] } },
{ "type": "Feature", "properties": { "start_id": 159, "end_id": 1357, "km": 145.75989062783324, "from": "road", "to": "port", "type": "road" }, "geometry": { "type": "LineString", "coordinates": [ [ 1.829045164601431, 43.360707025151228 ], [ 3.104321013, 42.44107747 ] ] } },
{ "type": "Feature", "properties": { "start_id": 165, "end_id": 1639, "km": 170.68578677584765, "from": "road", "to": "port", "type": "road" }, "geometry": { "type": "LineString", "coordinates": [ [ 45.421360745458898, 43.360707025151228 ], [ 47.4683, 43.0022 ] ] } },
{ "type": "Feature", "properties": { "start_id": 165, "end_id": 2192, "km": 203.69175964761359, "from": "road", "to": "country", "type": "road" }, "geometry": { "type": "LineString", "coordinates": [ [ 45.421360745458898, 43.360707025151228 ], [ 43.517601, 42.1763 ] ] } },
{ "type": "Feature", "properties": { "start_id": 1552, "end_id": 191, "km": 54.217068293961837, "from": "port", "to": "road", "type": "road" }, "geometry": { "type": "LineString", "coordinates": [ [ 30.6719, 41.1132 ], [ 31.227935480529901, 40.865044586172232 ] ] } },
{ "type": "Feature", "properties": { "start_id": 1463, "end_id": 1470, "km": 118.0240786561331, "from": "port", "to": "port", "type": "road" }, "geometry": { "type": "LineString", "coordinates": [ [ 17.02670697, 40.90877656 ], [ 18.1480146, 40.27504182 ] ] } },
{ "type": "Feature", "properties": { "start_id": 1639, "end_id": 194, "km": 237.83818737302008, "from": "port", "to": "road", "type": "road" }, "geometry": { "type": "LineString", "coordinates": [ [ 47.4683, 43.0022 ], [ 47.585427048509167, 40.865044586172232 ] ] } },
{ "type": "Feature", "properties": { "start_id": 1639, "end_id": 1659, "km": 307.03391523897812, "from": "port", "to": "port", "type": "road" }, "geometry": { "type": "LineString", "coordinates": [ [ 47.4683, 43.0022 ], [ 51.16513, 43.62732 ] ] } },
{ "type": "Feature", "properties": { "start_id": 63, "end_id": 86, "km": 302.27117483716603, "from": "road", "to": "road", "type": "road" }, "geometry": { "type": "LineString", "coordinates": [ [ 78.521687858873761, 53.78531077684525 ], [ 79.229096128876904, 51.101298772248654 ] ] } },
{ "type": "Feature", "properties": { "start_id": 157, "end_id": 1303, "km": 81.946233531909897, "from": "road", "to": "port", "type": "road" }, "geometry": { "type": "LineString", "coordinates": [ [ -4.877464924761277, 43.360707025151228 ], [ -5.859385314, 43.5478853 ] ] } },
{ "type": "Feature", "properties": { "start_id": 2182, "end_id": 25, "km": 312.98920917728572, "from": "country", "to": "road", "type": "road" }, "geometry": { "type": "LineString", "coordinates": [ [ 96.6893997, 61.9882011 ], [ 94.64425236552303, 59.357326606469819 ] ] } },
{ "type": "Feature", "properties": { "start_id": 2186, "end_id": 114, "km": 163.04356473542495, "from": "country", "to": "road", "type": "road" }, "geometry": { "type": "LineString", "coordinates": [ [ 67.3013, 48.1599998 ], [ 69.455282813283802, 48.473553704137302 ] ] } },
{ "type": "Feature", "properties": { "start_id": 1388, "end_id": 1389, "km": 86.084072487836735, "from": "port", "to": "port", "type": "road" }, "geometry": { "type": "LineString", "coordinates": [ [ 8.588386, 39.906182 ], [ 8.719824076, 39.1386768 ] ] } },
{ "type": "Feature", "properties": { "start_id": 2201, "end_id": 223, "km": 144.61447861868697, "from": "country", "to": "road", "type": "road" }, "geometry": { "type": "LineString", "coordinates": [ [ 35.1791992, 39.0606003 ], [ 33.739966647841797, 38.404086085661085 ] ] } },
{ "type": "Feature", "properties": { "start_id": 2201, "end_id": 224, "km": 169.23472478752353, "from": "country", "to": "road", "type": "road" }, "geometry": { "type": "LineString", "coordinates": [ [ 35.1791992, 39.0606003 ], [ 36.939446518957524, 38.404086085661085 ] ] } },
{ "type": "Feature", "properties": { "start_id": 222, "end_id": 1551, "km": 174.44345632542669, "from": "road", "to": "port", "type": "road" }, "geometry": { "type": "LineString", "coordinates": [ [ 30.540486776726073, 38.404086085661085 ], [ 30.60874, 36.83621 ] ] } },
{ "type": "Feature", "properties": { "start_id": 2190, "end_id": 2191, "km": 219.19754738954421, "from": "country", "to": "country", "type": "road" }, "geometry": { "type": "LineString", "coordinates": [ [ 44.9478989, 40.2863998 ], [ 47.532299, 40.2921982 ] ] } },
{ "type": "Feature", "properties": { "start_id": 2190, "end_id": 226, "km": 250.91360768017134, "from": "country", "to": "road", "type": "road" }, "geometry": { "type": "LineString", "coordinates": [ [ 44.9478989, 40.2863998 ], [ 43.338406261188936, 38.404086085661085 ] ] } },
{ "type": "Feature", "properties": { "start_id": 194, "end_id": 2191, "km": 63.855440915414121, "from": "road", "to": "country", "type": "road" }, "geometry": { "type": "LineString", "coordinates": [ [ 47.585427048509167, 40.865044586172232 ], [ 47.532299, 40.2921982 ] ] } },
{ "type": "Feature", "properties": { "start_id": 223, "end_id": 1575, "km": 194.95361975673137, "from": "road", "to": "port", "type": "road" }, "geometry": { "type": "LineString", "coordinates": [ [ 33.739966647841797, 38.404086085661085 ], [ 34.6333, 36.8 ] ] } },
{ "type": "Feature", "properties": { "start_id": 25, "end_id": 45, "km": 535.07761246839448, "from": "road", "to": "road", "type": "road" }, "geometry": { "type": "LineString", "coordinates": [ [ 94.64425236552303, 59.357326606469819 ], [ 101.996523493080815, 56.533882859658227 ] ] } },
{ "type": "Feature", "properties": { "start_id": 186, "end_id": 2174, "km": 195.96484492623392, "from": "road", "to": "country", "type": "road" }, "geometry": { "type": "LineString", "coordinates": [ [ -1.487047655428626, 40.865044586172232 ], [ -3.6493101, 40.2275009 ] ] } },
{ "type": "Feature", "properties": { "start_id": 1432, "end_id": 1437, "km": 104.03506086418312, "from": "port", "to": "port", "type": "road" }, "geometry": { "type": "LineString", "coordinates": [ [ 13.52885923, 38.0501244 ], [ 13.88687344, 37.15854054 ] ] } },
{ "type": "Feature", "properties": { "start_id": 2191, "end_id": 1654, "km": 199.47767398605708, "from": "country", "to": "port", "type": "road" }, "geometry": { "type": "LineString", "coordinates": [ [ 47.532299, 40.2921982 ], [ 49.8822, 40.3953 ] ] } },
{ "type": "Feature", "properties": { "start_id": 225, "end_id": 226, "km": 278.78169024300342, "from": "road", "to": "road", "type": "road" }, "geometry": { "type": "LineString", "coordinates": [ [ 40.138926390073259, 38.404086085661085 ], [ 43.338406261188936, 38.404086085661085 ] ] } },
{ "type": "Feature", "properties": { "start_id": 225, "end_id": 251, "km": 279.29881095973059, "from": "road", "to": "road", "type": "road" }, "geometry": { "type": "LineString", "coordinates": [ [ 40.138926390073259, 38.404086085661085 ], [ 39.340251265265877, 35.974178125305095 ] ] } },
{ "type": "Feature", "properties": { "start_id": 1654, "end_id": 1670, "km": 269.36003376786596, "from": "port", "to": "port", "type": "road" }, "geometry": { "type": "LineString", "coordinates": [ [ 49.8822, 40.3953 ], [ 53.01155248, 40.00103541 ] ] } },
{ "type": "Feature", "properties": { "start_id": 185, "end_id": 2174, "km": 117.51407327994445, "from": "road", "to": "country", "type": "road" }, "geometry": { "type": "LineString", "coordinates": [ [ -4.758545969024487, 40.865044586172232 ], [ -3.6493101, 40.2275009 ] ] } },
{ "type": "Feature", "properties": { "start_id": 1449, "end_id": 1437, "km": 105.84596667072572, "from": "port", "to": "port", "type": "road" }, "geometry": { "type": "LineString", "coordinates": [ [ 15.07707076, 37.0844333 ], [ 13.88687344, 37.15854054 ] ] } },
{ "type": "Feature", "properties": { "start_id": 1551, "end_id": 1547, "km": 95.580598543047188, "from": "port", "to": "port", "type": "road" }, "geometry": { "type": "LineString", "coordinates": [ [ 30.60874, 36.83621 ], [ 29.8585713, 36.22341268 ] ] } },
{ "type": "Feature", "properties": { "start_id": 226, "end_id": 252, "km": 280.77970460425871, "from": "road", "to": "road", "type": "road" }, "geometry": { "type": "LineString", "coordinates": [ [ 43.338406261188936, 38.404086085661085 ], [ 42.476068621830251, 35.974178125305095 ] ] } },
{ "type": "Feature", "properties": { "start_id": 184, "end_id": 2170, "km": 145.19174357794424, "from": "road", "to": "country", "type": "road" }, "geometry": { "type": "LineString", "coordinates": [ [ -8.030044282620349, 40.865044586172232 ], [ -8.4673595, 39.6026993 ] ] } },
{ "type": "Feature", "properties": { "start_id": 1670, "end_id": 1673, "km": 227.51118233463018, "from": "port", "to": "port", "type": "road" }, "geometry": { "type": "LineString", "coordinates": [ [ 53.01155248, 40.00103541 ], [ 53.840029, 38.058799 ] ] } },
{ "type": "Feature", "properties": { "start_id": 195, "end_id": 196, "km": 275.08910860217497, "from": "road", "to": "road", "type": "road" }, "geometry": { "type": "LineString", "coordinates": [ [ 57.39992198929675, 40.865044586172232 ], [ 60.671420302892614, 40.865044586172232 ] ] } },
{ "type": "Feature", "properties": { "start_id": 219, "end_id": 1338, "km": 81.662085422736155, "from": "road", "to": "port", "type": "road" }, "geometry": { "type": "LineString", "coordinates": [ [ -1.454311934431114, 38.404086085661085 ], [ -0.687547135, 37.98431025 ] ] } },
{ "type": "Feature", "properties": { "start_id": 1404, "end_id": 1405, "km": 122.77220748743645, "from": "port", "to": "port", "type": "road" }, "geometry": { "type": "LineString", "coordinates": [ [ 10.65, 35.8333 ], [ 10.7667, 34.7333 ] ] } },
{ "type": "Feature", "properties": { "start_id": 1355, "end_id": 248, "km": 149.29785828124872, "from": "port", "to": "road", "type": "road" }, "geometry": { "type": "LineString", "coordinates": [ [ 3.027521638, 36.79794534 ], [ 1.710442986492968, 35.974178125305095 ] ] } },
{ "type": "Feature", "properties": { "start_id": 251, "end_id": 283, "km": 274.80623122419343, "from": "road", "to": "road", "type": "road" }, "geometry": { "type": "LineString", "coordinates": [ [ 39.340251265265877, 35.974178125305095 ], [ 38.632578146708319, 33.572096391225102 ] ] } },
{ "type": "Feature", "properties": { "start_id": 218, "end_id": 1302, "km": 164.70753442201601, "from": "road", "to": "port", "type": "road" }, "geometry": { "type": "LineString", "coordinates": [ [ -4.653791805546842, 38.404086085661085 ], [ -5.995906382, 37.36860373 ] ] } },
{ "type": "Feature", "properties": { "start_id": 2153, "end_id": 1567, "km": 3.4987594355638509, "from": "country", "to": "port", "type": "road" }, "geometry": { "type": "LineString", "coordinates": [ [ 33.2186012, 35.0429993 ], [ 33.22443564, 35.01189904 ] ] } },
{ "type": "Feature", "properties": { "start_id": 196, "end_id": 2189, "km": 69.736253474356872, "from": "road", "to": "country", "type": "road" }, "geometry": { "type": "LineString", "coordinates": [ [ 60.671420302892614, 40.865044586172232 ], [ 61.2613983, 40.4258003 ] ] } },
{ "type": "Feature", "properties": { "start_id": 1653, "end_id": 254, "km": 178.94606632944013, "from": "port", "to": "road", "type": "road" }, "geometry": { "type": "LineString", "coordinates": [ [ 49.46727, 37.4766 ], [ 48.747703334959077, 35.974178125305095 ] ] } },
{ "type": "Feature", "properties": { "start_id": 252, "end_id": 253, "km": 282.17387712196336, "from": "road", "to": "road", "type": "road" }, "geometry": { "type": "LineString", "coordinates": [ [ 42.476068621830251, 35.974178125305095 ], [ 45.61188597839466, 35.974178125305095 ] ] } },
{ "type": "Feature", "properties": { "start_id": 2189, "end_id": 197, "km": 231.44089733332865, "from": "country", "to": "road", "type": "road" }, "geometry": { "type": "LineString", "coordinates": [ [ 61.2613983, 40.4258003 ], [ 63.942918616488434, 40.865044586172232 ] ] } },
{ "type": "Feature", "properties": { "start_id": 2189, "end_id": 229, "km": 250.01772759797569, "from": "country", "to": "road", "type": "road" }, "geometry": { "type": "LineString", "coordinates": [ [ 61.2613983, 40.4258003 ], [ 62.535285487883257, 38.404086085661085 ] ] } },
{ "type": "Feature", "properties": { "start_id": 217, "end_id": 1292, "km": 139.90199511785829, "from": "road", "to": "port", "type": "road" }, "geometry": { "type": "LineString", "coordinates": [ [ -7.853271676662568, 38.404086085661085 ], [ -7.73786795, 37.14922771 ] ] } },
{ "type": "Feature", "properties": { "start_id": 1673, "end_id": 1667, "km": 191.35927544026751, "from": "port", "to": "port", "type": "road" }, "geometry": { "type": "LineString", "coordinates": [ [ 53.840029, 38.058799 ], [ 52.532818, 36.686728 ] ] } },
{ "type": "Feature", "properties": { "start_id": 1673, "end_id": 227, "km": 204.20712375416605, "from": "port", "to": "road", "type": "road" }, "geometry": { "type": "LineString", "coordinates": [ [ 53.840029, 38.058799 ], [ 56.136325745651838, 38.404086085661085 ] ] } },
{ "type": "Feature", "properties": { "start_id": 253, "end_id": 284, "km": 277.40983144422438, "from": "road", "to": "road", "type": "road" }, "geometry": { "type": "LineString", "coordinates": [ [ 45.61188597839466, 35.974178125305095 ], [ 44.791395397997142, 33.572096391225102 ] ] } },
{ "type": "Feature", "properties": { "start_id": 253, "end_id": 254, "km": 282.17387712196393, "from": "road", "to": "road", "type": "road" }, "geometry": { "type": "LineString", "coordinates": [ [ 45.61188597839466, 35.974178125305095 ], [ 48.747703334959077, 35.974178125305095 ] ] } },
{ "type": "Feature", "properties": { "start_id": 2, "end_id": 18, "km": 686.25744832789212, "from": "road", "to": "road", "type": "road" }, "geometry": { "type": "LineString", "coordinates": [ [ 132.238088984722708, 68.431934303023993 ], [ 131.454345860982642, 62.268807460944494 ] ] } },
{ "type": "Feature", "properties": { "start_id": 227, "end_id": 228, "km": 278.7816902430078, "from": "road", "to": "road", "type": "road" }, "geometry": { "type": "LineString", "coordinates": [ [ 56.136325745651838, 38.404086085661085 ], [ 59.335805616767566, 38.404086085661085 ] ] } },
{ "type": "Feature", "properties": { "start_id": 2206, "end_id": 280, "km": 170.04918222337369, "from": "country", "to": "road", "type": "road" }, "geometry": { "type": "LineString", "coordinates": [ [ 9.5615597, 34.1111984 ], [ 7.838491890264016, 33.572096391225102 ] ] } },
{ "type": "Feature", "properties": { "start_id": 45, "end_id": 64, "km": 369.73671856091573, "from": "road", "to": "road", "type": "road" }, "geometry": { "type": "LineString", "coordinates": [ [ 101.996523493080815, 56.533882859658227 ], [ 105.274653487475319, 53.78531077684525 ] ] } },
{ "type": "Feature", "properties": { "start_id": 254, "end_id": 285, "km": 278.84528811678808, "from": "road", "to": "road", "type": "road" }, "geometry": { "type": "LineString", "coordinates": [ [ 48.747703334959077, 35.974178125305095 ], [ 47.870804023641575, 33.572096391225102 ] ] } },
{ "type": "Feature", "properties": { "start_id": 87, "end_id": 116, "km": 294.52360249241519, "from": "road", "to": "road", "type": "road" }, "geometry": { "type": "LineString", "coordinates": [ [ 90.260996054298602, 51.101298772248654 ], [ 90.776440387288147, 48.473553704137302 ] ] } },
{ "type": "Feature", "properties": { "start_id": 282, "end_id": 1578, "km": 117.70484416321877, "from": "road", "to": "port", "type": "road" }, "geometry": { "type": "LineString", "coordinates": [ [ 35.553169521063879, 33.572096391225102 ], [ 34.94963392, 32.64207056 ] ] } },
{ "type": "Feature", "properties": { "start_id": 1667, "end_id": 255, "km": 236.40567751162237, "from": "port", "to": "road", "type": "road" }, "geometry": { "type": "LineString", "coordinates": [ [ 52.532818, 36.686728 ], [ 55.019338048087903, 35.974178125305095 ] ] } },
{ "type": "Feature", "properties": { "start_id": 228, "end_id": 229, "km": 278.7816902430045, "from": "road", "to": "road", "type": "road" }, "geometry": { "type": "LineString", "coordinates": [ [ 59.335805616767566, 38.404086085661085 ], [ 62.535285487883257, 38.404086085661085 ] ] } },
{ "type": "Feature", "properties": { "start_id": 1323, "end_id": 278, "km": 237.07806903811516, "from": "port", "to": "road", "type": "road" }, "geometry": { "type": "LineString", "coordinates": [ [ -2.933051091, 35.28082825 ], [ -4.479142612313677, 33.572096391225102 ] ] } },
{ "type": "Feature", "properties": { "start_id": 115, "end_id": 116, "km": 261.93680561447837, "from": "road", "to": "road", "type": "road" }, "geometry": { "type": "LineString", "coordinates": [ [ 87.22291412495413, 48.473553704137302 ], [ 90.776440387288147, 48.473553704137302 ] ] } },
{ "type": "Feature", "properties": { "start_id": 115, "end_id": 139, "km": 348.66603842645287, "from": "road", "to": "road", "type": "road" }, "geometry": { "type": "LineString", "coordinates": [ [ 87.22291412495413, 48.473553704137302 ], [ 84.596091482023866, 45.895258794291813 ] ] } },
{ "type": "Feature", "properties": { "start_id": 166, "end_id": 2187, "km": 227.59189082782092, "from": "road", "to": "country", "type": "road" }, "geometry": { "type": "LineString", "coordinates": [ [ 75.600656147591039, 43.360707025151228 ], [ 74.5554962, 41.464901 ] ] } },
{ "type": "Feature", "properties": { "start_id": 166, "end_id": 167, "km": 271.07161608035278, "from": "road", "to": "road", "type": "road" }, "geometry": { "type": "LineString", "coordinates": [ [ 75.600656147591039, 43.360707025151228 ], [ 78.9539111922724, 43.360707025151228 ] ] } },
{ "type": "Feature", "properties": { "start_id": 229, "end_id": 230, "km": 278.78169024300678, "from": "road", "to": "road", "type": "road" }, "geometry": { "type": "LineString", "coordinates": [ [ 62.535285487883257, 38.404086085661085 ], [ 65.73476535899897, 38.404086085661085 ] ] } },
{ "type": "Feature", "properties": { "start_id": 255, "end_id": 287, "km": 281.97670839149362, "from": "road", "to": "road", "type": "road" }, "geometry": { "type": "LineString", "coordinates": [ [ 55.019338048087903, 35.974178125305095 ], [ 54.029621274930442, 33.572096391225102 ] ] } },
{ "type": "Feature", "properties": { "start_id": 255, "end_id": 256, "km": 282.17387712196455, "from": "road", "to": "road", "type": "road" }, "geometry": { "type": "LineString", "coordinates": [ [ 55.019338048087903, 35.974178125305095 ], [ 58.155155404652326, 35.974178125305095 ] ] } },
{ "type": "Feature", "properties": { "start_id": 2195, "end_id": 314, "km": 18.161656763947583, "from": "country", "to": "road", "type": "road" }, "geometry": { "type": "LineString", "coordinates": [ [ 34.9659996, 31.3581009 ], [ 34.975390990683351, 31.194966538777738 ] ] } },
{ "type": "Feature", "properties": { "start_id": 139, "end_id": 168, "km": 334.98450600846093, "from": "road", "to": "road", "type": "road" }, "geometry": { "type": "LineString", "coordinates": [ [ 84.596091482023866, 45.895258794291813 ], [ 82.307166236953734, 43.360707025151228 ] ] } },
{ "type": "Feature", "properties": { "start_id": 256, "end_id": 257, "km": 282.17387712195995, "from": "road", "to": "road", "type": "road" }, "geometry": { "type": "LineString", "coordinates": [ [ 58.155155404652326, 35.974178125305095 ], [ 61.2909727612167, 35.974178125305095 ] ] } },
{ "type": "Feature", "properties": { "start_id": 116, "end_id": 117, "km": 261.93680561448303, "from": "road", "to": "road", "type": "road" }, "geometry": { "type": "LineString", "coordinates": [ [ 90.776440387288147, 48.473553704137302 ], [ 94.329966649622222, 48.473553704137302 ] ] } },
{ "type": "Feature", "properties": { "start_id": 167, "end_id": 168, "km": 271.07161608035068, "from": "road", "to": "road", "type": "road" }, "geometry": { "type": "LineString", "coordinates": [ [ 78.9539111922724, 43.360707025151228 ], [ 82.307166236953734, 43.360707025151228 ] ] } },
{ "type": "Feature", "properties": { "start_id": 314, "end_id": 2196, "km": 172.37301245258223, "from": "road", "to": "country", "type": "road" }, "geometry": { "type": "LineString", "coordinates": [ [ 34.975390990683351, 31.194966538777738 ], [ 36.7868996, 31.2534008 ] ] } },
{ "type": "Feature", "properties": { "start_id": 2187, "end_id": 198, "km": 217.51750273126817, "from": "country", "to": "road", "type": "road" }, "geometry": { "type": "LineString", "coordinates": [ [ 74.5554962, 41.464901 ], [ 77.02891187087188, 40.865044586172232 ] ] } },
{ "type": "Feature", "properties": { "start_id": 2187, "end_id": 2188, "km": 442.89619945740094, "from": "country", "to": "country", "type": "road" }, "geometry": { "type": "LineString", "coordinates": [ [ 74.5554962, 41.464901 ], [ 71.0421982, 38.5278015 ] ] } },
{ "type": "Feature", "properties": { "start_id": 309, "end_id": 334, "km": 262.27605268573927, "from": "road", "to": "road", "type": "road" }, "geometry": { "type": "LineString", "coordinates": [ [ 10.740472494724992, 31.194966538777738 ], [ 10.583044901572652, 28.840202324758884 ] ] } },
{ "type": "Feature", "properties": { "start_id": 286, "end_id": 315, "km": 275.51918095502538, "from": "road", "to": "road", "type": "road" }, "geometry": { "type": "LineString", "coordinates": [ [ 50.950212649286009, 33.572096391225102 ], [ 50.122215050657317, 31.194966538777738 ] ] } },
{ "type": "Feature", "properties": { "start_id": 286, "end_id": 287, "km": 285.28615403182692, "from": "road", "to": "road", "type": "road" }, "geometry": { "type": "LineString", "coordinates": [ [ 50.950212649286009, 33.572096391225102 ], [ 54.029621274930442, 33.572096391225102 ] ] } },
{ "type": "Feature", "properties": { "start_id": 64, "end_id": 88, "km": 375.8519413115576, "from": "road", "to": "road", "type": "road" }, "geometry": { "type": "LineString", "coordinates": [ [ 105.274653487475319, 53.78531077684525 ], [ 108.647495930001384, 51.101298772248654 ] ] } },
{ "type": "Feature", "properties": { "start_id": 257, "end_id": 258, "km": 282.17387712196336, "from": "road", "to": "road", "type": "road" }, "geometry": { "type": "LineString", "coordinates": [ [ 61.2909727612167, 35.974178125305095 ], [ 64.42679011778111, 35.974178125305095 ] ] } },
{ "type": "Feature", "properties": { "start_id": 287, "end_id": 2194, "km": 114.83344868789561, "from": "road", "to": "country", "type": "road" }, "geometry": { "type": "LineString", "coordinates": [ [ 54.029621274930442, 33.572096391225102 ], [ 54.3013992, 32.5648003 ] ] } },
{ "type": "Feature", "properties": { "start_id": 1293, "end_id": 277, "km": 9.6895068998831704, "from": "port", "to": "road", "type": "road" }, "geometry": { "type": "LineString", "coordinates": [ [ -7.503151033, 33.64601884 ], [ -7.558551237958111, 33.572096391225102 ] ] } },
{ "type": "Feature", "properties": { "start_id": 277, "end_id": 1288, "km": 102.2987023081422, "from": "road", "to": "port", "type": "road" }, "geometry": { "type": "LineString", "coordinates": [ [ -7.558551237958111, 33.572096391225102 ], [ -8.566575166, 33.20064257 ] ] } },
{ "type": "Feature", "properties": { "start_id": 198, "end_id": 199, "km": 275.08910860217287, "from": "road", "to": "road", "type": "road" }, "geometry": { "type": "LineString", "coordinates": [ [ 77.02891187087188, 40.865044586172232 ], [ 80.300410184467722, 40.865044586172232 ] ] } },
{ "type": "Feature", "properties": { "start_id": 2188, "end_id": 260, "km": 376.38542421505201, "from": "country", "to": "road", "type": "road" }, "geometry": { "type": "LineString", "coordinates": [ [ 71.0421982, 38.5278015 ], [ 73.834242187474359, 35.974178125305095 ] ] } },
{ "type": "Feature", "properties": { "start_id": 258, "end_id": 259, "km": 282.17387712196455, "from": "road", "to": "road", "type": "road" }, "geometry": { "type": "LineString", "coordinates": [ [ 64.42679011778111, 35.974178125305095 ], [ 67.562607474345526, 35.974178125305095 ] ] } },
{ "type": "Feature", "properties": { "start_id": 18, "end_id": 19, "km": 230.1649569220375, "from": "road", "to": "road", "type": "road" }, "geometry": { "type": "LineString", "coordinates": [ [ 131.454345860982642, 62.268807460944494 ], [ 135.903570011331681, 62.268807460944494 ] ] } },
{ "type": "Feature", "properties": { "start_id": 18, "end_id": 26, "km": 327.98836577123967, "from": "road", "to": "road", "type": "road" }, "geometry": { "type": "LineString", "coordinates": [ [ 131.454345860982642, 62.268807460944494 ], [ 132.42562882179169, 59.357326606469819 ] ] } },
{ "type": "Feature", "properties": { "start_id": 1288, "end_id": 1283, "km": 118.68532590982228, "from": "port", "to": "port", "type": "road" }, "geometry": { "type": "LineString", "coordinates": [ [ -8.566575166, 33.20064257 ], [ -9.2361, 32.2939 ] ] } },
{ "type": "Feature", "properties": { "start_id": 335, "end_id": 2204, "km": 294.12001625469577, "from": "road", "to": "country", "type": "road" }, "geometry": { "type": "LineString", "coordinates": [ [ 28.492817778509377, 28.840202324758884 ], [ 29.8722992, 26.4941006 ] ] } },
{ "type": "Feature", "properties": { "start_id": 2194, "end_id": 316, "km": 187.04725898651262, "from": "country", "to": "road", "type": "road" }, "geometry": { "type": "LineString", "coordinates": [ [ 54.3013992, 32.5648003 ], [ 53.151579862652113, 31.194966538777738 ] ] } },
{ "type": "Feature", "properties": { "start_id": 848, "end_id": 5, "km": 723.71398741279768, "from": "port", "to": "road", "type": "road" }, "geometry": { "type": "LineString", "coordinates": [ [ -156.7833, 71.2833 ], [ -149.884840415247879, 65.285699906755681 ] ] } },
{ "type": "Feature", "properties": { "start_id": 334, "end_id": 351, "km": 259.97517705520812, "from": "road", "to": "road", "type": "road" }, "geometry": { "type": "LineString", "coordinates": [ [ 10.583044901572652, 28.840202324758884 ], [ 10.443511821165803, 26.505456470477299 ] ] } },
{ "type": "Feature", "properties": { "start_id": 334, "end_id": 333, "km": 290.73735000489756, "from": "road", "to": "road", "type": "road" }, "geometry": { "type": "LineString", "coordinates": [ [ 10.583044901572652, 28.840202324758884 ], [ 7.598082755416526, 28.840202324758884 ] ] } },
{ "type": "Feature", "properties": { "start_id": 2205, "end_id": 308, "km": 130.71786891683797, "from": "country", "to": "road", "type": "road" }, "geometry": { "type": "LineString", "coordinates": [ [ -6.3178, 31.8836002 ], [ -7.435716377243767, 31.194966538777738 ] ] } },
{ "type": "Feature", "properties": { "start_id": 259, "end_id": 2121, "km": 277.81994156029054, "from": "road", "to": "country", "type": "road" }, "geometry": { "type": "LineString", "coordinates": [ [ 67.562607474345526, 35.974178125305095 ], [ 67.368103, 33.4808006 ] ] } },
{ "type": "Feature", "properties": { "start_id": 905, "end_id": 921, "km": 229.41842620528723, "from": "port", "to": "port", "type": "road" }, "geometry": { "type": "LineString", "coordinates": [ [ -95.5764, 64.1511 ], [ -92.0833, 62.8 ] ] } },
{ "type": "Feature", "properties": { "start_id": 333, "end_id": 2207, "km": 147.30504558907876, "from": "road", "to": "country", "type": "road" }, "geometry": { "type": "LineString", "coordinates": [ [ 7.598082755416526, 28.840202324758884 ], [ 7.5413799, 27.5163994 ] ] } },
{ "type": "Feature", "properties": { "start_id": 1283, "end_id": 308, "km": 209.55355801677942, "from": "port", "to": "road", "type": "road" }, "geometry": { "type": "LineString", "coordinates": [ [ -9.2361, 32.2939 ], [ -7.435716377243767, 31.194966538777738 ] ] } },
{ "type": "Feature", "properties": { "start_id": 337, "end_id": 2203, "km": 199.57506185473167, "from": "road", "to": "country", "type": "road" }, "geometry": { "type": "LineString", "coordinates": [ [ 43.417628509289969, 28.840202324758884 ], [ 44.0480995, 27.1338997 ] ] } },
{ "type": "Feature", "properties": { "start_id": 288, "end_id": 289, "km": 285.28615403182812, "from": "road", "to": "road", "type": "road" }, "geometry": { "type": "LineString", "coordinates": [ [ 63.267847151863691, 33.572096391225102 ], [ 66.347255777508138, 33.572096391225102 ] ] } },
{ "type": "Feature", "properties": { "start_id": 88, "end_id": 89, "km": 513.31647114032126, "from": "road", "to": "road", "type": "road" }, "geometry": { "type": "LineString", "coordinates": [ [ 108.647495930001384, 51.101298772248654 ], [ 116.002095880282468, 51.101298772248654 ] ] } },
{ "type": "Feature", "properties": { "start_id": 353, "end_id": 352, "km": 293.10333282923847, "from": "road", "to": "road", "type": "road" }, "geometry": { "type": "LineString", "coordinates": [ [ 16.334725124906306, 26.505456470477299 ], [ 13.389118473036055, 26.505456470477299 ] ] } },
{ "type": "Feature", "properties": { "start_id": 26, "end_id": 46, "km": 451.53952087119836, "from": "road", "to": "road", "type": "road" }, "geometry": { "type": "LineString", "coordinates": [ [ 132.42562882179169, 59.357326606469819 ], [ 137.93124301036778, 56.533882859658227 ] ] } },
{ "type": "Feature", "properties": { "start_id": 289, "end_id": 2121, "km": 95.170546541967326, "from": "road", "to": "country", "type": "road" }, "geometry": { "type": "LineString", "coordinates": [ [ 66.347255777508138, 33.572096391225102 ], [ 67.368103, 33.4808006 ] ] } },
{ "type": "Feature", "properties": { "start_id": 352, "end_id": 351, "km": 293.10333282923847, "from": "road", "to": "road", "type": "road" }, "geometry": { "type": "LineString", "coordinates": [ [ 13.389118473036055, 26.505456470477299 ], [ 10.443511821165803, 26.505456470477299 ] ] } },
{ "type": "Feature", "properties": { "start_id": 260, "end_id": 291, "km": 293.34795675004943, "from": "road", "to": "road", "type": "road" }, "geometry": { "type": "LineString", "coordinates": [ [ 73.834242187474359, 35.974178125305095 ], [ 72.506073028797005, 33.572096391225102 ] ] } },
{ "type": "Feature", "properties": { "start_id": 169, "end_id": 200, "km": 449.66097575586491, "from": "road", "to": "road", "type": "road" }, "geometry": { "type": "LineString", "coordinates": [ [ 92.366931370997747, 43.360707025151228 ], [ 96.657901752446989, 40.865044586172232 ] ] } },
{ "type": "Feature", "properties": { "start_id": 2121, "end_id": 290, "km": 191.08611543689346, "from": "country", "to": "road", "type": "road" }, "geometry": { "type": "LineString", "coordinates": [ [ 67.368103, 33.4808006 ], [ 69.426664403152571, 33.572096391225102 ] ] } },
{ "type": "Feature", "properties": { "start_id": 2121, "end_id": 317, "km": 268.77630580946158, "from": "country", "to": "road", "type": "road" }, "geometry": { "type": "LineString", "coordinates": [ [ 67.368103, 33.4808006 ], [ 68.298403922626079, 31.194966538777738 ] ] } },
{ "type": "Feature", "properties": { "start_id": 913, "end_id": 2122, "km": 227.54304770003893, "from": "port", "to": "country", "type": "road" }, "geometry": { "type": "LineString", "coordinates": [ [ -94.05, 61.1 ], [ -98.2609024, 61.3931007 ] ] } },
{ "type": "Feature", "properties": { "start_id": 2203, "end_id": 373, "km": 348.94281027684946, "from": "country", "to": "road", "type": "road" }, "geometry": { "type": "LineString", "coordinates": [ [ 44.0480995, 27.1338997 ], [ 45.249828835240017, 24.18858107111306 ] ] } },
{ "type": "Feature", "properties": { "start_id": 290, "end_id": 291, "km": 285.28615403182812, "from": "road", "to": "road", "type": "road" }, "geometry": { "type": "LineString", "coordinates": [ [ 69.426664403152571, 33.572096391225102 ], [ 72.506073028797005, 33.572096391225102 ] ] } },
{ "type": "Feature", "properties": { "start_id": 2103, "end_id": 140, "km": 198.0205394815778, "from": "country", "to": "road", "type": "road" }, "geometry": { "type": "LineString", "coordinates": [ [ 103.0830002, 46.8352013 ], [ 105.275136830694365, 45.895258794291813 ] ] } },
{ "type": "Feature", "properties": { "start_id": 1016, "end_id": 48, "km": 166.98165425965675, "from": "port", "to": "road", "type": "road" }, "geometry": { "type": "LineString", "coordinates": [ [ -77.75, 55.2667 ], [ -78.174253680078124, 53.78531077684525 ] ] } },
{ "type": "Feature", "properties": { "start_id": 291, "end_id": 292, "km": 285.28615403182692, "from": "road", "to": "road", "type": "road" }, "geometry": { "type": "LineString", "coordinates": [ [ 72.506073028797005, 33.572096391225102 ], [ 75.585481654441438, 33.572096391225102 ] ] } },
{ "type": "Feature", "properties": { "start_id": 89, "end_id": 90, "km": 256.73836465563517, "from": "road", "to": "road", "type": "road" }, "geometry": { "type": "LineString", "coordinates": [ [ 116.002095880282468, 51.101298772248654 ], [ 119.679395855423039, 51.101298772248654 ] ] } },
{ "type": "Feature", "properties": { "start_id": 1120, "end_id": 1112, "km": 145.41468508332471, "from": "port", "to": "port", "type": "road" }, "geometry": { "type": "LineString", "coordinates": [ [ -66.65319419, 50.1218529 ], [ -68.14087582, 49.23660125 ] ] } },
{ "type": "Feature", "properties": { "start_id": 317, "end_id": 2119, "km": 171.71253922468563, "from": "road", "to": "country", "type": "road" }, "geometry": { "type": "LineString", "coordinates": [ [ 68.298403922626079, 31.194966538777738 ], [ 69.3858032, 29.9668007 ] ] } },
{ "type": "Feature", "properties": { "start_id": 140, "end_id": 170, "km": 415.40967465583896, "from": "road", "to": "road", "type": "road" }, "geometry": { "type": "LineString", "coordinates": [ [ 105.275136830694365, 45.895258794291813 ], [ 109.13320659440447, 43.360707025151228 ] ] } },
{ "type": "Feature", "properties": { "start_id": 292, "end_id": 293, "km": 285.2861540318234, "from": "road", "to": "road", "type": "road" }, "geometry": { "type": "LineString", "coordinates": [ [ 75.585481654441438, 33.572096391225102 ], [ 78.664890280085828, 33.572096391225102 ] ] } },
{ "type": "Feature", "properties": { "start_id": 292, "end_id": 318, "km": 288.38789536465185, "from": "road", "to": "road", "type": "road" }, "geometry": { "type": "LineString", "coordinates": [ [ 75.585481654441438, 33.572096391225102 ], [ 74.357133546615685, 31.194966538777738 ] ] } },
{ "type": "Feature", "properties": { "start_id": 90, "end_id": 118, "km": 558.32474579869256, "from": "road", "to": "road", "type": "road" }, "geometry": { "type": "LineString", "coordinates": [ [ 119.679395855423039, 51.101298772248654 ], [ 126.311703010628776, 48.473553704137302 ] ] } },
{ "type": "Feature", "properties": { "start_id": 1112, "end_id": 1115, "km": 58.918424130293651, "from": "port", "to": "port", "type": "road" }, "geometry": { "type": "LineString", "coordinates": [ [ -68.14087582, 49.23660125 ], [ -67.5877, 48.85023 ] ] } },
{ "type": "Feature", "properties": { "start_id": 1115, "end_id": 1108, "km": 79.231838725381522, "from": "port", "to": "port", "type": "road" }, "geometry": { "type": "LineString", "coordinates": [ [ -67.5877, 48.85023 ], [ -68.51056642, 48.48112807 ] ] } },
{ "type": "Feature", "properties": { "start_id": 373, "end_id": 2200, "km": 69.924020011284696, "from": "road", "to": "country", "type": "road" }, "geometry": { "type": "LineString", "coordinates": [ [ 45.249828835240017, 24.18858107111306 ], [ 44.5850983, 24.0233994 ] ] } },
{ "type": "Feature", "properties": { "start_id": 373, "end_id": 402, "km": 354.89060008679508, "from": "road", "to": "road", "type": "road" }, "geometry": { "type": "LineString", "coordinates": [ [ 45.249828835240017, 24.18858107111306 ], [ 47.65353810407543, 21.887595261445966 ] ] } },
{ "type": "Feature", "properties": { "start_id": 338, "end_id": 356, "km": 454.8712822552888, "from": "road", "to": "road", "type": "road" }, "geometry": { "type": "LineString", "coordinates": [ [ 64.312363532382818, 28.840202324758884 ], [ 60.518824902959963, 26.505456470477299 ] ] } },
{ "type": "Feature", "properties": { "start_id": 2199, "end_id": 374, "km": 125.92296549268934, "from": "country", "to": "road", "type": "road" }, "geometry": { "type": "LineString", "coordinates": [ [ 51.1912003, 25.3157997 ], [ 51.071444580626533, 24.18858107111306 ] ] } },
{ "type": "Feature", "properties": { "start_id": 2200, "end_id": 401, "km": 363.80225009444257, "from": "country", "to": "road", "type": "road" }, "geometry": { "type": "LineString", "coordinates": [ [ 44.5850983, 24.0233994 ], [ 41.893219995482724, 21.887595261445966 ] ] } },
{ "type": "Feature", "properties": { "start_id": 200, "end_id": 232, "km": 328.73559931148208, "from": "road", "to": "road", "type": "road" }, "geometry": { "type": "LineString", "coordinates": [ [ 96.657901752446989, 40.865044586172232 ], [ 94.530084199040473, 38.404086085661085 ] ] } },
{ "type": "Feature", "properties": { "start_id": 200, "end_id": 233, "km": 456.69683096099089, "from": "road", "to": "road", "type": "road" }, "geometry": { "type": "LineString", "coordinates": [ [ 96.657901752446989, 40.865044586172232 ], [ 100.929043941271885, 38.404086085661085 ] ] } },
{ "type": "Feature", "properties": { "start_id": 1108, "end_id": 1101, "km": 80.390894772209691, "from": "port", "to": "port", "type": "road" }, "geometry": { "type": "LineString", "coordinates": [ [ -68.51056642, 48.48112807 ], [ -69.45885099, 48.12781973 ] ] } },
{ "type": "Feature", "properties": { "start_id": 231, "end_id": 232, "km": 278.7816902430078, "from": "road", "to": "road", "type": "road" }, "geometry": { "type": "LineString", "coordinates": [ [ 91.330604327924746, 38.404086085661085 ], [ 94.530084199040473, 38.404086085661085 ] ] } },
{ "type": "Feature", "properties": { "start_id": 2119, "end_id": 339, "km": 152.4282522031657, "from": "country", "to": "road", "type": "road" }, "geometry": { "type": "LineString", "coordinates": [ [ 69.3858032, 29.9668007 ], [ 70.282287824695075, 28.840202324758884 ] ] } },
{ "type": "Feature", "properties": { "start_id": 318, "end_id": 340, "km": 282.07647409142425, "from": "road", "to": "road", "type": "road" }, "geometry": { "type": "LineString", "coordinates": [ [ 74.357133546615685, 31.194966538777738 ], [ 73.267249970851196, 28.840202324758884 ] ] } },
{ "type": "Feature", "properties": { "start_id": 1101, "end_id": 1094, "km": 76.53586286655289, "from": "port", "to": "port", "type": "road" }, "geometry": { "type": "LineString", "coordinates": [ [ -69.45885099, 48.12781973 ], [ -70.144, 47.61543 ] ] } },
{ "type": "Feature", "properties": { "start_id": 1084, "end_id": 1094, "km": 99.659176615911122, "from": "port", "to": "port", "type": "road" }, "geometry": { "type": "LineString", "coordinates": [ [ -70.85971866, 48.37298362 ], [ -70.144, 47.61543 ] ] } },
{ "type": "Feature", "properties": { "start_id": 1677, "end_id": 2202, "km": 111.23303948277042, "from": "port", "to": "country", "type": "road" }, "geometry": { "type": "LineString", "coordinates": [ [ 54.79738462, 24.81886099 ], [ 54.3321991, 23.9127007 ] ] } },
{ "type": "Feature", "properties": { "start_id": 141, "end_id": 170, "km": 370.22534107144867, "from": "road", "to": "road", "type": "road" }, "geometry": { "type": "LineString", "coordinates": [ [ 112.168151946917817, 45.895258794291813 ], [ 109.13320659440447, 43.360707025151228 ] ] } },
{ "type": "Feature", "properties": { "start_id": 1094, "end_id": 1079, "km": 120.98857000542708, "from": "port", "to": "port", "type": "road" }, "geometry": { "type": "LineString", "coordinates": [ [ -70.144, 47.61543 ], [ -71.2079726, 46.80208151 ] ] } },
{ "type": "Feature", "properties": { "start_id": 319, "end_id": 341, "km": 283.69412443903423, "from": "road", "to": "road", "type": "road" }, "geometry": { "type": "LineString", "coordinates": [ [ 77.386498358610439, 31.194966538777738 ], [ 76.252212117007304, 28.840202324758884 ] ] } },
{ "type": "Feature", "properties": { "start_id": 170, "end_id": 202, "km": 282.03752863533106, "from": "road", "to": "road", "type": "road" }, "geometry": { "type": "LineString", "coordinates": [ [ 109.13320659440447, 43.360707025151228 ], [ 109.7438950068304, 40.865044586172232 ] ] } },
{ "type": "Feature", "properties": { "start_id": 421, "end_id": 461, "km": 565.10935001158612, "from": "road", "to": "road", "type": "road" }, "geometry": { "type": "LineString", "coordinates": [ [ 27.236253099225642, 19.600658461531079 ], [ 29.632791129127494, 15.062139851324615 ] ] } },
{ "type": "Feature", "properties": { "start_id": 1079, "end_id": 125, "km": 114.66141025813526, "from": "port", "to": "road", "type": "road" }, "geometry": { "type": "LineString", "coordinates": [ [ -71.2079726, 46.80208151 ], [ -70.496748633004813, 45.895258794291813 ] ] } },
{ "type": "Feature", "properties": { "start_id": 1079, "end_id": 1064, "km": 114.71054784660042, "from": "port", "to": "port", "type": "road" }, "geometry": { "type": "LineString", "coordinates": [ [ -71.2079726, 46.80208151 ], [ -72.5472902, 46.33678809 ] ] } },
{ "type": "Feature", "properties": { "start_id": 340, "end_id": 357, "km": 276.48731592697357, "from": "road", "to": "road", "type": "road" }, "geometry": { "type": "LineString", "coordinates": [ [ 73.267249970851196, 28.840202324758884 ], [ 72.301251510440977, 26.505456470477299 ] ] } },
{ "type": "Feature", "properties": { "start_id": 372, "end_id": 398, "km": 400.90880862383483, "from": "road", "to": "road", "type": "road" }, "geometry": { "type": "LineString", "coordinates": [ [ -12.966328618625131, 24.18858107111306 ], [ -9.949642981851479, 21.887595261445966 ] ] } },
{ "type": "Feature", "properties": { "start_id": 422, "end_id": 1592, "km": 159.1665708427166, "from": "road", "to": "port", "type": "road" }, "geometry": { "type": "LineString", "coordinates": [ [ 35.796219172391879, 19.600658461531079 ], [ 37.294642, 19.36931347 ] ] } },
{ "type": "Feature", "properties": { "start_id": 399, "end_id": 2217, "km": 528.45409152189802, "from": "road", "to": "country", "type": "road" }, "geometry": { "type": "LineString", "coordinates": [ [ -4.189324873258776, 21.887595261445966 ], [ -1.79619, 17.7019997 ] ] } },
{ "type": "Feature", "properties": { "start_id": 1064, "end_id": 1056, "km": 115.67352334088427, "from": "port", "to": "port", "type": "road" }, "geometry": { "type": "LineString", "coordinates": [ [ -72.5472902, 46.33678809 ], [ -73.5857354, 45.58769688 ] ] } },
{ "type": "Feature", "properties": { "start_id": 341, "end_id": 358, "km": 277.84420579439717, "from": "road", "to": "road", "type": "road" }, "geometry": { "type": "LineString", "coordinates": [ [ 76.252212117007304, 28.840202324758884 ], [ 75.246858162311199, 26.505456470477299 ] ] } },
{ "type": "Feature", "properties": { "start_id": 201, "end_id": 202, "km": 275.08910860217611, "from": "road", "to": "road", "type": "road" }, "geometry": { "type": "LineString", "coordinates": [ [ 106.472396693234529, 40.865044586172232 ], [ 109.7438950068304, 40.865044586172232 ] ] } },
{ "type": "Feature", "properties": { "start_id": 118, "end_id": 142, "km": 287.96269867296735, "from": "road", "to": "road", "type": "road" }, "geometry": { "type": "LineString", "coordinates": [ [ 126.311703010628776, 48.473553704137302 ], [ 125.954182179364807, 45.895258794291813 ] ] } },
{ "type": "Feature", "properties": { "start_id": 233, "end_id": 261, "km": 288.05677564261225, "from": "road", "to": "road", "type": "road" }, "geometry": { "type": "LineString", "coordinates": [ [ 100.929043941271885, 38.404086085661085 ], [ 102.056598396554008, 35.974178125305095 ] ] } },
{ "type": "Feature", "properties": { "start_id": 29, "end_id": 47, "km": 527.41395345638728, "from": "road", "to": "road", "type": "road" }, "geometry": { "type": "LineString", "coordinates": [ [ -109.61904699760899, 56.533882859658227 ], [ -116.392776006651786, 53.78531077684525 ] ] } },
{ "type": "Feature", "properties": { "start_id": 124, "end_id": 1056, "km": 44.037990324912265, "from": "road", "to": "port", "type": "road" }, "geometry": { "type": "LineString", "coordinates": [ [ -73.943256191116575, 45.895258794291813 ], [ -73.5857354, 45.58769688 ] ] } },
{ "type": "Feature", "properties": { "start_id": 403, "end_id": 2198, "km": 144.17266748595736, "from": "road", "to": "country", "type": "road" }, "geometry": { "type": "LineString", "coordinates": [ [ 56.294015266964443, 21.887595261445966 ], [ 56.1100998, 20.6023998 ] ] } },
{ "type": "Feature", "properties": { "start_id": 1056, "end_id": 1040, "km": 189.33301120405557, "from": "port", "to": "port", "type": "road" }, "geometry": { "type": "LineString", "coordinates": [ [ -73.5857354, 45.58769688 ], [ -75.55142408, 44.60082935 ] ] } },
{ "type": "Feature", "properties": { "start_id": 357, "end_id": 377, "km": 271.54430141094196, "from": "road", "to": "road", "type": "road" }, "geometry": { "type": "LineString", "coordinates": [ [ 72.301251510440977, 26.505456470477299 ], [ 71.447099689479359, 24.18858107111306 ] ] } },
{ "type": "Feature", "properties": { "start_id": 342, "end_id": 359, "km": 279.2482782590821, "from": "road", "to": "road", "type": "road" }, "geometry": { "type": "LineString", "coordinates": [ [ 79.237174263163411, 28.840202324758884 ], [ 78.192464814181449, 26.505456470477299 ] ] } },
{ "type": "Feature", "properties": { "start_id": 202, "end_id": 203, "km": 275.08910860217395, "from": "road", "to": "road", "type": "road" }, "geometry": { "type": "LineString", "coordinates": [ [ 109.7438950068304, 40.865044586172232 ], [ 113.015393320426256, 40.865044586172232 ] ] } },
{ "type": "Feature", "properties": { "start_id": 320, "end_id": 2118, "km": 408.60841144256193, "from": "road", "to": "country", "type": "road" }, "geometry": { "type": "LineString", "coordinates": [ [ 86.474592794594827, 31.194966538777738 ], [ 83.9384995, 28.2530003 ] ] } },
{ "type": "Feature", "properties": { "start_id": 123, "end_id": 1040, "km": 203.52932009360407, "from": "road", "to": "port", "type": "road" }, "geometry": { "type": "LineString", "coordinates": [ [ -77.389763749228337, 45.895258794291813 ], [ -75.55142408, 44.60082935 ] ] } },
{ "type": "Feature", "properties": { "start_id": 358, "end_id": 378, "km": 272.6695902446973, "from": "road", "to": "road", "type": "road" }, "geometry": { "type": "LineString", "coordinates": [ [ 75.246858162311199, 26.505456470477299 ], [ 74.357907562172599, 24.18858107111306 ] ] } },
{ "type": "Feature", "properties": { "start_id": 951, "end_id": 933, "km": 212.09683653624259, "from": "port", "to": "port", "type": "road" }, "geometry": { "type": "LineString", "coordinates": [ [ -86.3963, 48.74093 ], [ -89.2414, 48.43 ] ] } },
{ "type": "Feature", "properties": { "start_id": 1085, "end_id": 155, "km": 100.71372725877812, "from": "port", "to": "road", "type": "road" }, "geometry": { "type": "LineString", "coordinates": [ [ -70.7694, 43.0619 ], [ -71.942565818388204, 43.360707025151228 ] ] } },
{ "type": "Feature", "properties": { "start_id": 155, "end_id": 1053, "km": 173.41247378414803, "from": "road", "to": "port", "type": "road" }, "geometry": { "type": "LineString", "coordinates": [ [ -71.942565818388204, 43.360707025151228 ], [ -73.77079035, 42.55931999 ] ] } },
{ "type": "Feature", "properties": { "start_id": 142, "end_id": 143, "km": 266.69958780556294, "from": "road", "to": "road", "type": "road" }, "geometry": { "type": "LineString", "coordinates": [ [ 125.954182179364807, 45.895258794291813 ], [ 129.400689737476569, 45.895258794291813 ] ] } },
{ "type": "Feature", "properties": { "start_id": 142, "end_id": 171, "km": 281.86251836994029, "from": "road", "to": "road", "type": "road" }, "geometry": { "type": "LineString", "coordinates": [ [ 125.954182179364807, 45.895258794291813 ], [ 125.899481817811207, 43.360707025151228 ] ] } },
{ "type": "Feature", "properties": { "start_id": 1040, "end_id": 154, "km": 139.40344382696688, "from": "port", "to": "road", "type": "road" }, "geometry": { "type": "LineString", "coordinates": [ [ -75.55142408, 44.60082935 ], [ -75.295820863069551, 43.360707025151228 ] ] } },
{ "type": "Feature", "properties": { "start_id": 203, "end_id": 234, "km": 280.34528914950766, "from": "road", "to": "road", "type": "road" }, "geometry": { "type": "LineString", "coordinates": [ [ 113.015393320426256, 40.865044586172232 ], [ 113.726963425734795, 38.404086085661085 ] ] } },
{ "type": "Feature", "properties": { "start_id": 68, "end_id": 67, "km": 256.73836465563517, "from": "road", "to": "road", "type": "road" }, "geometry": { "type": "LineString", "coordinates": [ [ -97.281302677869931, 51.101298772248654 ], [ -100.958602653010487, 51.101298772248654 ] ] } },
{ "type": "Feature", "properties": { "start_id": 68, "end_id": 95, "km": 292.87772206071986, "from": "road", "to": "road", "type": "road" }, "geometry": { "type": "LineString", "coordinates": [ [ -97.281302677869931, 51.101298772248654 ], [ -97.560451516416947, 48.473553704137302 ] ] } },
{ "type": "Feature", "properties": { "start_id": 261, "end_id": 2099, "km": 172.36472989438417, "from": "road", "to": "country", "type": "road" }, "geometry": { "type": "LineString", "coordinates": [ [ 102.056598396554008, 35.974178125305095 ], [ 103.8349991, 36.5633011 ] ] } },
{ "type": "Feature", "properties": { "start_id": 261, "end_id": 295, "km": 315.35419037693777, "from": "road", "to": "road", "type": "road" }, "geometry": { "type": "LineString", "coordinates": [ [ 102.056598396554008, 35.974178125305095 ], [ 100.220750659596817, 33.572096391225102 ] ] } },
{ "type": "Feature", "properties": { "start_id": 359, "end_id": 379, "km": 273.83490345307217, "from": "road", "to": "road", "type": "road" }, "geometry": { "type": "LineString", "coordinates": [ [ 78.192464814181449, 26.505456470477299 ], [ 77.268715434865854, 24.18858107111306 ] ] } },
{ "type": "Feature", "properties": { "start_id": 2099, "end_id": 262, "km": 138.20286268854056, "from": "country", "to": "road", "type": "road" }, "geometry": { "type": "LineString", "coordinates": [ [ 103.8349991, 36.5633011 ], [ 105.192415753118439, 35.974178125305095 ] ] } },
{ "type": "Feature", "properties": { "start_id": 2050, "end_id": 2054, "km": 185.99009289866768, "from": "port", "to": "port", "type": "road" }, "geometry": { "type": "LineString", "coordinates": [ [ 156.0433, 53.6647 ], [ 158.65, 53.05 ] ] } },
{ "type": "Feature", "properties": { "start_id": 933, "end_id": 935, "km": 141.38090160230897, "from": "port", "to": "port", "type": "road" }, "geometry": { "type": "LineString", "coordinates": [ [ -89.2414, 48.43 ], [ -88.6038, 47.23273 ] ] } },
{ "type": "Feature", "properties": { "start_id": 933, "end_id": 926, "km": 197.60303777944546, "from": "port", "to": "port", "type": "road" }, "geometry": { "type": "LineString", "coordinates": [ [ -89.2414, 48.43 ], [ -91.257, 47.27713 ] ] } },
{ "type": "Feature", "properties": { "start_id": 993, "end_id": 982, "km": 108.49857140557813, "from": "port", "to": "port", "type": "road" }, "geometry": { "type": "LineString", "coordinates": [ [ -80.036, 45.32993 ], [ -80.9255, 44.58433 ] ] } },
{ "type": "Feature", "properties": { "start_id": 294, "end_id": 295, "km": 285.28615403182692, "from": "road", "to": "road", "type": "road" }, "geometry": { "type": "LineString", "coordinates": [ [ 97.141342033952384, 33.572096391225102 ], [ 100.220750659596817, 33.572096391225102 ] ] } },
{ "type": "Feature", "properties": { "start_id": 2118, "end_id": 361, "km": 194.84595491841088, "from": "country", "to": "road", "type": "road" }, "geometry": { "type": "LineString", "coordinates": [ [ 83.9384995, 28.2530003 ], [ 84.083678117921934, 26.505456470477299 ] ] } },
{ "type": "Feature", "properties": { "start_id": 2217, "end_id": 475, "km": 547.17724707819821, "from": "country", "to": "road", "type": "road" }, "geometry": { "type": "LineString", "coordinates": [ [ -1.79619, 17.7019997 ], [ -1.269594266169292, 12.807392720877612 ] ] } },
{ "type": "Feature", "properties": { "start_id": 143, "end_id": 144, "km": 266.69958780555902, "from": "road", "to": "road", "type": "road" }, "geometry": { "type": "LineString", "coordinates": [ [ 129.400689737476569, 45.895258794291813 ], [ 132.847197295588302, 45.895258794291813 ] ] } },
{ "type": "Feature", "properties": { "start_id": 154, "end_id": 1031, "km": 99.31511511059152, "from": "road", "to": "port", "type": "road" }, "geometry": { "type": "LineString", "coordinates": [ [ -75.295820863069551, 43.360707025151228 ], [ -76.5167, 43.4667 ] ] } },
{ "type": "Feature", "properties": { "start_id": 154, "end_id": 1053, "km": 152.77506944233181, "from": "road", "to": "port", "type": "road" }, "geometry": { "type": "LineString", "coordinates": [ [ -75.295820863069551, 43.360707025151228 ], [ -73.77079035, 42.55931999 ] ] } },
{ "type": "Feature", "properties": { "start_id": 958, "end_id": 956, "km": 113.49212154853041, "from": "port", "to": "port", "type": "road" }, "geometry": { "type": "LineString", "coordinates": [ [ -84.347588, 46.497712 ], [ -84.84447437, 45.53714311 ] ] } },
{ "type": "Feature", "properties": { "start_id": 461, "end_id": 482, "km": 251.45339772376798, "from": "road", "to": "road", "type": "road" }, "geometry": { "type": "LineString", "coordinates": [ [ 29.632791129127494, 15.062139851324615 ], [ 29.454525664467823, 12.807392720877612 ] ] } },
{ "type": "Feature", "properties": { "start_id": 461, "end_id": 462, "km": 301.7217534068044, "from": "road", "to": "road", "type": "road" }, "geometry": { "type": "LineString", "coordinates": [ [ 29.632791129127494, 15.062139851324615 ], [ 32.442797426175346, 15.062139851324615 ] ] } },
{ "type": "Feature", "properties": { "start_id": 460, "end_id": 479, "km": 384.33464808725057, "from": "road", "to": "road", "type": "road" }, "geometry": { "type": "LineString", "coordinates": [ [ 15.582759643888252, 15.062139851324615 ], [ 18.282118416963431, 12.807392720877612 ] ] } },
{ "type": "Feature", "properties": { "start_id": 1031, "end_id": 1018, "km": 90.348443233530574, "from": "port", "to": "port", "type": "road" }, "geometry": { "type": "LineString", "coordinates": [ [ -76.5167, 43.4667 ], [ -77.6, 43.2667 ] ] } },
{ "type": "Feature", "properties": { "start_id": 67, "end_id": 66, "km": 256.73836465563608, "from": "road", "to": "road", "type": "road" }, "geometry": { "type": "LineString", "coordinates": [ [ -100.958602653010487, 51.101298772248654 ], [ -104.635902628151072, 51.101298772248654 ] ] } },
{ "type": "Feature", "properties": { "start_id": 378, "end_id": 405, "km": 268.10522828396432, "from": "road", "to": "road", "type": "road" }, "geometry": { "type": "LineString", "coordinates": [ [ 74.357907562172599, 24.18858107111306 ], [ 73.574969592742519, 21.887595261445966 ] ] } },
{ "type": "Feature", "properties": { "start_id": 462, "end_id": 483, "km": 251.5995351537656, "from": "road", "to": "road", "type": "road" }, "geometry": { "type": "LineString", "coordinates": [ [ 32.442797426175346, 15.062139851324615 ], [ 32.247627476343936, 12.807392720877612 ] ] } },
{ "type": "Feature", "properties": { "start_id": 360, "end_id": 380, "km": 275.03973222155003, "from": "road", "to": "road", "type": "road" }, "geometry": { "type": "LineString", "coordinates": [ [ 81.138071466051684, 26.505456470477299 ], [ 80.179523307559109, 24.18858107111306 ] ] } },
{ "type": "Feature", "properties": { "start_id": 262, "end_id": 296, "km": 472.36436691456333, "from": "road", "to": "road", "type": "road" }, "geometry": { "type": "LineString", "coordinates": [ [ 105.192415753118439, 35.974178125305095 ], [ 109.45897653653013, 33.572096391225102 ] ] } },
{ "type": "Feature", "properties": { "start_id": 935, "end_id": 950, "km": 174.20578509317988, "from": "port", "to": "port", "type": "road" }, "geometry": { "type": "LineString", "coordinates": [ [ -88.6038, 47.23273 ], [ -86.6533, 46.41213 ] ] } },
{ "type": "Feature", "properties": { "start_id": 1006, "end_id": 153, "km": 57.963400367670104, "from": "port", "to": "road", "type": "road" }, "geometry": { "type": "LineString", "coordinates": [ [ -78.74139919, 43.87768197 ], [ -78.649075907750884, 43.360707025151228 ] ] } },
{ "type": "Feature", "properties": { "start_id": 982, "end_id": 975, "km": 112.9059357144307, "from": "port", "to": "port", "type": "road" }, "geometry": { "type": "LineString", "coordinates": [ [ -80.9255, 44.58433 ], [ -81.7558, 43.7619 ] ] } },
{ "type": "Feature", "properties": { "start_id": 459, "end_id": 478, "km": 250.7998521741122, "from": "road", "to": "road", "type": "road" }, "geometry": { "type": "LineString", "coordinates": [ [ 9.962747049792538, 15.062139851324615 ], [ 9.902812981335105, 12.807392720877612 ] ] } },
{ "type": "Feature", "properties": { "start_id": 950, "end_id": 947, "km": 79.681741898153049, "from": "port", "to": "port", "type": "road" }, "geometry": { "type": "LineString", "coordinates": [ [ -86.6533, 46.41213 ], [ -87.0564, 45.75233 ] ] } },
{ "type": "Feature", "properties": { "start_id": 950, "end_id": 956, "km": 170.30200869056239, "from": "port", "to": "port", "type": "road" }, "geometry": { "type": "LineString", "coordinates": [ [ -86.6533, 46.41213 ], [ -84.84447437, 45.53714311 ] ] } },
{ "type": "Feature", "properties": { "start_id": 1018, "end_id": 153, "km": 85.517622205288731, "from": "port", "to": "road", "type": "road" }, "geometry": { "type": "LineString", "coordinates": [ [ -77.6, 43.2667 ], [ -78.649075907750884, 43.360707025151228 ] ] } },
{ "type": "Feature", "properties": { "start_id": 959, "end_id": 956, "km": 81.247034718994598, "from": "port", "to": "port", "type": "road" }, "geometry": { "type": "LineString", "coordinates": [ [ -83.8158, 45.42033 ], [ -84.84447437, 45.53714311 ] ] } },
{ "type": "Feature", "properties": { "start_id": 959, "end_id": 963, "km": 93.967587962788855, "from": "port", "to": "port", "type": "road" }, "geometry": { "type": "LineString", "coordinates": [ [ -83.8158, 45.42033 ], [ -83.2729, 44.66733 ] ] } },
{ "type": "Feature", "properties": { "start_id": 47, "end_id": 65, "km": 421.87113977664882, "from": "road", "to": "road", "type": "road" }, "geometry": { "type": "LineString", "coordinates": [ [ -116.392776006651786, 53.78531077684525 ], [ -111.990502578432185, 51.101298772248654 ] ] } },
{ "type": "Feature", "properties": { "start_id": 440, "end_id": 1674, "km": 166.20279996061035, "from": "road", "to": "port", "type": "road" }, "geometry": { "type": "LineString", "coordinates": [ [ 52.483922145834697, 17.326047954329745 ], [ 53.995389, 16.941487 ] ] } },
{ "type": "Feature", "properties": { "start_id": 144, "end_id": 145, "km": 266.69958780556294, "from": "road", "to": "road", "type": "road" }, "geometry": { "type": "LineString", "coordinates": [ [ 132.847197295588302, 45.895258794291813 ], [ 136.293704853700063, 45.895258794291813 ] ] } },
{ "type": "Feature", "properties": { "start_id": 458, "end_id": 477, "km": 250.7594391502395, "from": "road", "to": "road", "type": "road" }, "geometry": { "type": "LineString", "coordinates": [ [ 7.152740752744683, 15.062139851324615 ], [ 7.109711169458996, 12.807392720877612 ] ] } },
{ "type": "Feature", "properties": { "start_id": 153, "end_id": 1000, "km": 75.375712926214192, "from": "road", "to": "port", "type": "road" }, "geometry": { "type": "LineString", "coordinates": [ [ -78.649075907750884, 43.360707025151228 ], [ -79.52165596, 43.12516331 ] ] } },
{ "type": "Feature", "properties": { "start_id": 171, "end_id": 172, "km": 271.07161608035483, "from": "road", "to": "road", "type": "road" }, "geometry": { "type": "LineString", "coordinates": [ [ 125.899481817811207, 43.360707025151228 ], [ 129.252736862492583, 43.360707025151228 ] ] } },
{ "type": "Feature", "properties": { "start_id": 66, "end_id": 94, "km": 292.20071929356379, "from": "road", "to": "road", "type": "road" }, "geometry": { "type": "LineString", "coordinates": [ [ -104.635902628151072, 51.101298772248654 ], [ -104.667504041085067, 48.473553704137302 ] ] } },
{ "type": "Feature", "properties": { "start_id": 1696, "end_id": 404, "km": 116.5445032195005, "from": "port", "to": "road", "type": "road" }, "geometry": { "type": "LineString", "coordinates": [ [ 69.6, 21.6333 ], [ 70.694810538446205, 21.887595261445966 ] ] } },
{ "type": "Feature", "properties": { "start_id": 439, "end_id": 456, "km": 251.78971102594031, "from": "road", "to": "road", "type": "road" }, "geometry": { "type": "LineString", "coordinates": [ [ -6.946404367206782, 17.326047954329745 ], [ -6.897290732494559, 15.062139851324615 ] ] } },
{ "type": "Feature", "properties": { "start_id": 379, "end_id": 406, "km": 269.05883001490002, "from": "road", "to": "road", "type": "road" }, "geometry": { "type": "LineString", "coordinates": [ [ 77.268715434865854, 24.18858107111306 ], [ 76.455128647038862, 21.887595261445966 ] ] } },
{ "type": "Feature", "properties": { "start_id": 204, "end_id": 1866, "km": 103.47812163554541, "from": "road", "to": "port", "type": "road" }, "geometry": { "type": "LineString", "coordinates": [ [ 119.558389947617954, 40.865044586172232 ], [ 119.6831626, 39.93930651 ] ] } },
{ "type": "Feature", "properties": { "start_id": 926, "end_id": 922, "km": 83.491640733790462, "from": "port", "to": "port", "type": "road" }, "geometry": { "type": "LineString", "coordinates": [ [ -91.257, 47.27713 ], [ -92.06810201, 46.76912652 ] ] } },
{ "type": "Feature", "properties": { "start_id": 404, "end_id": 1698, "km": 118.93649024162893, "from": "road", "to": "port", "type": "road" }, "geometry": { "type": "LineString", "coordinates": [ [ 70.694810538446205, 21.887595261445966 ], [ 70.52130216, 20.83024972 ] ] } },
{ "type": "Feature", "properties": { "start_id": 963, "end_id": 975, "km": 157.3326430258692, "from": "port", "to": "port", "type": "road" }, "geometry": { "type": "LineString", "coordinates": [ [ -83.2729, 44.66733 ], [ -81.7558, 43.7619 ] ] } },
{ "type": "Feature", "properties": { "start_id": 457, "end_id": 476, "km": 250.7322924216912, "from": "road", "to": "road", "type": "road" }, "geometry": { "type": "LineString", "coordinates": [ [ 4.342734455696827, 15.062139851324615 ], [ 4.316609357582887, 12.807392720877612 ] ] } },
{ "type": "Feature", "properties": { "start_id": 361, "end_id": 381, "km": 276.28355950639173, "from": "road", "to": "road", "type": "road" }, "geometry": { "type": "LineString", "coordinates": [ [ 84.083678117921934, 26.505456470477299 ], [ 83.090331180252377, 24.18858107111306 ] ] } },
{ "type": "Feature", "properties": { "start_id": 234, "end_id": 235, "km": 278.7816902430045, "from": "road", "to": "road", "type": "road" }, "geometry": { "type": "LineString", "coordinates": [ [ 113.726963425734795, 38.404086085661085 ], [ 116.926443296850493, 38.404086085661085 ] ] } },
{ "type": "Feature", "properties": { "start_id": 234, "end_id": 264, "km": 281.03569501371533, "from": "road", "to": "road", "type": "road" }, "geometry": { "type": "LineString", "coordinates": [ [ 113.726963425734795, 38.404086085661085 ], [ 114.599867822811632, 35.974178125305095 ] ] } },
{ "type": "Feature", "properties": { "start_id": 947, "end_id": 943, "km": 86.100256558435134, "from": "port", "to": "port", "type": "road" }, "geometry": { "type": "LineString", "coordinates": [ [ -87.0564, 45.75233 ], [ -87.5974, 45.07753 ] ] } },
{ "type": "Feature", "properties": { "start_id": 1000, "end_id": 989, "km": 136.67882153379972, "from": "port", "to": "port", "type": "road" }, "geometry": { "type": "LineString", "coordinates": [ [ -79.52165596, 43.12516331 ], [ -80.34024074, 42.05384136 ] ] } },
{ "type": "Feature", "properties": { "start_id": 975, "end_id": 969, "km": 154.35324414679283, "from": "port", "to": "port", "type": "road" }, "geometry": { "type": "LineString", "coordinates": [ [ -81.7558, 43.7619 ], [ -82.73488912, 42.57151201 ] ] } },
{ "type": "Feature", "properties": { "start_id": 1051, "end_id": 1045, "km": 139.3554975710031, "from": "port", "to": "port", "type": "road" }, "geometry": { "type": "LineString", "coordinates": [ [ -74.06717323, 40.72669097 ], [ -75.25301908, 39.85917491 ] ] } },
{ "type": "Feature", "properties": { "start_id": 922, "end_id": 122, "km": 118.89071586011717, "from": "port", "to": "road", "type": "road" }, "geometry": { "type": "LineString", "coordinates": [ [ -92.06810201, 46.76912652 ], [ -91.175793981675312, 45.895258794291813 ] ] } },
{ "type": "Feature", "properties": { "start_id": 172, "end_id": 1950, "km": 167.16088548074148, "from": "road", "to": "port", "type": "road" }, "geometry": { "type": "LineString", "coordinates": [ [ 129.252736862492583, 43.360707025151228 ], [ 131.1132371, 42.71956959 ] ] } },
{ "type": "Feature", "properties": { "start_id": 380, "end_id": 2117, "km": 156.19807427451931, "from": "road", "to": "country", "type": "road" }, "geometry": { "type": "LineString", "coordinates": [ [ 80.179523307559109, 24.18858107111306 ], [ 79.6187973, 22.8813 ] ] } },
{ "type": "Feature", "properties": { "start_id": 1698, "end_id": 1699, "km": 99.7016071112525, "from": "port", "to": "port", "type": "road" }, "geometry": { "type": "LineString", "coordinates": [ [ 70.52130216, 20.83024972 ], [ 71.47729588, 20.90782022 ] ] } },
{ "type": "Feature", "properties": { "start_id": 943, "end_id": 939, "km": 86.898297191062554, "from": "port", "to": "port", "type": "road" }, "geometry": { "type": "LineString", "coordinates": [ [ -87.5974, 45.07753 ], [ -87.86924174, 44.32029848 ] ] } },
{ "type": "Feature", "properties": { "start_id": 481, "end_id": 480, "km": 302.85031398797884, "from": "road", "to": "road", "type": "road" }, "geometry": { "type": "LineString", "coordinates": [ [ 23.868322040715611, 12.807392720877612 ], [ 21.075220228839502, 12.807392720877612 ] ] } },
{ "type": "Feature", "properties": { "start_id": 480, "end_id": 506, "km": 250.12457521203152, "from": "road", "to": "road", "type": "road" }, "geometry": { "type": "LineString", "coordinates": [ [ 21.075220228839502, 12.807392720877612 ], [ 20.969909878145334, 10.560333313258052 ] ] } },
{ "type": "Feature", "properties": { "start_id": 480, "end_id": 479, "km": 302.85031398797463, "from": "road", "to": "road", "type": "road" }, "geometry": { "type": "LineString", "coordinates": [ [ 21.075220228839502, 12.807392720877612 ], [ 18.282118416963431, 12.807392720877612 ] ] } },
{ "type": "Feature", "properties": { "start_id": 1663, "end_id": 1651, "km": 332.456201991689, "from": "port", "to": "port", "type": "road" }, "geometry": { "type": "LineString", "coordinates": [ [ 52.15, 15.8167 ], [ 49.30805941, 14.62517813 ] ] } },
{ "type": "Feature", "properties": { "start_id": 482, "end_id": 508, "km": 250.37499583153595, "from": "road", "to": "road", "type": "road" }, "geometry": { "type": "LineString", "coordinates": [ [ 29.454525664467823, 12.807392720877612 ], [ 29.307344928343845, 10.560333313258052 ] ] } },
{ "type": "Feature", "properties": { "start_id": 362, "end_id": 382, "km": 277.56586094443327, "from": "road", "to": "road", "type": "road" }, "geometry": { "type": "LineString", "coordinates": [ [ 87.029284769792199, 26.505456470477299 ], [ 86.001139052945632, 24.18858107111306 ] ] } },
{ "type": "Feature", "properties": { "start_id": 483, "end_id": 2231, "km": 145.73342971383829, "from": "road", "to": "country", "type": "road" }, "geometry": { "type": "LineString", "coordinates": [ [ 32.247627476343936, 12.807392720877612 ], [ 33.4609985, 12.2463999 ] ] } },
{ "type": "Feature", "properties": { "start_id": 65, "end_id": 93, "km": 292.6025229643746, "from": "road", "to": "road", "type": "road" }, "geometry": { "type": "LineString", "coordinates": [ [ -111.990502578432185, 51.101298772248654 ], [ -111.774556565753187, 48.473553704137302 ] ] } },
{ "type": "Feature", "properties": { "start_id": 182, "end_id": 1045, "km": 167.9293228296072, "from": "road", "to": "port", "type": "road" }, "geometry": { "type": "LineString", "coordinates": [ [ -76.731508868133261, 40.865044586172232 ], [ -75.25301908, 39.85917491 ] ] } },
{ "type": "Feature", "properties": { "start_id": 989, "end_id": 181, "km": 135.14200869692945, "from": "port", "to": "road", "type": "road" }, "geometry": { "type": "LineString", "coordinates": [ [ -80.34024074, 42.05384136 ], [ -80.003007181729132, 40.865044586172232 ] ] } },
{ "type": "Feature", "properties": { "start_id": 989, "end_id": 972, "km": 148.60952779125475, "from": "port", "to": "port", "type": "road" }, "geometry": { "type": "LineString", "coordinates": [ [ -80.34024074, 42.05384136 ], [ -81.99325411, 41.53662775 ] ] } },
{ "type": "Feature", "properties": { "start_id": 484, "end_id": 2231, "km": 182.4691822132165, "from": "road", "to": "country", "type": "road" }, "geometry": { "type": "LineString", "coordinates": [ [ 35.040729288220049, 12.807392720877612 ], [ 33.4609985, 12.2463999 ] ] } },
{ "type": "Feature", "properties": { "start_id": 263, "end_id": 264, "km": 282.17387712195875, "from": "road", "to": "road", "type": "road" }, "geometry": { "type": "LineString", "coordinates": [ [ 111.464050466247272, 35.974178125305095 ], [ 114.599867822811632, 35.974178125305095 ] ] } },
{ "type": "Feature", "properties": { "start_id": 1263, "end_id": 438, "km": 96.212517592729668, "from": "port", "to": "road", "type": "road" }, "geometry": { "type": "LineString", "coordinates": [ [ -16.0211, 17.9881 ], [ -15.436451011926991, 17.326047954329745 ] ] } },
{ "type": "Feature", "properties": { "start_id": 343, "end_id": 364, "km": 286.95131988447645, "from": "road", "to": "road", "type": "road" }, "geometry": { "type": "LineString", "coordinates": [ [ 94.161984993944003, 28.840202324758884 ], [ 92.920498073532656, 26.505456470477299 ] ] } },
{ "type": "Feature", "properties": { "start_id": 478, "end_id": 503, "km": 249.91968990426693, "from": "road", "to": "road", "type": "road" }, "geometry": { "type": "LineString", "coordinates": [ [ 9.902812981335105, 12.807392720877612 ], [ 9.85332981121401, 10.560333313258052 ] ] } },
{ "type": "Feature", "properties": { "start_id": 939, "end_id": 151, "km": 126.17099543345057, "from": "port", "to": "road", "type": "road" }, "geometry": { "type": "LineString", "coordinates": [ [ -87.86924174, 44.32029848 ], [ -88.708841041794926, 43.360707025151228 ] ] } },
{ "type": "Feature", "properties": { "start_id": 969, "end_id": 961, "km": 114.1045126306618, "from": "port", "to": "port", "type": "road" }, "geometry": { "type": "LineString", "coordinates": [ [ -82.73488912, 42.57151201 ], [ -83.4897, 41.7114 ] ] } },
{ "type": "Feature", "properties": { "start_id": 406, "end_id": 424, "km": 264.86436268504309, "from": "road", "to": "road", "type": "road" }, "geometry": { "type": "LineString", "coordinates": [ [ 76.455128647038862, 21.887595261445966 ], [ 75.742727513834211, 19.600658461531079 ] ] } },
{ "type": "Feature", "properties": { "start_id": 152, "end_id": 952, "km": 74.570695296695561, "from": "road", "to": "port", "type": "road" }, "geometry": { "type": "LineString", "coordinates": [ [ -85.355585997113579, 43.360707025151228 ], [ -86.23155611, 43.15391164 ] ] } },
{ "type": "Feature", "properties": { "start_id": 2231, "end_id": 509, "km": 239.98765757960513, "from": "country", "to": "road", "type": "road" }, "geometry": { "type": "LineString", "coordinates": [ [ 33.4609985, 12.2463999 ], [ 32.086489945076693, 10.560333313258052 ] ] } },
{ "type": "Feature", "properties": { "start_id": 2231, "end_id": 510, "km": 242.05120001805946, "from": "country", "to": "road", "type": "road" }, "geometry": { "type": "LineString", "coordinates": [ [ 33.4609985, 12.2463999 ], [ 34.865634961809533, 10.560333313258052 ] ] } },
{ "type": "Feature", "properties": { "start_id": 381, "end_id": 408, "km": 271.06481891321027, "from": "road", "to": "road", "type": "road" }, "geometry": { "type": "LineString", "coordinates": [ [ 83.090331180252377, 24.18858107111306 ], [ 82.215446755631575, 21.887595261445966 ] ] } },
{ "type": "Feature", "properties": { "start_id": 2117, "end_id": 407, "km": 114.27503924497833, "from": "country", "to": "road", "type": "road" }, "geometry": { "type": "LineString", "coordinates": [ [ 79.6187973, 22.8813 ], [ 79.335287701335218, 21.887595261445966 ] ] } },
{ "type": "Feature", "properties": { "start_id": 2117, "end_id": 408, "km": 288.93233297064057, "from": "country", "to": "road", "type": "road" }, "geometry": { "type": "LineString", "coordinates": [ [ 79.6187973, 22.8813 ], [ 82.215446755631575, 21.887595261445966 ] ] } },
{ "type": "Feature", "properties": { "start_id": 477, "end_id": 502, "km": 249.89154704763712, "from": "road", "to": "road", "type": "road" }, "geometry": { "type": "LineString", "coordinates": [ [ 7.109711169458996, 12.807392720877612 ], [ 7.07418479448117, 10.560333313258052 ] ] } },
{ "type": "Feature", "properties": { "start_id": 438, "end_id": 453, "km": 252.00468680823676, "from": "road", "to": "road", "type": "road" }, "geometry": { "type": "LineString", "coordinates": [ [ -15.436451011926991, 17.326047954329745 ], [ -15.327309623638108, 15.062139851324615 ] ] } },
{ "type": "Feature", "properties": { "start_id": 206, "end_id": 2105, "km": 121.57378025969912, "from": "road", "to": "country", "type": "road" }, "geometry": { "type": "LineString", "coordinates": [ [ 126.101386574809666, 40.865044586172232 ], [ 127.1800003, 40.1419983 ] ] } },
{ "type": "Feature", "properties": { "start_id": 456, "end_id": 455, "km": 301.72175340680457, "from": "road", "to": "road", "type": "road" }, "geometry": { "type": "LineString", "coordinates": [ [ -6.897290732494559, 15.062139851324615 ], [ -9.707297029542415, 15.062139851324615 ] ] } },
{ "type": "Feature", "properties": { "start_id": 363, "end_id": 383, "km": 278.88610574455566, "from": "road", "to": "road", "type": "road" }, "geometry": { "type": "LineString", "coordinates": [ [ 89.974891421662448, 26.505456470477299 ], [ 88.911946925638915, 24.18858107111306 ] ] } },
{ "type": "Feature", "properties": { "start_id": 363, "end_id": 364, "km": 293.10333282923483, "from": "road", "to": "road", "type": "road" }, "geometry": { "type": "LineString", "coordinates": [ [ 89.974891421662448, 26.505456470477299 ], [ 92.920498073532656, 26.505456470477299 ] ] } },
{ "type": "Feature", "properties": { "start_id": 94, "end_id": 121, "km": 402.54044344674304, "from": "road", "to": "road", "type": "road" }, "geometry": { "type": "LineString", "coordinates": [ [ -104.667504041085067, 48.473553704137302 ], [ -108.408331772234078, 45.895258794291813 ] ] } },
{ "type": "Feature", "properties": { "start_id": 952, "end_id": 940, "km": 133.54420346675514, "from": "port", "to": "port", "type": "road" }, "geometry": { "type": "LineString", "coordinates": [ [ -86.23155611, 43.15391164 ], [ -87.8280842, 42.87169115 ] ] } },
{ "type": "Feature", "properties": { "start_id": 476, "end_id": 501, "km": 249.87264335233922, "from": "road", "to": "road", "type": "road" }, "geometry": { "type": "LineString", "coordinates": [ [ 4.316609357582887, 12.807392720877612 ], [ 4.295039777748332, 10.560333313258052 ] ] } },
{ "type": "Feature", "properties": { "start_id": 972, "end_id": 961, "km": 125.89248847840484, "from": "port", "to": "port", "type": "road" }, "geometry": { "type": "LineString", "coordinates": [ [ -81.99325411, 41.53662775 ], [ -83.4897, 41.7114 ] ] } },
{ "type": "Feature", "properties": { "start_id": 264, "end_id": 297, "km": 282.81293592415767, "from": "road", "to": "road", "type": "road" }, "geometry": { "type": "LineString", "coordinates": [ [ 114.599867822811632, 35.974178125305095 ], [ 115.617793787818954, 33.572096391225102 ] ] } },
{ "type": "Feature", "properties": { "start_id": 455, "end_id": 473, "km": 250.79563030553345, "from": "road", "to": "road", "type": "road" }, "geometry": { "type": "LineString", "coordinates": [ [ -9.707297029542415, 15.062139851324615 ], [ -9.648899701797617, 12.807392720877612 ] ] } },
{ "type": "Feature", "properties": { "start_id": 961, "end_id": 180, "km": 95.812471875223295, "from": "port", "to": "road", "type": "road" }, "geometry": { "type": "LineString", "coordinates": [ [ -83.4897, 41.7114 ], [ -83.274505495324988, 40.865044586172232 ] ] } },
{ "type": "Feature", "properties": { "start_id": 407, "end_id": 425, "km": 265.65824808605379, "from": "road", "to": "road", "type": "road" }, "geometry": { "type": "LineString", "coordinates": [ [ 79.335287701335218, 21.887595261445966 ], [ 78.596049538222957, 19.600658461531079 ] ] } },
{ "type": "Feature", "properties": { "start_id": 151, "end_id": 940, "km": 89.818832864200985, "from": "road", "to": "port", "type": "road" }, "geometry": { "type": "LineString", "coordinates": [ [ -88.708841041794926, 43.360707025151228 ], [ -87.8280842, 42.87169115 ] ] } },
{ "type": "Feature", "properties": { "start_id": 151, "end_id": 150, "km": 271.07161608035068, "from": "road", "to": "road", "type": "road" }, "geometry": { "type": "LineString", "coordinates": [ [ -88.708841041794926, 43.360707025151228 ], [ -92.062096086476274, 43.360707025151228 ] ] } },
{ "type": "Feature", "properties": { "start_id": 382, "end_id": 409, "km": 272.11647776754342, "from": "road", "to": "road", "type": "road" }, "geometry": { "type": "LineString", "coordinates": [ [ 86.001139052945632, 24.18858107111306 ], [ 85.095605809927918, 21.887595261445966 ] ] } },
{ "type": "Feature", "properties": { "start_id": 296, "end_id": 323, "km": 289.2271863392873, "from": "road", "to": "road", "type": "road" }, "geometry": { "type": "LineString", "coordinates": [ [ 109.45897653653013, 33.572096391225102 ], [ 110.709511290553152, 31.194966538777738 ] ] } },
{ "type": "Feature", "properties": { "start_id": 940, "end_id": 944, "km": 132.50271360933803, "from": "port", "to": "port", "type": "road" }, "geometry": { "type": "LineString", "coordinates": [ [ -87.8280842, 42.87169115 ], [ -87.38296838, 41.72644261 ] ] } },
{ "type": "Feature", "properties": { "start_id": 2105, "end_id": 236, "km": 201.30523134402895, "from": "country", "to": "road", "type": "road" }, "geometry": { "type": "LineString", "coordinates": [ [ 127.1800003, 40.1419983 ], [ 126.524882910197661, 38.404086085661085 ] ] } },
{ "type": "Feature", "properties": { "start_id": 2105, "end_id": 207, "km": 202.07949197742383, "from": "country", "to": "road", "type": "road" }, "geometry": { "type": "LineString", "coordinates": [ [ 127.1800003, 40.1419983 ], [ 129.372884888405537, 40.865044586172232 ] ] } },
{ "type": "Feature", "properties": { "start_id": 475, "end_id": 2209, "km": 77.920857987845196, "from": "road", "to": "country", "type": "road" }, "geometry": { "type": "LineString", "coordinates": [ [ -1.269594266169292, 12.807392720877612 ], [ -1.73984, 12.2778997 ] ] } },
{ "type": "Feature", "properties": { "start_id": 506, "end_id": 2218, "km": 368.30732086818614, "from": "road", "to": "country", "type": "road" }, "geometry": { "type": "LineString", "coordinates": [ [ 20.969909878145334, 10.560333313258052 ], [ 17.8568993, 9.3076696 ] ] } },
{ "type": "Feature", "properties": { "start_id": 507, "end_id": 508, "km": 303.79167328373529, "from": "road", "to": "road", "type": "road" }, "geometry": { "type": "LineString", "coordinates": [ [ 26.528199911611011, 10.560333313258052 ], [ 29.307344928343845, 10.560333313258052 ] ] } },
{ "type": "Feature", "properties": { "start_id": 321, "end_id": 322, "km": 288.13577216077812, "from": "road", "to": "road", "type": "road" }, "geometry": { "type": "LineString", "coordinates": [ [ 104.650781666563603, 31.194966538777738 ], [ 107.680146478558399, 31.194966538777738 ] ] } },
{ "type": "Feature", "properties": { "start_id": 508, "end_id": 536, "km": 249.49705284576854, "from": "road", "to": "road", "type": "road" }, "geometry": { "type": "LineString", "coordinates": [ [ 29.307344928343845, 10.560333313258052 ], [ 29.189920655586878, 8.319543933089816 ] ] } },
{ "type": "Feature", "properties": { "start_id": 454, "end_id": 2215, "km": 223.59821971396337, "from": "road", "to": "country", "type": "road" }, "geometry": { "type": "LineString", "coordinates": [ [ -12.517303326590232, 15.062139851324615 ], [ -14.4681997, 14.3669996 ] ] } },
{ "type": "Feature", "properties": { "start_id": 505, "end_id": 534, "km": 249.256440968352, "from": "road", "to": "road", "type": "road" }, "geometry": { "type": "LineString", "coordinates": [ [ 15.411619844679691, 10.560333313258052 ], [ 15.349870878449787, 8.319543933089816 ] ] } },
{ "type": "Feature", "properties": { "start_id": 505, "end_id": 504, "km": 303.79167328373592, "from": "road", "to": "road", "type": "road" }, "geometry": { "type": "LineString", "coordinates": [ [ 15.411619844679691, 10.560333313258052 ], [ 12.632474827946851, 10.560333313258052 ] ] } },
{ "type": "Feature", "properties": { "start_id": 509, "end_id": 537, "km": 249.56307856618571, "from": "road", "to": "road", "type": "road" }, "geometry": { "type": "LineString", "coordinates": [ [ 32.086489945076693, 10.560333313258052 ], [ 31.957930611014305, 8.319543933089816 ] ] } },
{ "type": "Feature", "properties": { "start_id": 504, "end_id": 503, "km": 303.79167328373592, "from": "road", "to": "road", "type": "road" }, "geometry": { "type": "LineString", "coordinates": [ [ 12.632474827946851, 10.560333313258052 ], [ 9.85332981121401, 10.560333313258052 ] ] } },
{ "type": "Feature", "properties": { "start_id": 510, "end_id": 538, "km": 249.63506201787965, "from": "road", "to": "road", "type": "road" }, "geometry": { "type": "LineString", "coordinates": [ [ 34.865634961809533, 10.560333313258052 ], [ 34.725940566441729, 8.319543933089816 ] ] } },
{ "type": "Feature", "properties": { "start_id": 510, "end_id": 511, "km": 303.79167328373148, "from": "road", "to": "road", "type": "road" }, "geometry": { "type": "LineString", "coordinates": [ [ 34.865634961809533, 10.560333313258052 ], [ 37.644779978542331, 10.560333313258052 ] ] } },
{ "type": "Feature", "properties": { "start_id": 424, "end_id": 441, "km": 261.20556601297568, "from": "road", "to": "road", "type": "road" }, "geometry": { "type": "LineString", "coordinates": [ [ 75.742727513834211, 19.600658461531079 ], [ 75.124046531755226, 17.326047954329745 ] ] } },
{ "type": "Feature", "properties": { "start_id": 408, "end_id": 426, "km": 266.47898913000341, "from": "road", "to": "road", "type": "road" }, "geometry": { "type": "LineString", "coordinates": [ [ 82.215446755631575, 21.887595261445966 ], [ 81.449371562611702, 19.600658461531079 ] ] } },
{ "type": "Feature", "properties": { "start_id": 474, "end_id": 498, "km": 249.87138307972643, "from": "road", "to": "road", "type": "road" }, "geometry": { "type": "LineString", "coordinates": [ [ -4.062696078045401, 12.807392720877612 ], [ -4.042395272450149, 10.560333313258052 ] ] } },
{ "type": "Feature", "properties": { "start_id": 474, "end_id": 2209, "km": 258.90712112370591, "from": "road", "to": "country", "type": "road" }, "geometry": { "type": "LineString", "coordinates": [ [ -4.062696078045401, 12.807392720877612 ], [ -1.73984, 12.2778997 ] ] } },
{ "type": "Feature", "properties": { "start_id": 150, "end_id": 149, "km": 271.07161608035278, "from": "road", "to": "road", "type": "road" }, "geometry": { "type": "LineString", "coordinates": [ [ -92.062096086476274, 43.360707025151228 ], [ -95.415351131157635, 43.360707025151228 ] ] } },
{ "type": "Feature", "properties": { "start_id": 93, "end_id": 120, "km": 286.75745617172669, "from": "road", "to": "road", "type": "road" }, "geometry": { "type": "LineString", "coordinates": [ [ -111.774556565753187, 48.473553704137302 ], [ -111.854839330345811, 45.895258794291813 ] ] } },
{ "type": "Feature", "properties": { "start_id": 2209, "end_id": 499, "km": 197.92229601887226, "from": "country", "to": "road", "type": "road" }, "geometry": { "type": "LineString", "coordinates": [ [ -1.73984, 12.2778997 ], [ -1.263250255717309, 10.560333313258052 ] ] } },
{ "type": "Feature", "properties": { "start_id": 503, "end_id": 2214, "km": 219.49114042002128, "from": "road", "to": "country", "type": "road" }, "geometry": { "type": "LineString", "coordinates": [ [ 9.85332981121401, 10.560333313258052 ], [ 8.10532, 9.5936403 ] ] } },
{ "type": "Feature", "properties": { "start_id": 944, "end_id": 179, "km": 118.58804893137774, "from": "port", "to": "road", "type": "road" }, "geometry": { "type": "LineString", "coordinates": [ [ -87.38296838, 41.72644261 ], [ -86.54600380892083, 40.865044586172232 ] ] } },
{ "type": "Feature", "properties": { "start_id": 944, "end_id": 178, "km": 224.8001503925731, "from": "port", "to": "road", "type": "road" }, "geometry": { "type": "LineString", "coordinates": [ [ -87.38296838, 41.72644261 ], [ -89.817502122516672, 40.865044586172232 ] ] } },
{ "type": "Feature", "properties": { "start_id": 511, "end_id": 539, "km": 249.71299804856582, "from": "road", "to": "road", "type": "road" }, "geometry": { "type": "LineString", "coordinates": [ [ 37.644779978542331, 10.560333313258052 ], [ 37.493950521869117, 8.319543933089816 ] ] } },
{ "type": "Feature", "properties": { "start_id": 216, "end_id": 1021, "km": 148.28722090452766, "from": "road", "to": "port", "type": "road" }, "geometry": { "type": "LineString", "coordinates": [ [ -78.241828841208388, 38.404086085661085 ], [ -77.2835, 37.30593 ] ] } },
{ "type": "Feature", "properties": { "start_id": 216, "end_id": 215, "km": 278.7816902430078, "from": "road", "to": "road", "type": "road" }, "geometry": { "type": "LineString", "coordinates": [ [ -78.241828841208388, 38.404086085661085 ], [ -81.441308712324116, 38.404086085661085 ] ] } },
{ "type": "Feature", "properties": { "start_id": 453, "end_id": 2215, "km": 120.46367926686654, "from": "road", "to": "country", "type": "road" }, "geometry": { "type": "LineString", "coordinates": [ [ -15.327309623638108, 15.062139851324615 ], [ -14.4681997, 14.3669996 ] ] } },
{ "type": "Feature", "properties": { "start_id": 453, "end_id": 1260, "km": 145.11178211040362, "from": "road", "to": "port", "type": "road" }, "geometry": { "type": "LineString", "coordinates": [ [ -15.327309623638108, 15.062139851324615 ], [ -16.27232372, 14.13113442 ] ] } },
{ "type": "Feature", "properties": { "start_id": 502, "end_id": 2214, "km": 155.87754186504915, "from": "road", "to": "country", "type": "road" }, "geometry": { "type": "LineString", "coordinates": [ [ 7.07418479448117, 10.560333313258052 ], [ 8.10532, 9.5936403 ] ] } },
{ "type": "Feature", "properties": { "start_id": 512, "end_id": 2220, "km": 232.59820655218061, "from": "road", "to": "country", "type": "road" }, "geometry": { "type": "LineString", "coordinates": [ [ 40.423924995275165, 10.560333313258052 ], [ 39.6160011, 8.6261396 ] ] } },
{ "type": "Feature", "properties": { "start_id": 512, "end_id": 513, "km": 303.79167328373632, "from": "road", "to": "road", "type": "road" }, "geometry": { "type": "LineString", "coordinates": [ [ 40.423924995275165, 10.560333313258052 ], [ 43.203070012008013, 10.560333313258052 ] ] } },
{ "type": "Feature", "properties": { "start_id": 322, "end_id": 323, "km": 288.13577216077329, "from": "road", "to": "road", "type": "road" }, "geometry": { "type": "LineString", "coordinates": [ [ 107.680146478558399, 31.194966538777738 ], [ 110.709511290553152, 31.194966538777738 ] ] } },
{ "type": "Feature", "properties": { "start_id": 501, "end_id": 2208, "km": 236.53682216731877, "from": "road", "to": "country", "type": "road" }, "geometry": { "type": "LineString", "coordinates": [ [ 4.295039777748332, 10.560333313258052 ], [ 2.34326, 9.6476498 ] ] } },
{ "type": "Feature", "properties": { "start_id": 2218, "end_id": 535, "km": 113.55516992873736, "from": "country", "to": "road", "type": "road" }, "geometry": { "type": "LineString", "coordinates": [ [ 17.8568993, 9.3076696 ], [ 18.117880833877212, 8.319543933089816 ] ] } },
{ "type": "Feature", "properties": { "start_id": 2218, "end_id": 534, "km": 296.57676187134803, "from": "country", "to": "road", "type": "road" }, "geometry": { "type": "LineString", "coordinates": [ [ 17.8568993, 9.3076696 ], [ 15.349870878449787, 8.319543933089816 ] ] } },
{ "type": "Feature", "properties": { "start_id": 2011, "end_id": 2014, "km": 115.16123675031699, "from": "port", "to": "port", "type": "road" }, "geometry": { "type": "LineString", "coordinates": [ [ 144.2833, 44.0167 ], [ 144.6146249, 43.00928656 ] ] } },
{ "type": "Feature", "properties": { "start_id": 425, "end_id": 442, "km": 261.83036133718559, "from": "road", "to": "road", "type": "road" }, "geometry": { "type": "LineString", "coordinates": [ [ 78.596049538222957, 19.600658461531079 ], [ 77.95406207999531, 17.326047954329745 ] ] } },
{ "type": "Feature", "properties": { "start_id": 149, "end_id": 148, "km": 271.07161608035068, "from": "road", "to": "road", "type": "road" }, "geometry": { "type": "LineString", "coordinates": [ [ -95.415351131157635, 43.360707025151228 ], [ -98.768606175838968, 43.360707025151228 ] ] } },
{ "type": "Feature", "properties": { "start_id": 409, "end_id": 1733, "km": 226.70277653840799, "from": "road", "to": "port", "type": "road" }, "geometry": { "type": "LineString", "coordinates": [ [ 85.095605809927918, 21.887595261445966 ], [ 86.9628, 20.8233 ] ] } },
{ "type": "Feature", "properties": { "start_id": 1021, "end_id": 246, "km": 270.50017544773289, "from": "port", "to": "road", "type": "road" }, "geometry": { "type": "LineString", "coordinates": [ [ -77.2835, 37.30593 ], [ -79.820808284181666, 35.974178125305095 ] ] } },
{ "type": "Feature", "properties": { "start_id": 473, "end_id": 496, "km": 249.91674981186782, "from": "road", "to": "road", "type": "road" }, "geometry": { "type": "LineString", "coordinates": [ [ -9.648899701797617, 12.807392720877612 ], [ -9.600685305915828, 10.560333313258052 ] ] } },
{ "type": "Feature", "properties": { "start_id": 500, "end_id": 2208, "km": 136.02373427023531, "from": "road", "to": "country", "type": "road" }, "geometry": { "type": "LineString", "coordinates": [ [ 1.51589476101553, 10.560333313258052 ], [ 2.34326, 9.6476498 ] ] } },
{ "type": "Feature", "properties": { "start_id": 1633, "end_id": 514, "km": 106.27133398855779, "from": "port", "to": "road", "type": "road" }, "geometry": { "type": "LineString", "coordinates": [ [ 45.0167, 10.45 ], [ 45.982215028740846, 10.560333313258052 ] ] } },
{ "type": "Feature", "properties": { "start_id": 2214, "end_id": 532, "km": 183.33884708855652, "from": "country", "to": "road", "type": "road" }, "geometry": { "type": "LineString", "coordinates": [ [ 8.10532, 9.5936403 ], [ 7.045841012167509, 8.319543933089816 ] ] } },
{ "type": "Feature", "properties": { "start_id": 2214, "end_id": 533, "km": 235.13232125603091, "from": "country", "to": "road", "type": "road" }, "geometry": { "type": "LineString", "coordinates": [ [ 8.10532, 9.5936403 ], [ 9.813850967594934, 8.319543933089816 ] ] } },
{ "type": "Feature", "properties": { "start_id": 215, "end_id": 214, "km": 278.78169024300558, "from": "road", "to": "road", "type": "road" }, "geometry": { "type": "LineString", "coordinates": [ [ -81.441308712324116, 38.404086085661085 ], [ -84.640788583439814, 38.404086085661085 ] ] } },
{ "type": "Feature", "properties": { "start_id": 92, "end_id": 91, "km": 261.93680561448213, "from": "road", "to": "road", "type": "road" }, "geometry": { "type": "LineString", "coordinates": [ [ -118.881609090421293, 48.473553704137302 ], [ -122.435135352755367, 48.473553704137302 ] ] } },
{ "type": "Feature", "properties": { "start_id": 92, "end_id": 119, "km": 286.87131941094225, "from": "road", "to": "road", "type": "road" }, "geometry": { "type": "LineString", "coordinates": [ [ -118.881609090421293, 48.473553704137302 ], [ -118.747854446569292, 45.895258794291813 ] ] } },
{ "type": "Feature", "properties": { "start_id": 365, "end_id": 385, "km": 283.06911410846362, "from": "road", "to": "road", "type": "road" }, "geometry": { "type": "LineString", "coordinates": [ [ 98.81171137727317, 26.505456470477299 ], [ 97.644370543718665, 24.18858107111306 ] ] } },
{ "type": "Feature", "properties": { "start_id": 365, "end_id": 366, "km": 293.10333282923864, "from": "road", "to": "road", "type": "road" }, "geometry": { "type": "LineString", "coordinates": [ [ 98.81171137727317, 26.505456470477299 ], [ 101.75731802914342, 26.505456470477299 ] ] } },
{ "type": "Feature", "properties": { "start_id": 1734, "end_id": 1735, "km": 143.062182476565, "from": "port", "to": "port", "type": "road" }, "geometry": { "type": "LineString", "coordinates": [ [ 88.19243756, 22.30118365 ], [ 89.56113179, 22.53452367 ] ] } },
{ "type": "Feature", "properties": { "start_id": 178, "end_id": 177, "km": 275.08910860217611, "from": "road", "to": "road", "type": "road" }, "geometry": { "type": "LineString", "coordinates": [ [ -89.817502122516672, 40.865044586172232 ], [ -93.089000436112556, 40.865044586172232 ] ] } },
{ "type": "Feature", "properties": { "start_id": 323, "end_id": 324, "km": 288.13577216077812, "from": "road", "to": "road", "type": "road" }, "geometry": { "type": "LineString", "coordinates": [ [ 110.709511290553152, 31.194966538777738 ], [ 113.738876102547962, 31.194966538777738 ] ] } },
{ "type": "Feature", "properties": { "start_id": 121, "end_id": 120, "km": 266.69958780556095, "from": "road", "to": "road", "type": "road" }, "geometry": { "type": "LineString", "coordinates": [ [ -108.408331772234078, 45.895258794291813 ], [ -111.854839330345811, 45.895258794291813 ] ] } },
{ "type": "Feature", "properties": { "start_id": 121, "end_id": 147, "km": 365.05877566412391, "from": "road", "to": "road", "type": "road" }, "geometry": { "type": "LineString", "coordinates": [ [ -108.408331772234078, 45.895258794291813 ], [ -105.475116265201663, 43.360707025151228 ] ] } },
{ "type": "Feature", "properties": { "start_id": 472, "end_id": 495, "km": 249.95328924158133, "from": "road", "to": "road", "type": "road" }, "geometry": { "type": "LineString", "coordinates": [ [ -12.44200151367369, 12.807392720877612 ], [ -12.37983032264863, 10.560333313258052 ] ] } },
{ "type": "Feature", "properties": { "start_id": 426, "end_id": 443, "km": 262.47668748852726, "from": "road", "to": "road", "type": "road" }, "geometry": { "type": "LineString", "coordinates": [ [ 81.449371562611702, 19.600658461531079 ], [ 80.78407762823538, 17.326047954329745 ] ] } },
{ "type": "Feature", "properties": { "start_id": 534, "end_id": 550, "km": 248.67317966999528, "from": "road", "to": "road", "type": "road" }, "geometry": { "type": "LineString", "coordinates": [ [ 15.349870878449787, 8.319543933089816 ], [ 15.303225621548592, 6.083651096124247 ] ] } },
{ "type": "Feature", "properties": { "start_id": 2208, "end_id": 530, "km": 173.74596048390589, "from": "country", "to": "road", "type": "road" }, "geometry": { "type": "LineString", "coordinates": [ [ 2.34326, 9.6476498 ], [ 1.509821101312696, 8.319543933089816 ] ] } },
{ "type": "Feature", "properties": { "start_id": 498, "end_id": 529, "km": 249.17074341257262, "from": "road", "to": "road", "type": "road" }, "geometry": { "type": "LineString", "coordinates": [ [ -4.042395272450149, 10.560333313258052 ], [ -4.026198809542156, 8.319543933089816 ] ] } },
{ "type": "Feature", "properties": { "start_id": 498, "end_id": 497, "km": 303.79167328373586, "from": "road", "to": "road", "type": "road" }, "geometry": { "type": "LineString", "coordinates": [ [ -4.042395272450149, 10.560333313258052 ], [ -6.821540289182987, 10.560333313258052 ] ] } },
{ "type": "Feature", "properties": { "start_id": 384, "end_id": 410, "km": 275.46161805892427, "from": "road", "to": "road", "type": "road" }, "geometry": { "type": "LineString", "coordinates": [ [ 94.733562671025396, 24.18858107111306 ], [ 93.736082972816931, 21.887595261445966 ] ] } },
{ "type": "Feature", "properties": { "start_id": 384, "end_id": 385, "km": 295.2443485011521, "from": "road", "to": "road", "type": "road" }, "geometry": { "type": "LineString", "coordinates": [ [ 94.733562671025396, 24.18858107111306 ], [ 97.644370543718665, 24.18858107111306 ] ] } },
{ "type": "Feature", "properties": { "start_id": 2220, "end_id": 539, "km": 235.86219814687942, "from": "country", "to": "road", "type": "road" }, "geometry": { "type": "LineString", "coordinates": [ [ 39.6160011, 8.6261396 ], [ 37.493950521869117, 8.319543933089816 ] ] } },
{ "type": "Feature", "properties": { "start_id": 214, "end_id": 213, "km": 278.7816902430078, "from": "road", "to": "road", "type": "road" }, "geometry": { "type": "LineString", "coordinates": [ [ -84.640788583439814, 38.404086085661085 ], [ -87.840268454555542, 38.404086085661085 ] ] } },
{ "type": "Feature", "properties": { "start_id": 539, "end_id": 551, "km": 248.93742093923208, "from": "road", "to": "road", "type": "road" }, "geometry": { "type": "LineString", "coordinates": [ [ 37.493950521869117, 8.319543933089816 ], [ 37.380013735808674, 6.083651096124247 ] ] } },
{ "type": "Feature", "properties": { "start_id": 298, "end_id": 1877, "km": 154.7476850268321, "from": "road", "to": "port", "type": "road" }, "geometry": { "type": "LineString", "coordinates": [ [ 118.697202413463387, 33.572096391225102 ], [ 120.335176, 33.31009729 ] ] } },
{ "type": "Feature", "properties": { "start_id": 298, "end_id": 1853, "km": 206.30654508500291, "from": "road", "to": "port", "type": "road" }, "geometry": { "type": "LineString", "coordinates": [ [ 118.697202413463387, 33.572096391225102 ], [ 118.5318984, 31.72196428 ] ] } },
{ "type": "Feature", "properties": { "start_id": 120, "end_id": 2123, "km": 54.303294650852301, "from": "road", "to": "country", "type": "road" }, "geometry": { "type": "LineString", "coordinates": [ [ -111.854839330345811, 45.895258794291813 ], [ -112.4940033, 45.6954994 ] ] } },
{ "type": "Feature", "properties": { "start_id": 471, "end_id": 1265, "km": 111.63038215340588, "from": "road", "to": "port", "type": "road" }, "geometry": { "type": "LineString", "coordinates": [ [ -15.235103325549815, 12.807392720877612 ], [ -15.584323, 11.86322 ] ] } },
{ "type": "Feature", "properties": { "start_id": 177, "end_id": 176, "km": 275.08910860217287, "from": "road", "to": "road", "type": "road" }, "geometry": { "type": "LineString", "coordinates": [ [ -93.089000436112556, 40.865044586172232 ], [ -96.360498749708398, 40.865044586172232 ] ] } },
{ "type": "Feature", "properties": { "start_id": 532, "end_id": 549, "km": 248.63115832505153, "from": "road", "to": "road", "type": "road" }, "geometry": { "type": "LineString", "coordinates": [ [ 7.045841012167509, 8.319543933089816 ], [ 7.024430078701029, 6.083651096124247 ] ] } },
{ "type": "Feature", "properties": { "start_id": 366, "end_id": 367, "km": 293.10333282923739, "from": "road", "to": "road", "type": "road" }, "geometry": { "type": "LineString", "coordinates": [ [ 101.75731802914342, 26.505456470477299 ], [ 104.702924681013656, 26.505456470477299 ] ] } },
{ "type": "Feature", "properties": { "start_id": 442, "end_id": 465, "km": 258.52252076017243, "from": "road", "to": "road", "type": "road" }, "geometry": { "type": "LineString", "coordinates": [ [ 77.95406207999531, 17.326047954329745 ], [ 77.40289817894093, 15.062139851324615 ] ] } },
{ "type": "Feature", "properties": { "start_id": 427, "end_id": 1729, "km": 74.443296162744801, "from": "road", "to": "port", "type": "road" }, "geometry": { "type": "LineString", "coordinates": [ [ 84.302693587000448, 19.600658461531079 ], [ 84.92, 19.27 ] ] } },
{ "type": "Feature", "properties": { "start_id": 427, "end_id": 1728, "km": 241.55953000402494, "from": "road", "to": "port", "type": "road" }, "geometry": { "type": "LineString", "coordinates": [ [ 84.302693587000448, 19.600658461531079 ], [ 83.27253203, 17.65990994 ] ] } },
{ "type": "Feature", "properties": { "start_id": 2123, "end_id": 146, "km": 354.21824374641432, "from": "country", "to": "road", "type": "road" }, "geometry": { "type": "LineString", "coordinates": [ [ -112.4940033, 45.6954994 ], [ -115.534881399245691, 43.360707025151228 ] ] } },
{ "type": "Feature", "properties": { "start_id": 324, "end_id": 1821, "km": 84.632634188387442, "from": "road", "to": "port", "type": "road" }, "geometry": { "type": "LineString", "coordinates": [ [ 113.738876102547962, 31.194966538777738 ], [ 114.2667, 30.5833 ] ] } },
{ "type": "Feature", "properties": { "start_id": 1932, "end_id": 266, "km": 42.083431100991845, "from": "port", "to": "road", "type": "road" }, "geometry": { "type": "LineString", "coordinates": [ [ 126.6756154, 35.96596453 ], [ 127.143137249069284, 35.974178125305095 ] ] } },
{ "type": "Feature", "properties": { "start_id": 1261, "end_id": 1265, "km": 108.96697231691883, "from": "port", "to": "port", "type": "road" }, "geometry": { "type": "LineString", "coordinates": [ [ -16.2586, 12.58853 ], [ -15.584323, 11.86322 ] ] } },
{ "type": "Feature", "properties": { "start_id": 2102, "end_id": 266, "km": 75.531235287807945, "from": "country", "to": "road", "type": "road" }, "geometry": { "type": "LineString", "coordinates": [ [ 127.8290024, 36.3676987 ], [ 127.143137249069284, 35.974178125305095 ] ] } },
{ "type": "Feature", "properties": { "start_id": 2102, "end_id": 1941, "km": 150.4047562330064, "from": "country", "to": "port", "type": "road" }, "geometry": { "type": "LineString", "coordinates": [ [ 127.8290024, 36.3676987 ], [ 128.639367099999987, 35.1855871 ] ] } },
{ "type": "Feature", "properties": { "start_id": 531, "end_id": 1358, "km": 230.76647567295228, "from": "road", "to": "port", "type": "road" }, "geometry": { "type": "LineString", "coordinates": [ [ 4.277831056740084, 8.319543933089816 ], [ 3.384090465, 6.442980175 ] ] } },
{ "type": "Feature", "properties": { "start_id": 246, "end_id": 245, "km": 282.17387712196222, "from": "road", "to": "road", "type": "road" }, "geometry": { "type": "LineString", "coordinates": [ [ -79.820808284181666, 35.974178125305095 ], [ -82.956625640746068, 35.974178125305095 ] ] } },
{ "type": "Feature", "properties": { "start_id": 2216, "end_id": 530, "km": 63.428659080734896, "from": "country", "to": "road", "type": "road" }, "geometry": { "type": "LineString", "coordinates": [ [ 0.975846, 8.5349102 ], [ 1.509821101312696, 8.319543933089816 ] ] } },
{ "type": "Feature", "properties": { "start_id": 2216, "end_id": 2212, "km": 248.58642664458563, "from": "country", "to": "country", "type": "road" }, "geometry": { "type": "LineString", "coordinates": [ [ 0.975846, 8.5349102 ], [ -1.20705, 7.95964 ] ] } },
{ "type": "Feature", "properties": { "start_id": 496, "end_id": 2213, "km": 147.2526749747467, "from": "road", "to": "country", "type": "road" }, "geometry": { "type": "LineString", "coordinates": [ [ -9.600685305915828, 10.560333313258052 ], [ -10.9418001, 10.4385004 ] ] } },
{ "type": "Feature", "properties": { "start_id": 385, "end_id": 411, "km": 276.63877508689779, "from": "road", "to": "road", "type": "road" }, "geometry": { "type": "LineString", "coordinates": [ [ 97.644370543718665, 24.18858107111306 ], [ 96.616242027113302, 21.887595261445966 ] ] } },
{ "type": "Feature", "properties": { "start_id": 213, "end_id": 212, "km": 278.781690243009, "from": "road", "to": "road", "type": "road" }, "geometry": { "type": "LineString", "coordinates": [ [ -87.840268454555542, 38.404086085661085 ], [ -91.039748325671283, 38.404086085661085 ] ] } },
{ "type": "Feature", "properties": { "start_id": 147, "end_id": 175, "km": 349.25409419043382, "from": "road", "to": "road", "type": "road" }, "geometry": { "type": "LineString", "coordinates": [ [ -105.475116265201663, 43.360707025151228 ], [ -102.903495376900111, 40.865044586172232 ] ] } },
{ "type": "Feature", "properties": { "start_id": 1821, "end_id": 1826, "km": 94.209329698052642, "from": "port", "to": "port", "type": "road" }, "geometry": { "type": "LineString", "coordinates": [ [ 114.2667, 30.5833 ], [ 115.1481, 30.20933 ] ] } },
{ "type": "Feature", "properties": { "start_id": 1821, "end_id": 344, "km": 287.21852857635253, "from": "port", "to": "road", "type": "road" }, "geometry": { "type": "LineString", "coordinates": [ [ 114.2667, 30.5833 ], [ 112.071757870880731, 28.840202324758884 ] ] } },
{ "type": "Feature", "properties": { "start_id": 2213, "end_id": 495, "km": 157.80679083027621, "from": "country", "to": "road", "type": "road" }, "geometry": { "type": "LineString", "coordinates": [ [ -10.9418001, 10.4385004 ], [ -12.37983032264863, 10.560333313258052 ] ] } },
{ "type": "Feature", "properties": { "start_id": 367, "end_id": 386, "km": 286.03756023688129, "from": "road", "to": "road", "type": "road" }, "geometry": { "type": "LineString", "coordinates": [ [ 104.702924681013656, 26.505456470477299 ], [ 103.465986289105189, 24.18858107111306 ] ] } },
{ "type": "Feature", "properties": { "start_id": 119, "end_id": 146, "km": 379.50805375112998, "from": "road", "to": "road", "type": "road" }, "geometry": { "type": "LineString", "coordinates": [ [ -118.747854446569292, 45.895258794291813 ], [ -115.534881399245691, 43.360707025151228 ] ] } },
{ "type": "Feature", "properties": { "start_id": 325, "end_id": 1840, "km": 83.924491917431212, "from": "road", "to": "port", "type": "road" }, "geometry": { "type": "LineString", "coordinates": [ [ 116.768240914542744, 31.194966538777738 ], [ 117.4309175, 30.69833644 ] ] } },
{ "type": "Feature", "properties": { "start_id": 245, "end_id": 244, "km": 282.17387712196336, "from": "road", "to": "road", "type": "road" }, "geometry": { "type": "LineString", "coordinates": [ [ -82.956625640746068, 35.974178125305095 ], [ -86.092442997310471, 35.974178125305095 ] ] } },
{ "type": "Feature", "properties": { "start_id": 1853, "end_id": 326, "km": 133.5907875466531, "from": "port", "to": "road", "type": "road" }, "geometry": { "type": "LineString", "coordinates": [ [ 118.5318984, 31.72196428 ], [ 119.797605726537569, 31.194966538777738 ] ] } },
{ "type": "Feature", "properties": { "start_id": 1853, "end_id": 1840, "km": 154.65453284494822, "from": "port", "to": "port", "type": "road" }, "geometry": { "type": "LineString", "coordinates": [ [ 118.5318984, 31.72196428 ], [ 117.4309175, 30.69833644 ] ] } },
{ "type": "Feature", "properties": { "start_id": 550, "end_id": 559, "km": 248.24964985310339, "from": "road", "to": "road", "type": "road" }, "geometry": { "type": "LineString", "coordinates": [ [ 15.303225621548592, 6.083651096124247 ], [ 15.271280719567825, 3.851315170761378 ] ] } },
{ "type": "Feature", "properties": { "start_id": 550, "end_id": 2210, "km": 286.58489651991226, "from": "road", "to": "country", "type": "road" }, "geometry": { "type": "LineString", "coordinates": [ [ 15.303225621548592, 6.083651096124247 ], [ 12.7433004, 5.6858001 ] ] } },
{ "type": "Feature", "properties": { "start_id": 1826, "end_id": 1832, "km": 96.230612838865767, "from": "port", "to": "port", "type": "road" }, "geometry": { "type": "LineString", "coordinates": [ [ 115.1481, 30.20933 ], [ 115.9831, 29.7342 ] ] } },
{ "type": "Feature", "properties": { "start_id": 212, "end_id": 211, "km": 278.78169024300678, "from": "road", "to": "road", "type": "road" }, "geometry": { "type": "LineString", "coordinates": [ [ -91.039748325671283, 38.404086085661085 ], [ -94.239228196786996, 38.404086085661085 ] ] } },
{ "type": "Feature", "properties": { "start_id": 529, "end_id": 2211, "km": 184.9580484771254, "from": "road", "to": "country", "type": "road" }, "geometry": { "type": "LineString", "coordinates": [ [ -4.026198809542156, 8.319543933089816 ], [ -5.5555, 7.6317301 ] ] } },
{ "type": "Feature", "properties": { "start_id": 874, "end_id": 877, "km": 78.097731708757166, "from": "port", "to": "port", "type": "road" }, "geometry": { "type": "LineString", "coordinates": [ [ -123.8449, 46.18873 ], [ -122.9236995, 45.89812863 ] ] } },
{ "type": "Feature", "properties": { "start_id": 1840, "end_id": 1832, "km": 175.62914131999668, "from": "port", "to": "port", "type": "road" }, "geometry": { "type": "LineString", "coordinates": [ [ 117.4309175, 30.69833644 ], [ 115.9831, 29.7342 ] ] } },
{ "type": "Feature", "properties": { "start_id": 1840, "end_id": 346, "km": 214.85915557201437, "from": "port", "to": "road", "type": "road" }, "geometry": { "type": "LineString", "coordinates": [ [ 117.4309175, 30.69833644 ], [ 118.041682163192988, 28.840202324758884 ] ] } },
{ "type": "Feature", "properties": { "start_id": 2210, "end_id": 558, "km": 205.51486857986495, "from": "country", "to": "road", "type": "road" }, "geometry": { "type": "LineString", "coordinates": [ [ 12.7433004, 5.6858001 ], [ 12.517442762322434, 3.851315170761378 ] ] } },
{ "type": "Feature", "properties": { "start_id": 465, "end_id": 486, "km": 255.7024326372391, "from": "road", "to": "road", "type": "road" }, "geometry": { "type": "LineString", "coordinates": [ [ 77.40289817894093, 15.062139851324615 ], [ 76.937256466361561, 12.807392720877612 ] ] } },
{ "type": "Feature", "properties": { "start_id": 1832, "end_id": 345, "km": 133.98948181217776, "from": "port", "to": "road", "type": "road" }, "geometry": { "type": "LineString", "coordinates": [ [ 115.9831, 29.7342 ], [ 115.056720017036852, 28.840202324758884 ] ] } },
{ "type": "Feature", "properties": { "start_id": 326, "end_id": 1872, "km": 113.88657348645465, "from": "road", "to": "port", "type": "road" }, "geometry": { "type": "LineString", "coordinates": [ [ 119.797605726537569, 31.194966538777738 ], [ 120.2130124, 30.23503867 ] ] } },
{ "type": "Feature", "properties": { "start_id": 326, "end_id": 1889, "km": 147.38125842434434, "from": "road", "to": "port", "type": "road" }, "geometry": { "type": "LineString", "coordinates": [ [ 119.797605726537569, 31.194966538777738 ], [ 121.3468469, 31.22940971 ] ] } },
{ "type": "Feature", "properties": { "start_id": 244, "end_id": 243, "km": 282.17387712196455, "from": "road", "to": "road", "type": "road" }, "geometry": { "type": "LineString", "coordinates": [ [ -86.092442997310471, 35.974178125305095 ], [ -89.228260353874902, 35.974178125305095 ] ] } },
{ "type": "Feature", "properties": { "start_id": 411, "end_id": 2115, "km": 158.97378087473095, "from": "road", "to": "country", "type": "road" }, "geometry": { "type": "LineString", "coordinates": [ [ 96.616242027113302, 21.887595261445966 ], [ 97.1044998, 20.5323009 ] ] } },
{ "type": "Feature", "properties": { "start_id": 211, "end_id": 210, "km": 278.7816902430078, "from": "road", "to": "road", "type": "road" }, "geometry": { "type": "LineString", "coordinates": [ [ -94.239228196786996, 38.404086085661085 ], [ -97.438708067902724, 38.404086085661085 ] ] } },
{ "type": "Feature", "properties": { "start_id": 552, "end_id": 565, "km": 248.42255167329199, "from": "road", "to": "road", "type": "road" }, "geometry": { "type": "LineString", "coordinates": [ [ 42.89921076437372, 6.083651096124247 ], [ 42.809660292021633, 3.851315170761378 ] ] } },
{ "type": "Feature", "properties": { "start_id": 2211, "end_id": 547, "km": 218.43444745678875, "from": "country", "to": "road", "type": "road" }, "geometry": { "type": "LineString", "coordinates": [ [ -5.5555, 7.6317301 ], [ -6.773562492711532, 6.083651096124247 ] ] } },
{ "type": "Feature", "properties": { "start_id": 2211, "end_id": 548, "km": 242.05915340691917, "from": "country", "to": "road", "type": "road" }, "geometry": { "type": "LineString", "coordinates": [ [ -5.5555, 7.6317301 ], [ -4.013963978429013, 6.083651096124247 ] ] } },
{ "type": "Feature", "properties": { "start_id": 386, "end_id": 387, "km": 295.24434850114955, "from": "road", "to": "road", "type": "road" }, "geometry": { "type": "LineString", "coordinates": [ [ 103.465986289105189, 24.18858107111306 ], [ 106.376794161798429, 24.18858107111306 ] ] } },
{ "type": "Feature", "properties": { "start_id": 1959, "end_id": 1954, "km": 117.19645902363398, "from": "port", "to": "port", "type": "road" }, "geometry": { "type": "LineString", "coordinates": [ [ 133.1449001, 35.4986211 ], [ 132.0833, 34.9 ] ] } },
{ "type": "Feature", "properties": { "start_id": 528, "end_id": 546, "km": 248.64060196352077, "from": "road", "to": "road", "type": "road" }, "geometry": { "type": "LineString", "coordinates": [ [ -9.562218720397007, 8.319543933089816 ], [ -9.533161006994051, 6.083651096124247 ] ] } },
{ "type": "Feature", "properties": { "start_id": 1976, "end_id": 268, "km": 202.01058196025016, "from": "port", "to": "road", "type": "road" }, "geometry": { "type": "LineString", "coordinates": [ [ 137.85, 37.0333 ], [ 139.686406675326936, 35.974178125305095 ] ] } },
{ "type": "Feature", "properties": { "start_id": 1971, "end_id": 267, "km": 87.069354383798995, "from": "port", "to": "road", "type": "road" }, "geometry": { "type": "LineString", "coordinates": [ [ 136.8883887, 36.70841717 ], [ 136.550589318762491, 35.974178125305095 ] ] } },
{ "type": "Feature", "properties": { "start_id": 553, "end_id": 566, "km": 248.44884903326681, "from": "road", "to": "road", "type": "road" }, "geometry": { "type": "LineString", "coordinates": [ [ 45.658809278656236, 6.083651096124247 ], [ 45.56349824926702, 3.851315170761378 ] ] } },
{ "type": "Feature", "properties": { "start_id": 146, "end_id": 174, "km": 280.02580398487851, "from": "road", "to": "road", "type": "road" }, "geometry": { "type": "LineString", "coordinates": [ [ -115.534881399245691, 43.360707025151228 ], [ -115.989488631283507, 40.865044586172232 ] ] } },
{ "type": "Feature", "properties": { "start_id": 276, "end_id": 981, "km": 162.58415879723017, "from": "road", "to": "port", "type": "road" }, "geometry": { "type": "LineString", "coordinates": [ [ -81.464358253424336, 33.572096391225102 ], [ -81.12441983, 32.13809544 ] ] } },
{ "type": "Feature", "properties": { "start_id": 276, "end_id": 275, "km": 285.28615403182812, "from": "road", "to": "road", "type": "road" }, "geometry": { "type": "LineString", "coordinates": [ [ -81.464358253424336, 33.572096391225102 ], [ -84.54376687906877, 33.572096391225102 ] ] } },
{ "type": "Feature", "properties": { "start_id": 368, "end_id": 388, "km": 289.14468818506469, "from": "road", "to": "road", "type": "road" }, "geometry": { "type": "LineString", "coordinates": [ [ 110.594137984754127, 26.505456470477299 ], [ 109.287602034491684, 24.18858107111306 ] ] } },
{ "type": "Feature", "properties": { "start_id": 243, "end_id": 242, "km": 282.17387712196336, "from": "road", "to": "road", "type": "road" }, "geometry": { "type": "LineString", "coordinates": [ [ -89.228260353874902, 35.974178125305095 ], [ -92.364077710439304, 35.974178125305095 ] ] } },
{ "type": "Feature", "properties": { "start_id": 562, "end_id": 561, "km": 305.52116022193644, "from": "road", "to": "road", "type": "road" }, "geometry": { "type": "LineString", "coordinates": [ [ 23.532794591303951, 3.851315170761378 ], [ 20.778956634058563, 3.851315170761378 ] ] } },
{ "type": "Feature", "properties": { "start_id": 561, "end_id": 572, "km": 247.98931372054702, "from": "road", "to": "road", "type": "road" }, "geometry": { "type": "LineString", "coordinates": [ [ 20.778956634058563, 3.851315170761378 ], [ 20.755121990420271, 1.621220751157004 ] ] } },
{ "type": "Feature", "properties": { "start_id": 561, "end_id": 560, "km": 305.52116022193297, "from": "road", "to": "road", "type": "road" }, "geometry": { "type": "LineString", "coordinates": [ [ 20.778956634058563, 3.851315170761378 ], [ 18.025118676813211, 3.851315170761378 ] ] } },
{ "type": "Feature", "properties": { "start_id": 560, "end_id": 571, "km": 247.98581709176591, "from": "road", "to": "road", "type": "road" }, "geometry": { "type": "LineString", "coordinates": [ [ 18.025118676813211, 3.851315170761378 ], [ 18.004442841747675, 1.621220751157004 ] ] } },
{ "type": "Feature", "properties": { "start_id": 560, "end_id": 559, "km": 305.52116022193644, "from": "road", "to": "road", "type": "road" }, "geometry": { "type": "LineString", "coordinates": [ [ 18.025118676813211, 3.851315170761378 ], [ 15.271280719567825, 3.851315170761378 ] ] } },
{ "type": "Feature", "properties": { "start_id": 559, "end_id": 570, "km": 247.98281671944343, "from": "road", "to": "road", "type": "road" }, "geometry": { "type": "LineString", "coordinates": [ [ 15.271280719567825, 3.851315170761378 ], [ 15.253763693075038, 1.621220751157004 ] ] } },
{ "type": "Feature", "properties": { "start_id": 2115, "end_id": 428, "km": 178.22111372954308, "from": "country", "to": "road", "type": "road" }, "geometry": { "type": "LineString", "coordinates": [ [ 97.1044998, 20.5323009 ], [ 95.715981684555402, 19.600658461531079 ] ] } },
{ "type": "Feature", "properties": { "start_id": 2115, "end_id": 429, "km": 184.76239725469847, "from": "country", "to": "road", "type": "road" }, "geometry": { "type": "LineString", "coordinates": [ [ 97.1044998, 20.5323009 ], [ 98.569303708944148, 19.600658461531079 ] ] } },
{ "type": "Feature", "properties": { "start_id": 387, "end_id": 1791, "km": 251.36091484399799, "from": "road", "to": "port", "type": "road" }, "geometry": { "type": "LineString", "coordinates": [ [ 106.376794161798429, 24.18858107111306 ], [ 108.322, 22.8001 ] ] } },
{ "type": "Feature", "properties": { "start_id": 548, "end_id": 1313, "km": 89.685081558201063, "from": "road", "to": "port", "type": "road" }, "geometry": { "type": "LineString", "coordinates": [ [ -4.013963978429013, 6.083651096124247 ], [ -3.981744768, 5.27773124 ] ] } },
{ "type": "Feature", "properties": { "start_id": 563, "end_id": 575, "km": 248.01423987243894, "from": "road", "to": "road", "type": "road" }, "geometry": { "type": "LineString", "coordinates": [ [ 34.548146420285505, 3.851315170761378 ], [ 34.508517733783442, 1.621220751157004 ] ] } },
{ "type": "Feature", "properties": { "start_id": 242, "end_id": 241, "km": 282.17387712196222, "from": "road", "to": "road", "type": "road" }, "geometry": { "type": "LineString", "coordinates": [ [ -92.364077710439304, 35.974178125305095 ], [ -95.499895067003706, 35.974178125305095 ] ] } },
{ "type": "Feature", "properties": { "start_id": 547, "end_id": 1296, "km": 148.13316406136832, "from": "road", "to": "port", "type": "road" }, "geometry": { "type": "LineString", "coordinates": [ [ -6.773562492711532, 6.083651096124247 ], [ -6.64243, 4.757869 ] ] } },
{ "type": "Feature", "properties": { "start_id": 564, "end_id": 576, "km": 248.0276831645152, "from": "road", "to": "road", "type": "road" }, "geometry": { "type": "LineString", "coordinates": [ [ 40.055822334776245, 3.851315170761378 ], [ 40.00987603112867, 1.621220751157004 ] ] } },
{ "type": "Feature", "properties": { "start_id": 1722, "end_id": 487, "km": 82.04022123331535, "from": "port", "to": "road", "type": "road" }, "geometry": { "type": "LineString", "coordinates": [ [ 80.32799541, 13.26055467 ], [ 79.730358278237659, 12.807392720877612 ] ] } },
{ "type": "Feature", "properties": { "start_id": 565, "end_id": 577, "km": 248.03514883926576, "from": "road", "to": "road", "type": "road" }, "geometry": { "type": "LineString", "coordinates": [ [ 42.809660292021633, 3.851315170761378 ], [ 42.760555179801308, 1.621220751157004 ] ] } },
{ "type": "Feature", "properties": { "start_id": 388, "end_id": 1791, "km": 183.11819055135558, "from": "road", "to": "port", "type": "road" }, "geometry": { "type": "LineString", "coordinates": [ [ 109.287602034491684, 24.18858107111306 ], [ 108.322, 22.8001 ] ] } },
{ "type": "Feature", "properties": { "start_id": 546, "end_id": 1280, "km": 60.564797704327511, "from": "road", "to": "port", "type": "road" }, "geometry": { "type": "LineString", "coordinates": [ [ -9.533161006994051, 6.083651096124247 ], [ -10.0361, 5.8681 ] ] } },
{ "type": "Feature", "properties": { "start_id": 546, "end_id": 1286, "km": 133.03043166405948, "from": "road", "to": "port", "type": "road" }, "geometry": { "type": "LineString", "coordinates": [ [ -9.533161006994051, 6.083651096124247 ], [ -9.0309, 4.99673 ] ] } },
{ "type": "Feature", "properties": { "start_id": 566, "end_id": 1635, "km": 204.75131684395004, "from": "road", "to": "port", "type": "road" }, "geometry": { "type": "LineString", "coordinates": [ [ 45.56349824926702, 3.851315170761378 ], [ 45.33836, 2.02372 ] ] } },
{ "type": "Feature", "properties": { "start_id": 241, "end_id": 240, "km": 282.17387712196336, "from": "road", "to": "road", "type": "road" }, "geometry": { "type": "LineString", "coordinates": [ [ -95.499895067003706, 35.974178125305095 ], [ -98.635712423568123, 35.974178125305095 ] ] } },
{ "type": "Feature", "properties": { "start_id": 429, "end_id": 444, "km": 266.79766368279968, "from": "road", "to": "road", "type": "road" }, "geometry": { "type": "LineString", "coordinates": [ [ 98.569303708944148, 19.600658461531079 ], [ 97.764170917675798, 17.326047954329745 ] ] } },
{ "type": "Feature", "properties": { "start_id": 1296, "end_id": 1286, "km": 265.9533143873623, "from": "port", "to": "port", "type": "road" }, "geometry": { "type": "LineString", "coordinates": [ [ -6.64243, 4.757869 ], [ -9.0309, 4.99673 ] ] } },
{ "type": "Feature", "properties": { "start_id": 572, "end_id": 586, "km": 247.87101140207815, "from": "road", "to": "road", "type": "road" }, "geometry": { "type": "LineString", "coordinates": [ [ 20.755121990420271, 1.621220751157004 ], [ 20.75071716878119, -0.607932458106252 ] ] } },
{ "type": "Feature", "properties": { "start_id": 977, "end_id": 307, "km": 164.28053333988643, "from": "port", "to": "road", "type": "road" }, "geometry": { "type": "LineString", "coordinates": [ [ -81.53675637, 30.72418623 ], [ -83.16983667711358, 31.194966538777738 ] ] } },
{ "type": "Feature", "properties": { "start_id": 977, "end_id": 331, "km": 213.2653157553716, "from": "port", "to": "road", "type": "road" }, "geometry": { "type": "LineString", "coordinates": [ [ -81.53675637, 30.72418623 ], [ -81.950781629267055, 28.840202324758884 ] ] } },
{ "type": "Feature", "properties": { "start_id": 573, "end_id": 574, "km": 305.73910782336236, "from": "road", "to": "road", "type": "road" }, "geometry": { "type": "LineString", "coordinates": [ [ 29.007159436438172, 1.621220751157004 ], [ 31.757838585110804, 1.621220751157004 ] ] } },
{ "type": "Feature", "properties": { "start_id": 307, "end_id": 306, "km": 288.13577216078056, "from": "road", "to": "road", "type": "road" }, "geometry": { "type": "LineString", "coordinates": [ [ -83.16983667711358, 31.194966538777738 ], [ -86.199201489108404, 31.194966538777738 ] ] } },
{ "type": "Feature", "properties": { "start_id": 1791, "end_id": 413, "km": 103.23663914105586, "from": "port", "to": "road", "type": "road" }, "geometry": { "type": "LineString", "coordinates": [ [ 108.322, 22.8001 ], [ 108.136878244298657, 21.887595261445966 ] ] } },
{ "type": "Feature", "properties": { "start_id": 574, "end_id": 2228, "km": 79.48329986663461, "from": "road", "to": "country", "type": "road" }, "geometry": { "type": "LineString", "coordinates": [ [ 31.757838585110804, 1.621220751157004 ], [ 32.3862, 1.28009 ] ] } },
{ "type": "Feature", "properties": { "start_id": 570, "end_id": 585, "km": 247.87078891164839, "from": "road", "to": "road", "type": "road" }, "geometry": { "type": "LineString", "coordinates": [ [ 15.253763693075038, 1.621220751157004 ], [ 15.250526414661367, -0.607932458106252 ] ] } },
{ "type": "Feature", "properties": { "start_id": 274, "end_id": 273, "km": 285.28615403182692, "from": "road", "to": "road", "type": "road" }, "geometry": { "type": "LineString", "coordinates": [ [ -90.702584130357621, 33.572096391225102 ], [ -93.781992756002055, 33.572096391225102 ] ] } },
{ "type": "Feature", "properties": { "start_id": 240, "end_id": 271, "km": 292.48313105531622, "from": "road", "to": "road", "type": "road" }, "geometry": { "type": "LineString", "coordinates": [ [ -98.635712423568123, 35.974178125305095 ], [ -99.940810007290906, 33.572096391225102 ] ] } },
{ "type": "Feature", "properties": { "start_id": 575, "end_id": 2228, "km": 238.94499591179661, "from": "road", "to": "country", "type": "road" }, "geometry": { "type": "LineString", "coordinates": [ [ 34.508517733783442, 1.621220751157004 ], [ 32.3862, 1.28009 ] ] } },
{ "type": "Feature", "properties": { "start_id": 575, "end_id": 587, "km": 247.87186505278333, "from": "road", "to": "road", "type": "road" }, "geometry": { "type": "LineString", "coordinates": [ [ 34.508517733783442, 1.621220751157004 ], [ 34.501194054080841, -0.607932458106252 ] ] } },
{ "type": "Feature", "properties": { "start_id": 430, "end_id": 445, "km": 267.59007309890984, "from": "road", "to": "road", "type": "road" }, "geometry": { "type": "LineString", "coordinates": [ [ 101.422625733332879, 19.600658461531079 ], [ 100.594186465915868, 17.326047954329745 ] ] } },
{ "type": "Feature", "properties": { "start_id": 1719, "end_id": 516, "km": 92.280068091156437, "from": "port", "to": "road", "type": "road" }, "geometry": { "type": "LineString", "coordinates": [ [ 79.80708232, 11.24667095 ], [ 79.331955229534842, 10.560333313258052 ] ] } },
{ "type": "Feature", "properties": { "start_id": 576, "end_id": 589, "km": 247.87232548218017, "from": "road", "to": "road", "type": "road" }, "geometry": { "type": "LineString", "coordinates": [ [ 40.00987603112867, 1.621220751157004 ], [ 40.001384808200655, -0.607932458106252 ] ] } },
{ "type": "Feature", "properties": { "start_id": 576, "end_id": 2221, "km": 268.26521332137412, "from": "road", "to": "country", "type": "road" }, "geometry": { "type": "LineString", "coordinates": [ [ 40.00987603112867, 1.621220751157004 ], [ 37.8578987, 0.529779 ] ] } },
{ "type": "Feature", "properties": { "start_id": 273, "end_id": 272, "km": 285.28615403182692, "from": "road", "to": "road", "type": "road" }, "geometry": { "type": "LineString", "coordinates": [ [ -93.781992756002055, 33.572096391225102 ], [ -96.861401381646488, 33.572096391225102 ] ] } },
{ "type": "Feature", "properties": { "start_id": 577, "end_id": 1624, "km": 222.28287568569607, "from": "road", "to": "port", "type": "road" }, "geometry": { "type": "LineString", "coordinates": [ [ 42.760555179801308, 1.621220751157004 ], [ 42.55, -0.3667 ] ] } },
{ "type": "Feature", "properties": { "start_id": 577, "end_id": 1631, "km": 224.05780390239354, "from": "road", "to": "port", "type": "road" }, "geometry": { "type": "LineString", "coordinates": [ [ 42.760555179801308, 1.621220751157004 ], [ 44.77425, 1.71447 ] ] } },
{ "type": "Feature", "properties": { "start_id": 872, "end_id": 208, "km": 284.00351030569931, "from": "port", "to": "road", "type": "road" }, "geometry": { "type": "LineString", "coordinates": [ [ -124.1833, 40.8 ], [ -123.034547036828485, 38.404086085661085 ] ] } },
{ "type": "Feature", "properties": { "start_id": 390, "end_id": 1837, "km": 187.47158623390121, "from": "road", "to": "port", "type": "road" }, "geometry": { "type": "LineString", "coordinates": [ [ 115.109217779878207, 24.18858107111306 ], [ 116.6375307, 23.24796085 ] ] } },
{ "type": "Feature", "properties": { "start_id": 390, "end_id": 2100, "km": 225.76236990600421, "from": "road", "to": "country", "type": "road" }, "geometry": { "type": "LineString", "coordinates": [ [ 115.109217779878207, 24.18858107111306 ], [ 114.1119995, 22.3766003 ] ] } },
{ "type": "Feature", "properties": { "start_id": 431, "end_id": 2109, "km": 133.48121236772786, "from": "road", "to": "country", "type": "road" }, "geometry": { "type": "LineString", "coordinates": [ [ 104.275947757721596, 19.600658461531079 ], [ 103.7630005, 18.5025005 ] ] } },
{ "type": "Feature", "properties": { "start_id": 2221, "end_id": 588, "km": 143.3660085145905, "from": "country", "to": "road", "type": "road" }, "geometry": { "type": "LineString", "coordinates": [ [ 37.8578987, 0.529779 ], [ 37.251289431140734, -0.607932458106252 ] ] } },
{ "type": "Feature", "properties": { "start_id": 272, "end_id": 271, "km": 285.28615403182692, "from": "road", "to": "road", "type": "road" }, "geometry": { "type": "LineString", "coordinates": [ [ -96.861401381646488, 33.572096391225102 ], [ -99.940810007290906, 33.572096391225102 ] ] } },
{ "type": "Feature", "properties": { "start_id": 445, "end_id": 2113, "km": 249.39231716166597, "from": "road", "to": "country", "type": "road" }, "geometry": { "type": "LineString", "coordinates": [ [ 100.594186465915868, 17.326047954329745 ], [ 101.0149994, 15.1198997 ] ] } },
{ "type": "Feature", "properties": { "start_id": 2109, "end_id": 446, "km": 135.6377567358505, "from": "country", "to": "road", "type": "road" }, "geometry": { "type": "LineString", "coordinates": [ [ 103.7630005, 18.5025005 ], [ 103.42420201415591, 17.326047954329745 ] ] } },
{ "type": "Feature", "properties": { "start_id": 587, "end_id": 588, "km": 305.77943711574676, "from": "road", "to": "road", "type": "road" }, "geometry": { "type": "LineString", "coordinates": [ [ 34.501194054080841, -0.607932458106252 ], [ 37.251289431140734, -0.607932458106252 ] ] } },
{ "type": "Feature", "properties": { "start_id": 990, "end_id": 992, "km": 77.8567049518999, "from": "port", "to": "port", "type": "road" }, "geometry": { "type": "LineString", "coordinates": [ [ -80.3183, 27.43893 ], [ -80.0722, 26.7739 ] ] } },
{ "type": "Feature", "properties": { "start_id": 990, "end_id": 970, "km": 217.7798874004138, "from": "port", "to": "port", "type": "road" }, "geometry": { "type": "LineString", "coordinates": [ [ -80.3183, 27.43893 ], [ -82.51443288, 27.64956102 ] ] } },
{ "type": "Feature", "properties": { "start_id": 239, "end_id": 270, "km": 320.69027491132988, "from": "road", "to": "road", "type": "road" }, "geometry": { "type": "LineString", "coordinates": [ [ -108.043164493261344, 35.974178125305095 ], [ -106.099627258579758, 33.572096391225102 ] ] } },
{ "type": "Feature", "properties": { "start_id": 239, "end_id": 269, "km": 468.51024826945729, "from": "road", "to": "road", "type": "road" }, "geometry": { "type": "LineString", "coordinates": [ [ -108.043164493261344, 35.974178125305095 ], [ -112.25844450986861, 33.572096391225102 ] ] } },
{ "type": "Feature", "properties": { "start_id": 588, "end_id": 602, "km": 247.92778798765394, "from": "road", "to": "road", "type": "road" }, "geometry": { "type": "LineString", "coordinates": [ [ 37.251289431140734, -0.607932458106252 ], [ 37.27819539941995, -2.83743844333639 ] ] } },
{ "type": "Feature", "properties": { "start_id": 209, "end_id": 879, "km": 193.96213694686944, "from": "road", "to": "port", "type": "road" }, "geometry": { "type": "LineString", "coordinates": [ [ -119.835067165712758, 38.404086085661085 ], [ -121.9482886, 37.87453628 ] ] } },
{ "type": "Feature", "properties": { "start_id": 305, "end_id": 914, "km": 191.52339175528957, "from": "road", "to": "port", "type": "road" }, "geometry": { "type": "LineString", "coordinates": [ [ -92.257931113097982, 31.194966538777738 ], [ -93.72869081, 30.02681352 ] ] } },
{ "type": "Feature", "properties": { "start_id": 305, "end_id": 929, "km": 248.46202719323023, "from": "road", "to": "port", "type": "road" }, "geometry": { "type": "LineString", "coordinates": [ [ -92.257931113097982, 31.194966538777738 ], [ -90.34504536, 29.68718469 ] ] } },
{ "type": "Feature", "properties": { "start_id": 992, "end_id": 991, "km": 93.446917558853954, "from": "port", "to": "port", "type": "road" }, "geometry": { "type": "LineString", "coordinates": [ [ -80.0722, 26.7739 ], [ -80.16079119, 25.93726919 ] ] } },
{ "type": "Feature", "properties": { "start_id": 1896, "end_id": 391, "km": 91.712774263162487, "from": "port", "to": "road", "type": "road" }, "geometry": { "type": "LineString", "coordinates": [ [ 121.7445592, 24.55034354 ], [ 120.930833525264759, 24.18858107111306 ] ] } },
{ "type": "Feature", "properties": { "start_id": 446, "end_id": 467, "km": 263.56552602646366, "from": "road", "to": "road", "type": "road" }, "geometry": { "type": "LineString", "coordinates": [ [ 103.42420201415591, 17.326047954329745 ], [ 102.692954852371571, 15.062139851324615 ] ] } },
{ "type": "Feature", "properties": { "start_id": 391, "end_id": 2104, "km": 48.381079365827397, "from": "road", "to": "country", "type": "road" }, "geometry": { "type": "LineString", "coordinates": [ [ 120.930833525264759, 24.18858107111306 ], [ 120.9459991, 23.7537003 ] ] } },
{ "type": "Feature", "properties": { "start_id": 1875, "end_id": 2104, "km": 70.201333437908048, "from": "port", "to": "country", "type": "road" }, "geometry": { "type": "LineString", "coordinates": [ [ 120.256266, 23.748531 ], [ 120.9459991, 23.7537003 ] ] } },
{ "type": "Feature", "properties": { "start_id": 1875, "end_id": 1876, "km": 113.46656851364904, "from": "port", "to": "port", "type": "road" }, "geometry": { "type": "LineString", "coordinates": [ [ 120.256266, 23.748531 ], [ 120.3126398, 22.72941719 ] ] } },
{ "type": "Feature", "properties": { "start_id": 2226, "end_id": 601, "km": 136.40037159761067, "from": "country", "to": "road", "type": "road" }, "geometry": { "type": "LineString", "coordinates": [ [ 29.9172001, -1.99797 ], [ 29.021950227886702, -2.83743844333639 ] ] } },
{ "type": "Feature", "properties": { "start_id": 879, "end_id": 237, "km": 243.52273440293811, "from": "port", "to": "road", "type": "road" }, "geometry": { "type": "LineString", "coordinates": [ [ -121.9482886, 37.87453628 ], [ -120.586433919518996, 35.974178125305095 ] ] } },
{ "type": "Feature", "properties": { "start_id": 304, "end_id": 908, "km": 183.66353599047608, "from": "road", "to": "port", "type": "road" }, "geometry": { "type": "LineString", "coordinates": [ [ -95.287295925092764, 31.194966538777738 ], [ -95.01911287, 29.55952294 ] ] } },
{ "type": "Feature", "properties": { "start_id": 304, "end_id": 303, "km": 288.13577216077692, "from": "road", "to": "road", "type": "road" }, "geometry": { "type": "LineString", "coordinates": [ [ -95.287295925092764, 31.194966538777738 ], [ -98.31666073708756, 31.194966538777738 ] ] } },
{ "type": "Feature", "properties": { "start_id": 466, "end_id": 2113, "km": 121.70664384786426, "from": "road", "to": "country", "type": "road" }, "geometry": { "type": "LineString", "coordinates": [ [ 99.882948555323736, 15.062139851324615 ], [ 101.0149994, 15.1198997 ] ] } },
{ "type": "Feature", "properties": { "start_id": 447, "end_id": 2114, "km": 75.181828053922871, "from": "road", "to": "country", "type": "road" }, "geometry": { "type": "LineString", "coordinates": [ [ 106.254217562395979, 17.326047954329745 ], [ 106.3040009, 16.6515999 ] ] } },
{ "type": "Feature", "properties": { "start_id": 2113, "end_id": 467, "km": 180.25963659208176, "from": "country", "to": "road", "type": "road" }, "geometry": { "type": "LineString", "coordinates": [ [ 101.0149994, 15.1198997 ], [ 102.692954852371571, 15.062139851324615 ] ] } },
{ "type": "Feature", "properties": { "start_id": 601, "end_id": 620, "km": 397.93203810741778, "from": "road", "to": "road", "type": "road" }, "geometry": { "type": "LineString", "coordinates": [ [ 29.021950227886702, -2.83743844333639 ], [ 31.826831897046358, -5.068593553092819 ] ] } },
{ "type": "Feature", "properties": { "start_id": 600, "end_id": 618, "km": 248.11534679628309, "from": "road", "to": "road", "type": "road" }, "geometry": { "type": "LineString", "coordinates": [ [ 18.013623332509024, -2.83743844333639 ], [ 18.043557157977901, -5.068593553092819 ] ] } },
{ "type": "Feature", "properties": { "start_id": 303, "end_id": 302, "km": 288.13577216077692, "from": "road", "to": "road", "type": "road" }, "geometry": { "type": "LineString", "coordinates": [ [ -98.31666073708756, 31.194966538777738 ], [ -101.346025549082341, 31.194966538777738 ] ] } },
{ "type": "Feature", "properties": { "start_id": 238, "end_id": 881, "km": 252.85113042878157, "from": "road", "to": "port", "type": "road" }, "geometry": { "type": "LineString", "coordinates": [ [ -117.450616562954579, 35.974178125305095 ], [ -118.3515419, 33.82359564 ] ] } },
{ "type": "Feature", "properties": { "start_id": 599, "end_id": 617, "km": 248.10384372469395, "from": "road", "to": "road", "type": "road" }, "geometry": { "type": "LineString", "coordinates": [ [ 12.509459884820165, -2.83743844333639 ], [ 12.5302472623505, -5.068593553092819 ] ] } },
{ "type": "Feature", "properties": { "start_id": 2114, "end_id": 468, "km": 196.4123858767293, "from": "country", "to": "road", "type": "road" }, "geometry": { "type": "LineString", "coordinates": [ [ 106.3040009, 16.6515999 ], [ 105.50296114941942, 15.062139851324615 ] ] } },
{ "type": "Feature", "properties": { "start_id": 1795, "end_id": 469, "km": 64.161325497767749, "from": "port", "to": "road", "type": "road" }, "geometry": { "type": "LineString", "coordinates": [ [ 108.8297, 15.3525 ], [ 108.312967446467283, 15.062139851324615 ] ] } },
{ "type": "Feature", "properties": { "start_id": 1758, "end_id": 489, "km": 129.08006231046403, "from": "port", "to": "road", "type": "road" }, "geometry": { "type": "LineString", "coordinates": [ [ 100.9262516, 13.11389984 ], [ 102.075172773246479, 12.807392720877612 ] ] } },
{ "type": "Feature", "properties": { "start_id": 469, "end_id": 1800, "km": 176.80433427940309, "from": "road", "to": "port", "type": "road" }, "geometry": { "type": "LineString", "coordinates": [ [ 108.312967446467283, 15.062139851324615 ], [ 109.2636111, 13.76578132 ] ] } },
{ "type": "Feature", "properties": { "start_id": 1879, "end_id": 1894, "km": 126.74206606604798, "from": "port", "to": "port", "type": "road" }, "geometry": { "type": "LineString", "coordinates": [ [ 120.510106, 18.002948 ], [ 121.6507, 18.35633 ] ] } },
{ "type": "Feature", "properties": { "start_id": 490, "end_id": 2107, "km": 11.854837263649287, "from": "road", "to": "country", "type": "road" }, "geometry": { "type": "LineString", "coordinates": [ [ 104.868274585122577, 12.807392720877612 ], [ 104.9209976, 12.7139997 ] ] } },
{ "type": "Feature", "properties": { "start_id": 2107, "end_id": 518, "km": 247.57615462926972, "from": "country", "to": "road", "type": "road" }, "geometry": { "type": "LineString", "coordinates": [ [ 104.9209976, 12.7139997 ], [ 104.344260380130322, 10.560333313258052 ] ] } },
{ "type": "Feature", "properties": { "start_id": 491, "end_id": 1798, "km": 190.78521605640131, "from": "road", "to": "port", "type": "road" }, "geometry": { "type": "LineString", "coordinates": [ [ 107.661376396998691, 12.807392720877612 ], [ 109.1699675, 11.92847759 ] ] } },
{ "type": "Feature", "properties": { "start_id": 518, "end_id": 1779, "km": 168.52888698505163, "from": "road", "to": "port", "type": "road" }, "geometry": { "type": "LineString", "coordinates": [ [ 104.344260380130322, 10.560333313258052 ], [ 105.7958, 10.0528 ] ] } },
{ "type": "Feature", "properties": { "start_id": 1753, "end_id": 541, "km": 176.774949293519, "from": "port", "to": "road", "type": "road" }, "geometry": { "type": "LineString", "coordinates": [ [ 99.78373956, 9.11325841 ], [ 98.390169541272371, 8.319543933089816 ] ] } },
{ "type": "Feature", "properties": { "start_id": 1786, "end_id": 519, "km": 31.765294649486091, "from": "port", "to": "road", "type": "road" }, "geometry": { "type": "LineString", "coordinates": [ [ 106.8333655, 10.57810105 ], [ 107.123405396863163, 10.560333313258052 ] ] } },
{ "type": "Feature", "properties": { "start_id": 1779, "end_id": 1785, "km": 90.523696851794881, "from": "port", "to": "port", "type": "road" }, "geometry": { "type": "LineString", "coordinates": [ [ 105.7958, 10.0528 ], [ 106.50538, 9.635698 ] ] } },
{ "type": "Feature", "properties": { "start_id": 578, "end_id": 1761, "km": 143.78919762515474, "from": "road", "to": "port", "type": "road" }, "geometry": { "type": "LineString", "coordinates": [ [ 100.524817301926475, 1.621220751157004 ], [ 101.8153704, 1.532269237 ] ] } },
{ "type": "Feature", "properties": { "start_id": 1761, "end_id": 1760, "km": 109.95641212498896, "from": "port", "to": "port", "type": "road" }, "geometry": { "type": "LineString", "coordinates": [ [ 101.8153704, 1.532269237 ], [ 101.4915903, 0.597896401 ] ] } },
{ "type": "Feature", "properties": { "start_id": 1819, "end_id": 2106, "km": 77.50069560430633, "from": "port", "to": "country", "type": "road" }, "geometry": { "type": "LineString", "coordinates": [ [ 114.0618463, 4.523100267 ], [ 114.7610016, 4.5214801 ] ] } },
{ "type": "Feature", "properties": { "start_id": 269, "end_id": 301, "km": 314.96664546581582, "from": "road", "to": "road", "type": "road" }, "geometry": { "type": "LineString", "coordinates": [ [ -112.25844450986861, 33.572096391225102 ], [ -110.434119985066729, 31.194966538777738 ] ] } },
{ "type": "Feature", "properties": { "start_id": 1811, "end_id": 580, "km": 65.766773220363717, "from": "port", "to": "road", "type": "road" }, "geometry": { "type": "LineString", "coordinates": [ [ 111.5368258, 2.212602641 ], [ 111.527533896617001, 1.621220751157004 ] ] } },
{ "type": "Feature", "properties": { "start_id": 1807, "end_id": 1801, "km": 214.2076042682892, "from": "port", "to": "port", "type": "road" }, "geometry": { "type": "LineString", "coordinates": [ [ 110.421201, 1.573218717 ], [ 109.3333, -0.0167 ] ] } },
{ "type": "Feature", "properties": { "start_id": 1839, "end_id": 593, "km": 16.117876329992974, "from": "port", "to": "road", "type": "road" }, "geometry": { "type": "LineString", "coordinates": [ [ 117.1167, -0.5167 ], [ 117.0040553658785, -0.607932458106252 ] ] } },
{ "type": "Feature", "properties": { "start_id": 592, "end_id": 607, "km": 248.0793472587527, "from": "road", "to": "road", "type": "road" }, "geometry": { "type": "LineString", "coordinates": [ [ 114.253959988818607, -0.607932458106252 ], [ 114.336483667063817, -2.83743844333639 ] ] } },
{ "type": "Feature", "properties": { "start_id": 1880, "end_id": 1888, "km": 92.700249887745258, "from": "port", "to": "port", "type": "road" }, "geometry": { "type": "LineString", "coordinates": [ [ 120.75516, -1.38242 ], [ 121.3333, -1.9833 ] ] } },
{ "type": "Feature", "properties": { "start_id": 301, "end_id": 327, "km": 293.01613326303135, "from": "road", "to": "road", "type": "road" }, "geometry": { "type": "LineString", "coordinates": [ [ -110.434119985066729, 31.194966538777738 ], [ -111.800403090828283, 28.840202324758884 ] ] } },
{ "type": "Feature", "properties": { "start_id": 591, "end_id": 1804, "km": 215.96120971973235, "from": "road", "to": "port", "type": "road" }, "geometry": { "type": "LineString", "coordinates": [ [ 111.503864611758658, -0.607932458106252 ], [ 109.9969, -1.8336 ] ] } },
{ "type": "Feature", "properties": { "start_id": 1760, "end_id": 590, "km": 173.34797002938254, "from": "port", "to": "road", "type": "road" }, "geometry": { "type": "LineString", "coordinates": [ [ 101.4915903, 0.597896401 ], [ 100.503483103518946, -0.607932458106252 ] ] } },
{ "type": "Feature", "properties": { "start_id": 609, "end_id": 1955, "km": 146.72965581211338, "from": "road", "to": "port", "type": "road" }, "geometry": { "type": "LineString", "coordinates": [ [ 133.601055733974732, -2.83743844333639 ], [ 132.2833, -2.9333 ] ] } },
{ "type": "Feature", "properties": { "start_id": 1766, "end_id": 1770, "km": 148.9497791213615, "from": "port", "to": "port", "type": "road" }, "geometry": { "type": "LineString", "coordinates": [ [ 103.1539, -0.3308 ], [ 103.6197, -1.58677 ] ] } },
{ "type": "Feature", "properties": { "start_id": 1804, "end_id": 606, "km": 208.72694519685405, "from": "port", "to": "road", "type": "road" }, "geometry": { "type": "LineString", "coordinates": [ [ 109.9969, -1.8336 ], [ 111.584401943219376, -2.83743844333639 ] ] } },
{ "type": "Feature", "properties": { "start_id": 327, "end_id": 888, "km": 134.23512887668673, "from": "road", "to": "port", "type": "road" }, "geometry": { "type": "LineString", "coordinates": [ [ -111.800403090828283, 28.840202324758884 ], [ -110.9167, 27.9167 ] ] } },
{ "type": "Feature", "properties": { "start_id": 328, "end_id": 329, "km": 290.73735000489359, "from": "road", "to": "road", "type": "road" }, "geometry": { "type": "LineString", "coordinates": [ [ -105.830478798516012, 28.840202324758884 ], [ -102.845516652359919, 28.840202324758884 ] ] } },
{ "type": "Feature", "properties": { "start_id": 329, "end_id": 330, "km": 290.73735000489859, "from": "road", "to": "road", "type": "road" }, "geometry": { "type": "LineString", "coordinates": [ [ -102.845516652359919, 28.840202324758884 ], [ -99.860554506203783, 28.840202324758884 ] ] } },
{ "type": "Feature", "properties": { "start_id": 347, "end_id": 348, "km": 293.10333282923739, "from": "road", "to": "road", "type": "road" }, "geometry": { "type": "LineString", "coordinates": [ [ -107.380754253643985, 26.505456470477299 ], [ -104.43514760177375, 26.505456470477299 ] ] } },
{ "type": "Feature", "properties": { "start_id": 330, "end_id": 899, "km": 266.72492772262791, "from": "road", "to": "port", "type": "road" }, "geometry": { "type": "LineString", "coordinates": [ [ -99.860554506203783, 28.840202324758884 ], [ -97.4103, 27.7908 ] ] } },
{ "type": "Feature", "properties": { "start_id": 348, "end_id": 370, "km": 285.89959161526269, "from": "road", "to": "road", "type": "road" }, "geometry": { "type": "LineString", "coordinates": [ [ -104.43514760177375, 26.505456470477299 ], [ -103.20137267211615, 24.18858107111306 ] ] } },
{ "type": "Feature", "properties": { "start_id": 349, "end_id": 371, "km": 284.40093644631952, "from": "road", "to": "road", "type": "road" }, "geometry": { "type": "LineString", "coordinates": [ [ -101.4895409499035, 26.505456470477299 ], [ -100.290564799422896, 24.18858107111306 ] ] } },
{ "type": "Feature", "properties": { "start_id": 350, "end_id": 901, "km": 129.7466756369578, "from": "road", "to": "port", "type": "road" }, "geometry": { "type": "LineString", "coordinates": [ [ -98.54393429803325, 26.505456470477299 ], [ -97.4, 25.95 ] ] } },
{ "type": "Feature", "properties": { "start_id": 370, "end_id": 2124, "km": 72.632999211560062, "from": "road", "to": "country", "type": "road" }, "geometry": { "type": "LineString", "coordinates": [ [ -103.20137267211615, 24.18858107111306 ], [ -102.5350037, 23.9508991 ] ] } },
{ "type": "Feature", "properties": { "start_id": 2124, "end_id": 371, "km": 229.39488528307777, "from": "country", "to": "road", "type": "road" }, "geometry": { "type": "LineString", "coordinates": [ [ -102.5350037, 23.9508991 ], [ -100.290564799422896, 24.18858107111306 ] ] } },
{ "type": "Feature", "properties": { "start_id": 2124, "end_id": 394, "km": 233.43092395444265, "from": "country", "to": "road", "type": "road" }, "geometry": { "type": "LineString", "coordinates": [ [ -102.5350037, 23.9508991 ], [ -102.114732719334484, 21.887595261445966 ] ] } },
{ "type": "Feature", "properties": { "start_id": 394, "end_id": 417, "km": 272.86270924994324, "from": "road", "to": "road", "type": "road" }, "geometry": { "type": "LineString", "coordinates": [ [ -102.114732719334484, 21.887595261445966 ], [ -101.163237998267633, 19.600658461531079 ] ] } },
{ "type": "Feature", "properties": { "start_id": 395, "end_id": 898, "km": 145.64490591943712, "from": "road", "to": "port", "type": "road" }, "geometry": { "type": "LineString", "coordinates": [ [ -99.234573665038155, 21.887595261445966 ], [ -97.8667, 22.2167 ] ] } },
{ "type": "Feature", "properties": { "start_id": 900, "end_id": 418, "km": 177.53609680133991, "from": "port", "to": "road", "type": "road" }, "geometry": { "type": "LineString", "coordinates": [ [ -97.4, 20.95 ], [ -98.309915973878915, 19.600658461531079 ] ] } },
{ "type": "Feature", "properties": { "start_id": 418, "end_id": 903, "km": 232.59090199833585, "from": "road", "to": "port", "type": "road" }, "geometry": { "type": "LineString", "coordinates": [ [ -98.309915973878915, 19.600658461531079 ], [ -96.1333, 19.2 ] ] } },
{ "type": "Feature", "properties": { "start_id": 903, "end_id": 434, "km": 253.87957743219133, "from": "port", "to": "road", "type": "road" }, "geometry": { "type": "LineString", "coordinates": [ [ -96.1333, 19.2 ], [ -97.506901910888999, 17.326047954329745 ] ] } },
{ "type": "Feature", "properties": { "start_id": 931, "end_id": 419, "km": 187.30213811341167, "from": "port", "to": "road", "type": "road" }, "geometry": { "type": "LineString", "coordinates": [ [ -89.6667, 21.2833 ], [ -89.749949900712693, 19.600658461531079 ] ] } },
{ "type": "Feature", "properties": { "start_id": 911, "end_id": 435, "km": 94.705385551134711, "from": "port", "to": "road", "type": "road" }, "geometry": { "type": "LineString", "coordinates": [ [ -94.42945496, 18.14449957 ], [ -94.676886362648915, 17.326047954329745 ] ] } },
{ "type": "Feature", "properties": { "start_id": 435, "end_id": 907, "km": 140.39690796060549, "from": "road", "to": "port", "type": "road" }, "geometry": { "type": "LineString", "coordinates": [ [ -94.676886362648915, 17.326047954329745 ], [ -95.2097, 16.1711 ] ] } },
{ "type": "Feature", "properties": { "start_id": 436, "end_id": 2138, "km": 240.47439108506978, "from": "road", "to": "country", "type": "road" }, "geometry": { "type": "LineString", "coordinates": [ [ -91.846870814408845, 17.326047954329745 ], [ -90.3569031, 15.7023001 ] ] } },
{ "type": "Feature", "properties": { "start_id": 988, "end_id": 397, "km": 144.86802065870646, "from": "port", "to": "road", "type": "road" }, "geometry": { "type": "LineString", "coordinates": [ [ -80.45, 22.15 ], [ -79.07346028496373, 21.887595261445966 ] ] } },
{ "type": "Feature", "properties": { "start_id": 397, "end_id": 1024, "km": 196.2121655555753, "from": "road", "to": "port", "type": "road" }, "geometry": { "type": "LineString", "coordinates": [ [ -79.07346028496373, 21.887595261445966 ], [ -77.21042, 21.54402 ] ] } },
{ "type": "Feature", "properties": { "start_id": 437, "end_id": 2143, "km": 37.431834894384913, "from": "road", "to": "country", "type": "road" }, "geometry": { "type": "LineString", "coordinates": [ [ -89.01685526616879, 17.326047954329745 ], [ -88.6828003, 17.2185001 ] ] } },
{ "type": "Feature", "properties": { "start_id": 2143, "end_id": 937, "km": 84.030630079942554, "from": "country", "to": "port", "type": "road" }, "geometry": { "type": "LineString", "coordinates": [ [ -88.6828003, 17.2185001 ], [ -88.4244, 16.5044 ] ] } },
{ "type": "Feature", "properties": { "start_id": 2138, "end_id": 449, "km": 114.84071805854585, "from": "country", "to": "road", "type": "road" }, "geometry": { "type": "LineString", "coordinates": [ [ -90.3569031, 15.7023001 ], [ -91.197479643930038, 15.062139851324615 ] ] } },
{ "type": "Feature", "properties": { "start_id": 1024, "end_id": 2148, "km": 39.641522948613755, "from": "port", "to": "country", "type": "road" }, "geometry": { "type": "LineString", "coordinates": [ [ -77.21042, 21.54402 ], [ -77.2416, 21.1886997 ] ] } },
{ "type": "Feature", "properties": { "start_id": 919, "end_id": 449, "km": 138.54697104330484, "from": "port", "to": "road", "type": "road" }, "geometry": { "type": "LineString", "coordinates": [ [ -92.4422, 14.7372 ], [ -91.197479643930038, 15.062139851324615 ] ] } },
{ "type": "Feature", "properties": { "start_id": 2148, "end_id": 1017, "km": 66.860230711149839, "from": "country", "to": "port", "type": "road" }, "geometry": { "type": "LineString", "coordinates": [ [ -77.2416, 21.1886997 ], [ -77.6167, 20.7 ] ] } },
{ "type": "Feature", "properties": { "start_id": 934, "end_id": 450, "km": 84.304259128312779, "from": "port", "to": "road", "type": "road" }, "geometry": { "type": "LineString", "coordinates": [ [ -88.67677157, 15.76714843 ], [ -88.387473346882203, 15.062139851324615 ] ] } },
{ "type": "Feature", "properties": { "start_id": 949, "end_id": 2139, "km": 107.49468885473834, "from": "port", "to": "country", "type": "road" }, "geometry": { "type": "LineString", "coordinates": [ [ -86.8313, 15.76423 ], [ -86.6196976, 14.8192997 ] ] } },
{ "type": "Feature", "properties": { "start_id": 450, "end_id": 2142, "km": 156.18191284264338, "from": "road", "to": "country", "type": "road" }, "geometry": { "type": "LineString", "coordinates": [ [ -88.387473346882203, 15.062139851324615 ], [ -88.8656006, 13.7361002 ] ] } },
{ "type": "Feature", "properties": { "start_id": 1036, "end_id": 1047, "km": 71.622218607208552, "from": "port", "to": "port", "type": "road" }, "geometry": { "type": "LineString", "coordinates": [ [ -75.8375, 20.0056 ], [ -75.15218, 19.99308 ] ] } },
{ "type": "Feature", "properties": { "start_id": 2139, "end_id": 451, "km": 115.18251404881759, "from": "country", "to": "road", "type": "road" }, "geometry": { "type": "LineString", "coordinates": [ [ -86.6196976, 14.8192997 ], [ -85.577467049834354, 15.062139851324615 ] ] } },
{ "type": "Feature", "properties": { "start_id": 1015, "end_id": 2145, "km": 59.046903947799763, "from": "port", "to": "country", "type": "road" }, "geometry": { "type": "LineString", "coordinates": [ [ -77.82028513, 18.38800137 ], [ -77.3197021, 18.1513004 ] ] } },
{ "type": "Feature", "properties": { "start_id": 2145, "end_id": 1023, "km": 29.597017333736574, "from": "country", "to": "port", "type": "road" }, "geometry": { "type": "LineString", "coordinates": [ [ -77.3197021, 18.1513004 ], [ -77.22777251, 17.89989252 ] ] } },
{ "type": "Feature", "properties": { "start_id": 948, "end_id": 470, "km": 215.08915269277472, "from": "port", "to": "road", "type": "road" }, "geometry": { "type": "LineString", "coordinates": [ [ -86.98669787, 12.34344879 ], [ -85.062648622452357, 12.807392720877612 ] ] } },
{ "type": "Feature", "properties": { "start_id": 2140, "end_id": 470, "km": 4.79703819043299, "from": "country", "to": "road", "type": "road" }, "geometry": { "type": "LineString", "coordinates": [ [ -85.0337982, 12.8401003 ], [ -85.062648622452357, 12.807392720877612 ] ] } },
{ "type": "Feature", "properties": { "start_id": 2140, "end_id": 960, "km": 166.18715412942251, "from": "country", "to": "port", "type": "road" }, "geometry": { "type": "LineString", "coordinates": [ [ -85.0337982, 12.8401003 ], [ -83.75772, 12.01501 ] ] } },
{ "type": "Feature", "properties": { "start_id": 2144, "end_id": 1096, "km": 71.465189425030687, "from": "country", "to": "port", "type": "road" }, "geometry": { "type": "LineString", "coordinates": [ [ -70.4853973, 18.8931007 ], [ -70.06572207, 18.38819101 ] ] } },
{ "type": "Feature", "properties": { "start_id": 960, "end_id": 492, "km": 188.06636015819325, "from": "port", "to": "road", "type": "road" }, "geometry": { "type": "LineString", "coordinates": [ [ -83.75772, 12.01501 ], [ -84.637600757702316, 10.560333313258052 ] ] } },
{ "type": "Feature", "properties": { "start_id": 1119, "end_id": 2146, "km": 39.994486404871459, "from": "port", "to": "country", "type": "road" }, "geometry": { "type": "LineString", "coordinates": [ [ -66.84464424, 18.21203949 ], [ -66.4661026, 18.2208996 ] ] } },
{ "type": "Feature", "properties": { "start_id": 2146, "end_id": 1125, "km": 63.162072637579939, "from": "country", "to": "port", "type": "road" }, "geometry": { "type": "LineString", "coordinates": [ [ -66.4661026, 18.2208996 ], [ -65.87181722, 18.28517286 ] ] } },
{ "type": "Feature", "properties": { "start_id": 2137, "end_id": 965, "km": 124.84427286792673, "from": "country", "to": "port", "type": "road" }, "geometry": { "type": "LineString", "coordinates": [ [ -84.189003, 9.97052 ], [ -83.04904688, 9.978143558 ] ] } },
{ "type": "Feature", "properties": { "start_id": 2147, "end_id": 1153, "km": 21.100255914610774, "from": "country", "to": "port", "type": "road" }, "geometry": { "type": "LineString", "coordinates": [ [ -61.2526016, 10.4684 ], [ -61.40398146, 10.35075303 ] ] } },
{ "type": "Feature", "properties": { "start_id": 1146, "end_id": 494, "km": 12.199201653880062, "from": "port", "to": "road", "type": "road" }, "geometry": { "type": "LineString", "coordinates": [ [ -62.2933, 10.5703 ], [ -62.404440623839641, 10.560333313258052 ] ] } },
{ "type": "Feature", "properties": { "start_id": 1149, "end_id": 1143, "km": 80.143416266689286, "from": "port", "to": "port", "type": "road" }, "geometry": { "type": "LineString", "coordinates": [ [ -62.1506, 8.7522 ], [ -62.74222723, 8.331275844 ] ] } },
{ "type": "Feature", "properties": { "start_id": 1113, "end_id": 525, "km": 244.15338072462575, "from": "port", "to": "road", "type": "road" }, "geometry": { "type": "LineString", "coordinates": [ [ -68.05995447, 10.48479581 ], [ -67.690427784372801, 8.319543933089816 ] ] } },
{ "type": "Feature", "properties": { "start_id": 1143, "end_id": 526, "km": 239.87461095039754, "from": "port", "to": "road", "type": "road" }, "geometry": { "type": "LineString", "coordinates": [ [ -62.74222723, 8.331275844 ], [ -64.92241782894537, 8.319543933089816 ] ] } },
{ "type": "Feature", "properties": { "start_id": 1192, "end_id": 557, "km": 268.50746274965076, "from": "port", "to": "road", "type": "road" }, "geometry": { "type": "LineString", "coordinates": [ [ -55.11891275, 5.71225315 ], [ -53.574668211566731, 3.851315170761378 ] ] } },
{ "type": "Feature", "properties": { "start_id": 1202, "end_id": 557, "km": 177.62426739369721, "from": "port", "to": "road", "type": "road" }, "geometry": { "type": "LineString", "coordinates": [ [ -52.46330198, 5.001964918 ], [ -53.574668211566731, 3.851315170761378 ] ] } },
{ "type": "Feature", "properties": { "start_id": 493, "end_id": 1074, "km": 86.571324624876326, "from": "road", "to": "port", "type": "road" }, "geometry": { "type": "LineString", "coordinates": [ [ -70.741875674038141, 10.560333313258052 ], [ -71.53376734, 10.55040613 ] ] } },
{ "type": "Feature", "properties": { "start_id": 493, "end_id": 524, "km": 251.0963202066834, "from": "road", "to": "road", "type": "road" }, "geometry": { "type": "LineString", "coordinates": [ [ -70.741875674038141, 10.560333313258052 ], [ -70.458437739800218, 8.319543933089816 ] ] } },
{ "type": "Feature", "properties": { "start_id": 526, "end_id": 2135, "km": 190.85658543047111, "from": "road", "to": "country", "type": "road" }, "geometry": { "type": "LineString", "coordinates": [ [ -64.92241782894537, 8.319543933089816 ], [ -66.1661987, 7.1249399 ] ] } },
{ "type": "Feature", "properties": { "start_id": 525, "end_id": 2135, "km": 214.12792656263591, "from": "road", "to": "country", "type": "road" }, "geometry": { "type": "LineString", "coordinates": [ [ -67.690427784372801, 8.319543933089816 ], [ -66.1661987, 7.1249399 ] ] } },
{ "type": "Feature", "properties": { "start_id": 557, "end_id": 2136, "km": 446.42560050820776, "from": "road", "to": "country", "type": "road" }, "geometry": { "type": "LineString", "coordinates": [ [ -53.574668211566731, 3.851315170761378 ], [ -56.6744995, 1.2958 ] ] } },
{ "type": "Feature", "properties": { "start_id": 2135, "end_id": 545, "km": 186.05672290478734, "from": "country", "to": "road", "type": "road" }, "geometry": { "type": "LineString", "coordinates": [ [ -66.1661987, 7.1249399 ], [ -67.484729806926822, 6.083651096124247 ] ] } },
{ "type": "Feature", "properties": { "start_id": 524, "end_id": 544, "km": 249.73927976490279, "from": "road", "to": "road", "type": "road" }, "geometry": { "type": "LineString", "coordinates": [ [ -70.458437739800218, 8.319543933089816 ], [ -70.244328321209338, 6.083651096124247 ] ] } },
{ "type": "Feature", "properties": { "start_id": 1039, "end_id": 522, "km": 141.82081018760076, "from": "port", "to": "road", "type": "road" }, "geometry": { "type": "LineString", "coordinates": [ [ -75.5819, 9.5281 ], [ -75.99445765065505, 8.319543933089816 ] ] } },
{ "type": "Feature", "properties": { "start_id": 523, "end_id": 543, "km": 249.82873845028325, "from": "road", "to": "road", "type": "road" }, "geometry": { "type": "LineString", "coordinates": [ [ -73.22644769522762, 8.319543933089816 ], [ -73.003926835491853, 6.083651096124247 ] ] } },
{ "type": "Feature", "properties": { "start_id": 522, "end_id": 1026, "km": 85.104214287869993, "from": "road", "to": "port", "type": "road" }, "geometry": { "type": "LineString", "coordinates": [ [ -75.99445765065505, 8.319543933089816 ], [ -76.73191, 8.08929 ] ] } },
{ "type": "Feature", "properties": { "start_id": 1026, "end_id": 542, "km": 247.29273962782864, "from": "port", "to": "road", "type": "road" }, "geometry": { "type": "LineString", "coordinates": [ [ -76.73191, 8.08929 ], [ -75.763525349774355, 6.083651096124247 ] ] } },
{ "type": "Feature", "properties": { "start_id": 2136, "end_id": 1183, "km": 308.72268626127146, "from": "country", "to": "port", "type": "road" }, "geometry": { "type": "LineString", "coordinates": [ [ -56.6744995, 1.2958 ], [ -56.3989, -1.4669 ] ] } },
{ "type": "Feature", "properties": { "start_id": 998, "end_id": 2141, "km": 76.822217326294307, "from": "port", "to": "country", "type": "road" }, "geometry": { "type": "LineString", "coordinates": [ [ -79.74076726, 9.092653688 ], [ -80.1091003, 8.5054398 ] ] } },
{ "type": "Feature", "properties": { "start_id": 543, "end_id": 2130, "km": 242.90028425408534, "from": "road", "to": "country", "type": "road" }, "geometry": { "type": "LineString", "coordinates": [ [ -73.003926835491853, 6.083651096124247 ], [ -73.075798, 3.9003699 ] ] } },
{ "type": "Feature", "properties": { "start_id": 986, "end_id": 2141, "km": 86.093210081878254, "from": "port", "to": "country", "type": "road" }, "geometry": { "type": "LineString", "coordinates": [ [ -80.694628, 9.01982 ], [ -80.1091003, 8.5054398 ] ] } },
{ "type": "Feature", "properties": { "start_id": 542, "end_id": 555, "km": 248.84186040622711, "from": "road", "to": "road", "type": "road" }, "geometry": { "type": "LineString", "coordinates": [ [ -75.763525349774355, 6.083651096124247 ], [ -75.605371869529776, 3.851315170761378 ] ] } },
{ "type": "Feature", "properties": { "start_id": 616, "end_id": 1235, "km": 223.75335188180813, "from": "road", "to": "port", "type": "road" }, "geometry": { "type": "LineString", "coordinates": [ [ -37.089541798295976, -5.068593553092819 ], [ -35.2, -5.7833 ] ] } },
{ "type": "Feature", "properties": { "start_id": 616, "end_id": 627, "km": 248.65250120137557, "from": "road", "to": "road", "type": "road" }, "geometry": { "type": "LineString", "coordinates": [ [ -37.089541798295976, -5.068593553092819 ], [ -37.186400161982903, -7.302705218125654 ] ] } },
{ "type": "Feature", "properties": { "start_id": 556, "end_id": 2130, "km": 25.470907890540055, "from": "road", "to": "country", "type": "road" }, "geometry": { "type": "LineString", "coordinates": [ [ -72.851533912284395, 3.851315170761378 ], [ -73.075798, 3.9003699 ] ] } },
{ "type": "Feature", "properties": { "start_id": 2130, "end_id": 555, "km": 280.68535871870972, "from": "country", "to": "road", "type": "road" }, "geometry": { "type": "LineString", "coordinates": [ [ -73.075798, 3.9003699 ], [ -75.605371869529776, 3.851315170761378 ] ] } },
{ "type": "Feature", "properties": { "start_id": 1183, "end_id": 1186, "km": 84.421725380401185, "from": "port", "to": "port", "type": "road" }, "geometry": { "type": "LineString", "coordinates": [ [ -56.3989, -1.4669 ], [ -56.0975, -2.1638 ] ] } },
{ "type": "Feature", "properties": { "start_id": 615, "end_id": 626, "km": 248.68803725932005, "from": "road", "to": "road", "type": "road" }, "geometry": { "type": "LineString", "coordinates": [ [ -39.846196746109683, -5.068593553092819 ], [ -39.950254041747463, -7.302705218125654 ] ] } },
{ "type": "Feature", "properties": { "start_id": 1194, "end_id": 1186, "km": 155.97121169320985, "from": "port", "to": "port", "type": "road" }, "geometry": { "type": "LineString", "coordinates": [ [ -54.7167, -2.4167 ], [ -56.0975, -2.1638 ] ] } },
{ "type": "Feature", "properties": { "start_id": 618, "end_id": 629, "km": 248.47648229232436, "from": "road", "to": "road", "type": "road" }, "geometry": { "type": "LineString", "coordinates": [ [ 18.043557157977901, -5.068593553092819 ], [ 18.090677433308272, -7.302705218125654 ] ] } },
{ "type": "Feature", "properties": { "start_id": 619, "end_id": 2219, "km": 148.01917006410275, "from": "road", "to": "country", "type": "road" }, "geometry": { "type": "LineString", "coordinates": [ [ 20.800212105791562, -5.068593553092819 ], [ 21.4937992, -6.20684 ] ] } },
{ "type": "Feature", "properties": { "start_id": 617, "end_id": 1428, "km": 118.79498790329777, "from": "road", "to": "port", "type": "road" }, "geometry": { "type": "LineString", "coordinates": [ [ 12.5302472623505, -5.068593553092819 ], [ 13.2583872, -5.853445286 ] ] } },
{ "type": "Feature", "properties": { "start_id": 620, "end_id": 2227, "km": 357.47540031085549, "from": "road", "to": "country", "type": "road" }, "geometry": { "type": "LineString", "coordinates": [ [ 31.826831897046358, -5.068593553092819 ], [ 34.8233986, -6.2701998 ] ] } },
{ "type": "Feature", "properties": { "start_id": 620, "end_id": 632, "km": 386.68401130058356, "from": "road", "to": "road", "type": "road" }, "geometry": { "type": "LineString", "coordinates": [ [ 31.826831897046358, -5.068593553092819 ], [ 29.146092952366487, -7.302705218125654 ] ] } },
{ "type": "Feature", "properties": { "start_id": 2219, "end_id": 630, "km": 140.8237759652834, "from": "country", "to": "road", "type": "road" }, "geometry": { "type": "LineString", "coordinates": [ [ 21.4937992, -6.20684 ], [ 20.854531313072801, -7.302705218125654 ] ] } },
{ "type": "Feature", "properties": { "start_id": 2219, "end_id": 631, "km": 264.35855900362856, "from": "country", "to": "road", "type": "road" }, "geometry": { "type": "LineString", "coordinates": [ [ 21.4937992, -6.20684 ], [ 23.618385192837366, -7.302705218125654 ] ] } },
{ "type": "Feature", "properties": { "start_id": 2227, "end_id": 644, "km": 363.71850587313781, "from": "country", "to": "road", "type": "road" }, "geometry": { "type": "LineString", "coordinates": [ [ 34.8233986, -6.2701998 ], [ 34.797830912579585, -9.541100900487754 ] ] } },
{ "type": "Feature", "properties": { "start_id": 628, "end_id": 643, "km": 248.97127927925089, "from": "road", "to": "road", "type": "road" }, "geometry": { "type": "LineString", "coordinates": [ [ 15.32682355354371, -7.302705218125654 ], [ 15.381648492320654, -9.541100900487754 ] ] } },
{ "type": "Feature", "properties": { "start_id": 628, "end_id": 629, "km": 304.83315484466732, "from": "road", "to": "road", "type": "road" }, "geometry": { "type": "LineString", "coordinates": [ [ 15.32682355354371, -7.302705218125654 ], [ 18.090677433308272, -7.302705218125654 ] ] } },
{ "type": "Feature", "properties": { "start_id": 629, "end_id": 630, "km": 304.8331548446634, "from": "road", "to": "road", "type": "road" }, "geometry": { "type": "LineString", "coordinates": [ [ 18.090677433308272, -7.302705218125654 ], [ 20.854531313072801, -7.302705218125654 ] ] } },
{ "type": "Feature", "properties": { "start_id": 643, "end_id": 654, "km": 249.64337565791976, "from": "road", "to": "road", "type": "road" }, "geometry": { "type": "LineString", "coordinates": [ [ 15.381648492320654, -9.541100900487754 ], [ 15.451855691229907, -11.785137462198822 ] ] } },
{ "type": "Feature", "properties": { "start_id": 644, "end_id": 2223, "km": 412.01766911988489, "from": "road", "to": "country", "type": "road" }, "geometry": { "type": "LineString", "coordinates": [ [ 34.797830912579585, -9.541100900487754 ], [ 34.3069992, -13.2151003 ] ] } },
{ "type": "Feature", "properties": { "start_id": 590, "end_id": 1755, "km": 47.064640950546938, "from": "road", "to": "port", "type": "road" }, "geometry": { "type": "LineString", "coordinates": [ [ 100.503483103518946, -0.607932458106252 ], [ 100.3944, -1.0169 ] ] } },
{ "type": "Feature", "properties": { "start_id": 1770, "end_id": 604, "km": 142.7908683158673, "from": "port", "to": "road", "type": "road" }, "geometry": { "type": "LineString", "coordinates": [ [ 103.6197, -1.58677 ], [ 103.328156771686096, -2.83743844333639 ] ] } },
{ "type": "Feature", "properties": { "start_id": 604, "end_id": 1774, "km": 165.65448166614368, "from": "road", "to": "port", "type": "road" }, "geometry": { "type": "LineString", "coordinates": [ [ 103.328156771686096, -2.83743844333639 ], [ 104.8115619, -2.994312732 ] ] } },
{ "type": "Feature", "properties": { "start_id": 1812, "end_id": 606, "km": 17.618931361355887, "from": "port", "to": "road", "type": "road" }, "geometry": { "type": "LineString", "coordinates": [ [ 111.7167, -2.75 ], [ 111.584401943219376, -2.83743844333639 ] ] } },
{ "type": "Feature", "properties": { "start_id": 1905, "end_id": 1892, "km": 102.97261182694743, "from": "port", "to": "port", "type": "road" }, "geometry": { "type": "LineString", "coordinates": [ [ 122.5182391, -4.192294205 ], [ 121.5897198, -4.198972515 ] ] } },
{ "type": "Feature", "properties": { "start_id": 1792, "end_id": 633, "km": 232.90608329000534, "from": "port", "to": "road", "type": "road" }, "geometry": { "type": "LineString", "coordinates": [ [ 108.4881396, -6.51283615 ], [ 106.534001585774092, -7.302705218125654 ] ] } },
{ "type": "Feature", "properties": { "start_id": 1808, "end_id": 2865, "km": 161.17019143727168, "from": "port", "to": "maritime", "type": "road" }, "geometry": { "type": "LineString", "coordinates": [ [ 110.4277984, -6.948355033 ], [ 111.064970072445917, -8.252964051334699 ] ] } },
{ "type": "Feature", "properties": { "start_id": 654, "end_id": 665, "km": 250.48230907662338, "from": "road", "to": "road", "type": "road" }, "geometry": { "type": "LineString", "coordinates": [ [ 15.451855691229907, -11.785137462198822 ], [ 15.538071489808432, -14.036211162067465 ] ] } },
{ "type": "Feature", "properties": { "start_id": 655, "end_id": 666, "km": 250.55081949873119, "from": "road", "to": "road", "type": "road" }, "geometry": { "type": "LineString", "coordinates": [ [ 18.238256353609408, -11.785137462198822 ], [ 18.340019265950012, -14.036211162067465 ] ] } },
{ "type": "Feature", "properties": { "start_id": 656, "end_id": 667, "km": 382.52774207554967, "from": "road", "to": "road", "type": "road" }, "geometry": { "type": "LineString", "coordinates": [ [ 23.811057678368371, -11.785137462198822 ], [ 21.141967042091554, -14.036211162067465 ] ] } },
{ "type": "Feature", "properties": { "start_id": 1025, "end_id": 555, "km": 162.16125125570409, "from": "port", "to": "road", "type": "road" }, "geometry": { "type": "LineString", "coordinates": [ [ -77.0667, 3.8833 ], [ -75.605371869529776, 3.851315170761378 ] ] } },
{ "type": "Feature", "properties": { "start_id": 555, "end_id": 567, "km": 248.1621662319244, "from": "road", "to": "road", "type": "road" }, "geometry": { "type": "LineString", "coordinates": [ [ -75.605371869529776, 3.851315170761378 ], [ -75.518648213121693, 1.621220751157004 ] ] } },
{ "type": "Feature", "properties": { "start_id": 567, "end_id": 583, "km": 247.87693282013609, "from": "road", "to": "road", "type": "road" }, "geometry": { "type": "LineString", "coordinates": [ [ -75.518648213121693, 1.621220751157004 ], [ -75.502621028316085, -0.607932458106252 ] ] } },
{ "type": "Feature", "properties": { "start_id": 2131, "end_id": 995, "km": 154.16298169823114, "from": "country", "to": "port", "type": "road" }, "geometry": { "type": "LineString", "coordinates": [ [ -78.7809982, -1.42528 ], [ -79.9073975, -2.234416979 ] ] } },
{ "type": "Feature", "properties": { "start_id": 2131, "end_id": 596, "km": 165.54347875824908, "from": "country", "to": "road", "type": "road" }, "geometry": { "type": "LineString", "coordinates": [ [ -78.7809982, -1.42528 ], [ -78.309237002045776, -2.83743844333639 ] ] } },
{ "type": "Feature", "properties": { "start_id": 596, "end_id": 612, "km": 248.51267694789999, "from": "road", "to": "road", "type": "road" }, "geometry": { "type": "LineString", "coordinates": [ [ -78.309237002045776, -2.83743844333639 ], [ -78.439366015501378, -5.068593553092819 ] ] } },
{ "type": "Feature", "properties": { "start_id": 613, "end_id": 2133, "km": 482.6153838223704, "from": "road", "to": "country", "type": "road" }, "geometry": { "type": "LineString", "coordinates": [ [ -72.926056119873962, -5.068593553092819 ], [ -74.3753967, -9.1637697 ] ] } },
{ "type": "Feature", "properties": { "start_id": 1141, "end_id": 1161, "km": 363.4170666925591, "from": "port", "to": "port", "type": "road" }, "geometry": { "type": "LineString", "coordinates": [ [ -63.1342, -4.1344 ], [ -60.0167, -3.1333 ] ] } },
{ "type": "Feature", "properties": { "start_id": 2133, "end_id": 645, "km": 372.67493843641961, "from": "country", "to": "road", "type": "road" }, "geometry": { "type": "LineString", "coordinates": [ [ -74.3753967, -9.1637697 ], [ -76.499366167293431, -11.785137462198822 ] ] } },
{ "type": "Feature", "properties": { "start_id": 1161, "end_id": 597, "km": 112.84073071656293, "from": "port", "to": "road", "type": "road" }, "geometry": { "type": "LineString", "coordinates": [ [ -60.0167, -3.1333 ], [ -59.044664935134819, -2.83743844333639 ] ] } },
{ "type": "Feature", "properties": { "start_id": 614, "end_id": 624, "km": 248.76673097383264, "from": "road", "to": "road", "type": "road" }, "geometry": { "type": "LineString", "coordinates": [ [ -45.359506641737056, -5.068593553092819 ], [ -45.477961801276571, -7.302705218125654 ] ] } },
{ "type": "Feature", "properties": { "start_id": 626, "end_id": 641, "km": 249.39403696481452, "from": "road", "to": "road", "type": "road" }, "geometry": { "type": "LineString", "coordinates": [ [ -39.950254041747463, -7.302705218125654 ], [ -40.093158422704853, -9.541100900487754 ] ] } },
{ "type": "Feature", "properties": { "start_id": 625, "end_id": 640, "km": 249.46492962914277, "from": "road", "to": "road", "type": "road" }, "geometry": { "type": "LineString", "coordinates": [ [ -42.71410792151201, -7.302705218125654 ], [ -42.866898768456103, -9.541100900487754 ] ] } },
{ "type": "Feature", "properties": { "start_id": 1234, "end_id": 642, "km": 174.45615096245712, "from": "port", "to": "road", "type": "road" }, "geometry": { "type": "LineString", "coordinates": [ [ -35.7333, -9.6667 ], [ -37.319418076953561, -9.541100900487754 ] ] } },
{ "type": "Feature", "properties": { "start_id": 1186, "end_id": 598, "km": 77.977167743771872, "from": "port", "to": "road", "type": "road" }, "geometry": { "type": "LineString", "coordinates": [ [ -56.0975, -2.1638 ], [ -56.292583211290385, -2.83743844333639 ] ] } },
{ "type": "Feature", "properties": { "start_id": 624, "end_id": 639, "km": 249.54054063058624, "from": "road", "to": "road", "type": "road" }, "geometry": { "type": "LineString", "coordinates": [ [ -45.477961801276571, -7.302705218125654 ], [ -45.640639114207389, -9.541100900487754 ] ] } },
{ "type": "Feature", "properties": { "start_id": 641, "end_id": 653, "km": 250.32538219121111, "from": "road", "to": "road", "type": "road" }, "geometry": { "type": "LineString", "coordinates": [ [ -40.093158422704853, -9.541100900487754 ], [ -40.276157556360012, -11.785137462198822 ] ] } },
{ "type": "Feature", "properties": { "start_id": 641, "end_id": 640, "km": 304.15856826481138, "from": "road", "to": "road", "type": "road" }, "geometry": { "type": "LineString", "coordinates": [ [ -40.093158422704853, -9.541100900487754 ], [ -42.866898768456103, -9.541100900487754 ] ] } },
{ "type": "Feature", "properties": { "start_id": 665, "end_id": 666, "km": 302.2581742894821, "from": "road", "to": "road", "type": "road" }, "geometry": { "type": "LineString", "coordinates": [ [ 15.538071489808432, -14.036211162067465 ], [ 18.340019265950012, -14.036211162067465 ] ] } },
{ "type": "Feature", "properties": { "start_id": 666, "end_id": 667, "km": 302.25817428947835, "from": "road", "to": "road", "type": "road" }, "geometry": { "type": "LineString", "coordinates": [ [ 18.340019265950012, -14.036211162067465 ], [ 21.141967042091554, -14.036211162067465 ] ] } },
{ "type": "Feature", "properties": { "start_id": 2229, "end_id": 668, "km": 130.82817484868923, "from": "country", "to": "road", "type": "road" }, "geometry": { "type": "LineString", "coordinates": [ [ 27.7978992, -13.4531002 ], [ 26.745862594374717, -14.036211162067465 ] ] } },
{ "type": "Feature", "properties": { "start_id": 668, "end_id": 682, "km": 251.97087269975896, "from": "road", "to": "road", "type": "road" }, "geometry": { "type": "LineString", "coordinates": [ [ 26.745862594374717, -14.036211162067465 ], [ 26.92318253996487, -16.295768517305071 ] ] } },
{ "type": "Feature", "properties": { "start_id": 2223, "end_id": 670, "km": 129.10778444336282, "from": "country", "to": "road", "type": "road" }, "geometry": { "type": "LineString", "coordinates": [ [ 34.3069992, -13.2151003 ], [ 35.151705922799465, -14.036211162067465 ] ] } },
{ "type": "Feature", "properties": { "start_id": 2223, "end_id": 669, "km": 230.37289089485748, "from": "country", "to": "road", "type": "road" }, "geometry": { "type": "LineString", "coordinates": [ [ 34.3069992, -13.2151003 ], [ 32.349758146657877, -14.036211162067465 ] ] } },
{ "type": "Feature", "properties": { "start_id": 669, "end_id": 684, "km": 252.30329576148321, "from": "road", "to": "road", "type": "road" }, "geometry": { "type": "LineString", "coordinates": [ [ 32.349758146657877, -14.036211162067465 ], [ 32.564230846283067, -16.295768517305071 ] ] } },
{ "type": "Feature", "properties": { "start_id": 670, "end_id": 685, "km": 252.49295308999478, "from": "road", "to": "road", "type": "road" }, "geometry": { "type": "LineString", "coordinates": [ [ 35.151705922799465, -14.036211162067465 ], [ 35.384754999442166, -16.295768517305071 ] ] } },
{ "type": "Feature", "properties": { "start_id": 597, "end_id": 1168, "km": 74.621296290696151, "from": "road", "to": "port", "type": "road" }, "geometry": { "type": "LineString", "coordinates": [ [ -59.044664935134819, -2.83743844333639 ], [ -58.45, -3.15 ] ] } },
{ "type": "Feature", "properties": { "start_id": 1168, "end_id": 598, "km": 242.07401966247539, "from": "port", "to": "road", "type": "road" }, "geometry": { "type": "LineString", "coordinates": [ [ -58.45, -3.15 ], [ -56.292583211290385, -2.83743844333639 ] ] } },
{ "type": "Feature", "properties": { "start_id": 1137, "end_id": 636, "km": 151.87643423230884, "from": "port", "to": "road", "type": "road" }, "geometry": { "type": "LineString", "coordinates": [ [ -63.9184, -8.76497 ], [ -65.056821534466295, -9.541100900487754 ] ] } },
{ "type": "Feature", "properties": { "start_id": 636, "end_id": 647, "km": 251.62612679146773, "from": "road", "to": "road", "type": "road" }, "geometry": { "type": "LineString", "coordinates": [ [ -65.056821534466295, -9.541100900487754 ], [ -65.353763517775448, -11.785137462198822 ] ] } },
{ "type": "Feature", "properties": { "start_id": 623, "end_id": 2128, "km": 392.97442560683595, "from": "road", "to": "country", "type": "road" }, "geometry": { "type": "LineString", "coordinates": [ [ -53.769523440570239, -7.302705218125654 ], [ -53.0887985, -10.7722998 ] ] } },
{ "type": "Feature", "properties": { "start_id": 1020, "end_id": 645, "km": 106.01856613807024, "from": "port", "to": "road", "type": "road" }, "geometry": { "type": "LineString", "coordinates": [ [ -77.40606675, -11.4383431 ], [ -76.499366167293431, -11.785137462198822 ] ] } },
{ "type": "Feature", "properties": { "start_id": 637, "end_id": 649, "km": 372.19644785820782, "from": "road", "to": "road", "type": "road" }, "geometry": { "type": "LineString", "coordinates": [ [ -56.735600497212467, -9.541100900487754 ], [ -54.20816086825748, -11.785137462198822 ] ] } },
{ "type": "Feature", "properties": { "start_id": 646, "end_id": 647, "km": 303.30120212082954, "from": "road", "to": "road", "type": "road" }, "geometry": { "type": "LineString", "coordinates": [ [ -68.140164180154954, -11.785137462198822 ], [ -65.353763517775448, -11.785137462198822 ] ] } },
{ "type": "Feature", "properties": { "start_id": 647, "end_id": 660, "km": 253.40847732310286, "from": "road", "to": "road", "type": "road" }, "geometry": { "type": "LineString", "coordinates": [ [ -65.353763517775448, -11.785137462198822 ], [ -65.718414018297224, -14.036211162067465 ] ] } },
{ "type": "Feature", "properties": { "start_id": 647, "end_id": 648, "km": 303.30120212082676, "from": "road", "to": "road", "type": "road" }, "geometry": { "type": "LineString", "coordinates": [ [ -65.353763517775448, -11.785137462198822 ], [ -62.567362855395963, -11.785137462198822 ] ] } },
{ "type": "Feature", "properties": { "start_id": 2128, "end_id": 649, "km": 166.08095275525866, "from": "country", "to": "road", "type": "road" }, "geometry": { "type": "LineString", "coordinates": [ [ -53.0887985, -10.7722998 ], [ -54.20816086825748, -11.785137462198822 ] ] } },
{ "type": "Feature", "properties": { "start_id": 2128, "end_id": 650, "km": 213.84342572762714, "from": "country", "to": "road", "type": "road" }, "geometry": { "type": "LineString", "coordinates": [ [ -53.0887985, -10.7722998 ], [ -51.42176020587798, -11.785137462198822 ] ] } },
{ "type": "Feature", "properties": { "start_id": 659, "end_id": 673, "km": 256.32428658978824, "from": "road", "to": "road", "type": "road" }, "geometry": { "type": "LineString", "coordinates": [ [ -71.322309570580373, -14.036211162067465 ], [ -71.795162820603394, -16.295768517305071 ] ] } },
{ "type": "Feature", "properties": { "start_id": 638, "end_id": 651, "km": 250.69102048780709, "from": "road", "to": "road", "type": "road" }, "geometry": { "type": "LineString", "coordinates": [ [ -48.414379459958653, -9.541100900487754 ], [ -48.635359543498481, -11.785137462198822 ] ] } },
{ "type": "Feature", "properties": { "start_id": 660, "end_id": 2127, "km": 318.35810348943556, "from": "road", "to": "country", "type": "road" }, "geometry": { "type": "LineString", "coordinates": [ [ -65.718414018297224, -14.036211162067465 ], [ -64.6705017, -16.7150993 ] ] } },
{ "type": "Feature", "properties": { "start_id": 639, "end_id": 652, "km": 250.56156291717951, "from": "road", "to": "road", "type": "road" }, "geometry": { "type": "LineString", "coordinates": [ [ -45.640639114207389, -9.541100900487754 ], [ -45.848958881118996, -11.785137462198822 ] ] } },
{ "type": "Feature", "properties": { "start_id": 650, "end_id": 662, "km": 252.23195395716851, "from": "road", "to": "road", "type": "road" }, "geometry": { "type": "LineString", "coordinates": [ [ -51.42176020587798, -11.785137462198822 ], [ -51.708675137589353, -14.036211162067465 ] ] } },
{ "type": "Feature", "properties": { "start_id": 661, "end_id": 676, "km": 362.93340603583397, "from": "road", "to": "road", "type": "road" }, "geometry": { "type": "LineString", "coordinates": [ [ -57.312570689872494, -14.036211162067465 ], [ -54.872017901648832, -16.295768517305071 ] ] } },
{ "type": "Feature", "properties": { "start_id": 651, "end_id": 663, "km": 252.02978590182684, "from": "road", "to": "road", "type": "road" }, "geometry": { "type": "LineString", "coordinates": [ [ -48.635359543498481, -11.785137462198822 ], [ -48.906727361447771, -14.036211162067465 ] ] } },
{ "type": "Feature", "properties": { "start_id": 651, "end_id": 652, "km": 303.30120212082608, "from": "road", "to": "road", "type": "road" }, "geometry": { "type": "LineString", "coordinates": [ [ -48.635359543498481, -11.785137462198822 ], [ -45.848958881118996, -11.785137462198822 ] ] } },
{ "type": "Feature", "properties": { "start_id": 673, "end_id": 1068, "km": 84.663837685329426, "from": "road", "to": "port", "type": "road" }, "geometry": { "type": "LineString", "coordinates": [ [ -71.795162820603394, -16.295768517305071 ], [ -72.07755972, -17.00747892 ] ] } },
{ "type": "Feature", "properties": { "start_id": 674, "end_id": 692, "km": 258.61069187384118, "from": "road", "to": "road", "type": "road" }, "geometry": { "type": "LineString", "coordinates": [ [ -68.974638667444296, -16.295768517305071 ], [ -69.507293311646336, -18.565318306554289 ] ] } },
{ "type": "Feature", "properties": { "start_id": 675, "end_id": 2127, "km": 149.96432277208342, "from": "road", "to": "country", "type": "road" }, "geometry": { "type": "LineString", "coordinates": [ [ -63.33359036112612, -16.295768517305071 ], [ -64.6705017, -16.7150993 ] ] } },
{ "type": "Feature", "properties": { "start_id": 2127, "end_id": 693, "km": 294.93990481958764, "from": "country", "to": "road", "type": "road" }, "geometry": { "type": "LineString", "coordinates": [ [ -64.6705017, -16.7150993 ], [ -66.66498774261774, -18.565318306554289 ] ] } },
{ "type": "Feature", "properties": { "start_id": 662, "end_id": 677, "km": 253.93043134944361, "from": "road", "to": "road", "type": "road" }, "geometry": { "type": "LineString", "coordinates": [ [ -51.708675137589353, -14.036211162067465 ], [ -52.051493748489733, -16.295768517305071 ] ] } },
{ "type": "Feature", "properties": { "start_id": 681, "end_id": 700, "km": 253.13366540455453, "from": "road", "to": "road", "type": "road" }, "geometry": { "type": "LineString", "coordinates": [ [ 24.102658386805768, -16.295768517305071 ], [ 24.288790466297282, -18.565318306554289 ] ] } },
{ "type": "Feature", "properties": { "start_id": 682, "end_id": 701, "km": 253.32436759054684, "from": "road", "to": "road", "type": "road" }, "geometry": { "type": "LineString", "coordinates": [ [ 26.92318253996487, -16.295768517305071 ], [ 27.131096035325882, -18.565318306554289 ] ] } },
{ "type": "Feature", "properties": { "start_id": 683, "end_id": 702, "km": 253.53598432004773, "from": "road", "to": "road", "type": "road" }, "geometry": { "type": "LineString", "coordinates": [ [ 29.743706693123968, -16.295768517305071 ], [ 29.973401604354486, -18.565318306554289 ] ] } },
{ "type": "Feature", "properties": { "start_id": 684, "end_id": 703, "km": 253.76846326860243, "from": "road", "to": "road", "type": "road" }, "geometry": { "type": "LineString", "coordinates": [ [ 32.564230846283067, -16.295768517305071 ], [ 32.815707173383082, -18.565318306554289 ] ] } },
{ "type": "Feature", "properties": { "start_id": 685, "end_id": 2225, "km": 108.71317928094173, "from": "road", "to": "country", "type": "road" }, "geometry": { "type": "LineString", "coordinates": [ [ 35.384754999442166, -16.295768517305071 ], [ 35.5522995, -17.2602005 ] ] } },
{ "type": "Feature", "properties": { "start_id": 686, "end_id": 1590, "km": 220.19751588485644, "from": "road", "to": "port", "type": "road" }, "geometry": { "type": "LineString", "coordinates": [ [ 38.205279152601229, -16.295768517305071 ], [ 36.921858, -17.850264 ] ] } },
{ "type": "Feature", "properties": { "start_id": 2225, "end_id": 1590, "km": 159.33082630931668, "from": "country", "to": "port", "type": "road" }, "geometry": { "type": "LineString", "coordinates": [ [ 35.5522995, -17.2602005 ], [ 36.921858, -17.850264 ] ] } },
{ "type": "Feature", "properties": { "start_id": 687, "end_id": 705, "km": 255.24161696904181, "from": "road", "to": "road", "type": "road" }, "geometry": { "type": "LineString", "coordinates": [ [ 46.666851612078524, -16.295768517305071 ], [ 47.027235018526056, -18.565318306554289 ] ] } },
{ "type": "Feature", "properties": { "start_id": 663, "end_id": 678, "km": 253.64928485470116, "from": "road", "to": "road", "type": "road" }, "geometry": { "type": "LineString", "coordinates": [ [ -48.906727361447771, -14.036211162067465 ], [ -49.230969595330642, -16.295768517305071 ] ] } },
{ "type": "Feature", "properties": { "start_id": 664, "end_id": 680, "km": 370.19044815909791, "from": "road", "to": "road", "type": "road" }, "geometry": { "type": "LineString", "coordinates": [ [ -43.302831809164623, -14.036211162067465 ], [ -40.769397135853382, -16.295768517305071 ] ] } },
{ "type": "Feature", "properties": { "start_id": 676, "end_id": 677, "km": 301.02589778990239, "from": "road", "to": "road", "type": "road" }, "geometry": { "type": "LineString", "coordinates": [ [ -54.872017901648832, -16.295768517305071 ], [ -52.051493748489733, -16.295768517305071 ] ] } },
{ "type": "Feature", "properties": { "start_id": 677, "end_id": 678, "km": 301.02589778990239, "from": "road", "to": "road", "type": "road" }, "geometry": { "type": "LineString", "coordinates": [ [ -52.051493748489733, -16.295768517305071 ], [ -49.230969595330642, -16.295768517305071 ] ] } },
{ "type": "Feature", "properties": { "start_id": 678, "end_id": 695, "km": 255.56466675705622, "from": "road", "to": "road", "type": "road" }, "geometry": { "type": "LineString", "coordinates": [ [ -49.230969595330642, -16.295768517305071 ], [ -49.611154328446162, -18.565318306554289 ] ] } },
{ "type": "Feature", "properties": { "start_id": 679, "end_id": 696, "km": 255.21024105343764, "from": "road", "to": "road", "type": "road" }, "geometry": { "type": "LineString", "coordinates": [ [ -46.410445442171557, -16.295768517305071 ], [ -46.76884875941758, -18.565318306554289 ] ] } },
{ "type": "Feature", "properties": { "start_id": 680, "end_id": 698, "km": 254.56283314573892, "from": "road", "to": "road", "type": "road" }, "geometry": { "type": "LineString", "coordinates": [ [ -40.769397135853382, -16.295768517305071 ], [ -41.084237621360401, -18.565318306554289 ] ] } },
{ "type": "Feature", "properties": { "start_id": 694, "end_id": 1177, "km": 64.783413704170599, "from": "road", "to": "port", "type": "road" }, "geometry": { "type": "LineString", "coordinates": [ [ -58.138071035531951, -18.565318306554289 ], [ -57.7073665, -18.98142376 ] ] } },
{ "type": "Feature", "properties": { "start_id": 695, "end_id": 713, "km": 257.79455039670711, "from": "road", "to": "road", "type": "road" }, "geometry": { "type": "LineString", "coordinates": [ [ -49.611154328446162, -18.565318306554289 ], [ -50.051016507174346, -20.846445046128025 ] ] } },
{ "type": "Feature", "properties": { "start_id": 695, "end_id": 696, "km": 299.60001716836217, "from": "road", "to": "road", "type": "road" }, "geometry": { "type": "LineString", "coordinates": [ [ -49.611154328446162, -18.565318306554289 ], [ -46.76884875941758, -18.565318306554289 ] ] } },
{ "type": "Feature", "properties": { "start_id": 1177, "end_id": 1172, "km": 149.63429301178437, "from": "port", "to": "port", "type": "road" }, "geometry": { "type": "LineString", "coordinates": [ [ -57.7073665, -18.98142376 ], [ -58.2161, -20.2389 ] ] } },
{ "type": "Feature", "properties": { "start_id": 693, "end_id": 711, "km": 261.08602981335059, "from": "road", "to": "road", "type": "road" }, "geometry": { "type": "LineString", "coordinates": [ [ -66.66498774261774, -18.565318306554289 ], [ -67.256052537426228, -20.846445046128025 ] ] } },
{ "type": "Feature", "properties": { "start_id": 696, "end_id": 697, "km": 299.60001716836416, "from": "road", "to": "road", "type": "road" }, "geometry": { "type": "LineString", "coordinates": [ [ -46.76884875941758, -18.565318306554289 ], [ -43.926543190388976, -18.565318306554289 ] ] } },
{ "type": "Feature", "properties": { "start_id": 697, "end_id": 714, "km": 256.90477577311822, "from": "road", "to": "road", "type": "road" }, "geometry": { "type": "LineString", "coordinates": [ [ -43.926543190388976, -18.565318306554289 ], [ -44.316004497090383, -20.846445046128025 ] ] } },
{ "type": "Feature", "properties": { "start_id": 1172, "end_id": 712, "km": 261.88838314365148, "from": "port", "to": "road", "type": "road" }, "geometry": { "type": "LineString", "coordinates": [ [ -58.2161, -20.2389 ], [ -55.786028517258309, -20.846445046128025 ] ] } },
{ "type": "Feature", "properties": { "start_id": 1172, "end_id": 2132, "km": 333.76242197946578, "from": "port", "to": "country", "type": "road" }, "geometry": { "type": "LineString", "coordinates": [ [ -58.2161, -20.2389 ], [ -58.3909988, -23.2360992 ] ] } },
{ "type": "Feature", "properties": { "start_id": 699, "end_id": 700, "km": 299.60001716836359, "from": "road", "to": "road", "type": "road" }, "geometry": { "type": "LineString", "coordinates": [ [ 21.446484897268682, -18.565318306554289 ], [ 24.288790466297282, -18.565318306554289 ] ] } },
{ "type": "Feature", "properties": { "start_id": 700, "end_id": 717, "km": 254.64934985911898, "from": "road", "to": "road", "type": "road" }, "geometry": { "type": "LineString", "coordinates": [ [ 24.288790466297282, -18.565318306554289 ], [ 24.504139623917101, -20.846445046128025 ] ] } },
{ "type": "Feature", "properties": { "start_id": 701, "end_id": 718, "km": 254.89638866889752, "from": "road", "to": "road", "type": "road" }, "geometry": { "type": "LineString", "coordinates": [ [ 27.131096035325882, -18.565318306554289 ], [ 27.37164562895909, -20.846445046128025 ] ] } },
{ "type": "Feature", "properties": { "start_id": 702, "end_id": 2230, "km": 49.503715593183415, "from": "road", "to": "country", "type": "road" }, "geometry": { "type": "LineString", "coordinates": [ [ 29.973401604354486, -18.565318306554289 ], [ 29.8717995, -19.0 ] ] } },
{ "type": "Feature", "properties": { "start_id": 2230, "end_id": 719, "km": 208.87553769135656, "from": "country", "to": "road", "type": "road" }, "geometry": { "type": "LineString", "coordinates": [ [ 29.8717995, -19.0 ], [ 30.239151634001075, -20.846445046128025 ] ] } },
{ "type": "Feature", "properties": { "start_id": 705, "end_id": 2222, "km": 96.004706757933818, "from": "road", "to": "country", "type": "road" }, "geometry": { "type": "LineString", "coordinates": [ [ 47.027235018526056, -18.565318306554289 ], [ 46.7060013, -19.3735008 ] ] } },
{ "type": "Feature", "properties": { "start_id": 705, "end_id": 1652, "km": 256.02613986845273, "from": "road", "to": "port", "type": "road" }, "geometry": { "type": "LineString", "coordinates": [ [ 47.027235018526056, -18.565318306554289 ], [ 49.4167, -18.1667 ] ] } },
{ "type": "Feature", "properties": { "start_id": 2222, "end_id": 722, "km": 181.01320658178466, "from": "country", "to": "road", "type": "road" }, "geometry": { "type": "LineString", "coordinates": [ [ 46.7060013, -19.3735008 ], [ 47.444187664252951, -20.846445046128025 ] ] } },
{ "type": "Feature", "properties": { "start_id": 2222, "end_id": 721, "km": 276.14022743441853, "from": "country", "to": "road", "type": "road" }, "geometry": { "type": "LineString", "coordinates": [ [ 46.7060013, -19.3735008 ], [ 44.576681659210969, -20.846445046128025 ] ] } },
{ "type": "Feature", "properties": { "start_id": 1991, "end_id": 708, "km": 120.31957486805189, "from": "port", "to": "road", "type": "road" }, "geometry": { "type": "LineString", "coordinates": [ [ 140.8333, -17.4833 ], [ 140.823318796469664, -18.565318306554289 ] ] } },
{ "type": "Feature", "properties": { "start_id": 707, "end_id": 708, "km": 299.60001716836558, "from": "road", "to": "road", "type": "road" }, "geometry": { "type": "LineString", "coordinates": [ [ 137.981013227441053, -18.565318306554289 ], [ 140.823318796469664, -18.565318306554289 ] ] } },
{ "type": "Feature", "properties": { "start_id": 711, "end_id": 710, "km": 297.9753279441498, "from": "road", "to": "road", "type": "road" }, "geometry": { "type": "LineString", "coordinates": [ [ -67.256052537426228, -20.846445046128025 ], [ -70.123558542468203, -20.846445046128025 ] ] } },
{ "type": "Feature", "properties": { "start_id": 711, "end_id": 726, "km": 342.66930597314786, "from": "road", "to": "road", "type": "road" }, "geometry": { "type": "LineString", "coordinates": [ [ -67.256052537426228, -20.846445046128025 ], [ -65.036987303843176, -23.140824346297673 ] ] } },
{ "type": "Feature", "properties": { "start_id": 714, "end_id": 1222, "km": 241.30196247027027, "from": "road", "to": "port", "type": "road" }, "geometry": { "type": "LineString", "coordinates": [ [ -44.316004497090383, -20.846445046128025 ], [ -43.71825989, -22.94446571 ] ] } },
{ "type": "Feature", "properties": { "start_id": 715, "end_id": 1225, "km": 121.01976150122677, "from": "road", "to": "port", "type": "road" }, "geometry": { "type": "LineString", "coordinates": [ [ -41.448498492048422, -20.846445046128025 ], [ -41.0114, -21.8558 ] ] } },
{ "type": "Feature", "properties": { "start_id": 728, "end_id": 2132, "km": 87.850374113411007, "from": "road", "to": "country", "type": "road" }, "geometry": { "type": "LineString", "coordinates": [ [ -59.244219437905649, -23.140824346297673 ], [ -58.3909988, -23.2360992 ] ] } },
{ "type": "Feature", "properties": { "start_id": 727, "end_id": 743, "km": 266.55156961458624, "from": "road", "to": "road", "type": "road" }, "geometry": { "type": "LineString", "coordinates": [ [ -62.140603370874416, -23.140824346297673 ], [ -62.845737969950669, -25.450240656158165 ] ] } },
{ "type": "Feature", "properties": { "start_id": 727, "end_id": 726, "km": 296.14567555254678, "from": "road", "to": "road", "type": "road" }, "geometry": { "type": "LineString", "coordinates": [ [ -62.140603370874416, -23.140824346297673 ], [ -65.036987303843176, -23.140824346297673 ] ] } },
{ "type": "Feature", "properties": { "start_id": 2132, "end_id": 1178, "km": 239.31264905375735, "from": "country", "to": "port", "type": "road" }, "geometry": { "type": "LineString", "coordinates": [ [ -58.3909988, -23.2360992 ], [ -57.6465, -25.27847 ] ] } },
{ "type": "Feature", "properties": { "start_id": 729, "end_id": 746, "km": 264.04859512622465, "from": "road", "to": "road", "type": "road" }, "geometry": { "type": "LineString", "coordinates": [ [ -53.451451571968128, -23.140824346297673 ], [ -54.057986845681107, -25.450240656158165 ] ] } },
{ "type": "Feature", "properties": { "start_id": 716, "end_id": 2233, "km": 197.58106709400681, "from": "road", "to": "country", "type": "road" }, "geometry": { "type": "LineString", "coordinates": [ [ 15.901621608791183, -20.846445046128025 ], [ 17.2185001, -22.1333008 ] ] } },
{ "type": "Feature", "properties": { "start_id": 2233, "end_id": 732, "km": 163.22847369372931, "from": "country", "to": "road", "type": "road" }, "geometry": { "type": "LineString", "coordinates": [ [ 17.2185001, -22.1333008 ], [ 16.06176281928219, -23.140824346297673 ] ] } },
{ "type": "Feature", "properties": { "start_id": 2233, "end_id": 733, "km": 210.77263351324515, "from": "country", "to": "road", "type": "road" }, "geometry": { "type": "LineString", "coordinates": [ [ 17.2185001, -22.1333008 ], [ 18.958146752250958, -23.140824346297673 ] ] } },
{ "type": "Feature", "properties": { "start_id": 717, "end_id": 2232, "km": 164.72616105796436, "from": "road", "to": "country", "type": "road" }, "geometry": { "type": "LineString", "coordinates": [ [ 24.504139623917101, -20.846445046128025 ], [ 23.8150997, -22.1819992 ] ] } },
{ "type": "Feature", "properties": { "start_id": 1445, "end_id": 732, "km": 162.4104428080318, "from": "port", "to": "road", "type": "road" }, "geometry": { "type": "LineString", "coordinates": [ [ 14.4872, -22.9561 ], [ 16.06176281928219, -23.140824346297673 ] ] } },
{ "type": "Feature", "properties": { "start_id": 718, "end_id": 735, "km": 256.70116071585028, "from": "road", "to": "road", "type": "road" }, "geometry": { "type": "LineString", "coordinates": [ [ 27.37164562895909, -20.846445046128025 ], [ 27.647298551157231, -23.140824346297673 ] ] } },
{ "type": "Feature", "properties": { "start_id": 719, "end_id": 736, "km": 257.04776554845353, "from": "road", "to": "road", "type": "road" }, "geometry": { "type": "LineString", "coordinates": [ [ 30.239151634001075, -20.846445046128025 ], [ 30.543682484125995, -23.140824346297673 ] ] } },
{ "type": "Feature", "properties": { "start_id": 2232, "end_id": 734, "km": 227.67600933742003, "from": "country", "to": "road", "type": "road" }, "geometry": { "type": "LineString", "coordinates": [ [ 23.8150997, -22.1819992 ], [ 21.854530685219689, -23.140824346297673 ] ] } },
{ "type": "Feature", "properties": { "start_id": 732, "end_id": 748, "km": 257.45870566581243, "from": "road", "to": "road", "type": "road" }, "geometry": { "type": "LineString", "coordinates": [ [ 16.06176281928219, -23.140824346297673 ], [ 16.244022148475327, -25.450240656158165 ] ] } },
{ "type": "Feature", "properties": { "start_id": 720, "end_id": 737, "km": 257.42833531581613, "from": "road", "to": "road", "type": "road" }, "geometry": { "type": "LineString", "coordinates": [ [ 33.106657639043057, -20.846445046128025 ], [ 33.440066417094769, -23.140824346297673 ] ] } },
{ "type": "Feature", "properties": { "start_id": 733, "end_id": 749, "km": 257.71904150292301, "from": "road", "to": "road", "type": "road" }, "geometry": { "type": "LineString", "coordinates": [ [ 18.958146752250958, -23.140824346297673 ], [ 19.173272523231851, -25.450240656158165 ] ] } },
{ "type": "Feature", "properties": { "start_id": 734, "end_id": 750, "km": 258.02210894297076, "from": "road", "to": "road", "type": "road" }, "geometry": { "type": "LineString", "coordinates": [ [ 21.854530685219689, -23.140824346297673 ], [ 22.102522897988333, -25.450240656158165 ] ] } },
{ "type": "Feature", "properties": { "start_id": 735, "end_id": 752, "km": 258.75581680041734, "from": "road", "to": "road", "type": "road" }, "geometry": { "type": "LineString", "coordinates": [ [ 27.647298551157231, -23.140824346297673 ], [ 27.961023647501385, -25.450240656158165 ] ] } },
{ "type": "Feature", "properties": { "start_id": 736, "end_id": 753, "km": 259.1860960418187, "from": "road", "to": "road", "type": "road" }, "geometry": { "type": "LineString", "coordinates": [ [ 30.543682484125995, -23.140824346297673 ], [ 30.890274022257906, -25.450240656158165 ] ] } },
{ "type": "Feature", "properties": { "start_id": 708, "end_id": 709, "km": 299.60001716836285, "from": "road", "to": "road", "type": "road" }, "geometry": { "type": "LineString", "coordinates": [ [ 140.823318796469664, -18.565318306554289 ], [ 143.665624365498275, -18.565318306554289 ] ] } },
{ "type": "Feature", "properties": { "start_id": 723, "end_id": 739, "km": 301.15732022949794, "from": "road", "to": "road", "type": "road" }, "geometry": { "type": "LineString", "coordinates": [ [ 133.469367815512356, -20.846445046128025 ], [ 131.917120138032715, -23.140824346297673 ] ] } },
{ "type": "Feature", "properties": { "start_id": 2027, "end_id": 724, "km": 263.25429512379799, "from": "port", "to": "road", "type": "road" }, "geometry": { "type": "LineString", "coordinates": [ [ 146.8167, -19.2667 ], [ 144.939391835680226, -20.846445046128025 ] ] } },
{ "type": "Feature", "properties": { "start_id": 724, "end_id": 741, "km": 295.00223138859468, "from": "road", "to": "road", "type": "road" }, "geometry": { "type": "LineString", "coordinates": [ [ 144.939391835680226, -20.846445046128025 ], [ 143.502655869907727, -23.140824346297673 ] ] } },
{ "type": "Feature", "properties": { "start_id": 738, "end_id": 739, "km": 296.14567555254678, "from": "road", "to": "road", "type": "road" }, "geometry": { "type": "LineString", "coordinates": [ [ 129.02073620506394, -23.140824346297673 ], [ 131.917120138032715, -23.140824346297673 ] ] } },
{ "type": "Feature", "properties": { "start_id": 739, "end_id": 2096, "km": 388.551161439542, "from": "road", "to": "country", "type": "road" }, "geometry": { "type": "LineString", "coordinates": [ [ 131.917120138032715, -23.140824346297673 ], [ 134.4909973, -25.7332993 ] ] } },
{ "type": "Feature", "properties": { "start_id": 725, "end_id": 742, "km": 293.51878355418296, "from": "road", "to": "road", "type": "road" }, "geometry": { "type": "LineString", "coordinates": [ [ 147.8068978407222, -20.846445046128025 ], [ 146.399039802876501, -23.140824346297673 ] ] } },
{ "type": "Feature", "properties": { "start_id": 743, "end_id": 760, "km": 270.59015312354114, "from": "road", "to": "road", "type": "road" }, "geometry": { "type": "LineString", "coordinates": [ [ -62.845737969950669, -25.450240656158165 ], [ -63.644467013170832, -27.776608043769507 ] ] } },
{ "type": "Feature", "properties": { "start_id": 730, "end_id": 1216, "km": 160.6066920626038, "from": "road", "to": "port", "type": "road" }, "geometry": { "type": "LineString", "coordinates": [ [ -47.658683706030608, -23.140824346297673 ], [ -46.3461, -23.9397 ] ] } },
{ "type": "Feature", "properties": { "start_id": 744, "end_id": 1175, "km": 193.73040289703087, "from": "road", "to": "port", "type": "road" }, "geometry": { "type": "LineString", "coordinates": [ [ -59.916487595194134, -25.450240656158165 ], [ -58.1598, -26.18157 ] ] } },
{ "type": "Feature", "properties": { "start_id": 1178, "end_id": 745, "km": 68.938680935077343, "from": "port", "to": "road", "type": "road" }, "geometry": { "type": "LineString", "coordinates": [ [ -57.6465, -25.27847 ], [ -56.987237220437628, -25.450240656158165 ] ] } },
{ "type": "Feature", "properties": { "start_id": 1178, "end_id": 1175, "km": 112.81772101226166, "from": "port", "to": "port", "type": "road" }, "geometry": { "type": "LineString", "coordinates": [ [ -57.6465, -25.27847 ], [ -58.1598, -26.18157 ] ] } },
{ "type": "Feature", "properties": { "start_id": 748, "end_id": 1450, "km": 172.45650852124075, "from": "road", "to": "port", "type": "road" }, "geometry": { "type": "LineString", "coordinates": [ [ 16.244022148475327, -25.450240656158165 ], [ 15.15, -26.65 ] ] } },
{ "type": "Feature", "properties": { "start_id": 749, "end_id": 765, "km": 259.81183236731431, "from": "road", "to": "road", "type": "road" }, "geometry": { "type": "LineString", "coordinates": [ [ 19.173272523231851, -25.450240656158165 ], [ 19.416952526244987, -27.776608043769507 ] ] } },
{ "type": "Feature", "properties": { "start_id": 750, "end_id": 766, "km": 260.18293003356024, "from": "road", "to": "road", "type": "road" }, "geometry": { "type": "LineString", "coordinates": [ [ 22.102522897988333, -25.450240656158165 ], [ 22.383431795509804, -27.776608043769507 ] ] } },
{ "type": "Feature", "properties": { "start_id": 751, "end_id": 767, "km": 260.60605328014287, "from": "road", "to": "road", "type": "road" }, "geometry": { "type": "LineString", "coordinates": [ [ 25.031773272744857, -25.450240656158165 ], [ 25.349911064774663, -27.776608043769507 ] ] } },
{ "type": "Feature", "properties": { "start_id": 752, "end_id": 768, "km": 261.08094912420211, "from": "road", "to": "road", "type": "road" }, "geometry": { "type": "LineString", "coordinates": [ [ 27.961023647501385, -25.450240656158165 ], [ 28.316390334039522, -27.776608043769507 ] ] } },
{ "type": "Feature", "properties": { "start_id": 756, "end_id": 772, "km": 294.67403434952018, "from": "road", "to": "road", "type": "road" }, "geometry": { "type": "LineString", "coordinates": [ [ 121.697035639709966, -25.450240656158165 ], [ 120.277247681249875, -27.776608043769507 ] ] } },
{ "type": "Feature", "properties": { "start_id": 740, "end_id": 757, "km": 291.75676572096256, "from": "road", "to": "road", "type": "road" }, "geometry": { "type": "LineString", "coordinates": [ [ 137.709888003970235, -23.140824346297673 ], [ 136.343287513492555, -25.450240656158165 ] ] } },
{ "type": "Feature", "properties": { "start_id": 757, "end_id": 2096, "km": 188.40480263979646, "from": "road", "to": "country", "type": "road" }, "geometry": { "type": "LineString", "coordinates": [ [ 136.343287513492555, -25.450240656158165 ], [ 134.4909973, -25.7332993 ] ] } },
{ "type": "Feature", "properties": { "start_id": 757, "end_id": 758, "km": 294.10382903105295, "from": "road", "to": "road", "type": "road" }, "geometry": { "type": "LineString", "coordinates": [ [ 136.343287513492555, -25.450240656158165 ], [ 139.272537888249076, -25.450240656158165 ] ] } },
{ "type": "Feature", "properties": { "start_id": 2096, "end_id": 773, "km": 235.36093818818773, "from": "country", "to": "road", "type": "road" }, "geometry": { "type": "LineString", "coordinates": [ [ 134.4909973, -25.7332993 ], [ 135.10964402757412, -27.776608043769507 ] ] } },
{ "type": "Feature", "properties": { "start_id": 1175, "end_id": 1166, "km": 163.17403102433531, "from": "port", "to": "port", "type": "road" }, "geometry": { "type": "LineString", "coordinates": [ [ -58.1598, -26.18157 ], [ -58.9004594, -27.49179846 ] ] } },
{ "type": "Feature", "properties": { "start_id": 746, "end_id": 763, "km": 267.54331634094075, "from": "road", "to": "road", "type": "road" }, "geometry": { "type": "LineString", "coordinates": [ [ -54.057986845681107, -25.450240656158165 ], [ -54.745029205376277, -27.776608043769507 ] ] } },
{ "type": "Feature", "properties": { "start_id": 760, "end_id": 779, "km": 275.1626571891947, "from": "road", "to": "road", "type": "road" }, "geometry": { "type": "LineString", "coordinates": [ [ -63.644467013170832, -27.776608043769507 ], [ -64.546450825781506, -30.12199484734095 ] ] } },
{ "type": "Feature", "properties": { "start_id": 747, "end_id": 764, "km": 266.62270836589499, "from": "road", "to": "road", "type": "road" }, "geometry": { "type": "LineString", "coordinates": [ [ -51.128736470924586, -25.450240656158165 ], [ -51.778549936111425, -27.776608043769507 ] ] } },
{ "type": "Feature", "properties": { "start_id": 1166, "end_id": 762, "km": 121.32962836579581, "from": "port", "to": "road", "type": "road" }, "geometry": { "type": "LineString", "coordinates": [ [ -58.9004594, -27.49179846 ], [ -57.711508474641128, -27.776608043769507 ] ] } },
{ "type": "Feature", "properties": { "start_id": 1166, "end_id": 761, "km": 177.94432580025421, "from": "port", "to": "road", "type": "road" }, "geometry": { "type": "LineString", "coordinates": [ [ -58.9004594, -27.49179846 ], [ -60.677987743905973, -27.776608043769507 ] ] } },
{ "type": "Feature", "properties": { "start_id": 1166, "end_id": 1163, "km": 187.72726725380102, "from": "port", "to": "port", "type": "road" }, "geometry": { "type": "LineString", "coordinates": [ [ -58.9004594, -27.49179846 ], [ -59.2851, -29.14577 ] ] } },
{ "type": "Feature", "properties": { "start_id": 765, "end_id": 784, "km": 262.16563786574443, "from": "road", "to": "road", "type": "road" }, "geometry": { "type": "LineString", "coordinates": [ [ 19.416952526244987, -27.776608043769507 ], [ 19.692133978629194, -30.12199484734095 ] ] } },
{ "type": "Feature", "properties": { "start_id": 766, "end_id": 785, "km": 262.61483539710196, "from": "road", "to": "road", "type": "road" }, "geometry": { "type": "LineString", "coordinates": [ [ 22.383431795509804, -27.776608043769507 ], [ 22.700654864500972, -30.12199484734095 ] ] } },
{ "type": "Feature", "properties": { "start_id": 767, "end_id": 2234, "km": 138.27864544539185, "from": "road", "to": "country", "type": "road" }, "geometry": { "type": "LineString", "coordinates": [ [ 25.349911064774663, -27.776608043769507 ], [ 25.0932007, -28.9995003 ] ] } },
{ "type": "Feature", "properties": { "start_id": 767, "end_id": 768, "km": 291.84132308608991, "from": "road", "to": "road", "type": "road" }, "geometry": { "type": "LineString", "coordinates": [ [ 25.349911064774663, -27.776608043769507 ], [ 28.316390334039522, -27.776608043769507 ] ] } },
{ "type": "Feature", "properties": { "start_id": 768, "end_id": 2235, "km": 133.63858078194431, "from": "road", "to": "country", "type": "road" }, "geometry": { "type": "LineString", "coordinates": [ [ 28.316390334039522, -27.776608043769507 ], [ 29.3913994, -28.5154991 ] ] } },
{ "type": "Feature", "properties": { "start_id": 769, "end_id": 1560, "km": 137.86000246139932, "from": "road", "to": "port", "type": "road" }, "geometry": { "type": "LineString", "coordinates": [ [ 31.282869603304377, -27.776608043769507 ], [ 32.0922, -28.7911 ] ] } },
{ "type": "Feature", "properties": { "start_id": 769, "end_id": 2235, "km": 202.83213813389418, "from": "road", "to": "country", "type": "road" }, "geometry": { "type": "LineString", "coordinates": [ [ 31.282869603304377, -27.776608043769507 ], [ 29.3913994, -28.5154991 ] ] } },
{ "type": "Feature", "properties": { "start_id": 771, "end_id": 1823, "km": 288.07285619712832, "from": "road", "to": "port", "type": "road" }, "geometry": { "type": "LineString", "coordinates": [ [ 117.310768411985023, -27.776608043769507 ], [ 114.6, -28.7833 ] ] } },
{ "type": "Feature", "properties": { "start_id": 771, "end_id": 772, "km": 291.84132308608991, "from": "road", "to": "road", "type": "road" }, "geometry": { "type": "LineString", "coordinates": [ [ 117.310768411985023, -27.776608043769507 ], [ 120.277247681249875, -27.776608043769507 ] ] } },
{ "type": "Feature", "properties": { "start_id": 772, "end_id": 788, "km": 309.05565667968995, "from": "road", "to": "road", "type": "road" }, "geometry": { "type": "LineString", "coordinates": [ [ 120.277247681249875, -27.776608043769507 ], [ 121.981844098270727, -30.12199484734095 ] ] } },
{ "type": "Feature", "properties": { "start_id": 773, "end_id": 790, "km": 281.66667340831663, "from": "road", "to": "road", "type": "road" }, "geometry": { "type": "LineString", "coordinates": [ [ 135.10964402757412, -27.776608043769507 ], [ 134.015927641757969, -30.12199484734095 ] ] } },
{ "type": "Feature", "properties": { "start_id": 774, "end_id": 792, "km": 277.2641908619832, "from": "road", "to": "road", "type": "road" }, "geometry": { "type": "LineString", "coordinates": [ [ 144.009081835368676, -27.776608043769507 ], [ 143.041490299373407, -30.12199484734095 ] ] } },
{ "type": "Feature", "properties": { "start_id": 778, "end_id": 795, "km": 281.91258099208233, "from": "road", "to": "road", "type": "road" }, "geometry": { "type": "LineString", "coordinates": [ [ -67.554971711653323, -30.12199484734095 ], [ -68.619282188594767, -32.488653294573965 ] ] } },
{ "type": "Feature", "properties": { "start_id": 763, "end_id": 782, "km": 271.49872368074784, "from": "road", "to": "road", "type": "road" }, "geometry": { "type": "LineString", "coordinates": [ [ -54.745029205376277, -27.776608043769507 ], [ -55.520888168166074, -30.12199484734095 ] ] } },
{ "type": "Feature", "properties": { "start_id": 1163, "end_id": 781, "km": 130.8345670361357, "from": "port", "to": "road", "type": "road" }, "geometry": { "type": "LineString", "coordinates": [ [ -59.2851, -29.14577 ], [ -58.529409054037878, -30.12199484734095 ] ] } },
{ "type": "Feature", "properties": { "start_id": 1163, "end_id": 780, "km": 243.28892757016067, "from": "port", "to": "road", "type": "road" }, "geometry": { "type": "LineString", "coordinates": [ [ -59.2851, -29.14577 ], [ -61.537929939909688, -30.12199484734095 ] ] } },
{ "type": "Feature", "properties": { "start_id": 779, "end_id": 796, "km": 280.32941777246782, "from": "road", "to": "road", "type": "road" }, "geometry": { "type": "LineString", "coordinates": [ [ -64.546450825781506, -30.12199484734095 ], [ -65.563362862344675, -32.488653294573965 ] ] } },
{ "type": "Feature", "properties": { "start_id": 780, "end_id": 1157, "km": 194.85572255168509, "from": "road", "to": "port", "type": "road" }, "geometry": { "type": "LineString", "coordinates": [ [ -61.537929939909688, -30.12199484734095 ], [ -60.61710373, -31.6861778 ] ] } },
{ "type": "Feature", "properties": { "start_id": 2234, "end_id": 786, "km": 138.30486071525715, "from": "country", "to": "road", "type": "road" }, "geometry": { "type": "LineString", "coordinates": [ [ 25.0932007, -28.9995003 ], [ 25.70917575037279, -30.12199484734095 ] ] } },
{ "type": "Feature", "properties": { "start_id": 2234, "end_id": 785, "km": 262.91453709199368, "from": "country", "to": "road", "type": "road" }, "geometry": { "type": "LineString", "coordinates": [ [ 25.0932007, -28.9995003 ], [ 22.700654864500972, -30.12199484734095 ] ] } },
{ "type": "Feature", "properties": { "start_id": 784, "end_id": 801, "km": 264.80544440254317, "from": "road", "to": "road", "type": "road" }, "geometry": { "type": "LineString", "coordinates": [ [ 19.692133978629194, -30.12199484734095 ], [ 20.00237827265758, -32.488653294573965 ] ] } },
{ "type": "Feature", "properties": { "start_id": 785, "end_id": 802, "km": 265.34426070871103, "from": "road", "to": "road", "type": "road" }, "geometry": { "type": "LineString", "coordinates": [ [ 22.700654864500972, -30.12199484734095 ], [ 23.058297598907625, -32.488653294573965 ] ] } },
{ "type": "Feature", "properties": { "start_id": 786, "end_id": 803, "km": 265.95821888148612, "from": "road", "to": "road", "type": "road" }, "geometry": { "type": "LineString", "coordinates": [ [ 25.70917575037279, -30.12199484734095 ], [ 26.114216925157713, -32.488653294573965 ] ] } },
{ "type": "Feature", "properties": { "start_id": 1823, "end_id": 787, "km": 199.04514831008413, "from": "port", "to": "road", "type": "road" }, "geometry": { "type": "LineString", "coordinates": [ [ 114.6, -28.7833 ], [ 115.964802326527092, -30.12199484734095 ] ] } },
{ "type": "Feature", "properties": { "start_id": 788, "end_id": 789, "km": 578.64623951225963, "from": "road", "to": "road", "type": "road" }, "geometry": { "type": "LineString", "coordinates": [ [ 121.981844098270727, -30.12199484734095 ], [ 127.99888587001432, -30.12199484734095 ] ] } },
{ "type": "Feature", "properties": { "start_id": 775, "end_id": 794, "km": 274.59472446866806, "from": "road", "to": "road", "type": "road" }, "geometry": { "type": "LineString", "coordinates": [ [ 149.942040373898351, -27.776608043769507 ], [ 149.058532071117014, -30.12199484734095 ] ] } },
{ "type": "Feature", "properties": { "start_id": 775, "end_id": 776, "km": 291.84132308609236, "from": "road", "to": "road", "type": "road" }, "geometry": { "type": "LineString", "coordinates": [ [ 149.942040373898351, -27.776608043769507 ], [ 152.908519643163231, -27.776608043769507 ] ] } },
{ "type": "Feature", "properties": { "start_id": 791, "end_id": 806, "km": 275.26131103868397, "from": "road", "to": "road", "type": "road" }, "geometry": { "type": "LineString", "coordinates": [ [ 140.032969413501604, -30.12199484734095 ], [ 139.183231996410683, -32.488653294573965 ] ] } },
{ "type": "Feature", "properties": { "start_id": 2046, "end_id": 776, "km": 40.269596354107357, "from": "port", "to": "road", "type": "road" }, "geometry": { "type": "LineString", "coordinates": [ [ 153.1008464, -27.45705527 ], [ 152.908519643163231, -27.776608043769507 ] ] } },
{ "type": "Feature", "properties": { "start_id": 1075, "end_id": 795, "km": 279.5631042229665, "from": "port", "to": "road", "type": "road" }, "geometry": { "type": "LineString", "coordinates": [ [ -71.51069215, -31.90975205 ], [ -68.619282188594767, -32.488653294573965 ] ] } },
{ "type": "Feature", "properties": { "start_id": 795, "end_id": 796, "km": 286.613059442794, "from": "road", "to": "road", "type": "road" }, "geometry": { "type": "LineString", "coordinates": [ [ -68.619282188594767, -32.488653294573965 ], [ -65.563362862344675, -32.488653294573965 ] ] } },
{ "type": "Feature", "properties": { "start_id": 782, "end_id": 799, "km": 275.9664411171542, "from": "road", "to": "road", "type": "road" }, "geometry": { "type": "LineString", "coordinates": [ [ -55.520888168166074, -30.12199484734095 ], [ -56.395604883594423, -32.488653294573965 ] ] } },
{ "type": "Feature", "properties": { "start_id": 1073, "end_id": 809, "km": 250.91481520057059, "from": "port", "to": "road", "type": "road" }, "geometry": { "type": "LineString", "coordinates": [ [ -71.59907393, -33.17167348 ], [ -69.818720415522108, -34.879055553177587 ] ] } },
{ "type": "Feature", "properties": { "start_id": 796, "end_id": 797, "km": 286.613059442794, "from": "road", "to": "road", "type": "road" }, "geometry": { "type": "LineString", "coordinates": [ [ -65.563362862344675, -32.488653294573965 ], [ -62.50744353609457, -32.488653294573965 ] ] } },
{ "type": "Feature", "properties": { "start_id": 792, "end_id": 807, "km": 273.97482858995954, "from": "road", "to": "road", "type": "road" }, "geometry": { "type": "LineString", "coordinates": [ [ 143.041490299373407, -30.12199484734095 ], [ 142.239151322660774, -32.488653294573965 ] ] } },
{ "type": "Feature", "properties": { "start_id": 792, "end_id": 793, "km": 289.34825996318887, "from": "road", "to": "road", "type": "road" }, "geometry": { "type": "LineString", "coordinates": [ [ 143.041490299373407, -30.12199484734095 ], [ 146.050011185245182, -30.12199484734095 ] ] } },
{ "type": "Feature", "properties": { "start_id": 793, "end_id": 794, "km": 289.34825996319381, "from": "road", "to": "road", "type": "road" }, "geometry": { "type": "LineString", "coordinates": [ [ 146.050011185245182, -30.12199484734095 ], [ 149.058532071117014, -30.12199484734095 ] ] } },
{ "type": "Feature", "properties": { "start_id": 794, "end_id": 808, "km": 271.60756895955569, "from": "road", "to": "road", "type": "road" }, "geometry": { "type": "LineString", "coordinates": [ [ 149.058532071117014, -30.12199484734095 ], [ 148.3509899751609, -32.488653294573965 ] ] } },
{ "type": "Feature", "properties": { "start_id": 806, "end_id": 807, "km": 286.6130594427928, "from": "road", "to": "road", "type": "road" }, "geometry": { "type": "LineString", "coordinates": [ [ 139.183231996410683, -32.488653294573965 ], [ 142.239151322660774, -32.488653294573965 ] ] } },
{ "type": "Feature", "properties": { "start_id": 1157, "end_id": 798, "km": 141.48986627835046, "from": "port", "to": "road", "type": "road" }, "geometry": { "type": "LineString", "coordinates": [ [ -60.61710373, -31.6861778 ], [ -59.451524209844514, -32.488653294573965 ] ] } },
{ "type": "Feature", "properties": { "start_id": 1157, "end_id": 797, "km": 199.18586425644091, "from": "port", "to": "road", "type": "road" }, "geometry": { "type": "LineString", "coordinates": [ [ -60.61710373, -31.6861778 ], [ -62.50744353609457, -32.488653294573965 ] ] } },
{ "type": "Feature", "properties": { "start_id": 798, "end_id": 1173, "km": 116.16193286534295, "from": "road", "to": "port", "type": "road" }, "geometry": { "type": "LineString", "coordinates": [ [ -59.451524209844514, -32.488653294573965 ], [ -58.213, -32.49557 ] ] } },
{ "type": "Feature", "properties": { "start_id": 783, "end_id": 800, "km": 274.64436533551856, "from": "road", "to": "road", "type": "road" }, "geometry": { "type": "LineString", "coordinates": [ [ -52.512367282294257, -30.12199484734095 ], [ -53.339685557344346, -32.488653294573965 ] ] } },
{ "type": "Feature", "properties": { "start_id": 1173, "end_id": 799, "km": 170.45147896830238, "from": "port", "to": "road", "type": "road" }, "geometry": { "type": "LineString", "coordinates": [ [ -58.213, -32.49557 ], [ -56.395604883594423, -32.488653294573965 ] ] } },
{ "type": "Feature", "properties": { "start_id": 799, "end_id": 2134, "km": 49.841271922625168, "from": "road", "to": "country", "type": "road" }, "geometry": { "type": "LineString", "coordinates": [ [ -56.395604883594423, -32.488653294573965 ], [ -56.0121994, -32.7995987 ] ] } },
{ "type": "Feature", "properties": { "start_id": 2134, "end_id": 1184, "km": 234.7094112481995, "from": "country", "to": "port", "type": "road" }, "geometry": { "type": "LineString", "coordinates": [ [ -56.0121994, -32.7995987 ], [ -56.185115, -34.905502 ] ] } },
{ "type": "Feature", "properties": { "start_id": 2134, "end_id": 800, "km": 252.59842814604218, "from": "country", "to": "road", "type": "road" }, "geometry": { "type": "LineString", "coordinates": [ [ -56.0121994, -32.7995987 ], [ -53.339685557344346, -32.488653294573965 ] ] } },
{ "type": "Feature", "properties": { "start_id": 1164, "end_id": 811, "km": 165.83357741105519, "from": "port", "to": "road", "type": "road" }, "geometry": { "type": "LineString", "coordinates": [ [ -59.15314692, -33.87625094 ], [ -60.490713611307477, -34.879055553177587 ] ] } },
{ "type": "Feature", "properties": { "start_id": 810, "end_id": 2126, "km": 152.91012068347928, "from": "road", "to": "country", "type": "road" }, "geometry": { "type": "LineString", "coordinates": [ [ -63.600049212712342, -34.879055553177587 ], [ -65.1675034, -35.3767014 ] ] } },
{ "type": "Feature", "properties": { "start_id": 812, "end_id": 1847, "km": 105.56043671746075, "from": "road", "to": "port", "type": "road" }, "geometry": { "type": "LineString", "coordinates": [ [ 116.741415668770316, -34.879055553177587 ], [ 117.8861631, -35.02350041 ] ] } },
{ "type": "Feature", "properties": { "start_id": 807, "end_id": 814, "km": 351.49847489164364, "from": "road", "to": "road", "type": "road" }, "geometry": { "type": "LineString", "coordinates": [ [ 142.239151322660774, -32.488653294573965 ], [ 144.725436081414188, -34.879055553177587 ] ] } },
{ "type": "Feature", "properties": { "start_id": 1979, "end_id": 813, "km": 7.7529626603595378, "from": "port", "to": "road", "type": "road" }, "geometry": { "type": "LineString", "coordinates": [ [ 138.5883, -34.8594 ], [ 138.506764878604429, -34.879055553177587 ] ] } },
{ "type": "Feature", "properties": { "start_id": 814, "end_id": 821, "km": 270.74429787358383, "from": "road", "to": "road", "type": "road" }, "geometry": { "type": "LineString", "coordinates": [ [ 144.725436081414188, -34.879055553177587 ], [ 144.359888057841516, -37.295938195578451 ] ] } },
{ "type": "Feature", "properties": { "start_id": 1059, "end_id": 815, "km": 177.37180893183836, "from": "port", "to": "road", "type": "road" }, "geometry": { "type": "LineString", "coordinates": [ [ -73.08811438, -36.84233652 ], [ -71.171446109330418, -37.295938195578451 ] ] } },
{ "type": "Feature", "properties": { "start_id": 2126, "end_id": 817, "km": 215.51084564717593, "from": "country", "to": "road", "type": "road" }, "geometry": { "type": "LineString", "coordinates": [ [ -65.1675034, -35.3767014 ], [ -64.832289222060638, -37.295938195578451 ] ] } },
{ "type": "Feature", "properties": { "start_id": 815, "end_id": 2129, "km": 66.224832624260131, "from": "road", "to": "country", "type": "road" }, "geometry": { "type": "LineString", "coordinates": [ [ -71.171446109330418, -37.295938195578451 ], [ -71.3800964, -37.8680992 ] ] } },
{ "type": "Feature", "properties": { "start_id": 815, "end_id": 816, "km": 280.35951465523459, "from": "road", "to": "road", "type": "road" }, "geometry": { "type": "LineString", "coordinates": [ [ -71.171446109330418, -37.295938195578451 ], [ -68.001867665695542, -37.295938195578451 ] ] } },
{ "type": "Feature", "properties": { "start_id": 2129, "end_id": 823, "km": 237.71577360074457, "from": "country", "to": "road", "type": "road" }, "geometry": { "type": "LineString", "coordinates": [ [ -71.3800964, -37.8680992 ], [ -72.69987333393432, -39.742357812707255 ] ] } },
{ "type": "Feature", "properties": { "start_id": 2129, "end_id": 824, "km": 266.54059471084275, "from": "country", "to": "road", "type": "road" }, "geometry": { "type": "LineString", "coordinates": [ [ -71.3800964, -37.8680992 ], [ -69.462227283856151, -39.742357812707255 ] ] } },
{ "type": "Feature", "properties": { "start_id": 817, "end_id": 818, "km": 280.35951465523351, "from": "road", "to": "road", "type": "road" }, "geometry": { "type": "LineString", "coordinates": [ [ -64.832289222060638, -37.295938195578451 ], [ -61.662710778425769, -37.295938195578451 ] ] } },
{ "type": "Feature", "properties": { "start_id": 818, "end_id": 819, "km": 280.35951465523459, "from": "road", "to": "road", "type": "road" }, "geometry": { "type": "LineString", "coordinates": [ [ -61.662710778425769, -37.295938195578451 ], [ -58.493132334790893, -37.295938195578451 ] ] } },
{ "type": "Feature", "properties": { "start_id": 823, "end_id": 1058, "km": 55.571325664171475, "from": "road", "to": "port", "type": "road" }, "geometry": { "type": "LineString", "coordinates": [ [ -72.69987333393432, -39.742357812707255 ], [ -73.33716168, -39.84229161 ] ] } },
{ "type": "Feature", "properties": { "start_id": 824, "end_id": 825, "km": 276.80625135463038, "from": "road", "to": "road", "type": "road" }, "geometry": { "type": "LineString", "coordinates": [ [ -69.462227283856151, -39.742357812707255 ], [ -66.224581233777968, -39.742357812707255 ] ] } },
{ "type": "Feature", "properties": { "start_id": 825, "end_id": 826, "km": 276.80625135462714, "from": "road", "to": "road", "type": "road" }, "geometry": { "type": "LineString", "coordinates": [ [ -66.224581233777968, -39.742357812707255 ], [ -62.986935183699821, -39.742357812707255 ] ] } },
{ "type": "Feature", "properties": { "start_id": 828, "end_id": 829, "km": 272.93978166739913, "from": "road", "to": "road", "type": "road" }, "geometry": { "type": "LineString", "coordinates": [ [ -71.117178255711949, -42.221761620272943 ], [ -67.80239466359663, -42.221761620272943 ] ] } },
{ "type": "Feature", "properties": { "start_id": 2026, "end_id": 830, "km": 144.72640650601721, "from": "port", "to": "road", "type": "road" }, "geometry": { "type": "LineString", "coordinates": [ [ 146.6661109, -41.15179726 ], [ 147.658538823898226, -42.221761620272943 ] ] } },
{ "type": "Feature", "properties": { "start_id": 2086, "end_id": 2083, "km": 138.64555080945192, "from": "port", "to": "port", "type": "road" }, "geometry": { "type": "LineString", "coordinates": [ [ 176.1711325, -37.63551229 ], [ 174.732, -38.1502 ] ] } },
{ "type": "Feature", "properties": { "start_id": 2087, "end_id": 827, "km": 39.635900272271314, "from": "port", "to": "road", "type": "road" }, "geometry": { "type": "LineString", "coordinates": [ [ 176.9167, -39.4833 ], [ 176.598872522084292, -39.742357812707255 ] ] } },
{ "type": "Feature", "properties": { "start_id": 2097, "end_id": 2076, "km": 213.56069254034043, "from": "country", "to": "port", "type": "road" }, "geometry": { "type": "LineString", "coordinates": [ [ 171.6040039, -41.837101 ], [ 172.711306400000012, -43.57687336 ] ] } },
{ "type": "Feature", "properties": { "start_id": 1062, "end_id": 831, "km": 266.70417627956465, "from": "port", "to": "road", "type": "road" }, "geometry": { "type": "LineString", "coordinates": [ [ -72.83361582, -45.47167587 ], [ -69.597902692237639, -44.738078571830663 ] ] } },
{ "type": "Feature", "properties": { "start_id": 834, "end_id": 1065, "km": 252.54461319131735, "from": "road", "to": "port", "type": "road" }, "geometry": { "type": "LineString", "coordinates": [ [ -70.400830672952907, -49.900335515728941 ], [ -72.5097, -51.73997 ] ] } },
{ "type": "Feature", "properties": { "start_id": 833, "end_id": 2072, "km": 198.27618356591424, "from": "road", "to": "port", "type": "road" }, "geometry": { "type": "LineString", "coordinates": [ [ 168.581575959144288, -44.738078571830663 ], [ 170.5891493, -45.82647996 ] ] } },
{ "type": "Feature", "properties": { "start_id": 2, "end_id": 19, "km": 705.76976539430871, "from": "road", "to": "road", "type": "road" }, "geometry": { "type": "LineString", "coordinates": [ [ 132.238088984722708, 68.431934303023993 ], [ 135.903570011331681, 62.268807460944494 ] ] } },
{ "type": "Feature", "properties": { "start_id": 3, "end_id": 4, "km": 422.6973099559446, "from": "road", "to": "road", "type": "road" }, "geometry": { "type": "LineString", "coordinates": [ [ 152.944409703325562, 68.431934303023993 ], [ 163.29757006262696, 68.431934303023993 ] ] } },
{ "type": "Feature", "properties": { "start_id": 7, "end_id": 1455, "km": 208.35860778495163, "from": "road", "to": "port", "type": "road" }, "geometry": { "type": "LineString", "coordinates": [ [ 16.894529225823945, 65.285699906755681 ], [ 15.47549382, 67.06983228 ] ] } },
{ "type": "Feature", "properties": { "start_id": 8, "end_id": 2157, "km": 88.324087556505617, "from": "road", "to": "country", "type": "road" }, "geometry": { "type": "LineString", "coordinates": [ [ 26.4247789195995, 65.285699906755681 ], [ 26.2591, 64.4944992 ] ] } },
{ "type": "Feature", "properties": { "start_id": 9, "end_id": 1562, "km": 195.17611878990411, "from": "road", "to": "port", "type": "road" }, "geometry": { "type": "LineString", "coordinates": [ [ 31.189903766487276, 65.285699906755681 ], [ 32.4256, 66.9683 ] ] } },
{ "type": "Feature", "properties": { "start_id": 16, "end_id": 40, "km": 649.53915111055449, "from": "road", "to": "road", "type": "road" }, "geometry": { "type": "LineString", "coordinates": [ [ 60.266759455398159, 62.268807460944494 ], [ 58.076310749730084, 56.533882859658227 ] ] } },
{ "type": "Feature", "properties": { "start_id": 16, "end_id": 1671, "km": 686.66507640447753, "from": "road", "to": "port", "type": "road" }, "geometry": { "type": "LineString", "coordinates": [ [ 60.266759455398159, 62.268807460944494 ], [ 53.06761434, 67.65030754 ] ] } },
{ "type": "Feature", "properties": { "start_id": 17, "end_id": 44, "km": 676.68548611431163, "from": "road", "to": "road", "type": "road" }, "geometry": { "type": "LineString", "coordinates": [ [ 78.063656056794301, 62.268807460944494 ], [ 74.047297201857674, 56.533882859658227 ] ] } },
{ "type": "Feature", "properties": { "start_id": 17, "end_id": 1731, "km": 702.06632661243805, "from": "road", "to": "port", "type": "road" }, "geometry": { "type": "LineString", "coordinates": [ [ 78.063656056794301, 62.268807460944494 ], [ 86.58217422, 67.45739068 ] ] } },
{ "type": "Feature", "properties": { "start_id": 19, "end_id": 26, "km": 374.54833116744169, "from": "road", "to": "road", "type": "road" }, "geometry": { "type": "LineString", "coordinates": [ [ 135.903570011331681, 62.268807460944494 ], [ 132.42562882179169, 59.357326606469819 ] ] } },
{ "type": "Feature", "properties": { "start_id": 20, "end_id": 1434, "km": 170.35141878751054, "from": "road", "to": "port", "type": "road" }, "geometry": { "type": "LineString", "coordinates": [ [ 10.685638018259251, 59.357326606469819 ], [ 13.6786473, 59.2449268 ] ] } },
{ "type": "Feature", "properties": { "start_id": 21, "end_id": 1468, "km": 154.09536675393966, "from": "road", "to": "port", "type": "road" }, "geometry": { "type": "LineString", "coordinates": [ [ 14.883568735622447, 59.357326606469819 ], [ 17.60192981, 59.34165312 ] ] } },
{ "type": "Feature", "properties": { "start_id": 22, "end_id": 2156, "km": 135.09680393806056, "from": "road", "to": "country", "type": "road" }, "geometry": { "type": "LineString", "coordinates": [ [ 27.477360887712042, 59.357326606469819 ], [ 25.5258007, 58.6739998 ] ] } },
{ "type": "Feature", "properties": { "start_id": 24, "end_id": 37, "km": 343.61925429250124, "from": "road", "to": "road", "type": "road" }, "geometry": { "type": "LineString", "coordinates": [ [ 48.467014474527971, 59.357326606469819 ], [ 46.098070910634462, 56.533882859658227 ] ] } },
{ "type": "Feature", "properties": { "start_id": 24, "end_id": 1629, "km": 427.2713489671674, "from": "road", "to": "port", "type": "road" }, "geometry": { "type": "LineString", "coordinates": [ [ 48.467014474527971, 59.357326606469819 ], [ 44.005, 56.3342 ] ] } },
{ "type": "Feature", "properties": { "start_id": 25, "end_id": 64, "km": 896.90776214109917, "from": "road", "to": "road", "type": "road" }, "geometry": { "type": "LineString", "coordinates": [ [ 94.64425236552303, 59.357326606469819 ], [ 105.274653487475319, 53.78531077684525 ] ] } },
{ "type": "Feature", "properties": { "start_id": 28, "end_id": 864, "km": 286.26508273628394, "from": "road", "to": "port", "type": "road" }, "geometry": { "type": "LineString", "coordinates": [ [ -129.582780062768421, 56.533882859658227 ], [ -128.8022, 53.9981 ] ] } },
{ "type": "Feature", "properties": { "start_id": 29, "end_id": 65, "km": 623.71433611336397, "from": "road", "to": "road", "type": "road" }, "geometry": { "type": "LineString", "coordinates": [ [ -109.61904699760899, 56.533882859658227 ], [ -111.990502578432185, 51.101298772248654 ] ] } },
{ "type": "Feature", "properties": { "start_id": 29, "end_id": 66, "km": 686.54171870857681, "from": "road", "to": "road", "type": "road" }, "geometry": { "type": "LineString", "coordinates": [ [ -109.61904699760899, 56.533882859658227 ], [ -104.635902628151072, 51.101298772248654 ] ] } },
{ "type": "Feature", "properties": { "start_id": 34, "end_id": 2165, "km": 192.77668749488194, "from": "road", "to": "country", "type": "road" }, "geometry": { "type": "LineString", "coordinates": [ [ 26.134337845475056, 56.533882859658227 ], [ 23.8967991, 55.3358002 ] ] } },
{ "type": "Feature", "properties": { "start_id": 35, "end_id": 56, "km": 316.39917627018372, "from": "road", "to": "road", "type": "road" }, "geometry": { "type": "LineString", "coordinates": [ [ 30.127084458506893, 56.533882859658227 ], [ 28.837608834328023, 53.78531077684525 ] ] } },
{ "type": "Feature", "properties": { "start_id": 35, "end_id": 2164, "km": 319.31606558464784, "from": "road", "to": "country", "type": "road" }, "geometry": { "type": "LineString", "coordinates": [ [ 30.127084458506893, 56.533882859658227 ], [ 24.9291992, 56.8577003 ] ] } },
{ "type": "Feature", "properties": { "start_id": 36, "end_id": 58, "km": 322.69340073291892, "from": "road", "to": "road", "type": "road" }, "geometry": { "type": "LineString", "coordinates": [ [ 38.112577684570681, 56.533882859658227 ], [ 36.481313299642771, 53.78531077684525 ] ] } },
{ "type": "Feature", "properties": { "start_id": 36, "end_id": 59, "km": 335.77420751738407, "from": "road", "to": "road", "type": "road" }, "geometry": { "type": "LineString", "coordinates": [ [ 38.112577684570681, 56.533882859658227 ], [ 40.303165532300135, 53.78531077684525 ] ] } },
{ "type": "Feature", "properties": { "start_id": 42, "end_id": 62, "km": 354.43159409322828, "from": "road", "to": "road", "type": "road" }, "geometry": { "type": "LineString", "coordinates": [ [ 66.061803975793879, 56.533882859658227 ], [ 63.234278928244315, 53.78531077684525 ] ] } },
{ "type": "Feature", "properties": { "start_id": 45, "end_id": 2182, "km": 676.84083712451479, "from": "road", "to": "country", "type": "road" }, "geometry": { "type": "LineString", "coordinates": [ [ 101.996523493080815, 56.533882859658227 ], [ 96.6893997, 61.9882011 ] ] } },
{ "type": "Feature", "properties": { "start_id": 47, "end_id": 92, "km": 615.54444023175029, "from": "road", "to": "road", "type": "road" }, "geometry": { "type": "LineString", "coordinates": [ [ -116.392776006651786, 53.78531077684525 ], [ -118.881609090421293, 48.473553704137302 ] ] } },
{ "type": "Feature", "properties": { "start_id": 49, "end_id": 2162, "km": 105.78447907690826, "from": "road", "to": "country", "type": "road" }, "geometry": { "type": "LineString", "coordinates": [ [ -9.380913492245602, 53.78531077684525 ], [ -8.1515799, 53.1771011 ] ] } },
{ "type": "Feature", "properties": { "start_id": 57, "end_id": 2181, "km": 305.06680677558467, "from": "road", "to": "country", "type": "road" }, "geometry": { "type": "LineString", "coordinates": [ [ 32.659461066985394, 53.78531077684525 ], [ 28.0470009, 53.5401993 ] ] } },
{ "type": "Feature", "properties": { "start_id": 59, "end_id": 81, "km": 315.8071461763281, "from": "road", "to": "road", "type": "road" }, "geometry": { "type": "LineString", "coordinates": [ [ 40.303165532300135, 53.78531077684525 ], [ 38.778796402330755, 51.101298772248654 ] ] } },
{ "type": "Feature", "properties": { "start_id": 60, "end_id": 1655, "km": 152.03023243958694, "from": "road", "to": "port", "type": "road" }, "geometry": { "type": "LineString", "coordinates": [ [ 47.94686999761489, 53.78531077684525 ], [ 49.9333, 53.1 ] ] } },
{ "type": "Feature", "properties": { "start_id": 61, "end_id": 39, "km": 320.2495204727187, "from": "road", "to": "road", "type": "road" }, "geometry": { "type": "LineString", "coordinates": [ [ 55.590574462929574, 53.78531077684525 ], [ 54.0835641366982, 56.533882859658227 ] ] } },
{ "type": "Feature", "properties": { "start_id": 63, "end_id": 85, "km": 540.07955055998843, "from": "road", "to": "road", "type": "road" }, "geometry": { "type": "LineString", "coordinates": [ [ 78.521687858873761, 53.78531077684525 ], [ 71.874496178595763, 51.101298772248654 ] ] } },
{ "type": "Feature", "properties": { "start_id": 67, "end_id": 95, "km": 380.55925689884327, "from": "road", "to": "road", "type": "road" }, "geometry": { "type": "LineString", "coordinates": [ [ -100.958602653010487, 51.101298772248654 ], [ -97.560451516416947, 48.473553704137302 ] ] } },
{ "type": "Feature", "properties": { "start_id": 68, "end_id": 94, "km": 605.03359576015509, "from": "road", "to": "road", "type": "road" }, "geometry": { "type": "LineString", "coordinates": [ [ -97.281302677869931, 51.101298772248654 ], [ -104.667504041085067, 48.473553704137302 ] ] } },
{ "type": "Feature", "properties": { "start_id": 72, "end_id": 2150, "km": 87.788812277273152, "from": "road", "to": "country", "type": "road" }, "geometry": { "type": "LineString", "coordinates": [ [ 5.683096626065695, 51.101298772248654 ], [ 4.66435, 50.6430016 ] ] } },
{ "type": "Feature", "properties": { "start_id": 73, "end_id": 1400, "km": 124.80480569709277, "from": "road", "to": "port", "type": "road" }, "geometry": { "type": "LineString", "coordinates": [ [ 9.360396601206263, 51.101298772248654 ], [ 9.9366, 52.1652 ] ] } },
{ "type": "Feature", "properties": { "start_id": 73, "end_id": 1371, "km": 208.95775046136458, "from": "road", "to": "port", "type": "road" }, "geometry": { "type": "LineString", "coordinates": [ [ 9.360396601206263, 51.101298772248654 ], [ 6.473538057, 51.63380371 ] ] } },
{ "type": "Feature", "properties": { "start_id": 74, "end_id": 2154, "km": 222.1883873432273, "from": "road", "to": "country", "type": "road" }, "geometry": { "type": "LineString", "coordinates": [ [ 13.03769657634683, 51.101298772248654 ], [ 15.3382998, 49.743 ] ] } },
{ "type": "Feature", "properties": { "start_id": 74, "end_id": 75, "km": 256.73836465563517, "from": "road", "to": "road", "type": "road" }, "geometry": { "type": "LineString", "coordinates": [ [ 13.03769657634683, 51.101298772248654 ], [ 16.714996551487395, 51.101298772248654 ] ] } },
{ "type": "Feature", "properties": { "start_id": 76, "end_id": 77, "km": 256.73836465563539, "from": "road", "to": "road", "type": "road" }, "geometry": { "type": "LineString", "coordinates": [ [ 20.392296526627966, 51.101298772248654 ], [ 24.069596501768537, 51.101298772248654 ] ] } },
{ "type": "Feature", "properties": { "start_id": 76, "end_id": 2172, "km": 273.89094141543887, "from": "road", "to": "country", "type": "road" }, "geometry": { "type": "LineString", "coordinates": [ [ 20.392296526627966, 51.101298772248654 ], [ 19.4913998, 48.7074013 ] ] } },
{ "type": "Feature", "properties": { "start_id": 77, "end_id": 105, "km": 297.91900479439244, "from": "road", "to": "road", "type": "road" }, "geometry": { "type": "LineString", "coordinates": [ [ 24.069596501768537, 51.101298772248654 ], [ 23.259441402941068, 48.473553704137302 ] ] } },
{ "type": "Feature", "properties": { "start_id": 78, "end_id": 106, "km": 299.77869037777481, "from": "road", "to": "road", "type": "road" }, "geometry": { "type": "LineString", "coordinates": [ [ 27.746896476909054, 51.101298772248654 ], [ 26.812967665275089, 48.473553704137302 ] ] } },
{ "type": "Feature", "properties": { "start_id": 80, "end_id": 108, "km": 304.24264963550519, "from": "road", "to": "road", "type": "road" }, "geometry": { "type": "LineString", "coordinates": [ [ 35.101496427190192, 51.101298772248654 ], [ 33.920020189943223, 48.473553704137302 ] ] } },
{ "type": "Feature", "properties": { "start_id": 82, "end_id": 1627, "km": 280.06185650620114, "from": "road", "to": "port", "type": "road" }, "geometry": { "type": "LineString", "coordinates": [ [ 42.456096377471319, 51.101298772248654 ], [ 43.540541, 48.681398 ] ] } },
{ "type": "Feature", "properties": { "start_id": 83, "end_id": 113, "km": 323.16931079883682, "from": "road", "to": "road", "type": "road" }, "geometry": { "type": "LineString", "coordinates": [ [ 57.165296278033551, 51.101298772248654 ], [ 55.241177763947576, 48.473553704137302 ] ] } },
{ "type": "Feature", "properties": { "start_id": 83, "end_id": 112, "km": 489.69934302588092, "from": "road", "to": "road", "type": "road" }, "geometry": { "type": "LineString", "coordinates": [ [ 57.165296278033551, 51.101298772248654 ], [ 51.687651501613509, 48.473553704137302 ] ] } },
{ "type": "Feature", "properties": { "start_id": 85, "end_id": 114, "km": 339.86667797378857, "from": "road", "to": "road", "type": "road" }, "geometry": { "type": "LineString", "coordinates": [ [ 71.874496178595763, 51.101298772248654 ], [ 69.455282813283802, 48.473553704137302 ] ] } },
{ "type": "Feature", "properties": { "start_id": 86, "end_id": 115, "km": 643.50659381769594, "from": "road", "to": "road", "type": "road" }, "geometry": { "type": "LineString", "coordinates": [ [ 79.229096128876904, 51.101298772248654 ], [ 87.22291412495413, 48.473553704137302 ] ] } },
{ "type": "Feature", "properties": { "start_id": 87, "end_id": 117, "km": 413.0461775391168, "from": "road", "to": "road", "type": "road" }, "geometry": { "type": "LineString", "coordinates": [ [ 90.260996054298602, 51.101298772248654 ], [ 94.329966649622222, 48.473553704137302 ] ] } },
{ "type": "Feature", "properties": { "start_id": 87, "end_id": 139, "km": 713.21479347414027, "from": "road", "to": "road", "type": "road" }, "geometry": { "type": "LineString", "coordinates": [ [ 90.260996054298602, 51.101298772248654 ], [ 84.596091482023866, 45.895258794291813 ] ] } },
{ "type": "Feature", "properties": { "start_id": 88, "end_id": 2103, "km": 624.15103871204906, "from": "road", "to": "country", "type": "road" }, "geometry": { "type": "LineString", "coordinates": [ [ 108.647495930001384, 51.101298772248654 ], [ 103.0830002, 46.8352013 ] ] } },
{ "type": "Feature", "properties": { "start_id": 89, "end_id": 141, "km": 643.91701797087603, "from": "road", "to": "road", "type": "road" }, "geometry": { "type": "LineString", "coordinates": [ [ 116.002095880282468, 51.101298772248654 ], [ 112.168151946917817, 45.895258794291813 ] ] } },
{ "type": "Feature", "properties": { "start_id": 93, "end_id": 2123, "km": 313.66748310402954, "from": "road", "to": "country", "type": "road" }, "geometry": { "type": "LineString", "coordinates": [ [ -111.774556565753187, 48.473553704137302 ], [ -112.4940033, 45.6954994 ] ] } },
{ "type": "Feature", "properties": { "start_id": 95, "end_id": 922, "km": 453.03503797994438, "from": "road", "to": "port", "type": "road" }, "geometry": { "type": "LineString", "coordinates": [ [ -97.560451516416947, 48.473553704137302 ], [ -92.06810201, 46.76912652 ] ] } },
{ "type": "Feature", "properties": { "start_id": 98, "end_id": 1331, "km": 134.95949053211504, "from": "road", "to": "port", "type": "road" }, "geometry": { "type": "LineString", "coordinates": [ [ -1.615242433397355, 48.473553704137302 ], [ -1.863478459, 47.27130822 ] ] } },
{ "type": "Feature", "properties": { "start_id": 99, "end_id": 1356, "km": 253.50774750116321, "from": "road", "to": "port", "type": "road" }, "geometry": { "type": "LineString", "coordinates": [ [ 1.938283828936712, 48.473553704137302 ], [ 3.0485, 50.63673 ] ] } },
{ "type": "Feature", "properties": { "start_id": 100, "end_id": 1378, "km": 186.04940386763928, "from": "road", "to": "port", "type": "road" }, "geometry": { "type": "LineString", "coordinates": [ [ 5.491810091270731, 48.473553704137302 ], [ 7.593992722, 47.56648654 ] ] } },
{ "type": "Feature", "properties": { "start_id": 101, "end_id": 2177, "km": 195.47623549240495, "from": "road", "to": "country", "type": "road" }, "geometry": { "type": "LineString", "coordinates": [ [ 9.045336353604798, 48.473553704137302 ], [ 8.23458, 46.8026009 ] ] } },
{ "type": "Feature", "properties": { "start_id": 101, "end_id": 2166, "km": 259.08903770749072, "from": "road", "to": "country", "type": "road" }, "geometry": { "type": "LineString", "coordinates": [ [ 9.045336353604798, 48.473553704137302 ], [ 6.0875401, 49.7709999 ] ] } },
{ "type": "Feature", "properties": { "start_id": 102, "end_id": 103, "km": 261.93680561448235, "from": "road", "to": "road", "type": "road" }, "geometry": { "type": "LineString", "coordinates": [ [ 12.598862615938865, 48.473553704137302 ], [ 16.152388878272934, 48.473553704137302 ] ] } },
{ "type": "Feature", "properties": { "start_id": 104, "end_id": 105, "km": 261.93680561448235, "from": "road", "to": "road", "type": "road" }, "geometry": { "type": "LineString", "coordinates": [ [ 19.705915140606997, 48.473553704137302 ], [ 23.259441402941068, 48.473553704137302 ] ] } },
{ "type": "Feature", "properties": { "start_id": 109, "end_id": 1598, "km": 175.68219326559759, "from": "road", "to": "port", "type": "road" }, "geometry": { "type": "LineString", "coordinates": [ [ 37.473546452277283, 48.473553704137302 ], [ 38.9094, 47.2214 ] ] } },
{ "type": "Feature", "properties": { "start_id": 110, "end_id": 1609, "km": 175.17529108532932, "from": "road", "to": "port", "type": "road" }, "geometry": { "type": "LineString", "coordinates": [ [ 41.02707271461135, 48.473553704137302 ], [ 39.7167, 47.1667 ] ] } },
{ "type": "Feature", "properties": { "start_id": 111, "end_id": 110, "km": 261.93680561448303, "from": "road", "to": "road", "type": "road" }, "geometry": { "type": "LineString", "coordinates": [ [ 44.580598976945424, 48.473553704137302 ], [ 41.02707271461135, 48.473553704137302 ] ] } },
{ "type": "Feature", "properties": { "start_id": 111, "end_id": 136, "km": 304.10503133919536, "from": "road", "to": "road", "type": "road" }, "geometry": { "type": "LineString", "coordinates": [ [ 44.580598976945424, 48.473553704137302 ], [ 43.238000784682882, 45.895258794291813 ] ] } },
{ "type": "Feature", "properties": { "start_id": 112, "end_id": 138, "km": 320.27313270665957, "from": "road", "to": "road", "type": "road" }, "geometry": { "type": "LineString", "coordinates": [ [ 51.687651501613509, 48.473553704137302 ], [ 53.577523459018103, 45.895258794291813 ] ] } },
{ "type": "Feature", "properties": { "start_id": 117, "end_id": 169, "km": 588.39864302548824, "from": "road", "to": "road", "type": "road" }, "geometry": { "type": "LineString", "coordinates": [ [ 94.329966649622222, 48.473553704137302 ], [ 92.366931370997747, 43.360707025151228 ] ] } },
{ "type": "Feature", "properties": { "start_id": 118, "end_id": 143, "km": 369.6487207265547, "from": "road", "to": "road", "type": "road" }, "geometry": { "type": "LineString", "coordinates": [ [ 126.311703010628776, 48.473553704137302 ], [ 129.400689737476569, 45.895258794291813 ] ] } },
{ "type": "Feature", "properties": { "start_id": 119, "end_id": 877, "km": 323.11763674234061, "from": "road", "to": "port", "type": "road" }, "geometry": { "type": "LineString", "coordinates": [ [ -118.747854446569292, 45.895258794291813 ], [ -122.9236995, 45.89812863 ] ] } },
{ "type": "Feature", "properties": { "start_id": 122, "end_id": 926, "km": 153.78230664336922, "from": "road", "to": "port", "type": "road" }, "geometry": { "type": "LineString", "coordinates": [ [ -91.175793981675312, 45.895258794291813 ], [ -91.257, 47.27713 ] ] } },
{ "type": "Feature", "properties": { "start_id": 122, "end_id": 935, "km": 246.51763528572999, "from": "road", "to": "port", "type": "road" }, "geometry": { "type": "LineString", "coordinates": [ [ -91.175793981675312, 45.895258794291813 ], [ -88.6038, 47.23273 ] ] } },
{ "type": "Feature", "properties": { "start_id": 123, "end_id": 993, "km": 215.20138877681089, "from": "road", "to": "port", "type": "road" }, "geometry": { "type": "LineString", "coordinates": [ [ -77.389763749228337, 45.895258794291813 ], [ -80.036, 45.32993 ] ] } },
{ "type": "Feature", "properties": { "start_id": 123, "end_id": 1006, "km": 248.32337645096072, "from": "road", "to": "port", "type": "road" }, "geometry": { "type": "LineString", "coordinates": [ [ -77.389763749228337, 45.895258794291813 ], [ -78.74139919, 43.87768197 ] ] } },
{ "type": "Feature", "properties": { "start_id": 124, "end_id": 1064, "km": 118.27067792606361, "from": "road", "to": "port", "type": "road" }, "geometry": { "type": "LineString", "coordinates": [ [ -73.943256191116575, 45.895258794291813 ], [ -72.5472902, 46.33678809 ] ] } },
{ "type": "Feature", "properties": { "start_id": 125, "end_id": 1103, "km": 201.05816177788111, "from": "road", "to": "port", "type": "road" }, "geometry": { "type": "LineString", "coordinates": [ [ -70.496748633004813, 45.895258794291813 ], [ -68.84969016, 44.50856763 ] ] } },
{ "type": "Feature", "properties": { "start_id": 127, "end_id": 128, "km": 266.69958780555822, "from": "road", "to": "road", "type": "road" }, "geometry": { "type": "LineString", "coordinates": [ [ 1.8799100873419, 45.895258794291813 ], [ 5.32641764545361, 45.895258794291813 ] ] } },
{ "type": "Feature", "properties": { "start_id": 129, "end_id": 128, "km": 266.69958780556175, "from": "road", "to": "road", "type": "road" }, "geometry": { "type": "LineString", "coordinates": [ [ 8.772925203565364, 45.895258794291813 ], [ 5.32641764545361, 45.895258794291813 ] ] } },
{ "type": "Feature", "properties": { "start_id": 132, "end_id": 2152, "km": 231.21253812152386, "from": "road", "to": "country", "type": "road" }, "geometry": { "type": "LineString", "coordinates": [ [ 19.112447877900635, 45.895258794291813 ], [ 16.4069004, 45.0442009 ] ] } },
{ "type": "Feature", "properties": { "start_id": 133, "end_id": 134, "km": 266.69958780555828, "from": "road", "to": "road", "type": "road" }, "geometry": { "type": "LineString", "coordinates": [ [ 22.558955436012393, 45.895258794291813 ], [ 26.005462994124102, 45.895258794291813 ] ] } },
{ "type": "Feature", "properties": { "start_id": 133, "end_id": 2161, "km": 279.03766180921997, "from": "road", "to": "country", "type": "road" }, "geometry": { "type": "LineString", "coordinates": [ [ 22.558955436012393, 45.895258794291813 ], [ 19.4134998, 47.1665001 ] ] } },
{ "type": "Feature", "properties": { "start_id": 137, "end_id": 165, "km": 299.02029392986373, "from": "road", "to": "road", "type": "road" }, "geometry": { "type": "LineString", "coordinates": [ [ 46.684508342794594, 45.895258794291813 ], [ 45.421360745458898, 43.360707025151228 ] ] } },
{ "type": "Feature", "properties": { "start_id": 140, "end_id": 141, "km": 533.27467507020503, "from": "road", "to": "road", "type": "road" }, "geometry": { "type": "LineString", "coordinates": [ [ 105.275136830694365, 45.895258794291813 ], [ 112.168151946917817, 45.895258794291813 ] ] } },
{ "type": "Feature", "properties": { "start_id": 144, "end_id": 173, "km": 282.47454490125722, "from": "road", "to": "road", "type": "road" }, "geometry": { "type": "LineString", "coordinates": [ [ 132.847197295588302, 45.895258794291813 ], [ 132.605991907173916, 43.360707025151228 ] ] } },
{ "type": "Feature", "properties": { "start_id": 147, "end_id": 148, "km": 542.03371447046493, "from": "road", "to": "road", "type": "road" }, "geometry": { "type": "LineString", "coordinates": [ [ -105.475116265201663, 43.360707025151228 ], [ -98.768606175838968, 43.360707025151228 ] ] } },
{ "type": "Feature", "properties": { "start_id": 148, "end_id": 176, "km": 341.2359074807618, "from": "road", "to": "road", "type": "road" }, "geometry": { "type": "LineString", "coordinates": [ [ -98.768606175838968, 43.360707025151228 ], [ -96.360498749708398, 40.865044586172232 ] ] } },
{ "type": "Feature", "properties": { "start_id": 149, "end_id": 176, "km": 288.24262336912614, "from": "road", "to": "road", "type": "road" }, "geometry": { "type": "LineString", "coordinates": [ [ -95.415351131157635, 43.360707025151228 ], [ -96.360498749708398, 40.865044586172232 ] ] } },
{ "type": "Feature", "properties": { "start_id": 150, "end_id": 177, "km": 290.1382563625948, "from": "road", "to": "road", "type": "road" }, "geometry": { "type": "LineString", "coordinates": [ [ -92.062096086476274, 43.360707025151228 ], [ -93.089000436112556, 40.865044586172232 ] ] } },
{ "type": "Feature", "properties": { "start_id": 152, "end_id": 963, "km": 221.00098294008643, "from": "road", "to": "port", "type": "road" }, "geometry": { "type": "LineString", "coordinates": [ [ -85.355585997113579, 43.360707025151228 ], [ -83.2729, 44.66733 ] ] } },
{ "type": "Feature", "properties": { "start_id": 152, "end_id": 939, "km": 228.08077565160903, "from": "road", "to": "port", "type": "road" }, "geometry": { "type": "LineString", "coordinates": [ [ -85.355585997113579, 43.360707025151228 ], [ -87.86924174, 44.32029848 ] ] } },
{ "type": "Feature", "properties": { "start_id": 159, "end_id": 1349, "km": 236.53996139518043, "from": "road", "to": "port", "type": "road" }, "geometry": { "type": "LineString", "coordinates": [ [ 1.829045164601431, 43.360707025151228 ], [ 1.709770666, 41.23528148 ] ] } },
{ "type": "Feature", "properties": { "start_id": 163, "end_id": 164, "km": 271.07161608034812, "from": "road", "to": "road", "type": "road" }, "geometry": { "type": "LineString", "coordinates": [ [ 21.948575432689509, 43.360707025151228 ], [ 25.301830477370817, 43.360707025151228 ] ] } },
{ "type": "Feature", "properties": { "start_id": 163, "end_id": 2151, "km": 274.88182543906402, "from": "road", "to": "country", "type": "road" }, "geometry": { "type": "LineString", "coordinates": [ [ 21.948575432689509, 43.360707025151228 ], [ 25.2313995, 42.7613983 ] ] } },
{ "type": "Feature", "properties": { "start_id": 166, "end_id": 198, "km": 301.46473294293662, "from": "road", "to": "road", "type": "road" }, "geometry": { "type": "LineString", "coordinates": [ [ 75.600656147591039, 43.360707025151228 ], [ 77.02891187087188, 40.865044586172232 ] ] } },
{ "type": "Feature", "properties": { "start_id": 167, "end_id": 199, "km": 298.8952054184893, "from": "road", "to": "road", "type": "road" }, "geometry": { "type": "LineString", "coordinates": [ [ 78.9539111922724, 43.360707025151228 ], [ 80.300410184467722, 40.865044586172232 ] ] } },
{ "type": "Feature", "properties": { "start_id": 168, "end_id": 199, "km": 323.09990375501923, "from": "road", "to": "road", "type": "road" }, "geometry": { "type": "LineString", "coordinates": [ [ 82.307166236953734, 43.360707025151228 ], [ 80.300410184467722, 40.865044586172232 ] ] } },
{ "type": "Feature", "properties": { "start_id": 169, "end_id": 231, "km": 557.98078484159998, "from": "road", "to": "road", "type": "road" }, "geometry": { "type": "LineString", "coordinates": [ [ 92.366931370997747, 43.360707025151228 ], [ 91.330604327924746, 38.404086085661085 ] ] } },
{ "type": "Feature", "properties": { "start_id": 171, "end_id": 206, "km": 278.00404456857666, "from": "road", "to": "road", "type": "road" }, "geometry": { "type": "LineString", "coordinates": [ [ 125.899481817811207, 43.360707025151228 ], [ 126.101386574809666, 40.865044586172232 ] ] } },
{ "type": "Feature", "properties": { "start_id": 174, "end_id": 209, "km": 428.09132390823771, "from": "road", "to": "road", "type": "road" }, "geometry": { "type": "LineString", "coordinates": [ [ -115.989488631283507, 40.865044586172232 ], [ -119.835067165712758, 38.404086085661085 ] ] } },
{ "type": "Feature", "properties": { "start_id": 174, "end_id": 238, "km": 558.5122838704001, "from": "road", "to": "road", "type": "road" }, "geometry": { "type": "LineString", "coordinates": [ [ -115.989488631283507, 40.865044586172232 ], [ -117.450616562954579, 35.974178125305095 ] ] } },
{ "type": "Feature", "properties": { "start_id": 175, "end_id": 210, "km": 541.95113155155332, "from": "road", "to": "road", "type": "road" }, "geometry": { "type": "LineString", "coordinates": [ [ -102.903495376900111, 40.865044586172232 ], [ -97.438708067902724, 38.404086085661085 ] ] } },
{ "type": "Feature", "properties": { "start_id": 178, "end_id": 179, "km": 275.08910860217287, "from": "road", "to": "road", "type": "road" }, "geometry": { "type": "LineString", "coordinates": [ [ -89.817502122516672, 40.865044586172232 ], [ -86.54600380892083, 40.865044586172232 ] ] } },
{ "type": "Feature", "properties": { "start_id": 179, "end_id": 952, "km": 255.83237978513554, "from": "road", "to": "port", "type": "road" }, "geometry": { "type": "LineString", "coordinates": [ [ -86.54600380892083, 40.865044586172232 ], [ -86.23155611, 43.15391164 ] ] } },
{ "type": "Feature", "properties": { "start_id": 180, "end_id": 972, "km": 130.63900201302263, "from": "road", "to": "port", "type": "road" }, "geometry": { "type": "LineString", "coordinates": [ [ -83.274505495324988, 40.865044586172232 ], [ -81.99325411, 41.53662775 ] ] } },
{ "type": "Feature", "properties": { "start_id": 180, "end_id": 969, "km": 194.96325660665713, "from": "road", "to": "port", "type": "road" }, "geometry": { "type": "LineString", "coordinates": [ [ -83.274505495324988, 40.865044586172232 ], [ -82.73488912, 42.57151201 ] ] } },
{ "type": "Feature", "properties": { "start_id": 181, "end_id": 1000, "km": 254.44106339331233, "from": "road", "to": "port", "type": "road" }, "geometry": { "type": "LineString", "coordinates": [ [ -80.003007181729132, 40.865044586172232 ], [ -79.52165596, 43.12516331 ] ] } },
{ "type": "Feature", "properties": { "start_id": 182, "end_id": 1051, "km": 224.79999942486646, "from": "road", "to": "port", "type": "road" }, "geometry": { "type": "LineString", "coordinates": [ [ -76.731508868133261, 40.865044586172232 ], [ -74.06717323, 40.72669097 ] ] } },
{ "type": "Feature", "properties": { "start_id": 184, "end_id": 217, "km": 274.06428734957666, "from": "road", "to": "road", "type": "road" }, "geometry": { "type": "LineString", "coordinates": [ [ -8.030044282620349, 40.865044586172232 ], [ -7.853271676662568, 38.404086085661085 ] ] } },
{ "type": "Feature", "properties": { "start_id": 185, "end_id": 218, "km": 273.79302600421533, "from": "road", "to": "road", "type": "road" }, "geometry": { "type": "LineString", "coordinates": [ [ -4.758545969024487, 40.865044586172232 ], [ -4.653791805546842, 38.404086085661085 ] ] } },
{ "type": "Feature", "properties": { "start_id": 185, "end_id": 186, "km": 275.08910860217452, "from": "road", "to": "road", "type": "road" }, "geometry": { "type": "LineString", "coordinates": [ [ -4.758545969024487, 40.865044586172232 ], [ -1.487047655428626, 40.865044586172232 ] ] } },
{ "type": "Feature", "properties": { "start_id": 189, "end_id": 1480, "km": 167.35094728304111, "from": "road", "to": "port", "type": "road" }, "geometry": { "type": "LineString", "coordinates": [ [ 21.413440539742361, 40.865044586172232 ], [ 19.5, 40.4667 ] ] } },
{ "type": "Feature", "properties": { "start_id": 194, "end_id": 1654, "km": 200.73019574038483, "from": "road", "to": "port", "type": "road" }, "geometry": { "type": "LineString", "coordinates": [ [ 47.585427048509167, 40.865044586172232 ], [ 49.8822, 40.3953 ] ] } },
{ "type": "Feature", "properties": { "start_id": 195, "end_id": 227, "km": 294.25381428353546, "from": "road", "to": "road", "type": "road" }, "geometry": { "type": "LineString", "coordinates": [ [ 57.39992198929675, 40.865044586172232 ], [ 56.136325745651838, 38.404086085661085 ] ] } },
{ "type": "Feature", "properties": { "start_id": 195, "end_id": 228, "km": 319.92282915204083, "from": "road", "to": "road", "type": "road" }, "geometry": { "type": "LineString", "coordinates": [ [ 57.39992198929675, 40.865044586172232 ], [ 59.335805616767566, 38.404086085661085 ] ] } },
{ "type": "Feature", "properties": { "start_id": 196, "end_id": 197, "km": 275.08910860217071, "from": "road", "to": "road", "type": "road" }, "geometry": { "type": "LineString", "coordinates": [ [ 60.671420302892614, 40.865044586172232 ], [ 63.942918616488434, 40.865044586172232 ] ] } },
{ "type": "Feature", "properties": { "start_id": 197, "end_id": 230, "km": 313.71213723785633, "from": "road", "to": "road", "type": "road" }, "geometry": { "type": "LineString", "coordinates": [ [ 63.942918616488434, 40.865044586172232 ], [ 65.73476535899897, 38.404086085661085 ] ] } },
{ "type": "Feature", "properties": { "start_id": 201, "end_id": 2099, "km": 530.17736375058439, "from": "road", "to": "country", "type": "road" }, "geometry": { "type": "LineString", "coordinates": [ [ 106.472396693234529, 40.865044586172232 ], [ 103.8349991, 36.5633011 ] ] } },
{ "type": "Feature", "properties": { "start_id": 201, "end_id": 233, "km": 547.76482510849814, "from": "road", "to": "road", "type": "road" }, "geometry": { "type": "LineString", "coordinates": [ [ 106.472396693234529, 40.865044586172232 ], [ 100.929043941271885, 38.404086085661085 ] ] } },
{ "type": "Feature", "properties": { "start_id": 203, "end_id": 235, "km": 432.41574037853098, "from": "road", "to": "road", "type": "road" }, "geometry": { "type": "LineString", "coordinates": [ [ 113.015393320426256, 40.865044586172232 ], [ 116.926443296850493, 38.404086085661085 ] ] } },
{ "type": "Feature", "properties": { "start_id": 206, "end_id": 1925, "km": 243.31954046126688, "from": "road", "to": "port", "type": "road" }, "geometry": { "type": "LineString", "coordinates": [ [ 126.101386574809666, 40.865044586172232 ], [ 125.4014, 38.7439 ] ] } },
{ "type": "Feature", "properties": { "start_id": 208, "end_id": 209, "km": 278.78169024300678, "from": "road", "to": "road", "type": "road" }, "geometry": { "type": "LineString", "coordinates": [ [ -123.034547036828485, 38.404086085661085 ], [ -119.835067165712758, 38.404086085661085 ] ] } },
{ "type": "Feature", "properties": { "start_id": 210, "end_id": 240, "km": 290.24638828003918, "from": "road", "to": "road", "type": "road" }, "geometry": { "type": "LineString", "coordinates": [ [ -97.438708067902724, 38.404086085661085 ], [ -98.635712423568123, 35.974178125305095 ] ] } },
{ "type": "Feature", "properties": { "start_id": 211, "end_id": 241, "km": 292.35281859785357, "from": "road", "to": "road", "type": "road" }, "geometry": { "type": "LineString", "coordinates": [ [ -94.239228196786996, 38.404086085661085 ], [ -95.499895067003706, 35.974178125305095 ] ] } },
{ "type": "Feature", "properties": { "start_id": 212, "end_id": 242, "km": 294.55211652129071, "from": "road", "to": "road", "type": "road" }, "geometry": { "type": "LineString", "coordinates": [ [ -91.039748325671283, 38.404086085661085 ], [ -92.364077710439304, 35.974178125305095 ] ] } },
{ "type": "Feature", "properties": { "start_id": 213, "end_id": 243, "km": 296.84221691360239, "from": "road", "to": "road", "type": "road" }, "geometry": { "type": "LineString", "coordinates": [ [ -87.840268454555542, 38.404086085661085 ], [ -89.228260353874902, 35.974178125305095 ] ] } },
{ "type": "Feature", "properties": { "start_id": 214, "end_id": 244, "km": 299.22103387934015, "from": "road", "to": "road", "type": "road" }, "geometry": { "type": "LineString", "coordinates": [ [ -84.640788583439814, 38.404086085661085 ], [ -86.092442997310471, 35.974178125305095 ] ] } },
{ "type": "Feature", "properties": { "start_id": 215, "end_id": 181, "km": 300.07516474436807, "from": "road", "to": "road", "type": "road" }, "geometry": { "type": "LineString", "coordinates": [ [ -81.441308712324116, 38.404086085661085 ], [ -80.003007181729132, 40.865044586172232 ] ] } },
{ "type": "Feature", "properties": { "start_id": 218, "end_id": 2174, "km": 220.39657544742968, "from": "road", "to": "country", "type": "road" }, "geometry": { "type": "LineString", "coordinates": [ [ -4.653791805546842, 38.404086085661085 ], [ -3.6493101, 40.2275009 ] ] } },
{ "type": "Feature", "properties": { "start_id": 219, "end_id": 1324, "km": 197.77879848146316, "from": "road", "to": "port", "type": "road" }, "geometry": { "type": "LineString", "coordinates": [ [ -1.454311934431114, 38.404086085661085 ], [ -2.607891546, 36.87785335 ] ] } },
{ "type": "Feature", "properties": { "start_id": 222, "end_id": 1559, "km": 244.19039244928953, "from": "road", "to": "port", "type": "road" }, "geometry": { "type": "LineString", "coordinates": [ [ 30.540486776726073, 38.404086085661085 ], [ 32.0179, 36.54713 ] ] } },
{ "type": "Feature", "properties": { "start_id": 223, "end_id": 1570, "km": 240.02026779029117, "from": "road", "to": "port", "type": "road" }, "geometry": { "type": "LineString", "coordinates": [ [ 33.739966647841797, 38.404086085661085 ], [ 33.78157902, 36.24578553 ] ] } },
{ "type": "Feature", "properties": { "start_id": 224, "end_id": 250, "km": 277.9244261125807, "from": "road", "to": "road", "type": "road" }, "geometry": { "type": "LineString", "coordinates": [ [ 36.939446518957524, 38.404086085661085 ], [ 36.204433908701454, 35.974178125305095 ] ] } },
{ "type": "Feature", "properties": { "start_id": 230, "end_id": 258, "km": 293.97839307319009, "from": "road", "to": "road", "type": "road" }, "geometry": { "type": "LineString", "coordinates": [ [ 65.73476535899897, 38.404086085661085 ], [ 64.42679011778111, 35.974178125305095 ] ] } },
{ "type": "Feature", "properties": { "start_id": 231, "end_id": 294, "km": 749.33887986992897, "from": "road", "to": "road", "type": "road" }, "geometry": { "type": "LineString", "coordinates": [ [ 91.330604327924746, 38.404086085661085 ], [ 97.141342033952384, 33.572096391225102 ] ] } },
{ "type": "Feature", "properties": { "start_id": 239, "end_id": 301, "km": 575.67133039353735, "from": "road", "to": "road", "type": "road" }, "geometry": { "type": "LineString", "coordinates": [ [ -108.043164493261344, 35.974178125305095 ], [ -110.434119985066729, 31.194966538777738 ] ] } },
{ "type": "Feature", "properties": { "start_id": 245, "end_id": 276, "km": 299.85441091110101, "from": "road", "to": "road", "type": "road" }, "geometry": { "type": "LineString", "coordinates": [ [ -82.956625640746068, 35.974178125305095 ], [ -81.464358253424336, 33.572096391225102 ] ] } },
{ "type": "Feature", "properties": { "start_id": 251, "end_id": 252, "km": 282.17387712195995, "from": "road", "to": "road", "type": "road" }, "geometry": { "type": "LineString", "coordinates": [ [ 39.340251265265877, 35.974178125305095 ], [ 42.476068621830251, 35.974178125305095 ] ] } },
{ "type": "Feature", "properties": { "start_id": 259, "end_id": 289, "km": 289.24043839943101, "from": "road", "to": "road", "type": "road" }, "geometry": { "type": "LineString", "coordinates": [ [ 67.562607474345526, 35.974178125305095 ], [ 66.347255777508138, 33.572096391225102 ] ] } },
{ "type": "Feature", "properties": { "start_id": 260, "end_id": 290, "km": 483.03813355123475, "from": "road", "to": "road", "type": "road" }, "geometry": { "type": "LineString", "coordinates": [ [ 73.834242187474359, 35.974178125305095 ], [ 69.426664403152571, 33.572096391225102 ] ] } },
{ "type": "Feature", "properties": { "start_id": 263, "end_id": 296, "km": 323.83405806186232, "from": "road", "to": "road", "type": "road" }, "geometry": { "type": "LineString", "coordinates": [ [ 111.464050466247272, 35.974178125305095 ], [ 109.45897653653013, 33.572096391225102 ] ] } },
{ "type": "Feature", "properties": { "start_id": 263, "end_id": 297, "km": 463.90540335746914, "from": "road", "to": "road", "type": "road" }, "geometry": { "type": "LineString", "coordinates": [ [ 111.464050466247272, 35.974178125305095 ], [ 115.617793787818954, 33.572096391225102 ] ] } },
{ "type": "Feature", "properties": { "start_id": 265, "end_id": 1873, "km": 223.2590929982469, "from": "road", "to": "port", "type": "road" }, "geometry": { "type": "LineString", "coordinates": [ [ 117.735685179376048, 35.974178125305095 ], [ 120.2166991, 35.97177874 ] ] } },
{ "type": "Feature", "properties": { "start_id": 269, "end_id": 883, "km": 451.01402231336112, "from": "road", "to": "port", "type": "road" }, "geometry": { "type": "LineString", "coordinates": [ [ -112.25844450986861, 33.572096391225102 ], [ -116.6333, 31.8667 ] ] } },
{ "type": "Feature", "properties": { "start_id": 270, "end_id": 302, "km": 518.67209497814486, "from": "road", "to": "road", "type": "road" }, "geometry": { "type": "LineString", "coordinates": [ [ -106.099627258579758, 33.572096391225102 ], [ -101.346025549082341, 31.194966538777738 ] ] } },
{ "type": "Feature", "properties": { "start_id": 270, "end_id": 328, "km": 526.784160305667, "from": "road", "to": "road", "type": "road" }, "geometry": { "type": "LineString", "coordinates": [ [ -106.099627258579758, 33.572096391225102 ], [ -105.830478798516012, 28.840202324758884 ] ] } },
{ "type": "Feature", "properties": { "start_id": 271, "end_id": 302, "km": 295.42061632502595, "from": "road", "to": "road", "type": "road" }, "geometry": { "type": "LineString", "coordinates": [ [ -99.940810007290906, 33.572096391225102 ], [ -101.346025549082341, 31.194966538777738 ] ] } },
{ "type": "Feature", "properties": { "start_id": 272, "end_id": 303, "km": 297.54854281377504, "from": "road", "to": "road", "type": "road" }, "geometry": { "type": "LineString", "coordinates": [ [ -96.861401381646488, 33.572096391225102 ], [ -98.31666073708756, 31.194966538777738 ] ] } },
{ "type": "Feature", "properties": { "start_id": 273, "end_id": 304, "km": 299.73501191387493, "from": "road", "to": "road", "type": "road" }, "geometry": { "type": "LineString", "coordinates": [ [ -93.781992756002055, 33.572096391225102 ], [ -95.287295925092764, 31.194966538777738 ] ] } },
{ "type": "Feature", "properties": { "start_id": 274, "end_id": 305, "km": 301.97875152582213, "from": "road", "to": "road", "type": "road" }, "geometry": { "type": "LineString", "coordinates": [ [ -90.702584130357621, 33.572096391225102 ], [ -92.257931113097982, 31.194966538777738 ] ] } },
{ "type": "Feature", "properties": { "start_id": 275, "end_id": 307, "km": 294.12062959173329, "from": "road", "to": "road", "type": "road" }, "geometry": { "type": "LineString", "coordinates": [ [ -84.54376687906877, 33.572096391225102 ], [ -83.16983667711358, 31.194966538777738 ] ] } },
{ "type": "Feature", "properties": { "start_id": 277, "end_id": 2205, "km": 220.72420614663926, "from": "road", "to": "country", "type": "road" }, "geometry": { "type": "LineString", "coordinates": [ [ -7.558551237958111, 33.572096391225102 ], [ -6.3178, 31.8836002 ] ] } },
{ "type": "Feature", "properties": { "start_id": 278, "end_id": 2205, "km": 254.61112915538001, "from": "road", "to": "country", "type": "road" }, "geometry": { "type": "LineString", "coordinates": [ [ -4.479142612313677, 33.572096391225102 ], [ -6.3178, 31.8836002 ] ] } },
{ "type": "Feature", "properties": { "start_id": 280, "end_id": 1405, "km": 298.77142390206694, "from": "road", "to": "port", "type": "road" }, "geometry": { "type": "LineString", "coordinates": [ [ 7.838491890264016, 33.572096391225102 ], [ 10.7667, 34.7333 ] ] } },
{ "type": "Feature", "properties": { "start_id": 283, "end_id": 2196, "km": 310.61721788533305, "from": "road", "to": "country", "type": "road" }, "geometry": { "type": "LineString", "coordinates": [ [ 38.632578146708319, 33.572096391225102 ], [ 36.7868996, 31.2534008 ] ] } },
{ "type": "Feature", "properties": { "start_id": 284, "end_id": 285, "km": 285.28615403182692, "from": "road", "to": "road", "type": "road" }, "geometry": { "type": "LineString", "coordinates": [ [ 44.791395397997142, 33.572096391225102 ], [ 47.870804023641575, 33.572096391225102 ] ] } },
{ "type": "Feature", "properties": { "start_id": 285, "end_id": 286, "km": 285.28615403182749, "from": "road", "to": "road", "type": "road" }, "geometry": { "type": "LineString", "coordinates": [ [ 47.870804023641575, 33.572096391225102 ], [ 50.950212649286009, 33.572096391225102 ] ] } },
{ "type": "Feature", "properties": { "start_id": 288, "end_id": 257, "km": 322.38505024824491, "from": "road", "to": "road", "type": "road" }, "geometry": { "type": "LineString", "coordinates": [ [ 63.267847151863691, 33.572096391225102 ], [ 61.2909727612167, 35.974178125305095 ] ] } },
{ "type": "Feature", "properties": { "start_id": 293, "end_id": 319, "km": 290.29871393304535, "from": "road", "to": "road", "type": "road" }, "geometry": { "type": "LineString", "coordinates": [ [ 78.664890280085828, 33.572096391225102 ], [ 77.386498358610439, 31.194966538777738 ] ] } },
{ "type": "Feature", "properties": { "start_id": 293, "end_id": 318, "km": 483.13550946813712, "from": "road", "to": "road", "type": "road" }, "geometry": { "type": "LineString", "coordinates": [ [ 78.664890280085828, 33.572096391225102 ], [ 74.357133546615685, 31.194966538777738 ] ] } },
{ "type": "Feature", "properties": { "start_id": 294, "end_id": 232, "km": 586.33840803221858, "from": "road", "to": "road", "type": "road" }, "geometry": { "type": "LineString", "coordinates": [ [ 97.141342033952384, 33.572096391225102 ], [ 94.530084199040473, 38.404086085661085 ] ] } },
{ "type": "Feature", "properties": { "start_id": 295, "end_id": 321, "km": 492.78302011225486, "from": "road", "to": "road", "type": "road" }, "geometry": { "type": "LineString", "coordinates": [ [ 100.220750659596817, 33.572096391225102 ], [ 104.650781666563603, 31.194966538777738 ] ] } },
{ "type": "Feature", "properties": { "start_id": 297, "end_id": 325, "km": 285.54182622534188, "from": "road", "to": "road", "type": "road" }, "geometry": { "type": "LineString", "coordinates": [ [ 115.617793787818954, 33.572096391225102 ], [ 116.768240914542744, 31.194966538777738 ] ] } },
{ "type": "Feature", "properties": { "start_id": 308, "end_id": 1282, "km": 223.35229678270349, "from": "road", "to": "port", "type": "road" }, "geometry": { "type": "LineString", "coordinates": [ [ -7.435716377243767, 31.194966538777738 ], [ -9.5992, 30.4318 ] ] } },
{ "type": "Feature", "properties": { "start_id": 311, "end_id": 1500, "km": 187.81688344277663, "from": "road", "to": "port", "type": "road" }, "geometry": { "type": "LineString", "coordinates": [ [ 22.857931742704153, 31.194966538777738 ], [ 22.40522143, 32.83985784 ] ] } },
{ "type": "Feature", "properties": { "start_id": 313, "end_id": 1549, "km": 193.65764567647062, "from": "road", "to": "port", "type": "road" }, "geometry": { "type": "LineString", "coordinates": [ [ 31.946026178688552, 31.194966538777738 ], [ 29.91023231, 31.18058672 ] ] } },
{ "type": "Feature", "properties": { "start_id": 320, "end_id": 362, "km": 524.23777935330645, "from": "road", "to": "road", "type": "road" }, "geometry": { "type": "LineString", "coordinates": [ [ 86.474592794594827, 31.194966538777738 ], [ 87.029284769792199, 26.505456470477299 ] ] } },
{ "type": "Feature", "properties": { "start_id": 320, "end_id": 361, "km": 571.02900256382509, "from": "road", "to": "road", "type": "road" }, "geometry": { "type": "LineString", "coordinates": [ [ 86.474592794594827, 31.194966538777738 ], [ 84.083678117921934, 26.505456470477299 ] ] } },
{ "type": "Feature", "properties": { "start_id": 321, "end_id": 367, "km": 521.47443044881584, "from": "road", "to": "road", "type": "road" }, "geometry": { "type": "LineString", "coordinates": [ [ 104.650781666563603, 31.194966538777738 ], [ 104.702924681013656, 26.505456470477299 ] ] } },
{ "type": "Feature", "properties": { "start_id": 322, "end_id": 344, "km": 497.26178456094971, "from": "road", "to": "road", "type": "road" }, "geometry": { "type": "LineString", "coordinates": [ [ 107.680146478558399, 31.194966538777738 ], [ 112.071757870880731, 28.840202324758884 ] ] } },
{ "type": "Feature", "properties": { "start_id": 324, "end_id": 1826, "km": 173.67765335519965, "from": "road", "to": "port", "type": "road" }, "geometry": { "type": "LineString", "coordinates": [ [ 113.738876102547962, 31.194966538777738 ], [ 115.1481, 30.20933 ] ] } },
{ "type": "Feature", "properties": { "start_id": 328, "end_id": 348, "km": 293.72413018371617, "from": "road", "to": "road", "type": "road" }, "geometry": { "type": "LineString", "coordinates": [ [ -105.830478798516012, 28.840202324758884 ], [ -104.43514760177375, 26.505456470477299 ] ] } },
{ "type": "Feature", "properties": { "start_id": 329, "end_id": 349, "km": 291.93170065918042, "from": "road", "to": "road", "type": "road" }, "geometry": { "type": "LineString", "coordinates": [ [ -102.845516652359919, 28.840202324758884 ], [ -101.4895409499035, 26.505456470477299 ] ] } },
{ "type": "Feature", "properties": { "start_id": 330, "end_id": 350, "km": 290.17994696753419, "from": "road", "to": "road", "type": "road" }, "geometry": { "type": "LineString", "coordinates": [ [ -99.860554506203783, 28.840202324758884 ], [ -98.54393429803325, 26.505456470477299 ] ] } },
{ "type": "Feature", "properties": { "start_id": 331, "end_id": 990, "km": 223.37652139914286, "from": "road", "to": "port", "type": "road" }, "geometry": { "type": "LineString", "coordinates": [ [ -81.950781629267055, 28.840202324758884 ], [ -80.3183, 27.43893 ] ] } },
{ "type": "Feature", "properties": { "start_id": 333, "end_id": 351, "km": 381.95593983061991, "from": "road", "to": "road", "type": "road" }, "geometry": { "type": "LineString", "coordinates": [ [ 7.598082755416526, 28.840202324758884 ], [ 10.443511821165803, 26.505456470477299 ] ] } },
{ "type": "Feature", "properties": { "start_id": 337, "end_id": 2197, "km": 409.5700361516125, "from": "road", "to": "country", "type": "road" }, "geometry": { "type": "LineString", "coordinates": [ [ 43.417628509289969, 28.840202324758884 ], [ 47.5936012, 29.3425007 ] ] } },
{ "type": "Feature", "properties": { "start_id": 338, "end_id": 317, "km": 464.53029917117453, "from": "road", "to": "road", "type": "road" }, "geometry": { "type": "LineString", "coordinates": [ [ 64.312363532382818, 28.840202324758884 ], [ 68.298403922626079, 31.194966538777738 ] ] } },
{ "type": "Feature", "properties": { "start_id": 338, "end_id": 2119, "km": 507.13199802917865, "from": "road", "to": "country", "type": "road" }, "geometry": { "type": "LineString", "coordinates": [ [ 64.312363532382818, 28.840202324758884 ], [ 69.3858032, 29.9668007 ] ] } },
{ "type": "Feature", "properties": { "start_id": 339, "end_id": 340, "km": 290.73735000489728, "from": "road", "to": "road", "type": "road" }, "geometry": { "type": "LineString", "coordinates": [ [ 70.282287824695075, 28.840202324758884 ], [ 73.267249970851196, 28.840202324758884 ] ] } },
{ "type": "Feature", "properties": { "start_id": 339, "end_id": 357, "km": 326.98084603870825, "from": "road", "to": "road", "type": "road" }, "geometry": { "type": "LineString", "coordinates": [ [ 70.282287824695075, 28.840202324758884 ], [ 72.301251510440977, 26.505456470477299 ] ] } },
{ "type": "Feature", "properties": { "start_id": 341, "end_id": 342, "km": 290.73735000489484, "from": "road", "to": "road", "type": "road" }, "geometry": { "type": "LineString", "coordinates": [ [ 76.252212117007304, 28.840202324758884 ], [ 79.237174263163411, 28.840202324758884 ] ] } },
{ "type": "Feature", "properties": { "start_id": 342, "end_id": 319, "km": 316.70016661557878, "from": "road", "to": "road", "type": "road" }, "geometry": { "type": "LineString", "coordinates": [ [ 79.237174263163411, 28.840202324758884 ], [ 77.386498358610439, 31.194966538777738 ] ] } },
{ "type": "Feature", "properties": { "start_id": 343, "end_id": 363, "km": 487.18874502602227, "from": "road", "to": "road", "type": "road" }, "geometry": { "type": "LineString", "coordinates": [ [ 94.161984993944003, 28.840202324758884 ], [ 89.974891421662448, 26.505456470477299 ] ] } },
{ "type": "Feature", "properties": { "start_id": 343, "end_id": 384, "km": 520.35092021437481, "from": "road", "to": "road", "type": "road" }, "geometry": { "type": "LineString", "coordinates": [ [ 94.161984993944003, 28.840202324758884 ], [ 94.733562671025396, 24.18858107111306 ] ] } },
{ "type": "Feature", "properties": { "start_id": 344, "end_id": 345, "km": 290.73735000489728, "from": "road", "to": "road", "type": "road" }, "geometry": { "type": "LineString", "coordinates": [ [ 112.071757870880731, 28.840202324758884 ], [ 115.056720017036852, 28.840202324758884 ] ] } },
{ "type": "Feature", "properties": { "start_id": 346, "end_id": 1872, "km": 261.10501070700445, "from": "road", "to": "port", "type": "road" }, "geometry": { "type": "LineString", "coordinates": [ [ 118.041682163192988, 28.840202324758884 ], [ 120.2130124, 30.23503867 ] ] } },
{ "type": "Feature", "properties": { "start_id": 346, "end_id": 325, "km": 289.11467416974091, "from": "road", "to": "road", "type": "road" }, "geometry": { "type": "LineString", "coordinates": [ [ 118.041682163192988, 28.840202324758884 ], [ 116.768240914542744, 31.194966538777738 ] ] } },
{ "type": "Feature", "properties": { "start_id": 347, "end_id": 892, "km": 380.19755839612134, "from": "road", "to": "port", "type": "road" }, "geometry": { "type": "LineString", "coordinates": [ [ -107.380754253643985, 26.505456470477299 ], [ -106.4167, 23.2 ] ] } },
{ "type": "Feature", "properties": { "start_id": 358, "end_id": 359, "km": 293.10333282923739, "from": "road", "to": "road", "type": "road" }, "geometry": { "type": "LineString", "coordinates": [ [ 75.246858162311199, 26.505456470477299 ], [ 78.192464814181449, 26.505456470477299 ] ] } },
{ "type": "Feature", "properties": { "start_id": 362, "end_id": 383, "km": 319.61603679668303, "from": "road", "to": "road", "type": "road" }, "geometry": { "type": "LineString", "coordinates": [ [ 87.029284769792199, 26.505456470477299 ], [ 88.911946925638915, 24.18858107111306 ] ] } },
{ "type": "Feature", "properties": { "start_id": 364, "end_id": 2116, "km": 399.22977257469609, "from": "road", "to": "country", "type": "road" }, "geometry": { "type": "LineString", "coordinates": [ [ 92.920498073532656, 26.505456470477299 ], [ 90.2708969, 23.8330002 ] ] } },
{ "type": "Feature", "properties": { "start_id": 366, "end_id": 386, "km": 309.58990795495475, "from": "road", "to": "road", "type": "road" }, "geometry": { "type": "LineString", "coordinates": [ [ 101.75731802914342, 26.505456470477299 ], [ 103.465986289105189, 24.18858107111306 ] ] } },
{ "type": "Feature", "properties": { "start_id": 368, "end_id": 389, "km": 303.89834834502409, "from": "road", "to": "road", "type": "road" }, "geometry": { "type": "LineString", "coordinates": [ [ 110.594137984754127, 26.505456470477299 ], [ 112.198409907184953, 24.18858107111306 ] ] } },
{ "type": "Feature", "properties": { "start_id": 369, "end_id": 1861, "km": 89.194120433516346, "from": "road", "to": "port", "type": "road" }, "geometry": { "type": "LineString", "coordinates": [ [ 119.430957940364877, 26.505456470477299 ], [ 119.500302, 25.70573505 ] ] } },
{ "type": "Feature", "properties": { "start_id": 370, "end_id": 394, "km": 278.97017784697817, "from": "road", "to": "road", "type": "road" }, "geometry": { "type": "LineString", "coordinates": [ [ -103.20137267211615, 24.18858107111306 ], [ -102.114732719334484, 21.887595261445966 ] ] } },
{ "type": "Feature", "properties": { "start_id": 371, "end_id": 395, "km": 277.73531566789723, "from": "road", "to": "road", "type": "road" }, "geometry": { "type": "LineString", "coordinates": [ [ -100.290564799422896, 24.18858107111306 ], [ -99.234573665038155, 21.887595261445966 ] ] } },
{ "type": "Feature", "properties": { "start_id": 377, "end_id": 404, "km": 267.18502924303931, "from": "road", "to": "road", "type": "road" }, "geometry": { "type": "LineString", "coordinates": [ [ 71.447099689479359, 24.18858107111306 ], [ 70.694810538446205, 21.887595261445966 ] ] } },
{ "type": "Feature", "properties": { "start_id": 378, "end_id": 379, "km": 295.24434850114955, "from": "road", "to": "road", "type": "road" }, "geometry": { "type": "LineString", "coordinates": [ [ 74.357907562172599, 24.18858107111306 ], [ 77.268715434865854, 24.18858107111306 ] ] } },
{ "type": "Feature", "properties": { "start_id": 380, "end_id": 407, "km": 270.0454805333967, "from": "road", "to": "road", "type": "road" }, "geometry": { "type": "LineString", "coordinates": [ [ 80.179523307559109, 24.18858107111306 ], [ 79.335287701335218, 21.887595261445966 ] ] } },
{ "type": "Feature", "properties": { "start_id": 381, "end_id": 382, "km": 295.24434850114955, "from": "road", "to": "road", "type": "road" }, "geometry": { "type": "LineString", "coordinates": [ [ 83.090331180252377, 24.18858107111306 ], [ 86.001139052945632, 24.18858107111306 ] ] } },
{ "type": "Feature", "properties": { "start_id": 387, "end_id": 412, "km": 280.35109965752633, "from": "road", "to": "road", "type": "road" }, "geometry": { "type": "LineString", "coordinates": [ [ 106.376794161798429, 24.18858107111306 ], [ 105.256719190002315, 21.887595261445966 ] ] } },
{ "type": "Feature", "properties": { "start_id": 389, "end_id": 414, "km": 282.97271498561838, "from": "road", "to": "road", "type": "road" }, "geometry": { "type": "LineString", "coordinates": [ [ 112.198409907184953, 24.18858107111306 ], [ 111.017037298595, 21.887595261445966 ] ] } },
{ "type": "Feature", "properties": { "start_id": 395, "end_id": 900, "km": 216.63839846601769, "from": "road", "to": "port", "type": "road" }, "geometry": { "type": "LineString", "coordinates": [ [ -99.234573665038155, 21.887595261445966 ], [ -97.4, 20.95 ] ] } },
{ "type": "Feature", "properties": { "start_id": 398, "end_id": 399, "km": 594.3128551735939, "from": "road", "to": "road", "type": "road" }, "geometry": { "type": "LineString", "coordinates": [ [ -9.949642981851479, 21.887595261445966 ], [ -4.189324873258776, 21.887595261445966 ] ] } },
{ "type": "Feature", "properties": { "start_id": 398, "end_id": 439, "km": 596.79151677752623, "from": "road", "to": "road", "type": "road" }, "geometry": { "type": "LineString", "coordinates": [ [ -9.949642981851479, 21.887595261445966 ], [ -6.946404367206782, 17.326047954329745 ] ] } },
{ "type": "Feature", "properties": { "start_id": 399, "end_id": 439, "km": 583.62173366296213, "from": "road", "to": "road", "type": "road" }, "geometry": { "type": "LineString", "coordinates": [ [ -4.189324873258776, 21.887595261445966 ], [ -6.946404367206782, 17.326047954329745 ] ] } },
{ "type": "Feature", "properties": { "start_id": 401, "end_id": 1599, "km": 305.17721292924108, "from": "road", "to": "port", "type": "road" }, "geometry": { "type": "LineString", "coordinates": [ [ 41.893219995482724, 21.887595261445966 ], [ 39.04095895, 22.63934669 ] ] } },
{ "type": "Feature", "properties": { "start_id": 402, "end_id": 2200, "km": 393.81031933424407, "from": "road", "to": "country", "type": "road" }, "geometry": { "type": "LineString", "coordinates": [ [ 47.65353810407543, 21.887595261445966 ], [ 44.5850983, 24.0233994 ] ] } },
{ "type": "Feature", "properties": { "start_id": 403, "end_id": 1689, "km": 295.04853721606105, "from": "road", "to": "port", "type": "road" }, "geometry": { "type": "LineString", "coordinates": [ [ 56.294015266964443, 21.887595261445966 ], [ 58.4821353, 23.61077467 ] ] } },
{ "type": "Feature", "properties": { "start_id": 410, "end_id": 411, "km": 297.16948606594968, "from": "road", "to": "road", "type": "road" }, "geometry": { "type": "LineString", "coordinates": [ [ 93.736082972816931, 21.887595261445966 ], [ 96.616242027113302, 21.887595261445966 ] ] } },
{ "type": "Feature", "properties": { "start_id": 412, "end_id": 431, "km": 273.98109946303754, "from": "road", "to": "road", "type": "road" }, "geometry": { "type": "LineString", "coordinates": [ [ 105.256719190002315, 21.887595261445966 ], [ 104.275947757721596, 19.600658461531079 ] ] } },
{ "type": "Feature", "properties": { "start_id": 417, "end_id": 418, "km": 298.88651577947513, "from": "road", "to": "road", "type": "road" }, "geometry": { "type": "LineString", "coordinates": [ [ -101.163237998267633, 19.600658461531079 ], [ -98.309915973878915, 19.600658461531079 ] ] } },
{ "type": "Feature", "properties": { "start_id": 421, "end_id": 462, "km": 748.25500853314406, "from": "road", "to": "road", "type": "road" }, "geometry": { "type": "LineString", "coordinates": [ [ 27.236253099225642, 19.600658461531079 ], [ 32.442797426175346, 15.062139851324615 ] ] } },
{ "type": "Feature", "properties": { "start_id": 421, "end_id": 482, "km": 791.58986082591616, "from": "road", "to": "road", "type": "road" }, "geometry": { "type": "LineString", "coordinates": [ [ 27.236253099225642, 19.600658461531079 ], [ 29.454525664467823, 12.807392720877612 ] ] } },
{ "type": "Feature", "properties": { "start_id": 424, "end_id": 425, "km": 298.88651577947917, "from": "road", "to": "road", "type": "road" }, "geometry": { "type": "LineString", "coordinates": [ [ 75.742727513834211, 19.600658461531079 ], [ 78.596049538222957, 19.600658461531079 ] ] } },
{ "type": "Feature", "properties": { "start_id": 426, "end_id": 1728, "km": 288.90977801270122, "from": "road", "to": "port", "type": "road" }, "geometry": { "type": "LineString", "coordinates": [ [ 81.449371562611702, 19.600658461531079 ], [ 83.27253203, 17.65990994 ] ] } },
{ "type": "Feature", "properties": { "start_id": 428, "end_id": 429, "km": 298.88651577947786, "from": "road", "to": "road", "type": "road" }, "geometry": { "type": "LineString", "coordinates": [ [ 95.715981684555402, 19.600658461531079 ], [ 98.569303708944148, 19.600658461531079 ] ] } },
{ "type": "Feature", "properties": { "start_id": 430, "end_id": 2109, "km": 274.61814646913632, "from": "road", "to": "country", "type": "road" }, "geometry": { "type": "LineString", "coordinates": [ [ 101.422625733332879, 19.600658461531079 ], [ 103.7630005, 18.5025005 ] ] } },
{ "type": "Feature", "properties": { "start_id": 437, "end_id": 937, "km": 110.99386702066691, "from": "road", "to": "port", "type": "road" }, "geometry": { "type": "LineString", "coordinates": [ [ -89.01685526616879, 17.326047954329745 ], [ -88.4244, 16.5044 ] ] } },
{ "type": "Feature", "properties": { "start_id": 438, "end_id": 2215, "km": 344.9433225670715, "from": "road", "to": "country", "type": "road" }, "geometry": { "type": "LineString", "coordinates": [ [ -15.436451011926991, 17.326047954329745 ], [ -14.4681997, 14.3669996 ] ] } },
{ "type": "Feature", "properties": { "start_id": 440, "end_id": 1651, "km": 453.23960757908901, "from": "road", "to": "port", "type": "road" }, "geometry": { "type": "LineString", "coordinates": [ [ 52.483922145834697, 17.326047954329745 ], [ 49.30805941, 14.62517813 ] ] } },
{ "type": "Feature", "properties": { "start_id": 442, "end_id": 443, "km": 300.40206408750464, "from": "road", "to": "road", "type": "road" }, "geometry": { "type": "LineString", "coordinates": [ [ 77.95406207999531, 17.326047954329745 ], [ 80.78407762823538, 17.326047954329745 ] ] } },
{ "type": "Feature", "properties": { "start_id": 444, "end_id": 445, "km": 300.40206408750464, "from": "road", "to": "road", "type": "road" }, "geometry": { "type": "LineString", "coordinates": [ [ 97.764170917675798, 17.326047954329745 ], [ 100.594186465915868, 17.326047954329745 ] ] } },
{ "type": "Feature", "properties": { "start_id": 450, "end_id": 941, "km": 109.38043448053951, "from": "road", "to": "port", "type": "road" }, "geometry": { "type": "LineString", "coordinates": [ [ -88.387473346882203, 15.062139851324615 ], [ -87.71775514, 15.8043516 ] ] } },
{ "type": "Feature", "properties": { "start_id": 454, "end_id": 472, "km": 250.84809811309458, "from": "road", "to": "road", "type": "road" }, "geometry": { "type": "LineString", "coordinates": [ [ -12.517303326590232, 15.062139851324615 ], [ -12.44200151367369, 12.807392720877612 ] ] } },
{ "type": "Feature", "properties": { "start_id": 454, "end_id": 455, "km": 301.7217534068003, "from": "road", "to": "road", "type": "road" }, "geometry": { "type": "LineString", "coordinates": [ [ -12.517303326590232, 15.062139851324615 ], [ -9.707297029542415, 15.062139851324615 ] ] } },
{ "type": "Feature", "properties": { "start_id": 456, "end_id": 473, "km": 388.62558983851471, "from": "road", "to": "road", "type": "road" }, "geometry": { "type": "LineString", "coordinates": [ [ -6.897290732494559, 15.062139851324615 ], [ -9.648899701797617, 12.807392720877612 ] ] } },
{ "type": "Feature", "properties": { "start_id": 457, "end_id": 458, "km": 301.72175340680445, "from": "road", "to": "road", "type": "road" }, "geometry": { "type": "LineString", "coordinates": [ [ 4.342734455696827, 15.062139851324615 ], [ 7.152740752744683, 15.062139851324615 ] ] } },
{ "type": "Feature", "properties": { "start_id": 457, "end_id": 477, "km": 389.89416522679494, "from": "road", "to": "road", "type": "road" }, "geometry": { "type": "LineString", "coordinates": [ [ 4.342734455696827, 15.062139851324615 ], [ 7.109711169458996, 12.807392720877612 ] ] } },
{ "type": "Feature", "properties": { "start_id": 458, "end_id": 459, "km": 301.7217534068044, "from": "road", "to": "road", "type": "road" }, "geometry": { "type": "LineString", "coordinates": [ [ 7.152740752744683, 15.062139851324615 ], [ 9.962747049792538, 15.062139851324615 ] ] } },
{ "type": "Feature", "properties": { "start_id": 460, "end_id": 505, "km": 500.92165832078871, "from": "road", "to": "road", "type": "road" }, "geometry": { "type": "LineString", "coordinates": [ [ 15.582759643888252, 15.062139851324615 ], [ 15.411619844679691, 10.560333313258052 ] ] } },
{ "type": "Feature", "properties": { "start_id": 460, "end_id": 504, "km": 594.00847888387057, "from": "road", "to": "road", "type": "road" }, "geometry": { "type": "LineString", "coordinates": [ [ 15.582759643888252, 15.062139851324615 ], [ 12.632474827946851, 10.560333313258052 ] ] } },
{ "type": "Feature", "properties": { "start_id": 465, "end_id": 464, "km": 301.7217534068044, "from": "road", "to": "road", "type": "road" }, "geometry": { "type": "LineString", "coordinates": [ [ 77.40289817894093, 15.062139851324615 ], [ 74.592891881893081, 15.062139851324615 ] ] } },
{ "type": "Feature", "properties": { "start_id": 466, "end_id": 488, "km": 258.96598446814795, "from": "road", "to": "road", "type": "road" }, "geometry": { "type": "LineString", "coordinates": [ [ 99.882948555323736, 15.062139851324615 ], [ 99.28207096137038, 12.807392720877612 ] ] } },
{ "type": "Feature", "properties": { "start_id": 467, "end_id": 489, "km": 259.42877137058241, "from": "road", "to": "road", "type": "road" }, "geometry": { "type": "LineString", "coordinates": [ [ 102.692954852371571, 15.062139851324615 ], [ 102.075172773246479, 12.807392720877612 ] ] } },
{ "type": "Feature", "properties": { "start_id": 468, "end_id": 490, "km": 259.90353857441841, "from": "road", "to": "road", "type": "road" }, "geometry": { "type": "LineString", "coordinates": [ [ 105.50296114941942, 15.062139851324615 ], [ 104.868274585122577, 12.807392720877612 ] ] } },
{ "type": "Feature", "properties": { "start_id": 468, "end_id": 2107, "km": 268.5507908601183, "from": "road", "to": "country", "type": "road" }, "geometry": { "type": "LineString", "coordinates": [ [ 105.50296114941942, 15.062139851324615 ], [ 104.9209976, 12.7139997 ] ] } },
{ "type": "Feature", "properties": { "start_id": 469, "end_id": 491, "km": 260.39022054653577, "from": "road", "to": "road", "type": "road" }, "geometry": { "type": "LineString", "coordinates": [ [ 108.312967446467283, 15.062139851324615 ], [ 107.661376396998691, 12.807392720877612 ] ] } },
{ "type": "Feature", "properties": { "start_id": 470, "end_id": 960, "km": 166.86711317825916, "from": "road", "to": "port", "type": "road" }, "geometry": { "type": "LineString", "coordinates": [ [ -85.062648622452357, 12.807392720877612 ], [ -83.75772, 12.01501 ] ] } },
{ "type": "Feature", "properties": { "start_id": 471, "end_id": 1261, "km": 113.65999829783669, "from": "road", "to": "port", "type": "road" }, "geometry": { "type": "LineString", "coordinates": [ [ -15.235103325549815, 12.807392720877612 ], [ -16.2586, 12.58853 ] ] } },
{ "type": "Feature", "properties": { "start_id": 474, "end_id": 475, "km": 302.85031398797884, "from": "road", "to": "road", "type": "road" }, "geometry": { "type": "LineString", "coordinates": [ [ -4.062696078045401, 12.807392720877612 ], [ -1.269594266169292, 12.807392720877612 ] ] } },
{ "type": "Feature", "properties": { "start_id": 476, "end_id": 502, "km": 390.61766080273821, "from": "road", "to": "road", "type": "road" }, "geometry": { "type": "LineString", "coordinates": [ [ 4.316609357582887, 12.807392720877612 ], [ 7.07418479448117, 10.560333313258052 ] ] } },
{ "type": "Feature", "properties": { "start_id": 479, "end_id": 506, "km": 384.80791918165318, "from": "road", "to": "road", "type": "road" }, "geometry": { "type": "LineString", "coordinates": [ [ 18.282118416963431, 12.807392720877612 ], [ 20.969909878145334, 10.560333313258052 ] ] } },
{ "type": "Feature", "properties": { "start_id": 481, "end_id": 507, "km": 382.50157563643978, "from": "road", "to": "road", "type": "road" }, "geometry": { "type": "LineString", "coordinates": [ [ 23.868322040715611, 12.807392720877612 ], [ 26.528199911611011, 10.560333313258052 ] ] } },
{ "type": "Feature", "properties": { "start_id": 483, "end_id": 509, "km": 250.47685413927169, "from": "road", "to": "road", "type": "road" }, "geometry": { "type": "LineString", "coordinates": [ [ 32.247627476343936, 12.807392720877612 ], [ 32.086489945076693, 10.560333313258052 ] ] } },
{ "type": "Feature", "properties": { "start_id": 486, "end_id": 515, "km": 253.34375013091096, "from": "road", "to": "road", "type": "road" }, "geometry": { "type": "LineString", "coordinates": [ [ 76.937256466361561, 12.807392720877612 ], [ 76.552810212802015, 10.560333313258052 ] ] } },
{ "type": "Feature", "properties": { "start_id": 487, "end_id": 1721, "km": 169.34389148228209, "from": "road", "to": "port", "type": "road" }, "geometry": { "type": "LineString", "coordinates": [ [ 79.730358278237659, 12.807392720877612 ], [ 80.1167, 14.2833 ] ] } },
{ "type": "Feature", "properties": { "start_id": 492, "end_id": 2137, "km": 81.917291097603552, "from": "road", "to": "country", "type": "road" }, "geometry": { "type": "LineString", "coordinates": [ [ -84.637600757702316, 10.560333313258052 ], [ -84.189003, 9.97052 ] ] } },
{ "type": "Feature", "properties": { "start_id": 496, "end_id": 528, "km": 249.20012877558295, "from": "road", "to": "road", "type": "road" }, "geometry": { "type": "LineString", "coordinates": [ [ -9.600685305915828, 10.560333313258052 ], [ -9.562218720397007, 8.319543933089816 ] ] } },
{ "type": "Feature", "properties": { "start_id": 497, "end_id": 528, "km": 390.44069598651765, "from": "road", "to": "road", "type": "road" }, "geometry": { "type": "LineString", "coordinates": [ [ -6.821540289182987, 10.560333313258052 ], [ -9.562218720397007, 8.319543933089816 ] ] } },
{ "type": "Feature", "properties": { "start_id": 499, "end_id": 2212, "km": 289.24965570600943, "from": "road", "to": "country", "type": "road" }, "geometry": { "type": "LineString", "coordinates": [ [ -1.263250255717309, 10.560333313258052 ], [ -1.20705, 7.95964 ] ] } },
{ "type": "Feature", "properties": { "start_id": 500, "end_id": 2216, "km": 232.87136490197241, "from": "road", "to": "country", "type": "road" }, "geometry": { "type": "LineString", "coordinates": [ [ 1.51589476101553, 10.560333313258052 ], [ 0.975846, 8.5349102 ] ] } },
{ "type": "Feature", "properties": { "start_id": 500, "end_id": 501, "km": 303.79167328373177, "from": "road", "to": "road", "type": "road" }, "geometry": { "type": "LineString", "coordinates": [ [ 1.51589476101553, 10.560333313258052 ], [ 4.295039777748332, 10.560333313258052 ] ] } },
{ "type": "Feature", "properties": { "start_id": 507, "end_id": 536, "km": 383.81302857103168, "from": "road", "to": "road", "type": "road" }, "geometry": { "type": "LineString", "coordinates": [ [ 26.528199911611011, 10.560333313258052 ], [ 29.189920655586878, 8.319543933089816 ] ] } },
{ "type": "Feature", "properties": { "start_id": 511, "end_id": 512, "km": 303.79167328373563, "from": "road", "to": "road", "type": "road" }, "geometry": { "type": "LineString", "coordinates": [ [ 37.644779978542331, 10.560333313258052 ], [ 40.423924995275165, 10.560333313258052 ] ] } },
{ "type": "Feature", "properties": { "start_id": 522, "end_id": 542, "km": 249.92160998385239, "from": "road", "to": "road", "type": "road" }, "geometry": { "type": "LineString", "coordinates": [ [ -75.99445765065505, 8.319543933089816 ], [ -75.763525349774355, 6.083651096124247 ] ] } },
{ "type": "Feature", "properties": { "start_id": 523, "end_id": 1039, "km": 291.55611896099532, "from": "road", "to": "port", "type": "road" }, "geometry": { "type": "LineString", "coordinates": [ [ -73.22644769522762, 8.319543933089816 ], [ -75.5819, 9.5281 ] ] } },
{ "type": "Feature", "properties": { "start_id": 523, "end_id": 524, "km": 304.54902688469917, "from": "road", "to": "road", "type": "road" }, "geometry": { "type": "LineString", "coordinates": [ [ -73.22644769522762, 8.319543933089816 ], [ -70.458437739800218, 8.319543933089816 ] ] } },
{ "type": "Feature", "properties": { "start_id": 525, "end_id": 545, "km": 249.65323759653648, "from": "road", "to": "road", "type": "road" }, "geometry": { "type": "LineString", "coordinates": [ [ -67.690427784372801, 8.319543933089816 ], [ -67.484729806926822, 6.083651096124247 ] ] } },
{ "type": "Feature", "properties": { "start_id": 529, "end_id": 548, "km": 248.6236031836477, "from": "road", "to": "road", "type": "road" }, "geometry": { "type": "LineString", "coordinates": [ [ -4.026198809542156, 8.319543933089816 ], [ -4.013963978429013, 6.083651096124247 ] ] } },
{ "type": "Feature", "properties": { "start_id": 532, "end_id": 533, "km": 304.54902688470185, "from": "road", "to": "road", "type": "road" }, "geometry": { "type": "LineString", "coordinates": [ [ 7.045841012167509, 8.319543933089816 ], [ 9.813850967594934, 8.319543933089816 ] ] } },
{ "type": "Feature", "properties": { "start_id": 536, "end_id": 537, "km": 304.54902688470202, "from": "road", "to": "road", "type": "road" }, "geometry": { "type": "LineString", "coordinates": [ [ 29.189920655586878, 8.319543933089816 ], [ 31.957930611014305, 8.319543933089816 ] ] } },
{ "type": "Feature", "properties": { "start_id": 537, "end_id": 538, "km": 304.54902688470202, "from": "road", "to": "road", "type": "road" }, "geometry": { "type": "LineString", "coordinates": [ [ 31.957930611014305, 8.319543933089816 ], [ 34.725940566441729, 8.319543933089816 ] ] } },
{ "type": "Feature", "properties": { "start_id": 540, "end_id": 553, "km": 405.77712726454729, "from": "road", "to": "road", "type": "road" }, "geometry": { "type": "LineString", "coordinates": [ [ 48.565990343578818, 8.319543933089816 ], [ 45.658809278656236, 6.083651096124247 ] ] } },
{ "type": "Feature", "properties": { "start_id": 540, "end_id": 1633, "km": 455.75961588343887, "from": "road", "to": "port", "type": "road" }, "geometry": { "type": "LineString", "coordinates": [ [ 48.565990343578818, 8.319543933089816 ], [ 45.0167, 10.45 ] ] } },
{ "type": "Feature", "properties": { "start_id": 543, "end_id": 556, "km": 248.79775201350239, "from": "road", "to": "road", "type": "road" }, "geometry": { "type": "LineString", "coordinates": [ [ -73.003926835491853, 6.083651096124247 ], [ -72.851533912284395, 3.851315170761378 ] ] } },
{ "type": "Feature", "properties": { "start_id": 544, "end_id": 545, "km": 305.12489406728804, "from": "road", "to": "road", "type": "road" }, "geometry": { "type": "LineString", "coordinates": [ [ -70.244328321209338, 6.083651096124247 ], [ -67.484729806926822, 6.083651096124247 ] ] } },
{ "type": "Feature", "properties": { "start_id": 549, "end_id": 1361, "km": 203.32812918077724, "from": "road", "to": "port", "type": "road" }, "geometry": { "type": "LineString", "coordinates": [ [ 7.024430078701029, 6.083651096124247 ], [ 5.239456643, 5.646796778 ] ] } },
{ "type": "Feature", "properties": { "start_id": 551, "end_id": 2220, "km": 375.12587936095855, "from": "road", "to": "country", "type": "road" }, "geometry": { "type": "LineString", "coordinates": [ [ 37.380013735808674, 6.083651096124247 ], [ 39.6160011, 8.6261396 ] ] } },
{ "type": "Feature", "properties": { "start_id": 551, "end_id": 538, "km": 384.09243468055132, "from": "road", "to": "road", "type": "road" }, "geometry": { "type": "LineString", "coordinates": [ [ 37.380013735808674, 6.083651096124247 ], [ 34.725940566441729, 8.319543933089816 ] ] } },
{ "type": "Feature", "properties": { "start_id": 552, "end_id": 553, "km": 305.12489406728741, "from": "road", "to": "road", "type": "road" }, "geometry": { "type": "LineString", "coordinates": [ [ 42.89921076437372, 6.083651096124247 ], [ 45.658809278656236, 6.083651096124247 ] ] } },
{ "type": "Feature", "properties": { "start_id": 552, "end_id": 566, "km": 385.63335587706496, "from": "road", "to": "road", "type": "road" }, "geometry": { "type": "LineString", "coordinates": [ [ 42.89921076437372, 6.083651096124247 ], [ 45.56349824926702, 3.851315170761378 ] ] } },
{ "type": "Feature", "properties": { "start_id": 556, "end_id": 544, "km": 380.81618014544472, "from": "road", "to": "road", "type": "road" }, "geometry": { "type": "LineString", "coordinates": [ [ -72.851533912284395, 3.851315170761378 ], [ -70.244328321209338, 6.083651096124247 ] ] } },
{ "type": "Feature", "properties": { "start_id": 558, "end_id": 1398, "km": 380.55745753463208, "from": "road", "to": "port", "type": "road" }, "geometry": { "type": "LineString", "coordinates": [ [ 12.517442762322434, 3.851315170761378 ], [ 9.743333368, 1.842046935 ] ] } },
{ "type": "Feature", "properties": { "start_id": 558, "end_id": 570, "km": 392.23222985968329, "from": "road", "to": "road", "type": "road" }, "geometry": { "type": "LineString", "coordinates": [ [ 12.517442762322434, 3.851315170761378 ], [ 15.253763693075038, 1.621220751157004 ] ] } },
{ "type": "Feature", "properties": { "start_id": 562, "end_id": 572, "km": 395.80116089771252, "from": "road", "to": "road", "type": "road" }, "geometry": { "type": "LineString", "coordinates": [ [ 23.532794591303951, 3.851315170761378 ], [ 20.755121990420271, 1.621220751157004 ] ] } },
{ "type": "Feature", "properties": { "start_id": 562, "end_id": 586, "km": 584.32622225800947, "from": "road", "to": "road", "type": "road" }, "geometry": { "type": "LineString", "coordinates": [ [ 23.532794591303951, 3.851315170761378 ], [ 20.75071716878119, -0.607932458106252 ] ] } },
{ "type": "Feature", "properties": { "start_id": 563, "end_id": 2228, "km": 373.37422198952783, "from": "road", "to": "country", "type": "road" }, "geometry": { "type": "LineString", "coordinates": [ [ 34.548146420285505, 3.851315170761378 ], [ 32.3862, 1.28009 ] ] } },
{ "type": "Feature", "properties": { "start_id": 563, "end_id": 574, "km": 396.89586622619601, "from": "road", "to": "road", "type": "road" }, "geometry": { "type": "LineString", "coordinates": [ [ 34.548146420285505, 3.851315170761378 ], [ 31.757838585110804, 1.621220751157004 ] ] } },
{ "type": "Feature", "properties": { "start_id": 564, "end_id": 565, "km": 305.52116022193718, "from": "road", "to": "road", "type": "road" }, "geometry": { "type": "LineString", "coordinates": [ [ 40.055822334776245, 3.851315170761378 ], [ 42.809660292021633, 3.851315170761378 ] ] } },
{ "type": "Feature", "properties": { "start_id": 573, "end_id": 2226, "km": 414.95871877901237, "from": "road", "to": "country", "type": "road" }, "geometry": { "type": "LineString", "coordinates": [ [ 29.007159436438172, 1.621220751157004 ], [ 29.9172001, -1.99797 ] ] } },
{ "type": "Feature", "properties": { "start_id": 573, "end_id": 601, "km": 495.78300830484358, "from": "road", "to": "road", "type": "road" }, "geometry": { "type": "LineString", "coordinates": [ [ 29.007159436438172, 1.621220751157004 ], [ 29.021950227886702, -2.83743844333639 ] ] } },
{ "type": "Feature", "properties": { "start_id": 578, "end_id": 1760, "km": 156.52309971783856, "from": "road", "to": "port", "type": "road" }, "geometry": { "type": "LineString", "coordinates": [ [ 100.524817301926475, 1.621220751157004 ], [ 101.4915903, 0.597896401 ] ] } },
{ "type": "Feature", "properties": { "start_id": 580, "end_id": 591, "km": 247.88449719522461, "from": "road", "to": "road", "type": "road" }, "geometry": { "type": "LineString", "coordinates": [ [ 111.527533896617001, 1.621220751157004 ], [ 111.503864611758658, -0.607932458106252 ] ] } },
{ "type": "Feature", "properties": { "start_id": 583, "end_id": 2131, "km": 375.63890020033085, "from": "road", "to": "country", "type": "road" }, "geometry": { "type": "LineString", "coordinates": [ [ -75.502621028316085, -0.607932458106252 ], [ -78.7809982, -1.42528 ] ] } },
{ "type": "Feature", "properties": { "start_id": 583, "end_id": 596, "km": 398.43912259836833, "from": "road", "to": "road", "type": "road" }, "geometry": { "type": "LineString", "coordinates": [ [ -75.502621028316085, -0.607932458106252 ], [ -78.309237002045776, -2.83743844333639 ] ] } },
{ "type": "Feature", "properties": { "start_id": 585, "end_id": 599, "km": 392.76216303981442, "from": "road", "to": "road", "type": "road" }, "geometry": { "type": "LineString", "coordinates": [ [ 15.250526414661367, -0.607932458106252 ], [ 12.509459884820165, -2.83743844333639 ] ] } },
{ "type": "Feature", "properties": { "start_id": 585, "end_id": 571, "km": 393.94449183035988, "from": "road", "to": "road", "type": "road" }, "geometry": { "type": "LineString", "coordinates": [ [ 15.250526414661367, -0.607932458106252 ], [ 18.004442841747675, 1.621220751157004 ] ] } },
{ "type": "Feature", "properties": { "start_id": 586, "end_id": 600, "km": 392.41981198798004, "from": "road", "to": "road", "type": "road" }, "geometry": { "type": "LineString", "coordinates": [ [ 20.75071716878119, -0.607932458106252 ], [ 18.013623332509024, -2.83743844333639 ] ] } },
{ "type": "Feature", "properties": { "start_id": 589, "end_id": 603, "km": 247.93054882373974, "from": "road", "to": "road", "type": "road" }, "geometry": { "type": "LineString", "coordinates": [ [ 40.001384808200655, -0.607932458106252 ], [ 40.030277123264376, -2.83743844333639 ] ] } },
{ "type": "Feature", "properties": { "start_id": 591, "end_id": 1812, "km": 239.35874985785253, "from": "road", "to": "port", "type": "road" }, "geometry": { "type": "LineString", "coordinates": [ [ 111.503864611758658, -0.607932458106252 ], [ 111.7167, -2.75 ] ] } },
{ "type": "Feature", "properties": { "start_id": 592, "end_id": 593, "km": 305.77943711574602, "from": "road", "to": "road", "type": "road" }, "geometry": { "type": "LineString", "coordinates": [ [ 114.253959988818607, -0.607932458106252 ], [ 117.0040553658785, -0.607932458106252 ] ] } },
{ "type": "Feature", "properties": { "start_id": 597, "end_id": 598, "km": 305.64227727713148, "from": "road", "to": "road", "type": "road" }, "geometry": { "type": "LineString", "coordinates": [ [ -59.044664935134819, -2.83743844333639 ], [ -56.292583211290385, -2.83743844333639 ] ] } },
{ "type": "Feature", "properties": { "start_id": 600, "end_id": 619, "km": 396.34758417157906, "from": "road", "to": "road", "type": "road" }, "geometry": { "type": "LineString", "coordinates": [ [ 18.013623332509024, -2.83743844333639 ], [ 20.800212105791562, -5.068593553092819 ] ] } },
{ "type": "Feature", "properties": { "start_id": 602, "end_id": 1611, "km": 297.30916593144599, "from": "road", "to": "port", "type": "road" }, "geometry": { "type": "LineString", "coordinates": [ [ 37.27819539941995, -2.83743844333639 ], [ 39.7552166, -3.85451992 ] ] } },
{ "type": "Feature", "properties": { "start_id": 612, "end_id": 622, "km": 249.45170345040103, "from": "road", "to": "road", "type": "road" }, "geometry": { "type": "LineString", "coordinates": [ [ -78.439366015501378, -5.068593553092819 ], [ -78.64420835845128, -7.302705218125654 ] ] } },
{ "type": "Feature", "properties": { "start_id": 613, "end_id": 612, "km": 610.65299617121877, "from": "road", "to": "road", "type": "road" }, "geometry": { "type": "LineString", "coordinates": [ [ -72.926056119873962, -5.068593553092819 ], [ -78.439366015501378, -5.068593553092819 ] ] } },
{ "type": "Feature", "properties": { "start_id": 614, "end_id": 625, "km": 383.69852765539702, "from": "road", "to": "road", "type": "road" }, "geometry": { "type": "LineString", "coordinates": [ [ -45.359506641737056, -5.068593553092819 ], [ -42.71410792151201, -7.302705218125654 ] ] } },
{ "type": "Feature", "properties": { "start_id": 618, "end_id": 619, "km": 305.3271884689172, "from": "road", "to": "road", "type": "road" }, "geometry": { "type": "LineString", "coordinates": [ [ 18.043557157977901, -5.068593553092819 ], [ 20.800212105791562, -5.068593553092819 ] ] } },
{ "type": "Feature", "properties": { "start_id": 623, "end_id": 637, "km": 410.33946457996171, "from": "road", "to": "road", "type": "road" }, "geometry": { "type": "LineString", "coordinates": [ [ -53.769523440570239, -7.302705218125654 ], [ -56.735600497212467, -9.541100900487754 ] ] } },
{ "type": "Feature", "properties": { "start_id": 623, "end_id": 649, "km": 500.73791353898804, "from": "road", "to": "road", "type": "road" }, "geometry": { "type": "LineString", "coordinates": [ [ -53.769523440570239, -7.302705218125654 ], [ -54.20816086825748, -11.785137462198822 ] ] } },
{ "type": "Feature", "properties": { "start_id": 624, "end_id": 625, "km": 304.83315484466704, "from": "road", "to": "road", "type": "road" }, "geometry": { "type": "LineString", "coordinates": [ [ -45.477961801276571, -7.302705218125654 ], [ -42.71410792151201, -7.302705218125654 ] ] } },
{ "type": "Feature", "properties": { "start_id": 626, "end_id": 627, "km": 304.83315484466704, "from": "road", "to": "road", "type": "road" }, "geometry": { "type": "LineString", "coordinates": [ [ -39.950254041747463, -7.302705218125654 ], [ -37.186400161982903, -7.302705218125654 ] ] } },
{ "type": "Feature", "properties": { "start_id": 627, "end_id": 642, "km": 249.32786666241302, "from": "road", "to": "road", "type": "road" }, "geometry": { "type": "LineString", "coordinates": [ [ -37.186400161982903, -7.302705218125654 ], [ -37.319418076953561, -9.541100900487754 ] ] } },
{ "type": "Feature", "properties": { "start_id": 630, "end_id": 631, "km": 304.83315484466732, "from": "road", "to": "road", "type": "road" }, "geometry": { "type": "LineString", "coordinates": [ [ 20.854531313072801, -7.302705218125654 ], [ 23.618385192837366, -7.302705218125654 ] ] } },
{ "type": "Feature", "properties": { "start_id": 631, "end_id": 656, "km": 498.87106597172158, "from": "road", "to": "road", "type": "road" }, "geometry": { "type": "LineString", "coordinates": [ [ 23.618385192837366, -7.302705218125654 ], [ 23.811057678368371, -11.785137462198822 ] ] } },
{ "type": "Feature", "properties": { "start_id": 632, "end_id": 2226, "km": 596.01396692194589, "from": "road", "to": "country", "type": "road" }, "geometry": { "type": "LineString", "coordinates": [ [ 29.146092952366487, -7.302705218125654 ], [ 29.9172001, -1.99797 ] ] } },
{ "type": "Feature", "properties": { "start_id": 636, "end_id": 648, "km": 369.12765872645866, "from": "road", "to": "road", "type": "road" }, "geometry": { "type": "LineString", "coordinates": [ [ -65.056821534466295, -9.541100900487754 ], [ -62.567362855395963, -11.785137462198822 ] ] } },
{ "type": "Feature", "properties": { "start_id": 637, "end_id": 661, "km": 503.76125998608291, "from": "road", "to": "road", "type": "road" }, "geometry": { "type": "LineString", "coordinates": [ [ -56.735600497212467, -9.541100900487754 ], [ -57.312570689872494, -14.036211162067465 ] ] } },
{ "type": "Feature", "properties": { "start_id": 638, "end_id": 639, "km": 304.1585682648128, "from": "road", "to": "road", "type": "road" }, "geometry": { "type": "LineString", "coordinates": [ [ -48.414379459958653, -9.541100900487754 ], [ -45.640639114207389, -9.541100900487754 ] ] } },
{ "type": "Feature", "properties": { "start_id": 638, "end_id": 652, "km": 375.28603510018303, "from": "road", "to": "road", "type": "road" }, "geometry": { "type": "LineString", "coordinates": [ [ -48.414379459958653, -9.541100900487754 ], [ -45.848958881118996, -11.785137462198822 ] ] } },
{ "type": "Feature", "properties": { "start_id": 640, "end_id": 653, "km": 377.35706228125707, "from": "road", "to": "road", "type": "road" }, "geometry": { "type": "LineString", "coordinates": [ [ -42.866898768456103, -9.541100900487754 ], [ -40.276157556360012, -11.785137462198822 ] ] } },
{ "type": "Feature", "properties": { "start_id": 644, "end_id": 670, "km": 501.31461932395052, "from": "road", "to": "road", "type": "road" }, "geometry": { "type": "LineString", "coordinates": [ [ 34.797830912579585, -9.541100900487754 ], [ 35.151705922799465, -14.036211162067465 ] ] } },
{ "type": "Feature", "properties": { "start_id": 646, "end_id": 660, "km": 362.68217209796137, "from": "road", "to": "road", "type": "road" }, "geometry": { "type": "LineString", "coordinates": [ [ -68.140164180154954, -11.785137462198822 ], [ -65.718414018297224, -14.036211162067465 ] ] } },
{ "type": "Feature", "properties": { "start_id": 646, "end_id": 659, "km": 426.12930948943136, "from": "road", "to": "road", "type": "road" }, "geometry": { "type": "LineString", "coordinates": [ [ -68.140164180154954, -11.785137462198822 ], [ -71.322309570580373, -14.036211162067465 ] ] } },
{ "type": "Feature", "properties": { "start_id": 648, "end_id": 1137, "km": 366.91267263536207, "from": "road", "to": "port", "type": "road" }, "geometry": { "type": "LineString", "coordinates": [ [ -62.567362855395963, -11.785137462198822 ], [ -63.9184, -8.76497 ] ] } },
{ "type": "Feature", "properties": { "start_id": 655, "end_id": 665, "km": 385.08227518606606, "from": "road", "to": "road", "type": "road" }, "geometry": { "type": "LineString", "coordinates": [ [ 18.238256353609408, -11.785137462198822 ], [ 15.538071489808432, -14.036211162067465 ] ] } },
{ "type": "Feature", "properties": { "start_id": 656, "end_id": 668, "km": 404.74227544619151, "from": "road", "to": "road", "type": "road" }, "geometry": { "type": "LineString", "coordinates": [ [ 23.811057678368371, -11.785137462198822 ], [ 26.745862594374717, -14.036211162067465 ] ] } },
{ "type": "Feature", "properties": { "start_id": 658, "end_id": 659, "km": 302.25817428948068, "from": "road", "to": "road", "type": "road" }, "geometry": { "type": "LineString", "coordinates": [ [ -74.124257346721947, -14.036211162067465 ], [ -71.322309570580373, -14.036211162067465 ] ] } },
{ "type": "Feature", "properties": { "start_id": 661, "end_id": 694, "km": 511.25687601806675, "from": "road", "to": "road", "type": "road" }, "geometry": { "type": "LineString", "coordinates": [ [ -57.312570689872494, -14.036211162067465 ], [ -58.138071035531951, -18.565318306554289 ] ] } },
{ "type": "Feature", "properties": { "start_id": 662, "end_id": 663, "km": 302.25817428948284, "from": "road", "to": "road", "type": "road" }, "geometry": { "type": "LineString", "coordinates": [ [ -51.708675137589353, -14.036211162067465 ], [ -48.906727361447771, -14.036211162067465 ] ] } },
{ "type": "Feature", "properties": { "start_id": 664, "end_id": 679, "km": 417.54124222062967, "from": "road", "to": "road", "type": "road" }, "geometry": { "type": "LineString", "coordinates": [ [ -43.302831809164623, -14.036211162067465 ], [ -46.410445442171557, -16.295768517305071 ] ] } },
{ "type": "Feature", "properties": { "start_id": 667, "end_id": 655, "km": 402.09956814771317, "from": "road", "to": "road", "type": "road" }, "geometry": { "type": "LineString", "coordinates": [ [ 21.141967042091554, -14.036211162067465 ], [ 18.238256353609408, -11.785137462198822 ] ] } },
{ "type": "Feature", "properties": { "start_id": 669, "end_id": 683, "km": 375.95063262059443, "from": "road", "to": "road", "type": "road" }, "geometry": { "type": "LineString", "coordinates": [ [ 32.349758146657877, -14.036211162067465 ], [ 29.743706693123968, -16.295768517305071 ] ] } },
{ "type": "Feature", "properties": { "start_id": 675, "end_id": 693, "km": 434.24796233352788, "from": "road", "to": "road", "type": "road" }, "geometry": { "type": "LineString", "coordinates": [ [ -63.33359036112612, -16.295768517305071 ], [ -66.66498774261774, -18.565318306554289 ] ] } },
{ "type": "Feature", "properties": { "start_id": 676, "end_id": 1177, "km": 423.59192264349366, "from": "road", "to": "port", "type": "road" }, "geometry": { "type": "LineString", "coordinates": [ [ -54.872017901648832, -16.295768517305071 ], [ -57.7073665, -18.98142376 ] ] } },
{ "type": "Feature", "properties": { "start_id": 679, "end_id": 697, "km": 364.84787963846264, "from": "road", "to": "road", "type": "road" }, "geometry": { "type": "LineString", "coordinates": [ [ -46.410445442171557, -16.295768517305071 ], [ -43.926543190388976, -18.565318306554289 ] ] } },
{ "type": "Feature", "properties": { "start_id": 681, "end_id": 682, "km": 301.02589778990301, "from": "road", "to": "road", "type": "road" }, "geometry": { "type": "LineString", "coordinates": [ [ 24.102658386805768, -16.295768517305071 ], [ 26.92318253996487, -16.295768517305071 ] ] } },
{ "type": "Feature", "properties": { "start_id": 681, "end_id": 699, "km": 378.25655861561177, "from": "road", "to": "road", "type": "road" }, "geometry": { "type": "LineString", "coordinates": [ [ 24.102658386805768, -16.295768517305071 ], [ 21.446484897268682, -18.565318306554289 ] ] } },
{ "type": "Feature", "properties": { "start_id": 683, "end_id": 2230, "km": 301.0029214146868, "from": "road", "to": "country", "type": "road" }, "geometry": { "type": "LineString", "coordinates": [ [ 29.743706693123968, -16.295768517305071 ], [ 29.8717995, -19.0 ] ] } },
{ "type": "Feature", "properties": { "start_id": 684, "end_id": 685, "km": 301.02589778990239, "from": "road", "to": "road", "type": "road" }, "geometry": { "type": "LineString", "coordinates": [ [ 32.564230846283067, -16.295768517305071 ], [ 35.384754999442166, -16.295768517305071 ] ] } },
{ "type": "Feature", "properties": { "start_id": 687, "end_id": 688, "km": 301.02589778990239, "from": "road", "to": "road", "type": "road" }, "geometry": { "type": "LineString", "coordinates": [ [ 46.666851612078524, -16.295768517305071 ], [ 49.487375765237623, -16.295768517305071 ] ] } },
{ "type": "Feature", "properties": { "start_id": 689, "end_id": 707, "km": 482.60262785525458, "from": "road", "to": "road", "type": "road" }, "geometry": { "type": "LineString", "coordinates": [ [ 134.103100360010416, -16.295768517305071 ], [ 137.981013227441053, -18.565318306554289 ] ] } },
{ "type": "Feature", "properties": { "start_id": 694, "end_id": 712, "km": 353.4822998247767, "from": "road", "to": "road", "type": "road" }, "geometry": { "type": "LineString", "coordinates": [ [ -58.138071035531951, -18.565318306554289 ], [ -55.786028517258309, -20.846445046128025 ] ] } },
{ "type": "Feature", "properties": { "start_id": 698, "end_id": 715, "km": 256.49942443761097, "from": "road", "to": "road", "type": "road" }, "geometry": { "type": "LineString", "coordinates": [ [ -41.084237621360401, -18.565318306554289 ], [ -41.448498492048422, -20.846445046128025 ] ] } },
{ "type": "Feature", "properties": { "start_id": 699, "end_id": 717, "km": 408.37549307076284, "from": "road", "to": "road", "type": "road" }, "geometry": { "type": "LineString", "coordinates": [ [ 21.446484897268682, -18.565318306554289 ], [ 24.504139623917101, -20.846445046128025 ] ] } },
{ "type": "Feature", "properties": { "start_id": 702, "end_id": 719, "km": 255.17045799699952, "from": "road", "to": "road", "type": "road" }, "geometry": { "type": "LineString", "coordinates": [ [ 29.973401604354486, -18.565318306554289 ], [ 30.239151634001075, -20.846445046128025 ] ] } },
{ "type": "Feature", "properties": { "start_id": 703, "end_id": 720, "km": 255.47147084254601, "from": "road", "to": "road", "type": "road" }, "geometry": { "type": "LineString", "coordinates": [ [ 32.815707173383082, -18.565318306554289 ], [ 33.106657639043057, -20.846445046128025 ] ] } },
{ "type": "Feature", "properties": { "start_id": 709, "end_id": 724, "km": 286.55688160556628, "from": "road", "to": "road", "type": "road" }, "geometry": { "type": "LineString", "coordinates": [ [ 143.665624365498275, -18.565318306554289 ], [ 144.939391835680226, -20.846445046128025 ] ] } },
{ "type": "Feature", "properties": { "start_id": 712, "end_id": 729, "km": 350.73123346918067, "from": "road", "to": "road", "type": "road" }, "geometry": { "type": "LineString", "coordinates": [ [ -55.786028517258309, -20.846445046128025 ], [ -53.451451571968128, -23.140824346297673 ] ] } },
{ "type": "Feature", "properties": { "start_id": 713, "end_id": 730, "km": 354.84336787172037, "from": "road", "to": "road", "type": "road" }, "geometry": { "type": "LineString", "coordinates": [ [ -50.051016507174346, -20.846445046128025 ], [ -47.658683706030608, -23.140824346297673 ] ] } },
{ "type": "Feature", "properties": { "start_id": 713, "end_id": 729, "km": 433.56052456126713, "from": "road", "to": "road", "type": "road" }, "geometry": { "type": "LineString", "coordinates": [ [ -50.051016507174346, -20.846445046128025 ], [ -53.451451571968128, -23.140824346297673 ] ] } },
{ "type": "Feature", "properties": { "start_id": 714, "end_id": 731, "km": 259.23890225218014, "from": "road", "to": "road", "type": "road" }, "geometry": { "type": "LineString", "coordinates": [ [ -44.316004497090383, -20.846445046128025 ], [ -44.762299773061834, -23.140824346297673 ] ] } },
{ "type": "Feature", "properties": { "start_id": 723, "end_id": 740, "km": 506.15180938382105, "from": "road", "to": "road", "type": "road" }, "geometry": { "type": "LineString", "coordinates": [ [ 133.469367815512356, -20.846445046128025 ], [ 137.709888003970235, -23.140824346297673 ] ] } },
{ "type": "Feature", "properties": { "start_id": 723, "end_id": 738, "km": 524.79131160642521, "from": "road", "to": "road", "type": "road" }, "geometry": { "type": "LineString", "coordinates": [ [ 133.469367815512356, -20.846445046128025 ], [ 129.02073620506394, -23.140824346297673 ] ] } },
{ "type": "Feature", "properties": { "start_id": 726, "end_id": 743, "km": 339.48500512415455, "from": "road", "to": "road", "type": "road" }, "geometry": { "type": "LineString", "coordinates": [ [ -65.036987303843176, -23.140824346297673 ], [ -62.845737969950669, -25.450240656158165 ] ] } },
{ "type": "Feature", "properties": { "start_id": 727, "end_id": 728, "km": 296.14567555254678, "from": "road", "to": "road", "type": "road" }, "geometry": { "type": "LineString", "coordinates": [ [ -62.140603370874416, -23.140824346297673 ], [ -59.244219437905649, -23.140824346297673 ] ] } },
{ "type": "Feature", "properties": { "start_id": 728, "end_id": 744, "km": 265.678116290888, "from": "road", "to": "road", "type": "road" }, "geometry": { "type": "LineString", "coordinates": [ [ -59.244219437905649, -23.140824346297673 ], [ -59.916487595194134, -25.450240656158165 ] ] } },
{ "type": "Feature", "properties": { "start_id": 733, "end_id": 734, "km": 296.1456755525432, "from": "road", "to": "road", "type": "road" }, "geometry": { "type": "LineString", "coordinates": [ [ 18.958146752250958, -23.140824346297673 ], [ 21.854530685219689, -23.140824346297673 ] ] } },
{ "type": "Feature", "properties": { "start_id": 735, "end_id": 736, "km": 296.14567555254644, "from": "road", "to": "road", "type": "road" }, "geometry": { "type": "LineString", "coordinates": [ [ 27.647298551157231, -23.140824346297673 ], [ 30.543682484125995, -23.140824346297673 ] ] } },
{ "type": "Feature", "properties": { "start_id": 740, "end_id": 758, "km": 301.69378978490454, "from": "road", "to": "road", "type": "road" }, "geometry": { "type": "LineString", "coordinates": [ [ 137.709888003970235, -23.140824346297673 ], [ 139.272537888249076, -25.450240656158165 ] ] } },
{ "type": "Feature", "properties": { "start_id": 741, "end_id": 742, "km": 296.14567555254678, "from": "road", "to": "road", "type": "road" }, "geometry": { "type": "LineString", "coordinates": [ [ 143.502655869907727, -23.140824346297673 ], [ 146.399039802876501, -23.140824346297673 ] ] } },
{ "type": "Feature", "properties": { "start_id": 741, "end_id": 758, "km": 499.68154414716713, "from": "road", "to": "road", "type": "road" }, "geometry": { "type": "LineString", "coordinates": [ [ 143.502655869907727, -23.140824346297673 ], [ 139.272537888249076, -25.450240656158165 ] ] } },
{ "type": "Feature", "properties": { "start_id": 745, "end_id": 762, "km": 268.51177325099371, "from": "road", "to": "road", "type": "road" }, "geometry": { "type": "LineString", "coordinates": [ [ -56.987237220437628, -25.450240656158165 ], [ -57.711508474641128, -27.776608043769507 ] ] } },
{ "type": "Feature", "properties": { "start_id": 746, "end_id": 747, "km": 294.10382903105295, "from": "road", "to": "road", "type": "road" }, "geometry": { "type": "LineString", "coordinates": [ [ -54.057986845681107, -25.450240656158165 ], [ -51.128736470924586, -25.450240656158165 ] ] } },
{ "type": "Feature", "properties": { "start_id": 748, "end_id": 749, "km": 294.10382903105324, "from": "road", "to": "road", "type": "road" }, "geometry": { "type": "LineString", "coordinates": [ [ 16.244022148475327, -25.450240656158165 ], [ 19.173272523231851, -25.450240656158165 ] ] } },
{ "type": "Feature", "properties": { "start_id": 750, "end_id": 751, "km": 294.10382903105324, "from": "road", "to": "road", "type": "road" }, "geometry": { "type": "LineString", "coordinates": [ [ 22.102522897988333, -25.450240656158165 ], [ 25.031773272744857, -25.450240656158165 ] ] } },
{ "type": "Feature", "properties": { "start_id": 751, "end_id": 752, "km": 294.10382903105358, "from": "road", "to": "road", "type": "road" }, "geometry": { "type": "LineString", "coordinates": [ [ 25.031773272744857, -25.450240656158165 ], [ 27.961023647501385, -25.450240656158165 ] ] } },
{ "type": "Feature", "properties": { "start_id": 756, "end_id": 771, "km": 506.94695167714696, "from": "road", "to": "road", "type": "road" }, "geometry": { "type": "LineString", "coordinates": [ [ 121.697035639709966, -25.450240656158165 ], [ 117.310768411985023, -27.776608043769507 ] ] } },
{ "type": "Feature", "properties": { "start_id": 756, "end_id": 788, "km": 520.22960555395559, "from": "road", "to": "road", "type": "road" }, "geometry": { "type": "LineString", "coordinates": [ [ 121.697035639709966, -25.450240656158165 ], [ 121.981844098270727, -30.12199484734095 ] ] } },
{ "type": "Feature", "properties": { "start_id": 760, "end_id": 761, "km": 291.84132308608991, "from": "road", "to": "road", "type": "road" }, "geometry": { "type": "LineString", "coordinates": [ [ -63.644467013170832, -27.776608043769507 ], [ -60.677987743905973, -27.776608043769507 ] ] } },
{ "type": "Feature", "properties": { "start_id": 761, "end_id": 744, "km": 269.52756322760058, "from": "road", "to": "road", "type": "road" }, "geometry": { "type": "LineString", "coordinates": [ [ -60.677987743905973, -27.776608043769507 ], [ -59.916487595194134, -25.450240656158165 ] ] } },
{ "type": "Feature", "properties": { "start_id": 763, "end_id": 764, "km": 291.84132308608923, "from": "road", "to": "road", "type": "road" }, "geometry": { "type": "LineString", "coordinates": [ [ -54.745029205376277, -27.776608043769507 ], [ -51.778549936111425, -27.776608043769507 ] ] } },
{ "type": "Feature", "properties": { "start_id": 765, "end_id": 766, "km": 291.84132308608577, "from": "road", "to": "road", "type": "road" }, "geometry": { "type": "LineString", "coordinates": [ [ 19.416952526244987, -27.776608043769507 ], [ 22.383431795509804, -27.776608043769507 ] ] } },
{ "type": "Feature", "properties": { "start_id": 774, "end_id": 793, "km": 327.7778076376307, "from": "road", "to": "road", "type": "road" }, "geometry": { "type": "LineString", "coordinates": [ [ 144.009081835368676, -27.776608043769507 ], [ 146.050011185245182, -30.12199484734095 ] ] } },
{ "type": "Feature", "properties": { "start_id": 774, "end_id": 791, "km": 466.51435328398298, "from": "road", "to": "road", "type": "road" }, "geometry": { "type": "LineString", "coordinates": [ [ 144.009081835368676, -27.776608043769507 ], [ 140.032969413501604, -30.12199484734095 ] ] } },
{ "type": "Feature", "properties": { "start_id": 778, "end_id": 777, "km": 289.34825996319131, "from": "road", "to": "road", "type": "road" }, "geometry": { "type": "LineString", "coordinates": [ [ -67.554971711653323, -30.12199484734095 ], [ -70.563492597525126, -30.12199484734095 ] ] } },
{ "type": "Feature", "properties": { "start_id": 778, "end_id": 779, "km": 289.34825996319381, "from": "road", "to": "road", "type": "road" }, "geometry": { "type": "LineString", "coordinates": [ [ -67.554971711653323, -30.12199484734095 ], [ -64.546450825781506, -30.12199484734095 ] ] } },
{ "type": "Feature", "properties": { "start_id": 780, "end_id": 797, "km": 278.8099788345836, "from": "road", "to": "road", "type": "road" }, "geometry": { "type": "LineString", "coordinates": [ [ -61.537929939909688, -30.12199484734095 ], [ -62.50744353609457, -32.488653294573965 ] ] } },
{ "type": "Feature", "properties": { "start_id": 781, "end_id": 762, "km": 272.66415777288012, "from": "road", "to": "road", "type": "road" }, "geometry": { "type": "LineString", "coordinates": [ [ -58.529409054037878, -30.12199484734095 ], [ -57.711508474641128, -27.776608043769507 ] ] } },
{ "type": "Feature", "properties": { "start_id": 782, "end_id": 781, "km": 289.34825996319256, "from": "road", "to": "road", "type": "road" }, "geometry": { "type": "LineString", "coordinates": [ [ -55.520888168166074, -30.12199484734095 ], [ -58.529409054037878, -30.12199484734095 ] ] } },
{ "type": "Feature", "properties": { "start_id": 789, "end_id": 790, "km": 578.64623951226463, "from": "road", "to": "road", "type": "road" }, "geometry": { "type": "LineString", "coordinates": [ [ 127.99888587001432, -30.12199484734095 ], [ 134.015927641757969, -30.12199484734095 ] ] } },
{ "type": "Feature", "properties": { "start_id": 801, "end_id": 802, "km": 286.61305944278888, "from": "road", "to": "road", "type": "road" }, "geometry": { "type": "LineString", "coordinates": [ [ 20.00237827265758, -32.488653294573965 ], [ 23.058297598907625, -32.488653294573965 ] ] } },
{ "type": "Feature", "properties": { "start_id": 804, "end_id": 1847, "km": 281.99706618757284, "from": "road", "to": "port", "type": "road" }, "geometry": { "type": "LineString", "coordinates": [ [ 117.79179671266013, -32.488653294573965 ], [ 117.8861631, -35.02350041 ] ] } },
{ "type": "Feature", "properties": { "start_id": 804, "end_id": 812, "km": 283.0056505742462, "from": "road", "to": "road", "type": "road" }, "geometry": { "type": "LineString", "coordinates": [ [ 117.79179671266013, -32.488653294573965 ], [ 116.741415668770316, -34.879055553177587 ] ] } },
{ "type": "Feature", "properties": { "start_id": 808, "end_id": 814, "km": 427.94101623491224, "from": "road", "to": "road", "type": "road" }, "geometry": { "type": "LineString", "coordinates": [ [ 148.3509899751609, -32.488653294573965 ], [ 144.725436081414188, -34.879055553177587 ] ] } },
{ "type": "Feature", "properties": { "start_id": 809, "end_id": 816, "km": 314.43077734853665, "from": "road", "to": "road", "type": "road" }, "geometry": { "type": "LineString", "coordinates": [ [ -69.818720415522108, -34.879055553177587 ], [ -68.001867665695542, -37.295938195578451 ] ] } },
{ "type": "Feature", "properties": { "start_id": 810, "end_id": 811, "km": 283.62214086345131, "from": "road", "to": "road", "type": "road" }, "geometry": { "type": "LineString", "coordinates": [ [ -63.600049212712342, -34.879055553177587 ], [ -60.490713611307477, -34.879055553177587 ] ] } },
{ "type": "Feature", "properties": { "start_id": 810, "end_id": 817, "km": 290.65376375828419, "from": "road", "to": "road", "type": "road" }, "geometry": { "type": "LineString", "coordinates": [ [ -63.600049212712342, -34.879055553177587 ], [ -64.832289222060638, -37.295938195578451 ] ] } },
{ "type": "Feature", "properties": { "start_id": 816, "end_id": 824, "km": 300.22357725424484, "from": "road", "to": "road", "type": "road" }, "geometry": { "type": "LineString", "coordinates": [ [ -68.001867665695542, -37.295938195578451 ], [ -69.462227283856151, -39.742357812707255 ] ] } },
{ "type": "Feature", "properties": { "start_id": 820, "end_id": 821, "km": 280.35951465523686, "from": "road", "to": "road", "type": "road" }, "geometry": { "type": "LineString", "coordinates": [ [ 141.190309614206598, -37.295938195578451 ], [ 144.359888057841516, -37.295938195578451 ] ] } },
{ "type": "Feature", "properties": { "start_id": 825, "end_id": 829, "km": 305.84541653389562, "from": "road", "to": "road", "type": "road" }, "geometry": { "type": "LineString", "coordinates": [ [ -66.224581233777968, -39.742357812707255 ], [ -67.80239466359663, -42.221761620272943 ] ] } },
{ "type": "Feature", "properties": { "start_id": 828, "end_id": 831, "km": 305.46043110247132, "from": "road", "to": "road", "type": "road" }, "geometry": { "type": "LineString", "coordinates": [ [ -71.117178255711949, -42.221761620272943 ], [ -69.597902692237639, -44.738078571830663 ] ] } },
{ "type": "Feature", "properties": { "start_id": 833, "end_id": 2074, "km": 214.68782784530518, "from": "road", "to": "port", "type": "road" }, "geometry": { "type": "LineString", "coordinates": [ [ 168.581575959144288, -44.738078571830663 ], [ 171.25, -44.4 ] ] } },
{ "type": "Feature", "properties": { "start_id": 919, "end_id": 2138, "km": 248.14282083737538, "from": "port", "to": "country", "type": "road" }, "geometry": { "type": "LineString", "coordinates": [ [ -92.4422, 14.7372 ], [ -90.3569031, 15.7023001 ] ] } },
{ "type": "Feature", "properties": { "start_id": 951, "end_id": 958, "km": 292.88400146835704, "from": "port", "to": "port", "type": "road" }, "geometry": { "type": "LineString", "coordinates": [ [ -86.3963, 48.74093 ], [ -84.347588, 46.497712 ] ] } },
{ "type": "Feature", "properties": { "start_id": 958, "end_id": 959, "km": 126.65493335911493, "from": "port", "to": "port", "type": "road" }, "geometry": { "type": "LineString", "coordinates": [ [ -84.347588, 46.497712 ], [ -83.8158, 45.42033 ] ] } },
{ "type": "Feature", "properties": { "start_id": 962, "end_id": 451, "km": 262.89169753461107, "from": "port", "to": "road", "type": "road" }, "geometry": { "type": "LineString", "coordinates": [ [ -83.38501, 14.02004 ], [ -85.577467049834354, 15.062139851324615 ] ] } },
{ "type": "Feature", "properties": { "start_id": 965, "end_id": 966, "km": 168.83716369763386, "from": "port", "to": "port", "type": "road" }, "geometry": { "type": "LineString", "coordinates": [ [ -83.04904688, 9.978143558 ], [ -83.0283606, 8.45989176 ] ] } },
{ "type": "Feature", "properties": { "start_id": 970, "end_id": 992, "km": 260.38999386842642, "from": "port", "to": "port", "type": "road" }, "geometry": { "type": "LineString", "coordinates": [ [ -82.51443288, 27.64956102 ], [ -80.0722, 26.7739 ] ] } },
{ "type": "Feature", "properties": { "start_id": 982, "end_id": 1006, "km": 190.92699033744319, "from": "port", "to": "port", "type": "road" }, "geometry": { "type": "LineString", "coordinates": [ [ -80.9255, 44.58433 ], [ -78.74139919, 43.87768197 ] ] } },
{ "type": "Feature", "properties": { "start_id": 986, "end_id": 998, "km": 105.05490488468109, "from": "port", "to": "port", "type": "road" }, "geometry": { "type": "LineString", "coordinates": [ [ -80.694628, 9.01982 ], [ -79.74076726, 9.092653688 ] ] } },
{ "type": "Feature", "properties": { "start_id": 1015, "end_id": 1023, "km": 82.858808227813014, "from": "port", "to": "port", "type": "road" }, "geometry": { "type": "LineString", "coordinates": [ [ -77.82028513, 18.38800137 ], [ -77.22777251, 17.89989252 ] ] } },
{ "type": "Feature", "properties": { "start_id": 1017, "end_id": 1024, "km": 102.87753815779223, "from": "port", "to": "port", "type": "road" }, "geometry": { "type": "LineString", "coordinates": [ [ -77.6167, 20.7 ], [ -77.21042, 21.54402 ] ] } },
{ "type": "Feature", "properties": { "start_id": 1036, "end_id": 1037, "km": 88.326487700637088, "from": "port", "to": "port", "type": "road" }, "geometry": { "type": "LineString", "coordinates": [ [ -75.8375, 20.0056 ], [ -75.66669433, 20.78363838 ] ] } },
{ "type": "Feature", "properties": { "start_id": 1084, "end_id": 1101, "km": 107.24401170570461, "from": "port", "to": "port", "type": "road" }, "geometry": { "type": "LineString", "coordinates": [ [ -70.85971866, 48.37298362 ], [ -69.45885099, 48.12781973 ] ] } },
{ "type": "Feature", "properties": { "start_id": 1084, "end_id": 1108, "km": 173.74415615689767, "from": "port", "to": "port", "type": "road" }, "geometry": { "type": "LineString", "coordinates": [ [ -70.85971866, 48.37298362 ], [ -68.51056642, 48.48112807 ] ] } },
{ "type": "Feature", "properties": { "start_id": 1119, "end_id": 1125, "km": 103.05425828277259, "from": "port", "to": "port", "type": "road" }, "geometry": { "type": "LineString", "coordinates": [ [ -66.84464424, 18.21203949 ], [ -65.87181722, 18.28517286 ] ] } },
{ "type": "Feature", "properties": { "start_id": 1137, "end_id": 1141, "km": 522.13146396801483, "from": "port", "to": "port", "type": "road" }, "geometry": { "type": "LineString", "coordinates": [ [ -63.9184, -8.76497 ], [ -63.1342, -4.1344 ] ] } },
{ "type": "Feature", "properties": { "start_id": 1141, "end_id": 1168, "km": 531.20033389381399, "from": "port", "to": "port", "type": "road" }, "geometry": { "type": "LineString", "coordinates": [ [ -63.1342, -4.1344 ], [ -58.45, -3.15 ] ] } },
{ "type": "Feature", "properties": { "start_id": 1183, "end_id": 1194, "km": 214.71284470532569, "from": "port", "to": "port", "type": "road" }, "geometry": { "type": "LineString", "coordinates": [ [ -56.3989, -1.4669 ], [ -54.7167, -2.4167 ] ] } },
{ "type": "Feature", "properties": { "start_id": 1251, "end_id": 2179, "km": 189.56461801512941, "from": "port", "to": "country", "type": "road" }, "geometry": { "type": "LineString", "coordinates": [ [ -21.95622897, 64.08728885 ], [ -18.5757999, 64.9786987 ] ] } },
{ "type": "Feature", "properties": { "start_id": 1318, "end_id": 1319, "km": 125.50658423229712, "from": "port", "to": "port", "type": "road" }, "geometry": { "type": "LineString", "coordinates": [ [ -3.085450671, 47.58357153 ], [ -3.026634247, 48.71159705 ] ] } },
{ "type": "Feature", "properties": { "start_id": 1362, "end_id": 1385, "km": 243.30931297132994, "from": "port", "to": "port", "type": "road" }, "geometry": { "type": "LineString", "coordinates": [ [ 5.249554897, 43.36553195 ], [ 8.13400794, 44.02837314 ] ] } },
{ "type": "Feature", "properties": { "start_id": 1525, "end_id": 2151, "km": 134.94638812075232, "from": "port", "to": "country", "type": "road" }, "geometry": { "type": "LineString", "coordinates": [ [ 25.9493, 43.85683 ], [ 25.2313995, 42.7613983 ] ] } },
{ "type": "Feature", "properties": { "start_id": 1577, "end_id": 2225, "km": 295.98312846308522, "from": "port", "to": "country", "type": "road" }, "geometry": { "type": "LineString", "coordinates": [ [ 34.8333, -19.8333 ], [ 35.5522995, -17.2602005 ] ] } },
{ "type": "Feature", "properties": { "start_id": 1578, "end_id": 2195, "km": 142.77925197083678, "from": "port", "to": "country", "type": "road" }, "geometry": { "type": "LineString", "coordinates": [ [ 34.94963392, 32.64207056 ], [ 34.9659996, 31.3581009 ] ] } },
{ "type": "Feature", "properties": { "start_id": 1580, "end_id": 1589, "km": 203.73511572412141, "from": "port", "to": "port", "type": "road" }, "geometry": { "type": "LineString", "coordinates": [ [ 35.08096394, 48.17579408 ], [ 36.7833, 46.75 ] ] } },
{ "type": "Feature", "properties": { "start_id": 1636, "end_id": 1655, "km": 318.08787453078395, "from": "port", "to": "port", "type": "road" }, "geometry": { "type": "LineString", "coordinates": [ [ 46.0167, 51.5333 ], [ 49.9333, 53.1 ] ] } },
{ "type": "Feature", "properties": { "start_id": 1653, "end_id": 1667, "km": 285.75573267920731, "from": "port", "to": "port", "type": "road" }, "geometry": { "type": "LineString", "coordinates": [ [ 49.46727, 37.4766 ], [ 52.532818, 36.686728 ] ] } },
{ "type": "Feature", "properties": { "start_id": 1659, "end_id": 1640, "km": 389.38353196373549, "from": "port", "to": "port", "type": "road" }, "geometry": { "type": "LineString", "coordinates": [ [ 51.16513, 43.62732 ], [ 48.05, 46.35 ] ] } },
{ "type": "Feature", "properties": { "start_id": 1677, "end_id": 1683, "km": 165.74184788685776, "from": "port", "to": "port", "type": "road" }, "geometry": { "type": "LineString", "coordinates": [ [ 54.79738462, 24.81886099 ], [ 56.36503284, 25.27127136 ] ] } },
{ "type": "Feature", "properties": { "start_id": 1755, "end_id": 1766, "km": 316.16198420310053, "from": "port", "to": "port", "type": "road" }, "geometry": { "type": "LineString", "coordinates": [ [ 100.3944, -1.0169 ], [ 103.1539, -0.3308 ] ] } },
{ "type": "Feature", "properties": { "start_id": 1779, "end_id": 1786, "km": 127.65424110050591, "from": "port", "to": "port", "type": "road" }, "geometry": { "type": "LineString", "coordinates": [ [ 105.7958, 10.0528 ], [ 106.8333655, 10.57810105 ] ] } },
{ "type": "Feature", "properties": { "start_id": 1795, "end_id": 1800, "km": 182.51026572039555, "from": "port", "to": "port", "type": "road" }, "geometry": { "type": "LineString", "coordinates": [ [ 108.8297, 15.3525 ], [ 109.2636111, 13.76578132 ] ] } },
{ "type": "Feature", "properties": { "start_id": 1876, "end_id": 2104, "km": 130.99408279844835, "from": "port", "to": "country", "type": "road" }, "geometry": { "type": "LineString", "coordinates": [ [ 120.3126398, 22.72941719 ], [ 120.9459991, 23.7537003 ] ] } },
{ "type": "Feature", "properties": { "start_id": 1889, "end_id": 1877, "km": 250.14678598961194, "from": "port", "to": "port", "type": "road" }, "geometry": { "type": "LineString", "coordinates": [ [ 121.3468469, 31.22940971 ], [ 120.335176, 33.31009729 ] ] } },
{ "type": "Feature", "properties": { "start_id": 1983, "end_id": 1994, "km": 159.93663801124271, "from": "port", "to": "port", "type": "road" }, "geometry": { "type": "LineString", "coordinates": [ [ 139.855, 38.9167 ], [ 141.4882643, 39.6020285 ] ] } },
{ "type": "Feature", "properties": { "start_id": 2118, "end_id": 360, "km": 337.94131653669837, "from": "country", "to": "road", "type": "road" }, "geometry": { "type": "LineString", "coordinates": [ [ 83.9384995, 28.2530003 ], [ 81.138071466051684, 26.505456470477299 ] ] } },
{ "type": "Feature", "properties": { "start_id": 2133, "end_id": 1020, "km": 416.99713978006923, "from": "country", "to": "port", "type": "road" }, "geometry": { "type": "LineString", "coordinates": [ [ -74.3753967, -9.1637697 ], [ -77.40606675, -11.4383431 ] ] } },
{ "type": "Feature", "properties": { "start_id": 2158, "end_id": 99, "km": 255.28891003743675, "from": "country", "to": "road", "type": "road" }, "geometry": { "type": "LineString", "coordinates": [ [ 2.50053, 46.2094994 ], [ 1.938283828936712, 48.473553704137302 ] ] } },
{ "type": "Feature", "properties": { "start_id": 2169, "end_id": 53, "km": 229.25592939927202, "from": "country", "to": "road", "type": "road" }, "geometry": { "type": "LineString", "coordinates": [ [ 19.4008999, 52.1246986 ], [ 17.372052136355954, 53.78531077684525 ] ] } },
{ "type": "Feature", "properties": { "start_id": 2182, "end_id": 1730, "km": 951.35289962418767, "from": "country", "to": "port", "type": "road" }, "geometry": { "type": "LineString", "coordinates": [ [ 96.6893997, 61.9882011 ], [ 86.17167206, 69.39841121 ] ] } },
{ "type": "Feature", "properties": { "start_id": 2190, "end_id": 2192, "km": 241.79204069904367, "from": "country", "to": "country", "type": "road" }, "geometry": { "type": "LineString", "coordinates": [ [ 44.9478989, 40.2863998 ], [ 43.517601, 42.1763 ] ] } },
{ "type": "Feature", "properties": { "start_id": 2213, "end_id": 527, "km": 280.56136584372933, "from": "country", "to": "road", "type": "road" }, "geometry": { "type": "LineString", "coordinates": [ [ -10.9418001, 10.4385004 ], [ -12.330228675824396, 8.319543933089816 ] ] } },
{ "type": "Feature", "properties": { "start_id": 2232, "end_id": 718, "km": 396.73885627328207, "from": "country", "to": "road", "type": "road" }, "geometry": { "type": "LineString", "coordinates": [ [ 23.8150997, -22.1819992 ], [ 27.37164562895909, -20.846445046128025 ] ] } }
]
}
