{
"type": "FeatureCollection",
"name": "road",
"crs": { "type": "name", "properties": { "name": "urn:ogc:def:crs:OGC:1.3:CRS84" } },
"features": [
{ "type": "Feature", "properties": { "type": "road", "longitude": 23.529905212057749, "latitude": 68.431934303023993, "Id": 1, "class": null, "Code": null, "Name": null, "Lon": null, "Lat": null }, "geometry": { "type": "Point", "coordinates": [ 23.529905212057749, 68.431934303023993 ] } },
{ "type": "Feature", "properties": { "type": "road", "longitude": 64.942546649263477, "latitude": 68.431934303023993, "Id": 2, "class": null, "Code": null, "Name": null, "Lon": null, "Lat": null }, "geometry": { "type": "Point", "coordinates": [ 64.942546649263477, 68.431934303023993 ] } },
{ "type": "Feature", "properties": { "type": "road", "longitude": 132.23808898472271, "latitude": 68.431934303023993, "Id": 3, "class": null, "Code": null, "Name": null, "Lon": null, "Lat": null }, "geometry": { "type": "Point", "coordinates": [ 132.238088984722708, 68.431934303023993 ] } },
{ "type": "Feature", "properties": { "type": "road", "longitude": 152.94440970332556, "latitude": 68.431934303023993, "Id": 4, "class": null, "Code": null, "Name": null, "Lon": null, "Lat": null }, "geometry": { "type": "Point", "coordinates": [ 152.944409703325562, 68.431934303023993 ] } },
{ "type": "Feature", "properties": { "type": "road", "longitude": 163.29757006262693, "latitude": 68.431934303023993, "Id": 5, "class": null, "Code": null, "Name": null, "Lon": null, "Lat": null }, "geometry": { "type": "Point", "coordinates": [ 163.29757006262696, 68.431934303023993 ] } },
{ "type": "Feature", "properties": { "type": "road", "longitude": -149.88484041524788, "latitude": 65.285699906755681, "Id": 6, "class": null, "Code": null, "Name": null, "Lon": null, "Lat": null }, "geometry": { "type": "Point", "coordinates": [ -149.884840415247879, 65.285699906755681 ] } },
{ "type": "Feature", "properties": { "type": "road", "longitude": -21.226469549278143, "latitude": 65.285699906755681, "Id": 7, "class": null, "Code": null, "Name": null, "Lon": null, "Lat": null }, "geometry": { "type": "Point", "coordinates": [ -21.226469549278143, 65.285699906755681 ] } },
{ "type": "Feature", "properties": { "type": "road", "longitude": 16.894529225823945, "latitude": 65.285699906755681, "Id": 8, "class": null, "Code": null, "Name": null, "Lon": null, "Lat": null }, "geometry": { "type": "Point", "coordinates": [ 16.894529225823945, 65.285699906755681 ] } },
{ "type": "Feature", "properties": { "type": "road", "longitude": 26.4247789195995, "latitude": 65.285699906755681, "Id": 9, "class": null, "Code": null, "Name": null, "Lon": null, "Lat": null }, "geometry": { "type": "Point", "coordinates": [ 26.4247789195995, 65.285699906755681 ] } },
{ "type": "Feature", "properties": { "type": "road", "longitude": 31.189903766487276, "latitude": 65.285699906755681, "Id": 10, "class": null, "Code": null, "Name": null, "Lon": null, "Lat": null }, "geometry": { "type": "Point", "coordinates": [ 31.189903766487276, 65.285699906755681 ] } },
{ "type": "Feature", "properties": { "type": "road", "longitude": 45.485278307150544, "latitude": 65.285699906755681, "Id": 11, "class": null, "Code": null, "Name": null, "Lon": null, "Lat": null }, "geometry": { "type": "Point", "coordinates": [ 45.485278307150544, 65.285699906755681 ] } },
{ "type": "Feature", "properties": { "type": "road", "longitude": 6.8760696512098063, "latitude": 62.268807460944494, "Id": 12, "class": null, "Code": null, "Name": null, "Lon": null, "Lat": null }, "geometry": { "type": "Point", "coordinates": [ 6.876069651209806, 62.268807460944494 ] } },
{ "type": "Feature", "properties": { "type": "road", "longitude": 11.325293801558844, "latitude": 62.268807460944494, "Id": 13, "class": null, "Code": null, "Name": null, "Lon": null, "Lat": null }, "geometry": { "type": "Point", "coordinates": [ 11.325293801558844, 62.268807460944494 ] } },
{ "type": "Feature", "properties": { "type": "road", "longitude": 24.672966252605963, "latitude": 62.268807460944494, "Id": 14, "class": null, "Code": null, "Name": null, "Lon": null, "Lat": null }, "geometry": { "type": "Point", "coordinates": [ 24.672966252605963, 62.268807460944494 ] } },
{ "type": "Feature", "properties": { "type": "road", "longitude": 29.122190402955002, "latitude": 62.268807460944494, "Id": 15, "class": null, "Code": null, "Name": null, "Lon": null, "Lat": null }, "geometry": { "type": "Point", "coordinates": [ 29.122190402955002, 62.268807460944494 ] } },
{ "type": "Feature", "properties": { "type": "road", "longitude": 33.571414553303981, "latitude": 62.268807460944494, "Id": 16, "class": null, "Code": null, "Name": null, "Lon": null, "Lat": null }, "geometry": { "type": "Point", "coordinates": [ 33.571414553303981, 62.268807460944494 ] } },
{ "type": "Feature", "properties": { "type": "road", "longitude": 60.266759455398159, "latitude": 62.268807460944494, "Id": 17, "class": null, "Code": null, "Name": null, "Lon": null, "Lat": null }, "geometry": { "type": "Point", "coordinates": [ 60.266759455398159, 62.268807460944494 ] } },
{ "type": "Feature", "properties": { "type": "road", "longitude": 78.063656056794301, "latitude": 62.268807460944494, "Id": 18, "class": null, "Code": null, "Name": null, "Lon": null, "Lat": null }, "geometry": { "type": "Point", "coordinates": [ 78.063656056794301, 62.268807460944494 ] } },
{ "type": "Feature", "properties": { "type": "road", "longitude": 131.45434586098264, "latitude": 62.268807460944494, "Id": 19, "class": null, "Code": null, "Name": null, "Lon": null, "Lat": null }, "geometry": { "type": "Point", "coordinates": [ 131.454345860982642, 62.268807460944494 ] } },
{ "type": "Feature", "properties": { "type": "road", "longitude": 135.90357001133168, "latitude": 62.268807460944494, "Id": 20, "class": null, "Code": null, "Name": null, "Lon": null, "Lat": null }, "geometry": { "type": "Point", "coordinates": [ 135.903570011331681, 62.268807460944494 ] } },
{ "type": "Feature", "properties": { "type": "road", "longitude": 10.685638018259249, "latitude": 59.357326606469819, "Id": 21, "class": null, "Code": null, "Name": null, "Lon": null, "Lat": null }, "geometry": { "type": "Point", "coordinates": [ 10.685638018259251, 59.357326606469819 ] } },
{ "type": "Feature", "properties": { "type": "road", "longitude": 14.883568735622447, "latitude": 59.357326606469819, "Id": 22, "class": null, "Code": null, "Name": null, "Lon": null, "Lat": null }, "geometry": { "type": "Point", "coordinates": [ 14.883568735622447, 59.357326606469819 ] } },
{ "type": "Feature", "properties": { "type": "road", "longitude": 27.477360887712042, "latitude": 59.357326606469819, "Id": 23, "class": null, "Code": null, "Name": null, "Lon": null, "Lat": null }, "geometry": { "type": "Point", "coordinates": [ 27.477360887712042, 59.357326606469819 ] } },
{ "type": "Feature", "properties": { "type": "road", "longitude": 31.675291605075181, "latitude": 59.357326606469819, "Id": 24, "class": null, "Code": null, "Name": null, "Lon": null, "Lat": null }, "geometry": { "type": "Point", "coordinates": [ 31.675291605075181, 59.357326606469819 ] } },
{ "type": "Feature", "properties": { "type": "road", "longitude": 48.467014474527971, "latitude": 59.357326606469819, "Id": 25, "class": null, "Code": null, "Name": null, "Lon": null, "Lat": null }, "geometry": { "type": "Point", "coordinates": [ 48.467014474527971, 59.357326606469819 ] } },
{ "type": "Feature", "properties": { "type": "road", "longitude": 94.64425236552303, "latitude": 59.357326606469819, "Id": 26, "class": null, "Code": null, "Name": null, "Lon": null, "Lat": null }, "geometry": { "type": "Point", "coordinates": [ 94.64425236552303, 59.357326606469819 ] } },
{ "type": "Feature", "properties": { "type": "road", "longitude": 132.42562882179169, "latitude": 59.357326606469819, "Id": 27, "class": null, "Code": null, "Name": null, "Lon": null, "Lat": null }, "geometry": { "type": "Point", "coordinates": [ 132.42562882179169, 59.357326606469819 ] } },
{ "type": "Feature", "properties": { "type": "road", "longitude": 161.81114384333404, "latitude": 59.357326606469819, "Id": 28, "class": null, "Code": null, "Name": null, "Lon": null, "Lat": null }, "geometry": { "type": "Point", "coordinates": [ 161.811143843334037, 59.357326606469819 ] } },
{ "type": "Feature", "properties": { "type": "road", "longitude": -129.58278006276842, "latitude": 56.533882859658227, "Id": 29, "class": null, "Code": null, "Name": null, "Lon": null, "Lat": null }, "geometry": { "type": "Point", "coordinates": [ -129.582780062768421, 56.533882859658227 ] } },
{ "type": "Feature", "properties": { "type": "road", "longitude": -109.61904699760899, "latitude": 56.533882859658227, "Id": 30, "class": null, "Code": null, "Name": null, "Lon": null, "Lat": null }, "geometry": { "type": "Point", "coordinates": [ -109.61904699760899, 56.533882859658227 ] } },
{ "type": "Feature", "properties": { "type": "road", "longitude": -5.8076350587800363, "latitude": 56.533882859658227, "Id": 31, "class": null, "Code": null, "Name": null, "Lon": null, "Lat": null }, "geometry": { "type": "Point", "coordinates": [ -5.807635058780036, 56.533882859658227 ] } },
{ "type": "Feature", "properties": { "type": "road", "longitude": 10.163351393347481, "latitude": 56.533882859658227, "Id": 32, "class": null, "Code": null, "Name": null, "Lon": null, "Lat": null }, "geometry": { "type": "Point", "coordinates": [ 10.163351393347481, 56.533882859658227 ] } },
{ "type": "Feature", "properties": { "type": "road", "longitude": 14.156098006379374, "latitude": 56.533882859658227, "Id": 33, "class": null, "Code": null, "Name": null, "Lon": null, "Lat": null }, "geometry": { "type": "Point", "coordinates": [ 14.156098006379374, 56.533882859658227 ] } },
{ "type": "Feature", "properties": { "type": "road", "longitude": 22.141591232443162, "latitude": 56.533882859658227, "Id": 34, "class": null, "Code": null, "Name": null, "Lon": null, "Lat": null }, "geometry": { "type": "Point", "coordinates": [ 22.141591232443162, 56.533882859658227 ] } },
{ "type": "Feature", "properties": { "type": "road", "longitude": 26.134337845475056, "latitude": 56.533882859658227, "Id": 35, "class": null, "Code": null, "Name": null, "Lon": null, "Lat": null }, "geometry": { "type": "Point", "coordinates": [ 26.134337845475056, 56.533882859658227 ] } },
{ "type": "Feature", "properties": { "type": "road", "longitude": 30.127084458506893, "latitude": 56.533882859658227, "Id": 36, "class": null, "Code": null, "Name": null, "Lon": null, "Lat": null }, "geometry": { "type": "Point", "coordinates": [ 30.127084458506893, 56.533882859658227 ] } },
{ "type": "Feature", "properties": { "type": "road", "longitude": 38.112577684570681, "latitude": 56.533882859658227, "Id": 37, "class": null, "Code": null, "Name": null, "Lon": null, "Lat": null }, "geometry": { "type": "Point", "coordinates": [ 38.112577684570681, 56.533882859658227 ] } },
{ "type": "Feature", "properties": { "type": "road", "longitude": 46.098070910634462, "latitude": 56.533882859658227, "Id": 38, "class": null, "Code": null, "Name": null, "Lon": null, "Lat": null }, "geometry": { "type": "Point", "coordinates": [ 46.098070910634462, 56.533882859658227 ] } },
{ "type": "Feature", "properties": { "type": "road", "longitude": 50.090817523666367, "latitude": 56.533882859658227, "Id": 39, "class": null, "Code": null, "Name": null, "Lon": null, "Lat": null }, "geometry": { "type": "Point", "coordinates": [ 50.090817523666367, 56.533882859658227 ] } },
{ "type": "Feature", "properties": { "type": "road", "longitude": 54.0835641366982, "latitude": 56.533882859658227, "Id": 40, "class": null, "Code": null, "Name": null, "Lon": null, "Lat": null }, "geometry": { "type": "Point", "coordinates": [ 54.0835641366982, 56.533882859658227 ] } },
{ "type": "Feature", "properties": { "type": "road", "longitude": 58.076310749730077, "latitude": 56.533882859658227, "Id": 41, "class": null, "Code": null, "Name": null, "Lon": null, "Lat": null }, "geometry": { "type": "Point", "coordinates": [ 58.076310749730084, 56.533882859658227 ] } },
{ "type": "Feature", "properties": { "type": "road", "longitude": 62.069057362761995, "latitude": 56.533882859658227, "Id": 42, "class": null, "Code": null, "Name": null, "Lon": null, "Lat": null }, "geometry": { "type": "Point", "coordinates": [ 62.069057362761988, 56.533882859658227 ] } },
{ "type": "Feature", "properties": { "type": "road", "longitude": 66.061803975793879, "latitude": 56.533882859658227, "Id": 43, "class": null, "Code": null, "Name": null, "Lon": null, "Lat": null }, "geometry": { "type": "Point", "coordinates": [ 66.061803975793879, 56.533882859658227 ] } },
{ "type": "Feature", "properties": { "type": "road", "longitude": 70.054550588825762, "latitude": 56.533882859658227, "Id": 44, "class": null, "Code": null, "Name": null, "Lon": null, "Lat": null }, "geometry": { "type": "Point", "coordinates": [ 70.054550588825762, 56.533882859658227 ] } },
{ "type": "Feature", "properties": { "type": "road", "longitude": 74.047297201857674, "latitude": 56.533882859658227, "Id": 45, "class": null, "Code": null, "Name": null, "Lon": null, "Lat": null }, "geometry": { "type": "Point", "coordinates": [ 74.047297201857674, 56.533882859658227 ] } },
{ "type": "Feature", "properties": { "type": "road", "longitude": 101.99652349308082, "latitude": 56.533882859658227, "Id": 46, "class": null, "Code": null, "Name": null, "Lon": null, "Lat": null }, "geometry": { "type": "Point", "coordinates": [ 101.996523493080815, 56.533882859658227 ] } },
{ "type": "Feature", "properties": { "type": "road", "longitude": 137.93124301036778, "latitude": 56.533882859658227, "Id": 47, "class": null, "Code": null, "Name": null, "Lon": null, "Lat": null }, "geometry": { "type": "Point", "coordinates": [ 137.93124301036778, 56.533882859658227 ] } },
{ "type": "Feature", "properties": { "type": "road", "longitude": -116.39277600665179, "latitude": 53.78531077684525, "Id": 48, "class": null, "Code": null, "Name": null, "Lon": null, "Lat": null }, "geometry": { "type": "Point", "coordinates": [ -116.392776006651786, 53.78531077684525 ] } },
{ "type": "Feature", "properties": { "type": "road", "longitude": -78.174253680078124, "latitude": 53.78531077684525, "Id": 49, "class": null, "Code": null, "Name": null, "Lon": null, "Lat": null }, "geometry": { "type": "Point", "coordinates": [ -78.174253680078124, 53.78531077684525 ] } },
{ "type": "Feature", "properties": { "type": "road", "longitude": -9.3809134922456021, "latitude": 53.78531077684525, "Id": 50, "class": null, "Code": null, "Name": null, "Lon": null, "Lat": null }, "geometry": { "type": "Point", "coordinates": [ -9.380913492245602, 53.78531077684525 ] } },
{ "type": "Feature", "properties": { "type": "road", "longitude": -1.7372090269308571, "latitude": 53.78531077684525, "Id": 51, "class": null, "Code": null, "Name": null, "Lon": null, "Lat": null }, "geometry": { "type": "Point", "coordinates": [ -1.737209026930857, 53.78531077684525 ] } },
{ "type": "Feature", "properties": { "type": "road", "longitude": 9.7283476710412078, "latitude": 53.78531077684525, "Id": 52, "class": null, "Code": null, "Name": null, "Lon": null, "Lat": null }, "geometry": { "type": "Point", "coordinates": [ 9.728347671041208, 53.78531077684525 ] } },
{ "type": "Feature", "properties": { "type": "road", "longitude": 13.55019990369858, "latitude": 53.78531077684525, "Id": 53, "class": null, "Code": null, "Name": null, "Lon": null, "Lat": null }, "geometry": { "type": "Point", "coordinates": [ 13.55019990369858, 53.78531077684525 ] } },
{ "type": "Feature", "properties": { "type": "road", "longitude": 17.372052136355954, "latitude": 53.78531077684525, "Id": 54, "class": null, "Code": null, "Name": null, "Lon": null, "Lat": null }, "geometry": { "type": "Point", "coordinates": [ 17.372052136355954, 53.78531077684525 ] } },
{ "type": "Feature", "properties": { "type": "road", "longitude": 21.193904369013325, "latitude": 53.78531077684525, "Id": 55, "class": null, "Code": null, "Name": null, "Lon": null, "Lat": null }, "geometry": { "type": "Point", "coordinates": [ 21.193904369013325, 53.78531077684525 ] } },
{ "type": "Feature", "properties": { "type": "road", "longitude": 25.015756601670699, "latitude": 53.78531077684525, "Id": 56, "class": null, "Code": null, "Name": null, "Lon": null, "Lat": null }, "geometry": { "type": "Point", "coordinates": [ 25.015756601670699, 53.78531077684525 ] } },
{ "type": "Feature", "properties": { "type": "road", "longitude": 28.837608834328023, "latitude": 53.78531077684525, "Id": 57, "class": null, "Code": null, "Name": null, "Lon": null, "Lat": null }, "geometry": { "type": "Point", "coordinates": [ 28.837608834328023, 53.78531077684525 ] } },
{ "type": "Feature", "properties": { "type": "road", "longitude": 32.659461066985394, "latitude": 53.78531077684525, "Id": 58, "class": null, "Code": null, "Name": null, "Lon": null, "Lat": null }, "geometry": { "type": "Point", "coordinates": [ 32.659461066985394, 53.78531077684525 ] } },
{ "type": "Feature", "properties": { "type": "road", "longitude": 36.481313299642771, "latitude": 53.78531077684525, "Id": 59, "class": null, "Code": null, "Name": null, "Lon": null, "Lat": null }, "geometry": { "type": "Point", "coordinates": [ 36.481313299642771, 53.78531077684525 ] } },
{ "type": "Feature", "properties": { "type": "road", "longitude": 40.303165532300135, "latitude": 53.78531077684525, "Id": 60, "class": null, "Code": null, "Name": null, "Lon": null, "Lat": null }, "geometry": { "type": "Point", "coordinates": [ 40.303165532300135, 53.78531077684525 ] } },
{ "type": "Feature", "properties": { "type": "road", "longitude": 47.94686999761489, "latitude": 53.78531077684525, "Id": 61, "class": null, "Code": null, "Name": null, "Lon": null, "Lat": null }, "geometry": { "type": "Point", "coordinates": [ 47.94686999761489, 53.78531077684525 ] } },
{ "type": "Feature", "properties": { "type": "road", "longitude": 55.590574462929574, "latitude": 53.78531077684525, "Id": 62, "class": null, "Code": null, "Name": null, "Lon": null, "Lat": null }, "geometry": { "type": "Point", "coordinates": [ 55.590574462929574, 53.78531077684525 ] } },
{ "type": "Feature", "properties": { "type": "road", "longitude": 63.234278928244315, "latitude": 53.78531077684525, "Id": 63, "class": null, "Code": null, "Name": null, "Lon": null, "Lat": null }, "geometry": { "type": "Point", "coordinates": [ 63.234278928244315, 53.78531077684525 ] } },
{ "type": "Feature", "properties": { "type": "road", "longitude": 78.521687858873761, "latitude": 53.78531077684525, "Id": 64, "class": null, "Code": null, "Name": null, "Lon": null, "Lat": null }, "geometry": { "type": "Point", "coordinates": [ 78.521687858873761, 53.78531077684525 ] } },
{ "type": "Feature", "properties": { "type": "road", "longitude": 105.27465348747531, "latitude": 53.78531077684525, "Id": 65, "class": null, "Code": null, "Name": null, "Lon": null, "Lat": null }, "geometry": { "type": "Point", "coordinates": [ 105.274653487475319, 53.78531077684525 ] } },
{ "type": "Feature", "properties": { "type": "road", "longitude": -111.99050257843219, "latitude": 51.101298772248654, "Id": 66, "class": null, "Code": null, "Name": null, "Lon": null, "Lat": null }, "geometry": { "type": "Point", "coordinates": [ -111.990502578432185, 51.101298772248654 ] } },
{ "type": "Feature", "properties": { "type": "road", "longitude": -104.63590262815107, "latitude": 51.101298772248654, "Id": 67, "class": null, "Code": null, "Name": null, "Lon": null, "Lat": null }, "geometry": { "type": "Point", "coordinates": [ -104.635902628151072, 51.101298772248654 ] } },
{ "type": "Feature", "properties": { "type": "road", "longitude": -100.95860265301047, "latitude": 51.101298772248654, "Id": 68, "class": null, "Code": null, "Name": null, "Lon": null, "Lat": null }, "geometry": { "type": "Point", "coordinates": [ -100.958602653010487, 51.101298772248654 ] } },
{ "type": "Feature", "properties": { "type": "road", "longitude": -97.281302677869931, "latitude": 51.101298772248654, "Id": 69, "class": null, "Code": null, "Name": null, "Lon": null, "Lat": null }, "geometry": { "type": "Point", "coordinates": [ -97.281302677869931, 51.101298772248654 ] } },
{ "type": "Feature", "properties": { "type": "road", "longitude": -56.831002951323775, "latitude": 51.101298772248654, "Id": 70, "class": null, "Code": null, "Name": null, "Lon": null, "Lat": null }, "geometry": { "type": "Point", "coordinates": [ -56.831002951323775, 51.101298772248654 ] } },
{ "type": "Feature", "properties": { "type": "road", "longitude": -1.6715033242153901, "latitude": 51.101298772248654, "Id": 71, "class": null, "Code": null, "Name": null, "Lon": null, "Lat": null }, "geometry": { "type": "Point", "coordinates": [ -1.67150332421539, 51.101298772248654 ] } },
{ "type": "Feature", "properties": { "type": "road", "longitude": 2.005796650925177, "latitude": 51.101298772248654, "Id": 72, "class": null, "Code": null, "Name": null, "Lon": null, "Lat": null }, "geometry": { "type": "Point", "coordinates": [ 2.005796650925177, 51.101298772248654 ] } },
{ "type": "Feature", "properties": { "type": "road", "longitude": 5.6830966260656961, "latitude": 51.101298772248654, "Id": 73, "class": null, "Code": null, "Name": null, "Lon": null, "Lat": null }, "geometry": { "type": "Point", "coordinates": [ 5.683096626065695, 51.101298772248654 ] } },
{ "type": "Feature", "properties": { "type": "road", "longitude": 9.3603966012062632, "latitude": 51.101298772248654, "Id": 74, "class": null, "Code": null, "Name": null, "Lon": null, "Lat": null }, "geometry": { "type": "Point", "coordinates": [ 9.360396601206263, 51.101298772248654 ] } },
{ "type": "Feature", "properties": { "type": "road", "longitude": 13.03769657634683, "latitude": 51.101298772248654, "Id": 75, "class": null, "Code": null, "Name": null, "Lon": null, "Lat": null }, "geometry": { "type": "Point", "coordinates": [ 13.03769657634683, 51.101298772248654 ] } },
{ "type": "Feature", "properties": { "type": "road", "longitude": 16.714996551487395, "latitude": 51.101298772248654, "Id": 76, "class": null, "Code": null, "Name": null, "Lon": null, "Lat": null }, "geometry": { "type": "Point", "coordinates": [ 16.714996551487395, 51.101298772248654 ] } },
{ "type": "Feature", "properties": { "type": "road", "longitude": 20.39229652662797, "latitude": 51.101298772248654, "Id": 77, "class": null, "Code": null, "Name": null, "Lon": null, "Lat": null }, "geometry": { "type": "Point", "coordinates": [ 20.392296526627966, 51.101298772248654 ] } },
{ "type": "Feature", "properties": { "type": "road", "longitude": 24.069596501768537, "latitude": 51.101298772248654, "Id": 78, "class": null, "Code": null, "Name": null, "Lon": null, "Lat": null }, "geometry": { "type": "Point", "coordinates": [ 24.069596501768537, 51.101298772248654 ] } },
{ "type": "Feature", "properties": { "type": "road", "longitude": 27.746896476909058, "latitude": 51.101298772248654, "Id": 79, "class": null, "Code": null, "Name": null, "Lon": null, "Lat": null }, "geometry": { "type": "Point", "coordinates": [ 27.746896476909054, 51.101298772248654 ] } },
{ "type": "Feature", "properties": { "type": "road", "longitude": 31.424196452049621, "latitude": 51.101298772248654, "Id": 80, "class": null, "Code": null, "Name": null, "Lon": null, "Lat": null }, "geometry": { "type": "Point", "coordinates": [ 31.424196452049621, 51.101298772248654 ] } },
{ "type": "Feature", "properties": { "type": "road", "longitude": 35.101496427190192, "latitude": 51.101298772248654, "Id": 81, "class": null, "Code": null, "Name": null, "Lon": null, "Lat": null }, "geometry": { "type": "Point", "coordinates": [ 35.101496427190192, 51.101298772248654 ] } },
{ "type": "Feature", "properties": { "type": "road", "longitude": 38.778796402330755, "latitude": 51.101298772248654, "Id": 82, "class": null, "Code": null, "Name": null, "Lon": null, "Lat": null }, "geometry": { "type": "Point", "coordinates": [ 38.778796402330755, 51.101298772248654 ] } },
{ "type": "Feature", "properties": { "type": "road", "longitude": 42.456096377471319, "latitude": 51.101298772248654, "Id": 83, "class": null, "Code": null, "Name": null, "Lon": null, "Lat": null }, "geometry": { "type": "Point", "coordinates": [ 42.456096377471319, 51.101298772248654 ] } },
{ "type": "Feature", "properties": { "type": "road", "longitude": 57.165296278033551, "latitude": 51.101298772248654, "Id": 84, "class": null, "Code": null, "Name": null, "Lon": null, "Lat": null }, "geometry": { "type": "Point", "coordinates": [ 57.165296278033551, 51.101298772248654 ] } },
{ "type": "Feature", "properties": { "type": "road", "longitude": 68.197196203455249, "latitude": 51.101298772248654, "Id": 85, "class": null, "Code": null, "Name": null, "Lon": null, "Lat": null }, "geometry": { "type": "Point", "coordinates": [ 68.197196203455249, 51.101298772248654 ] } },
{ "type": "Feature", "properties": { "type": "road", "longitude": 71.874496178595763, "latitude": 51.101298772248654, "Id": 86, "class": null, "Code": null, "Name": null, "Lon": null, "Lat": null }, "geometry": { "type": "Point", "coordinates": [ 71.874496178595763, 51.101298772248654 ] } },
{ "type": "Feature", "properties": { "type": "road", "longitude": 79.229096128876918, "latitude": 51.101298772248654, "Id": 87, "class": null, "Code": null, "Name": null, "Lon": null, "Lat": null }, "geometry": { "type": "Point", "coordinates": [ 79.229096128876904, 51.101298772248654 ] } },
{ "type": "Feature", "properties": { "type": "road", "longitude": 90.260996054298602, "latitude": 51.101298772248654, "Id": 88, "class": null, "Code": null, "Name": null, "Lon": null, "Lat": null }, "geometry": { "type": "Point", "coordinates": [ 90.260996054298602, 51.101298772248654 ] } },
{ "type": "Feature", "properties": { "type": "road", "longitude": 108.64749593000137, "latitude": 51.101298772248654, "Id": 89, "class": null, "Code": null, "Name": null, "Lon": null, "Lat": null }, "geometry": { "type": "Point", "coordinates": [ 108.647495930001384, 51.101298772248654 ] } },
{ "type": "Feature", "properties": { "type": "road", "longitude": 116.00209588028247, "latitude": 51.101298772248654, "Id": 90, "class": null, "Code": null, "Name": null, "Lon": null, "Lat": null }, "geometry": { "type": "Point", "coordinates": [ 116.002095880282468, 51.101298772248654 ] } },
{ "type": "Feature", "properties": { "type": "road", "longitude": 119.67939585542304, "latitude": 51.101298772248654, "Id": 91, "class": null, "Code": null, "Name": null, "Lon": null, "Lat": null }, "geometry": { "type": "Point", "coordinates": [ 119.679395855423039, 51.101298772248654 ] } },
{ "type": "Feature", "properties": { "type": "road", "longitude": -122.43513535275537, "latitude": 48.473553704137302, "Id": 92, "class": null, "Code": null, "Name": null, "Lon": null, "Lat": null }, "geometry": { "type": "Point", "coordinates": [ -122.435135352755367, 48.473553704137302 ] } },
{ "type": "Feature", "properties": { "type": "road", "longitude": -118.88160909042129, "latitude": 48.473553704137302, "Id": 93, "class": null, "Code": null, "Name": null, "Lon": null, "Lat": null }, "geometry": { "type": "Point", "coordinates": [ -118.881609090421293, 48.473553704137302 ] } },
{ "type": "Feature", "properties": { "type": "road", "longitude": -111.77455656575319, "latitude": 48.473553704137302, "Id": 94, "class": null, "Code": null, "Name": null, "Lon": null, "Lat": null }, "geometry": { "type": "Point", "coordinates": [ -111.774556565753187, 48.473553704137302 ] } },
{ "type": "Feature", "properties": { "type": "road", "longitude": -104.66750404108507, "latitude": 48.473553704137302, "Id": 95, "class": null, "Code": null, "Name": null, "Lon": null, "Lat": null }, "geometry": { "type": "Point", "coordinates": [ -104.667504041085067, 48.473553704137302 ] } },
{ "type": "Feature", "properties": { "type": "road", "longitude": -97.560451516416947, "latitude": 48.473553704137302, "Id": 96, "class": null, "Code": null, "Name": null, "Lon": null, "Lat": null }, "geometry": { "type": "Point", "coordinates": [ -97.560451516416947, 48.473553704137302 ] } },
{ "type": "Feature", "properties": { "type": "road", "longitude": -58.471662630742316, "latitude": 48.473553704137302, "Id": 97, "class": null, "Code": null, "Name": null, "Lon": null, "Lat": null }, "geometry": { "type": "Point", "coordinates": [ -58.471662630742308, 48.473553704137302 ] } },
{ "type": "Feature", "properties": { "type": "road", "longitude": -5.1687686957314236, "latitude": 48.473553704137302, "Id": 98, "class": null, "Code": null, "Name": null, "Lon": null, "Lat": null }, "geometry": { "type": "Point", "coordinates": [ -5.168768695731423, 48.473553704137302 ] } },
{ "type": "Feature", "properties": { "type": "road", "longitude": -1.615242433397355, "latitude": 48.473553704137302, "Id": 99, "class": null, "Code": null, "Name": null, "Lon": null, "Lat": null }, "geometry": { "type": "Point", "coordinates": [ -1.615242433397355, 48.473553704137302 ] } },
{ "type": "Feature", "properties": { "type": "road", "longitude": 1.9382838289367119, "latitude": 48.473553704137302, "Id": 100, "class": null, "Code": null, "Name": null, "Lon": null, "Lat": null }, "geometry": { "type": "Point", "coordinates": [ 1.938283828936712, 48.473553704137302 ] } },
{ "type": "Feature", "properties": { "type": "road", "longitude": 5.4918100912707324, "latitude": 48.473553704137302, "Id": 101, "class": null, "Code": null, "Name": null, "Lon": null, "Lat": null }, "geometry": { "type": "Point", "coordinates": [ 5.491810091270731, 48.473553704137302 ] } },
{ "type": "Feature", "properties": { "type": "road", "longitude": 9.0453363536047977, "latitude": 48.473553704137302, "Id": 102, "class": null, "Code": null, "Name": null, "Lon": null, "Lat": null }, "geometry": { "type": "Point", "coordinates": [ 9.045336353604798, 48.473553704137302 ] } },
{ "type": "Feature", "properties": { "type": "road", "longitude": 12.598862615938865, "latitude": 48.473553704137302, "Id": 103, "class": null, "Code": null, "Name": null, "Lon": null, "Lat": null }, "geometry": { "type": "Point", "coordinates": [ 12.598862615938865, 48.473553704137302 ] } },
{ "type": "Feature", "properties": { "type": "road", "longitude": 16.152388878272934, "latitude": 48.473553704137302, "Id": 104, "class": null, "Code": null, "Name": null, "Lon": null, "Lat": null }, "geometry": { "type": "Point", "coordinates": [ 16.152388878272934, 48.473553704137302 ] } },
{ "type": "Feature", "properties": { "type": "road", "longitude": 19.705915140606997, "latitude": 48.473553704137302, "Id": 105, "class": null, "Code": null, "Name": null, "Lon": null, "Lat": null }, "geometry": { "type": "Point", "coordinates": [ 19.705915140606997, 48.473553704137302 ] } },
{ "type": "Feature", "properties": { "type": "road", "longitude": 23.259441402941068, "latitude": 48.473553704137302, "Id": 106, "class": null, "Code": null, "Name": null, "Lon": null, "Lat": null }, "geometry": { "type": "Point", "coordinates": [ 23.259441402941068, 48.473553704137302 ] } },
{ "type": "Feature", "properties": { "type": "road", "longitude": 26.812967665275089, "latitude": 48.473553704137302, "Id": 107, "class": null, "Code": null, "Name": null, "Lon": null, "Lat": null }, "geometry": { "type": "Point", "coordinates": [ 26.812967665275089, 48.473553704137302 ] } },
{ "type": "Feature", "properties": { "type": "road", "longitude": 30.366493927609156, "latitude": 48.473553704137302, "Id": 108, "class": null, "Code": null, "Name": null, "Lon": null, "Lat": null }, "geometry": { "type": "Point", "coordinates": [ 30.366493927609156, 48.473553704137302 ] } },
{ "type": "Feature", "properties": { "type": "road", "longitude": 33.920020189943223, "latitude": 48.473553704137302, "Id": 109, "class": null, "Code": null, "Name": null, "Lon": null, "Lat": null }, "geometry": { "type": "Point", "coordinates": [ 33.920020189943223, 48.473553704137302 ] } },
{ "type": "Feature", "properties": { "type": "road", "longitude": 37.473546452277283, "latitude": 48.473553704137302, "Id": 110, "class": null, "Code": null, "Name": null, "Lon": null, "Lat": null }, "geometry": { "type": "Point", "coordinates": [ 37.473546452277283, 48.473553704137302 ] } },
{ "type": "Feature", "properties": { "type": "road", "longitude": 41.02707271461135, "latitude": 48.473553704137302, "Id": 111, "class": null, "Code": null, "Name": null, "Lon": null, "Lat": null }, "geometry": { "type": "Point", "coordinates": [ 41.02707271461135, 48.473553704137302 ] } },
{ "type": "Feature", "properties": { "type": "road", "longitude": 44.580598976945424, "latitude": 48.473553704137302, "Id": 112, "class": null, "Code": null, "Name": null, "Lon": null, "Lat": null }, "geometry": { "type": "Point", "coordinates": [ 44.580598976945424, 48.473553704137302 ] } },
{ "type": "Feature", "properties": { "type": "road", "longitude": 51.687651501613509, "latitude": 48.473553704137302, "Id": 113, "class": null, "Code": null, "Name": null, "Lon": null, "Lat": null }, "geometry": { "type": "Point", "coordinates": [ 51.687651501613509, 48.473553704137302 ] } },
{ "type": "Feature", "properties": { "type": "road", "longitude": 55.241177763947576, "latitude": 48.473553704137302, "Id": 114, "class": null, "Code": null, "Name": null, "Lon": null, "Lat": null }, "geometry": { "type": "Point", "coordinates": [ 55.241177763947576, 48.473553704137302 ] } },
{ "type": "Feature", "properties": { "type": "road", "longitude": 69.455282813283802, "latitude": 48.473553704137302, "Id": 115, "class": null, "Code": null, "Name": null, "Lon": null, "Lat": null }, "geometry": { "type": "Point", "coordinates": [ 69.455282813283802, 48.473553704137302 ] } },
{ "type": "Feature", "properties": { "type": "road", "longitude": 87.22291412495413, "latitude": 48.473553704137302, "Id": 116, "class": null, "Code": null, "Name": null, "Lon": null, "Lat": null }, "geometry": { "type": "Point", "coordinates": [ 87.22291412495413, 48.473553704137302 ] } },
{ "type": "Feature", "properties": { "type": "road", "longitude": 90.776440387288147, "latitude": 48.473553704137302, "Id": 117, "class": null, "Code": null, "Name": null, "Lon": null, "Lat": null }, "geometry": { "type": "Point", "coordinates": [ 90.776440387288147, 48.473553704137302 ] } },
{ "type": "Feature", "properties": { "type": "road", "longitude": 94.329966649622222, "latitude": 48.473553704137302, "Id": 118, "class": null, "Code": null, "Name": null, "Lon": null, "Lat": null }, "geometry": { "type": "Point", "coordinates": [ 94.329966649622222, 48.473553704137302 ] } },
{ "type": "Feature", "properties": { "type": "road", "longitude": 126.31170301062876, "latitude": 48.473553704137302, "Id": 119, "class": null, "Code": null, "Name": null, "Lon": null, "Lat": null }, "geometry": { "type": "Point", "coordinates": [ 126.311703010628776, 48.473553704137302 ] } },
{ "type": "Feature", "properties": { "type": "road", "longitude": -118.74785444656929, "latitude": 45.895258794291813, "Id": 120, "class": null, "Code": null, "Name": null, "Lon": null, "Lat": null }, "geometry": { "type": "Point", "coordinates": [ -118.747854446569292, 45.895258794291813 ] } },
{ "type": "Feature", "properties": { "type": "road", "longitude": -111.85483933034581, "latitude": 45.895258794291813, "Id": 121, "class": null, "Code": null, "Name": null, "Lon": null, "Lat": null }, "geometry": { "type": "Point", "coordinates": [ -111.854839330345811, 45.895258794291813 ] } },
{ "type": "Feature", "properties": { "type": "road", "longitude": -108.40833177223408, "latitude": 45.895258794291813, "Id": 122, "class": null, "Code": null, "Name": null, "Lon": null, "Lat": null }, "geometry": { "type": "Point", "coordinates": [ -108.408331772234078, 45.895258794291813 ] } },
{ "type": "Feature", "properties": { "type": "road", "longitude": -91.175793981675312, "latitude": 45.895258794291813, "Id": 123, "class": null, "Code": null, "Name": null, "Lon": null, "Lat": null }, "geometry": { "type": "Point", "coordinates": [ -91.175793981675312, 45.895258794291813 ] } },
{ "type": "Feature", "properties": { "type": "road", "longitude": -77.389763749228337, "latitude": 45.895258794291813, "Id": 124, "class": null, "Code": null, "Name": null, "Lon": null, "Lat": null }, "geometry": { "type": "Point", "coordinates": [ -77.389763749228337, 45.895258794291813 ] } },
{ "type": "Feature", "properties": { "type": "road", "longitude": -73.943256191116575, "latitude": 45.895258794291813, "Id": 125, "class": null, "Code": null, "Name": null, "Lon": null, "Lat": null }, "geometry": { "type": "Point", "coordinates": [ -73.943256191116575, 45.895258794291813 ] } },
{ "type": "Feature", "properties": { "type": "road", "longitude": -70.496748633004813, "latitude": 45.895258794291813, "Id": 126, "class": null, "Code": null, "Name": null, "Lon": null, "Lat": null }, "geometry": { "type": "Point", "coordinates": [ -70.496748633004813, 45.895258794291813 ] } },
{ "type": "Feature", "properties": { "type": "road", "longitude": -67.05024107489308, "latitude": 45.895258794291813, "Id": 127, "class": null, "Code": null, "Name": null, "Lon": null, "Lat": null }, "geometry": { "type": "Point", "coordinates": [ -67.05024107489308, 45.895258794291813 ] } },
{ "type": "Feature", "properties": { "type": "road", "longitude": 1.8799100873418999, "latitude": 45.895258794291813, "Id": 128, "class": null, "Code": null, "Name": null, "Lon": null, "Lat": null }, "geometry": { "type": "Point", "coordinates": [ 1.8799100873419, 45.895258794291813 ] } },
{ "type": "Feature", "properties": { "type": "road", "longitude": 5.3264176454536099, "latitude": 45.895258794291813, "Id": 129, "class": null, "Code": null, "Name": null, "Lon": null, "Lat": null }, "geometry": { "type": "Point", "coordinates": [ 5.32641764545361, 45.895258794291813 ] } },
{ "type": "Feature", "properties": { "type": "road", "longitude": 8.7729252035653644, "latitude": 45.895258794291813, "Id": 130, "class": null, "Code": null, "Name": null, "Lon": null, "Lat": null }, "geometry": { "type": "Point", "coordinates": [ 8.772925203565364, 45.895258794291813 ] } },
{ "type": "Feature", "properties": { "type": "road", "longitude": 12.219432761677121, "latitude": 45.895258794291813, "Id": 131, "class": null, "Code": null, "Name": null, "Lon": null, "Lat": null }, "geometry": { "type": "Point", "coordinates": [ 12.219432761677121, 45.895258794291813 ] } },
{ "type": "Feature", "properties": { "type": "road", "longitude": 15.665940319788877, "latitude": 45.895258794291813, "Id": 132, "class": null, "Code": null, "Name": null, "Lon": null, "Lat": null }, "geometry": { "type": "Point", "coordinates": [ 15.665940319788877, 45.895258794291813 ] } },
{ "type": "Feature", "properties": { "type": "road", "longitude": 19.112447877900635, "latitude": 45.895258794291813, "Id": 133, "class": null, "Code": null, "Name": null, "Lon": null, "Lat": null }, "geometry": { "type": "Point", "coordinates": [ 19.112447877900635, 45.895258794291813 ] } },
{ "type": "Feature", "properties": { "type": "road", "longitude": 22.558955436012393, "latitude": 45.895258794291813, "Id": 134, "class": null, "Code": null, "Name": null, "Lon": null, "Lat": null }, "geometry": { "type": "Point", "coordinates": [ 22.558955436012393, 45.895258794291813 ] } },
{ "type": "Feature", "properties": { "type": "road", "longitude": 26.005462994124098, "latitude": 45.895258794291813, "Id": 135, "class": null, "Code": null, "Name": null, "Lon": null, "Lat": null }, "geometry": { "type": "Point", "coordinates": [ 26.005462994124102, 45.895258794291813 ] } },
{ "type": "Feature", "properties": { "type": "road", "longitude": 29.451970552235856, "latitude": 45.895258794291813, "Id": 136, "class": null, "Code": null, "Name": null, "Lon": null, "Lat": null }, "geometry": { "type": "Point", "coordinates": [ 29.451970552235856, 45.895258794291813 ] } },
{ "type": "Feature", "properties": { "type": "road", "longitude": 43.238000784682882, "latitude": 45.895258794291813, "Id": 137, "class": null, "Code": null, "Name": null, "Lon": null, "Lat": null }, "geometry": { "type": "Point", "coordinates": [ 43.238000784682882, 45.895258794291813 ] } },
{ "type": "Feature", "properties": { "type": "road", "longitude": 46.684508342794594, "latitude": 45.895258794291813, "Id": 138, "class": null, "Code": null, "Name": null, "Lon": null, "Lat": null }, "geometry": { "type": "Point", "coordinates": [ 46.684508342794594, 45.895258794291813 ] } },
{ "type": "Feature", "properties": { "type": "road", "longitude": 53.577523459018103, "latitude": 45.895258794291813, "Id": 139, "class": null, "Code": null, "Name": null, "Lon": null, "Lat": null }, "geometry": { "type": "Point", "coordinates": [ 53.577523459018103, 45.895258794291813 ] } },
{ "type": "Feature", "properties": { "type": "road", "longitude": 84.596091482023866, "latitude": 45.895258794291813, "Id": 140, "class": null, "Code": null, "Name": null, "Lon": null, "Lat": null }, "geometry": { "type": "Point", "coordinates": [ 84.596091482023866, 45.895258794291813 ] } },
{ "type": "Feature", "properties": { "type": "road", "longitude": 105.27513683069436, "latitude": 45.895258794291813, "Id": 141, "class": null, "Code": null, "Name": null, "Lon": null, "Lat": null }, "geometry": { "type": "Point", "coordinates": [ 105.275136830694365, 45.895258794291813 ] } },
{ "type": "Feature", "properties": { "type": "road", "longitude": 112.16815194691782, "latitude": 45.895258794291813, "Id": 142, "class": null, "Code": null, "Name": null, "Lon": null, "Lat": null }, "geometry": { "type": "Point", "coordinates": [ 112.168151946917817, 45.895258794291813 ] } },
{ "type": "Feature", "properties": { "type": "road", "longitude": 125.95418217936481, "latitude": 45.895258794291813, "Id": 143, "class": null, "Code": null, "Name": null, "Lon": null, "Lat": null }, "geometry": { "type": "Point", "coordinates": [ 125.954182179364807, 45.895258794291813 ] } },
{ "type": "Feature", "properties": { "type": "road", "longitude": 129.40068973747657, "latitude": 45.895258794291813, "Id": 144, "class": null, "Code": null, "Name": null, "Lon": null, "Lat": null }, "geometry": { "type": "Point", "coordinates": [ 129.400689737476569, 45.895258794291813 ] } },
{ "type": "Feature", "properties": { "type": "road", "longitude": 132.8471972955883, "latitude": 45.895258794291813, "Id": 145, "class": null, "Code": null, "Name": null, "Lon": null, "Lat": null }, "geometry": { "type": "Point", "coordinates": [ 132.847197295588302, 45.895258794291813 ] } },
{ "type": "Feature", "properties": { "type": "road", "longitude": 136.29370485370006, "latitude": 45.895258794291813, "Id": 146, "class": null, "Code": null, "Name": null, "Lon": null, "Lat": null }, "geometry": { "type": "Point", "coordinates": [ 136.293704853700063, 45.895258794291813 ] } },
{ "type": "Feature", "properties": { "type": "road", "longitude": -115.53488139924569, "latitude": 43.360707025151235, "Id": 147, "class": null, "Code": null, "Name": null, "Lon": null, "Lat": null }, "geometry": { "type": "Point", "coordinates": [ -115.534881399245691, 43.360707025151228 ] } },
{ "type": "Feature", "properties": { "type": "road", "longitude": -105.47511626520166, "latitude": 43.360707025151235, "Id": 148, "class": null, "Code": null, "Name": null, "Lon": null, "Lat": null }, "geometry": { "type": "Point", "coordinates": [ -105.475116265201663, 43.360707025151228 ] } },
{ "type": "Feature", "properties": { "type": "road", "longitude": -98.768606175838983, "latitude": 43.360707025151235, "Id": 149, "class": null, "Code": null, "Name": null, "Lon": null, "Lat": null }, "geometry": { "type": "Point", "coordinates": [ -98.768606175838968, 43.360707025151228 ] } },
{ "type": "Feature", "properties": { "type": "road", "longitude": -95.415351131157635, "latitude": 43.360707025151235, "Id": 150, "class": null, "Code": null, "Name": null, "Lon": null, "Lat": null }, "geometry": { "type": "Point", "coordinates": [ -95.415351131157635, 43.360707025151228 ] } },
{ "type": "Feature", "properties": { "type": "road", "longitude": -92.062096086476274, "latitude": 43.360707025151235, "Id": 151, "class": null, "Code": null, "Name": null, "Lon": null, "Lat": null }, "geometry": { "type": "Point", "coordinates": [ -92.062096086476274, 43.360707025151228 ] } },
{ "type": "Feature", "properties": { "type": "road", "longitude": -88.708841041794926, "latitude": 43.360707025151235, "Id": 152, "class": null, "Code": null, "Name": null, "Lon": null, "Lat": null }, "geometry": { "type": "Point", "coordinates": [ -88.708841041794926, 43.360707025151228 ] } },
{ "type": "Feature", "properties": { "type": "road", "longitude": -85.355585997113579, "latitude": 43.360707025151235, "Id": 153, "class": null, "Code": null, "Name": null, "Lon": null, "Lat": null }, "geometry": { "type": "Point", "coordinates": [ -85.355585997113579, 43.360707025151228 ] } },
{ "type": "Feature", "properties": { "type": "road", "longitude": -78.649075907750884, "latitude": 43.360707025151235, "Id": 154, "class": null, "Code": null, "Name": null, "Lon": null, "Lat": null }, "geometry": { "type": "Point", "coordinates": [ -78.649075907750884, 43.360707025151228 ] } },
{ "type": "Feature", "properties": { "type": "road", "longitude": -75.295820863069551, "latitude": 43.360707025151235, "Id": 155, "class": null, "Code": null, "Name": null, "Lon": null, "Lat": null }, "geometry": { "type": "Point", "coordinates": [ -75.295820863069551, 43.360707025151228 ] } },
{ "type": "Feature", "properties": { "type": "road", "longitude": -71.942565818388204, "latitude": 43.360707025151235, "Id": 156, "class": null, "Code": null, "Name": null, "Lon": null, "Lat": null }, "geometry": { "type": "Point", "coordinates": [ -71.942565818388204, 43.360707025151228 ] } },
{ "type": "Feature", "properties": { "type": "road", "longitude": -8.2307199694426298, "latitude": 43.360707025151235, "Id": 157, "class": null, "Code": null, "Name": null, "Lon": null, "Lat": null }, "geometry": { "type": "Point", "coordinates": [ -8.23071996944263, 43.360707025151228 ] } },
{ "type": "Feature", "properties": { "type": "road", "longitude": -4.877464924761278, "latitude": 43.360707025151235, "Id": 158, "class": null, "Code": null, "Name": null, "Lon": null, "Lat": null }, "geometry": { "type": "Point", "coordinates": [ -4.877464924761277, 43.360707025151228 ] } },
{ "type": "Feature", "properties": { "type": "road", "longitude": -1.5242098800799231, "latitude": 43.360707025151235, "Id": 159, "class": null, "Code": null, "Name": null, "Lon": null, "Lat": null }, "geometry": { "type": "Point", "coordinates": [ -1.524209880079923, 43.360707025151228 ] } },
{ "type": "Feature", "properties": { "type": "road", "longitude": 1.829045164601431, "latitude": 43.360707025151235, "Id": 160, "class": null, "Code": null, "Name": null, "Lon": null, "Lat": null }, "geometry": { "type": "Point", "coordinates": [ 1.829045164601431, 43.360707025151228 ] } },
{ "type": "Feature", "properties": { "type": "road", "longitude": 5.1823002092827384, "latitude": 43.360707025151235, "Id": 161, "class": null, "Code": null, "Name": null, "Lon": null, "Lat": null }, "geometry": { "type": "Point", "coordinates": [ 5.182300209282738, 43.360707025151228 ] } },
{ "type": "Feature", "properties": { "type": "road", "longitude": 11.888810298645446, "latitude": 43.360707025151235, "Id": 162, "class": null, "Code": null, "Name": null, "Lon": null, "Lat": null }, "geometry": { "type": "Point", "coordinates": [ 11.888810298645446, 43.360707025151228 ] } },
{ "type": "Feature", "properties": { "type": "road", "longitude": 18.595320388008155, "latitude": 43.360707025151235, "Id": 163, "class": null, "Code": null, "Name": null, "Lon": null, "Lat": null }, "geometry": { "type": "Point", "coordinates": [ 18.595320388008155, 43.360707025151228 ] } },
{ "type": "Feature", "properties": { "type": "road", "longitude": 21.948575432689509, "latitude": 43.360707025151235, "Id": 164, "class": null, "Code": null, "Name": null, "Lon": null, "Lat": null }, "geometry": { "type": "Point", "coordinates": [ 21.948575432689509, 43.360707025151228 ] } },
{ "type": "Feature", "properties": { "type": "road", "longitude": 25.301830477370817, "latitude": 43.360707025151235, "Id": 165, "class": null, "Code": null, "Name": null, "Lon": null, "Lat": null }, "geometry": { "type": "Point", "coordinates": [ 25.301830477370817, 43.360707025151228 ] } },
{ "type": "Feature", "properties": { "type": "road", "longitude": 45.421360745458898, "latitude": 43.360707025151235, "Id": 166, "class": null, "Code": null, "Name": null, "Lon": null, "Lat": null }, "geometry": { "type": "Point", "coordinates": [ 45.421360745458898, 43.360707025151228 ] } },
{ "type": "Feature", "properties": { "type": "road", "longitude": 75.600656147591039, "latitude": 43.360707025151235, "Id": 167, "class": null, "Code": null, "Name": null, "Lon": null, "Lat": null }, "geometry": { "type": "Point", "coordinates": [ 75.600656147591039, 43.360707025151228 ] } },
{ "type": "Feature", "properties": { "type": "road", "longitude": 78.9539111922724, "latitude": 43.360707025151235, "Id": 168, "class": null, "Code": null, "Name": null, "Lon": null, "Lat": null }, "geometry": { "type": "Point", "coordinates": [ 78.9539111922724, 43.360707025151228 ] } },
{ "type": "Feature", "properties": { "type": "road", "longitude": 82.307166236953734, "latitude": 43.360707025151235, "Id": 169, "class": null, "Code": null, "Name": null, "Lon": null, "Lat": null }, "geometry": { "type": "Point", "coordinates": [ 82.307166236953734, 43.360707025151228 ] } },
{ "type": "Feature", "properties": { "type": "road", "longitude": 92.366931370997747, "latitude": 43.360707025151235, "Id": 170, "class": null, "Code": null, "Name": null, "Lon": null, "Lat": null }, "geometry": { "type": "Point", "coordinates": [ 92.366931370997747, 43.360707025151228 ] } },
{ "type": "Feature", "properties": { "type": "road", "longitude": 109.13320659440447, "latitude": 43.360707025151235, "Id": 171, "class": null, "Code": null, "Name": null, "Lon": null, "Lat": null }, "geometry": { "type": "Point", "coordinates": [ 109.13320659440447, 43.360707025151228 ] } },
{ "type": "Feature", "properties": { "type": "road", "longitude": 125.89948181781121, "latitude": 43.360707025151235, "Id": 172, "class": null, "Code": null, "Name": null, "Lon": null, "Lat": null }, "geometry": { "type": "Point", "coordinates": [ 125.899481817811207, 43.360707025151228 ] } },
{ "type": "Feature", "properties": { "type": "road", "longitude": 129.25273686249258, "latitude": 43.360707025151235, "Id": 173, "class": null, "Code": null, "Name": null, "Lon": null, "Lat": null }, "geometry": { "type": "Point", "coordinates": [ 129.252736862492583, 43.360707025151228 ] } },
{ "type": "Feature", "properties": { "type": "road", "longitude": 132.60599190717392, "latitude": 43.360707025151235, "Id": 174, "class": null, "Code": null, "Name": null, "Lon": null, "Lat": null }, "geometry": { "type": "Point", "coordinates": [ 132.605991907173916, 43.360707025151228 ] } },
{ "type": "Feature", "properties": { "type": "road", "longitude": -115.98948863128351, "latitude": 40.865044586172232, "Id": 175, "class": null, "Code": null, "Name": null, "Lon": null, "Lat": null }, "geometry": { "type": "Point", "coordinates": [ -115.989488631283507, 40.865044586172232 ] } },
{ "type": "Feature", "properties": { "type": "road", "longitude": -102.90349537690011, "latitude": 40.865044586172232, "Id": 176, "class": null, "Code": null, "Name": null, "Lon": null, "Lat": null }, "geometry": { "type": "Point", "coordinates": [ -102.903495376900111, 40.865044586172232 ] } },
{ "type": "Feature", "properties": { "type": "road", "longitude": -96.360498749708398, "latitude": 40.865044586172232, "Id": 177, "class": null, "Code": null, "Name": null, "Lon": null, "Lat": null }, "geometry": { "type": "Point", "coordinates": [ -96.360498749708398, 40.865044586172232 ] } },
{ "type": "Feature", "properties": { "type": "road", "longitude": -93.089000436112556, "latitude": 40.865044586172232, "Id": 178, "class": null, "Code": null, "Name": null, "Lon": null, "Lat": null }, "geometry": { "type": "Point", "coordinates": [ -93.089000436112556, 40.865044586172232 ] } },
{ "type": "Feature", "properties": { "type": "road", "longitude": -89.817502122516672, "latitude": 40.865044586172232, "Id": 179, "class": null, "Code": null, "Name": null, "Lon": null, "Lat": null }, "geometry": { "type": "Point", "coordinates": [ -89.817502122516672, 40.865044586172232 ] } },
{ "type": "Feature", "properties": { "type": "road", "longitude": -86.54600380892083, "latitude": 40.865044586172232, "Id": 180, "class": null, "Code": null, "Name": null, "Lon": null, "Lat": null }, "geometry": { "type": "Point", "coordinates": [ -86.54600380892083, 40.865044586172232 ] } },
{ "type": "Feature", "properties": { "type": "road", "longitude": -83.274505495324988, "latitude": 40.865044586172232, "Id": 181, "class": null, "Code": null, "Name": null, "Lon": null, "Lat": null }, "geometry": { "type": "Point", "coordinates": [ -83.274505495324988, 40.865044586172232 ] } },
{ "type": "Feature", "properties": { "type": "road", "longitude": -80.003007181729132, "latitude": 40.865044586172232, "Id": 182, "class": null, "Code": null, "Name": null, "Lon": null, "Lat": null }, "geometry": { "type": "Point", "coordinates": [ -80.003007181729132, 40.865044586172232 ] } },
{ "type": "Feature", "properties": { "type": "road", "longitude": -76.731508868133261, "latitude": 40.865044586172232, "Id": 183, "class": null, "Code": null, "Name": null, "Lon": null, "Lat": null }, "geometry": { "type": "Point", "coordinates": [ -76.731508868133261, 40.865044586172232 ] } },
{ "type": "Feature", "properties": { "type": "road", "longitude": -73.460010554537433, "latitude": 40.865044586172232, "Id": 184, "class": null, "Code": null, "Name": null, "Lon": null, "Lat": null }, "geometry": { "type": "Point", "coordinates": [ -73.460010554537433, 40.865044586172232 ] } },
{ "type": "Feature", "properties": { "type": "road", "longitude": -8.0300442826203504, "latitude": 40.865044586172232, "Id": 185, "class": null, "Code": null, "Name": null, "Lon": null, "Lat": null }, "geometry": { "type": "Point", "coordinates": [ -8.030044282620349, 40.865044586172232 ] } },
{ "type": "Feature", "properties": { "type": "road", "longitude": -4.758545969024488, "latitude": 40.865044586172232, "Id": 186, "class": null, "Code": null, "Name": null, "Lon": null, "Lat": null }, "geometry": { "type": "Point", "coordinates": [ -4.758545969024487, 40.865044586172232 ] } },
{ "type": "Feature", "properties": { "type": "road", "longitude": -1.487047655428626, "latitude": 40.865044586172232, "Id": 187, "class": null, "Code": null, "Name": null, "Lon": null, "Lat": null }, "geometry": { "type": "Point", "coordinates": [ -1.487047655428626, 40.865044586172232 ] } },
{ "type": "Feature", "properties": { "type": "road", "longitude": 8.3274472853589145, "latitude": 40.865044586172232, "Id": 188, "class": null, "Code": null, "Name": null, "Lon": null, "Lat": null }, "geometry": { "type": "Point", "coordinates": [ 8.327447285358913, 40.865044586172232 ] } },
{ "type": "Feature", "properties": { "type": "road", "longitude": 14.870443912550638, "latitude": 40.865044586172232, "Id": 189, "class": null, "Code": null, "Name": null, "Lon": null, "Lat": null }, "geometry": { "type": "Point", "coordinates": [ 14.870443912550638, 40.865044586172232 ] } },
{ "type": "Feature", "properties": { "type": "road", "longitude": 21.413440539742361, "latitude": 40.865044586172232, "Id": 190, "class": null, "Code": null, "Name": null, "Lon": null, "Lat": null }, "geometry": { "type": "Point", "coordinates": [ 21.413440539742361, 40.865044586172232 ] } },
{ "type": "Feature", "properties": { "type": "road", "longitude": 24.684938853338178, "latitude": 40.865044586172232, "Id": 191, "class": null, "Code": null, "Name": null, "Lon": null, "Lat": null }, "geometry": { "type": "Point", "coordinates": [ 24.684938853338178, 40.865044586172232 ] } },
{ "type": "Feature", "properties": { "type": "road", "longitude": 31.227935480529901, "latitude": 40.865044586172232, "Id": 192, "class": null, "Code": null, "Name": null, "Lon": null, "Lat": null }, "geometry": { "type": "Point", "coordinates": [ 31.227935480529901, 40.865044586172232 ] } },
{ "type": "Feature", "properties": { "type": "road", "longitude": 34.499433794125757, "latitude": 40.865044586172232, "Id": 193, "class": null, "Code": null, "Name": null, "Lon": null, "Lat": null }, "geometry": { "type": "Point", "coordinates": [ 34.499433794125757, 40.865044586172232 ] } },
{ "type": "Feature", "properties": { "type": "road", "longitude": 37.770932107721627, "latitude": 40.865044586172232, "Id": 194, "class": null, "Code": null, "Name": null, "Lon": null, "Lat": null }, "geometry": { "type": "Point", "coordinates": [ 37.77093210772162, 40.865044586172232 ] } },
{ "type": "Feature", "properties": { "type": "road", "longitude": 47.585427048509167, "latitude": 40.865044586172232, "Id": 195, "class": null, "Code": null, "Name": null, "Lon": null, "Lat": null }, "geometry": { "type": "Point", "coordinates": [ 47.585427048509167, 40.865044586172232 ] } },
{ "type": "Feature", "properties": { "type": "road", "longitude": 57.39992198929675, "latitude": 40.865044586172232, "Id": 196, "class": null, "Code": null, "Name": null, "Lon": null, "Lat": null }, "geometry": { "type": "Point", "coordinates": [ 57.39992198929675, 40.865044586172232 ] } },
{ "type": "Feature", "properties": { "type": "road", "longitude": 60.671420302892614, "latitude": 40.865044586172232, "Id": 197, "class": null, "Code": null, "Name": null, "Lon": null, "Lat": null }, "geometry": { "type": "Point", "coordinates": [ 60.671420302892614, 40.865044586172232 ] } },
{ "type": "Feature", "properties": { "type": "road", "longitude": 63.942918616488434, "latitude": 40.865044586172232, "Id": 198, "class": null, "Code": null, "Name": null, "Lon": null, "Lat": null }, "geometry": { "type": "Point", "coordinates": [ 63.942918616488434, 40.865044586172232 ] } },
{ "type": "Feature", "properties": { "type": "road", "longitude": 77.028911870871895, "latitude": 40.865044586172232, "Id": 199, "class": null, "Code": null, "Name": null, "Lon": null, "Lat": null }, "geometry": { "type": "Point", "coordinates": [ 77.02891187087188, 40.865044586172232 ] } },
{ "type": "Feature", "properties": { "type": "road", "longitude": 80.300410184467722, "latitude": 40.865044586172232, "Id": 200, "class": null, "Code": null, "Name": null, "Lon": null, "Lat": null }, "geometry": { "type": "Point", "coordinates": [ 80.300410184467722, 40.865044586172232 ] } },
{ "type": "Feature", "properties": { "type": "road", "longitude": 96.657901752446989, "latitude": 40.865044586172232, "Id": 201, "class": null, "Code": null, "Name": null, "Lon": null, "Lat": null }, "geometry": { "type": "Point", "coordinates": [ 96.657901752446989, 40.865044586172232 ] } },
{ "type": "Feature", "properties": { "type": "road", "longitude": 106.47239669323453, "latitude": 40.865044586172232, "Id": 202, "class": null, "Code": null, "Name": null, "Lon": null, "Lat": null }, "geometry": { "type": "Point", "coordinates": [ 106.472396693234529, 40.865044586172232 ] } },
{ "type": "Feature", "properties": { "type": "road", "longitude": 109.7438950068304, "latitude": 40.865044586172232, "Id": 203, "class": null, "Code": null, "Name": null, "Lon": null, "Lat": null }, "geometry": { "type": "Point", "coordinates": [ 109.7438950068304, 40.865044586172232 ] } },
{ "type": "Feature", "properties": { "type": "road", "longitude": 113.01539332042626, "latitude": 40.865044586172232, "Id": 204, "class": null, "Code": null, "Name": null, "Lon": null, "Lat": null }, "geometry": { "type": "Point", "coordinates": [ 113.015393320426256, 40.865044586172232 ] } },
{ "type": "Feature", "properties": { "type": "road", "longitude": 119.55838994761795, "latitude": 40.865044586172232, "Id": 205, "class": null, "Code": null, "Name": null, "Lon": null, "Lat": null }, "geometry": { "type": "Point", "coordinates": [ 119.558389947617954, 40.865044586172232 ] } },
{ "type": "Feature", "properties": { "type": "road", "longitude": 122.8298882612138, "latitude": 40.865044586172232, "Id": 206, "class": null, "Code": null, "Name": null, "Lon": null, "Lat": null }, "geometry": { "type": "Point", "coordinates": [ 122.829888261213796, 40.865044586172232 ] } },
{ "type": "Feature", "properties": { "type": "road", "longitude": 126.10138657480967, "latitude": 40.865044586172232, "Id": 207, "class": null, "Code": null, "Name": null, "Lon": null, "Lat": null }, "geometry": { "type": "Point", "coordinates": [ 126.101386574809666, 40.865044586172232 ] } },
{ "type": "Feature", "properties": { "type": "road", "longitude": 129.37288488840554, "latitude": 40.865044586172232, "Id": 208, "class": null, "Code": null, "Name": null, "Lon": null, "Lat": null }, "geometry": { "type": "Point", "coordinates": [ 129.372884888405537, 40.865044586172232 ] } },
{ "type": "Feature", "properties": { "type": "road", "longitude": -123.03454703682849, "latitude": 38.404086085661085, "Id": 209, "class": null, "Code": null, "Name": null, "Lon": null, "Lat": null }, "geometry": { "type": "Point", "coordinates": [ -123.034547036828485, 38.404086085661085 ] } },
{ "type": "Feature", "properties": { "type": "road", "longitude": -119.83506716571276, "latitude": 38.404086085661085, "Id": 210, "class": null, "Code": null, "Name": null, "Lon": null, "Lat": null }, "geometry": { "type": "Point", "coordinates": [ -119.835067165712758, 38.404086085661085 ] } },
{ "type": "Feature", "properties": { "type": "road", "longitude": -97.438708067902724, "latitude": 38.404086085661085, "Id": 211, "class": null, "Code": null, "Name": null, "Lon": null, "Lat": null }, "geometry": { "type": "Point", "coordinates": [ -97.438708067902724, 38.404086085661085 ] } },
{ "type": "Feature", "properties": { "type": "road", "longitude": -94.239228196786996, "latitude": 38.404086085661085, "Id": 212, "class": null, "Code": null, "Name": null, "Lon": null, "Lat": null }, "geometry": { "type": "Point", "coordinates": [ -94.239228196786996, 38.404086085661085 ] } },
{ "type": "Feature", "properties": { "type": "road", "longitude": -91.039748325671283, "latitude": 38.404086085661085, "Id": 213, "class": null, "Code": null, "Name": null, "Lon": null, "Lat": null }, "geometry": { "type": "Point", "coordinates": [ -91.039748325671283, 38.404086085661085 ] } },
{ "type": "Feature", "properties": { "type": "road", "longitude": -87.840268454555542, "latitude": 38.404086085661085, "Id": 214, "class": null, "Code": null, "Name": null, "Lon": null, "Lat": null }, "geometry": { "type": "Point", "coordinates": [ -87.840268454555542, 38.404086085661085 ] } },
{ "type": "Feature", "properties": { "type": "road", "longitude": -84.640788583439814, "latitude": 38.404086085661085, "Id": 215, "class": null, "Code": null, "Name": null, "Lon": null, "Lat": null }, "geometry": { "type": "Point", "coordinates": [ -84.640788583439814, 38.404086085661085 ] } },
{ "type": "Feature", "properties": { "type": "road", "longitude": -81.441308712324116, "latitude": 38.404086085661085, "Id": 216, "class": null, "Code": null, "Name": null, "Lon": null, "Lat": null }, "geometry": { "type": "Point", "coordinates": [ -81.441308712324116, 38.404086085661085 ] } },
{ "type": "Feature", "properties": { "type": "road", "longitude": -78.241828841208388, "latitude": 38.404086085661085, "Id": 217, "class": null, "Code": null, "Name": null, "Lon": null, "Lat": null }, "geometry": { "type": "Point", "coordinates": [ -78.241828841208388, 38.404086085661085 ] } },
{ "type": "Feature", "properties": { "type": "road", "longitude": -7.8532716766625681, "latitude": 38.404086085661085, "Id": 218, "class": null, "Code": null, "Name": null, "Lon": null, "Lat": null }, "geometry": { "type": "Point", "coordinates": [ -7.853271676662568, 38.404086085661085 ] } },
{ "type": "Feature", "properties": { "type": "road", "longitude": -4.6537918055468417, "latitude": 38.404086085661085, "Id": 219, "class": null, "Code": null, "Name": null, "Lon": null, "Lat": null }, "geometry": { "type": "Point", "coordinates": [ -4.653791805546842, 38.404086085661085 ] } },
{ "type": "Feature", "properties": { "type": "road", "longitude": -1.454311934431114, "latitude": 38.404086085661085, "Id": 220, "class": null, "Code": null, "Name": null, "Lon": null, "Lat": null }, "geometry": { "type": "Point", "coordinates": [ -1.454311934431114, 38.404086085661085 ] } },
{ "type": "Feature", "properties": { "type": "road", "longitude": 24.141527034494615, "latitude": 38.404086085661085, "Id": 221, "class": null, "Code": null, "Name": null, "Lon": null, "Lat": null }, "geometry": { "type": "Point", "coordinates": [ 24.141527034494615, 38.404086085661085 ] } },
{ "type": "Feature", "properties": { "type": "road", "longitude": 27.341006905610342, "latitude": 38.404086085661085, "Id": 222, "class": null, "Code": null, "Name": null, "Lon": null, "Lat": null }, "geometry": { "type": "Point", "coordinates": [ 27.341006905610342, 38.404086085661085 ] } },
{ "type": "Feature", "properties": { "type": "road", "longitude": 30.540486776726073, "latitude": 38.404086085661085, "Id": 223, "class": null, "Code": null, "Name": null, "Lon": null, "Lat": null }, "geometry": { "type": "Point", "coordinates": [ 30.540486776726073, 38.404086085661085 ] } },
{ "type": "Feature", "properties": { "type": "road", "longitude": 33.739966647841797, "latitude": 38.404086085661085, "Id": 224, "class": null, "Code": null, "Name": null, "Lon": null, "Lat": null }, "geometry": { "type": "Point", "coordinates": [ 33.739966647841797, 38.404086085661085 ] } },
{ "type": "Feature", "properties": { "type": "road", "longitude": 36.939446518957531, "latitude": 38.404086085661085, "Id": 225, "class": null, "Code": null, "Name": null, "Lon": null, "Lat": null }, "geometry": { "type": "Point", "coordinates": [ 36.939446518957524, 38.404086085661085 ] } },
{ "type": "Feature", "properties": { "type": "road", "longitude": 40.138926390073259, "latitude": 38.404086085661085, "Id": 226, "class": null, "Code": null, "Name": null, "Lon": null, "Lat": null }, "geometry": { "type": "Point", "coordinates": [ 40.138926390073259, 38.404086085661085 ] } },
{ "type": "Feature", "properties": { "type": "road", "longitude": 43.338406261188936, "latitude": 38.404086085661085, "Id": 227, "class": null, "Code": null, "Name": null, "Lon": null, "Lat": null }, "geometry": { "type": "Point", "coordinates": [ 43.338406261188936, 38.404086085661085 ] } },
{ "type": "Feature", "properties": { "type": "road", "longitude": 56.136325745651838, "latitude": 38.404086085661085, "Id": 228, "class": null, "Code": null, "Name": null, "Lon": null, "Lat": null }, "geometry": { "type": "Point", "coordinates": [ 56.136325745651838, 38.404086085661085 ] } },
{ "type": "Feature", "properties": { "type": "road", "longitude": 59.335805616767566, "latitude": 38.404086085661085, "Id": 229, "class": null, "Code": null, "Name": null, "Lon": null, "Lat": null }, "geometry": { "type": "Point", "coordinates": [ 59.335805616767566, 38.404086085661085 ] } },
{ "type": "Feature", "properties": { "type": "road", "longitude": 62.535285487883257, "latitude": 38.404086085661085, "Id": 230, "class": null, "Code": null, "Name": null, "Lon": null, "Lat": null }, "geometry": { "type": "Point", "coordinates": [ 62.535285487883257, 38.404086085661085 ] } },
{ "type": "Feature", "properties": { "type": "road", "longitude": 65.73476535899897, "latitude": 38.404086085661085, "Id": 231, "class": null, "Code": null, "Name": null, "Lon": null, "Lat": null }, "geometry": { "type": "Point", "coordinates": [ 65.73476535899897, 38.404086085661085 ] } },
{ "type": "Feature", "properties": { "type": "road", "longitude": 91.330604327924746, "latitude": 38.404086085661085, "Id": 232, "class": null, "Code": null, "Name": null, "Lon": null, "Lat": null }, "geometry": { "type": "Point", "coordinates": [ 91.330604327924746, 38.404086085661085 ] } },
{ "type": "Feature", "properties": { "type": "road", "longitude": 94.530084199040473, "latitude": 38.404086085661085, "Id": 233, "class": null, "Code": null, "Name": null, "Lon": null, "Lat": null }, "geometry": { "type": "Point", "coordinates": [ 94.530084199040473, 38.404086085661085 ] } },
{ "type": "Feature", "properties": { "type": "road", "longitude": 100.92904394127189, "latitude": 38.404086085661085, "Id": 234, "class": null, "Code": null, "Name": null, "Lon": null, "Lat": null }, "geometry": { "type": "Point", "coordinates": [ 100.929043941271885, 38.404086085661085 ] } },
{ "type": "Feature", "properties": { "type": "road", "longitude": 113.72696342573479, "latitude": 38.404086085661085, "Id": 235, "class": null, "Code": null, "Name": null, "Lon": null, "Lat": null }, "geometry": { "type": "Point", "coordinates": [ 113.726963425734795, 38.404086085661085 ] } },
{ "type": "Feature", "properties": { "type": "road", "longitude": 116.92644329685049, "latitude": 38.404086085661085, "Id": 236, "class": null, "Code": null, "Name": null, "Lon": null, "Lat": null }, "geometry": { "type": "Point", "coordinates": [ 116.926443296850493, 38.404086085661085 ] } },
{ "type": "Feature", "properties": { "type": "road", "longitude": 126.52488291019766, "latitude": 38.404086085661085, "Id": 237, "class": null, "Code": null, "Name": null, "Lon": null, "Lat": null }, "geometry": { "type": "Point", "coordinates": [ 126.524882910197661, 38.404086085661085 ] } },
{ "type": "Feature", "properties": { "type": "road", "longitude": -120.586433919519, "latitude": 35.974178125305095, "Id": 238, "class": null, "Code": null, "Name": null, "Lon": null, "Lat": null }, "geometry": { "type": "Point", "coordinates": [ -120.586433919518996, 35.974178125305095 ] } },
{ "type": "Feature", "properties": { "type": "road", "longitude": -117.45061656295458, "latitude": 35.974178125305095, "Id": 239, "class": null, "Code": null, "Name": null, "Lon": null, "Lat": null }, "geometry": { "type": "Point", "coordinates": [ -117.450616562954579, 35.974178125305095 ] } },
{ "type": "Feature", "properties": { "type": "road", "longitude": -108.04316449326134, "latitude": 35.974178125305095, "Id": 240, "class": null, "Code": null, "Name": null, "Lon": null, "Lat": null }, "geometry": { "type": "Point", "coordinates": [ -108.043164493261344, 35.974178125305095 ] } },
{ "type": "Feature", "properties": { "type": "road", "longitude": -98.635712423568123, "latitude": 35.974178125305095, "Id": 241, "class": null, "Code": null, "Name": null, "Lon": null, "Lat": null }, "geometry": { "type": "Point", "coordinates": [ -98.635712423568123, 35.974178125305095 ] } },
{ "type": "Feature", "properties": { "type": "road", "longitude": -95.499895067003706, "latitude": 35.974178125305095, "Id": 242, "class": null, "Code": null, "Name": null, "Lon": null, "Lat": null }, "geometry": { "type": "Point", "coordinates": [ -95.499895067003706, 35.974178125305095 ] } },
{ "type": "Feature", "properties": { "type": "road", "longitude": -92.36407771043929, "latitude": 35.974178125305095, "Id": 243, "class": null, "Code": null, "Name": null, "Lon": null, "Lat": null }, "geometry": { "type": "Point", "coordinates": [ -92.364077710439304, 35.974178125305095 ] } },
{ "type": "Feature", "properties": { "type": "road", "longitude": -89.228260353874902, "latitude": 35.974178125305095, "Id": 244, "class": null, "Code": null, "Name": null, "Lon": null, "Lat": null }, "geometry": { "type": "Point", "coordinates": [ -89.228260353874902, 35.974178125305095 ] } },
{ "type": "Feature", "properties": { "type": "road", "longitude": -86.092442997310471, "latitude": 35.974178125305095, "Id": 245, "class": null, "Code": null, "Name": null, "Lon": null, "Lat": null }, "geometry": { "type": "Point", "coordinates": [ -86.092442997310471, 35.974178125305095 ] } },
{ "type": "Feature", "properties": { "type": "road", "longitude": -82.956625640746068, "latitude": 35.974178125305095, "Id": 246, "class": null, "Code": null, "Name": null, "Lon": null, "Lat": null }, "geometry": { "type": "Point", "coordinates": [ -82.956625640746068, 35.974178125305095 ] } },
{ "type": "Feature", "properties": { "type": "road", "longitude": -79.820808284181666, "latitude": 35.974178125305095, "Id": 247, "class": null, "Code": null, "Name": null, "Lon": null, "Lat": null }, "geometry": { "type": "Point", "coordinates": [ -79.820808284181666, 35.974178125305095 ] } },
{ "type": "Feature", "properties": { "type": "road", "longitude": -76.684990927617264, "latitude": 35.974178125305095, "Id": 248, "class": null, "Code": null, "Name": null, "Lon": null, "Lat": null }, "geometry": { "type": "Point", "coordinates": [ -76.684990927617264, 35.974178125305095 ] } },
{ "type": "Feature", "properties": { "type": "road", "longitude": 1.710442986492968, "latitude": 35.974178125305095, "Id": 249, "class": null, "Code": null, "Name": null, "Lon": null, "Lat": null }, "geometry": { "type": "Point", "coordinates": [ 1.710442986492968, 35.974178125305095 ] } },
{ "type": "Feature", "properties": { "type": "road", "longitude": 14.253712412750589, "latitude": 35.974178125305095, "Id": 250, "class": null, "Code": null, "Name": null, "Lon": null, "Lat": null }, "geometry": { "type": "Point", "coordinates": [ 14.253712412750589, 35.974178125305095 ] } },
{ "type": "Feature", "properties": { "type": "road", "longitude": 36.204433908701454, "latitude": 35.974178125305095, "Id": 251, "class": null, "Code": null, "Name": null, "Lon": null, "Lat": null }, "geometry": { "type": "Point", "coordinates": [ 36.204433908701454, 35.974178125305095 ] } },
{ "type": "Feature", "properties": { "type": "road", "longitude": 39.340251265265877, "latitude": 35.974178125305095, "Id": 252, "class": null, "Code": null, "Name": null, "Lon": null, "Lat": null }, "geometry": { "type": "Point", "coordinates": [ 39.340251265265877, 35.974178125305095 ] } },
{ "type": "Feature", "properties": { "type": "road", "longitude": 42.476068621830251, "latitude": 35.974178125305095, "Id": 253, "class": null, "Code": null, "Name": null, "Lon": null, "Lat": null }, "geometry": { "type": "Point", "coordinates": [ 42.476068621830251, 35.974178125305095 ] } },
{ "type": "Feature", "properties": { "type": "road", "longitude": 45.611885978394668, "latitude": 35.974178125305095, "Id": 254, "class": null, "Code": null, "Name": null, "Lon": null, "Lat": null }, "geometry": { "type": "Point", "coordinates": [ 45.61188597839466, 35.974178125305095 ] } },
{ "type": "Feature", "properties": { "type": "road", "longitude": 48.747703334959077, "latitude": 35.974178125305095, "Id": 255, "class": null, "Code": null, "Name": null, "Lon": null, "Lat": null }, "geometry": { "type": "Point", "coordinates": [ 48.747703334959077, 35.974178125305095 ] } },
{ "type": "Feature", "properties": { "type": "road", "longitude": 55.019338048087903, "latitude": 35.974178125305095, "Id": 256, "class": null, "Code": null, "Name": null, "Lon": null, "Lat": null }, "geometry": { "type": "Point", "coordinates": [ 55.019338048087903, 35.974178125305095 ] } },
{ "type": "Feature", "properties": { "type": "road", "longitude": 58.155155404652326, "latitude": 35.974178125305095, "Id": 257, "class": null, "Code": null, "Name": null, "Lon": null, "Lat": null }, "geometry": { "type": "Point", "coordinates": [ 58.155155404652326, 35.974178125305095 ] } },
{ "type": "Feature", "properties": { "type": "road", "longitude": 61.290972761216707, "latitude": 35.974178125305095, "Id": 258, "class": null, "Code": null, "Name": null, "Lon": null, "Lat": null }, "geometry": { "type": "Point", "coordinates": [ 61.2909727612167, 35.974178125305095 ] } },
{ "type": "Feature", "properties": { "type": "road", "longitude": 64.42679011778111, "latitude": 35.974178125305095, "Id": 259, "class": null, "Code": null, "Name": null, "Lon": null, "Lat": null }, "geometry": { "type": "Point", "coordinates": [ 64.42679011778111, 35.974178125305095 ] } },
{ "type": "Feature", "properties": { "type": "road", "longitude": 67.562607474345526, "latitude": 35.974178125305095, "Id": 260, "class": null, "Code": null, "Name": null, "Lon": null, "Lat": null }, "geometry": { "type": "Point", "coordinates": [ 67.562607474345526, 35.974178125305095 ] } },
{ "type": "Feature", "properties": { "type": "road", "longitude": 73.834242187474345, "latitude": 35.974178125305095, "Id": 261, "class": null, "Code": null, "Name": null, "Lon": null, "Lat": null }, "geometry": { "type": "Point", "coordinates": [ 73.834242187474359, 35.974178125305095 ] } },
{ "type": "Feature", "properties": { "type": "road", "longitude": 102.05659839655402, "latitude": 35.974178125305095, "Id": 262, "class": null, "Code": null, "Name": null, "Lon": null, "Lat": null }, "geometry": { "type": "Point", "coordinates": [ 102.056598396554008, 35.974178125305095 ] } },
{ "type": "Feature", "properties": { "type": "road", "longitude": 105.19241575311842, "latitude": 35.974178125305095, "Id": 263, "class": null, "Code": null, "Name": null, "Lon": null, "Lat": null }, "geometry": { "type": "Point", "coordinates": [ 105.192415753118439, 35.974178125305095 ] } },
{ "type": "Feature", "properties": { "type": "road", "longitude": 111.46405046624729, "latitude": 35.974178125305095, "Id": 264, "class": null, "Code": null, "Name": null, "Lon": null, "Lat": null }, "geometry": { "type": "Point", "coordinates": [ 111.464050466247272, 35.974178125305095 ] } },
{ "type": "Feature", "properties": { "type": "road", "longitude": 114.59986782281163, "latitude": 35.974178125305095, "Id": 265, "class": null, "Code": null, "Name": null, "Lon": null, "Lat": null }, "geometry": { "type": "Point", "coordinates": [ 114.599867822811632, 35.974178125305095 ] } },
{ "type": "Feature", "properties": { "type": "road", "longitude": 117.73568517937605, "latitude": 35.974178125305095, "Id": 266, "class": null, "Code": null, "Name": null, "Lon": null, "Lat": null }, "geometry": { "type": "Point", "coordinates": [ 117.735685179376048, 35.974178125305095 ] } },
{ "type": "Feature", "properties": { "type": "road", "longitude": 127.14313724906928, "latitude": 35.974178125305095, "Id": 267, "class": null, "Code": null, "Name": null, "Lon": null, "Lat": null }, "geometry": { "type": "Point", "coordinates": [ 127.143137249069284, 35.974178125305095 ] } },
{ "type": "Feature", "properties": { "type": "road", "longitude": 136.55058931876249, "latitude": 35.974178125305095, "Id": 268, "class": null, "Code": null, "Name": null, "Lon": null, "Lat": null }, "geometry": { "type": "Point", "coordinates": [ 136.550589318762491, 35.974178125305095 ] } },
{ "type": "Feature", "properties": { "type": "road", "longitude": 139.68640667532694, "latitude": 35.974178125305095, "Id": 269, "class": null, "Code": null, "Name": null, "Lon": null, "Lat": null }, "geometry": { "type": "Point", "coordinates": [ 139.686406675326936, 35.974178125305095 ] } },
{ "type": "Feature", "properties": { "type": "road", "longitude": -112.25844450986861, "latitude": 33.572096391225102, "Id": 270, "class": null, "Code": null, "Name": null, "Lon": null, "Lat": null }, "geometry": { "type": "Point", "coordinates": [ -112.25844450986861, 33.572096391225102 ] } },
{ "type": "Feature", "properties": { "type": "road", "longitude": -106.09962725857976, "latitude": 33.572096391225102, "Id": 271, "class": null, "Code": null, "Name": null, "Lon": null, "Lat": null }, "geometry": { "type": "Point", "coordinates": [ -106.099627258579758, 33.572096391225102 ] } },
{ "type": "Feature", "properties": { "type": "road", "longitude": -99.940810007290906, "latitude": 33.572096391225102, "Id": 272, "class": null, "Code": null, "Name": null, "Lon": null, "Lat": null }, "geometry": { "type": "Point", "coordinates": [ -99.940810007290906, 33.572096391225102 ] } },
{ "type": "Feature", "properties": { "type": "road", "longitude": -96.861401381646473, "latitude": 33.572096391225102, "Id": 273, "class": null, "Code": null, "Name": null, "Lon": null, "Lat": null }, "geometry": { "type": "Point", "coordinates": [ -96.861401381646488, 33.572096391225102 ] } },
{ "type": "Feature", "properties": { "type": "road", "longitude": -93.781992756002055, "latitude": 33.572096391225102, "Id": 274, "class": null, "Code": null, "Name": null, "Lon": null, "Lat": null }, "geometry": { "type": "Point", "coordinates": [ -93.781992756002055, 33.572096391225102 ] } },
{ "type": "Feature", "properties": { "type": "road", "longitude": -90.702584130357621, "latitude": 33.572096391225102, "Id": 275, "class": null, "Code": null, "Name": null, "Lon": null, "Lat": null }, "geometry": { "type": "Point", "coordinates": [ -90.702584130357621, 33.572096391225102 ] } },
{ "type": "Feature", "properties": { "type": "road", "longitude": -84.54376687906877, "latitude": 33.572096391225102, "Id": 276, "class": null, "Code": null, "Name": null, "Lon": null, "Lat": null }, "geometry": { "type": "Point", "coordinates": [ -84.54376687906877, 33.572096391225102 ] } },
{ "type": "Feature", "properties": { "type": "road", "longitude": -81.464358253424336, "latitude": 33.572096391225102, "Id": 277, "class": null, "Code": null, "Name": null, "Lon": null, "Lat": null }, "geometry": { "type": "Point", "coordinates": [ -81.464358253424336, 33.572096391225102 ] } },
{ "type": "Feature", "properties": { "type": "road", "longitude": -7.5585512379581123, "latitude": 33.572096391225102, "Id": 278, "class": null, "Code": null, "Name": null, "Lon": null, "Lat": null }, "geometry": { "type": "Point", "coordinates": [ -7.558551237958111, 33.572096391225102 ] } },
{ "type": "Feature", "properties": { "type": "road", "longitude": -4.4791426123136766, "latitude": 33.572096391225102, "Id": 279, "class": null, "Code": null, "Name": null, "Lon": null, "Lat": null }, "geometry": { "type": "Point", "coordinates": [ -4.479142612313677, 33.572096391225102 ] } },
{ "type": "Feature", "properties": { "type": "road", "longitude": -1.399733986669244, "latitude": 33.572096391225102, "Id": 280, "class": null, "Code": null, "Name": null, "Lon": null, "Lat": null }, "geometry": { "type": "Point", "coordinates": [ -1.399733986669244, 33.572096391225102 ] } },
{ "type": "Feature", "properties": { "type": "road", "longitude": 7.8384918902640157, "latitude": 33.572096391225102, "Id": 281, "class": null, "Code": null, "Name": null, "Lon": null, "Lat": null }, "geometry": { "type": "Point", "coordinates": [ 7.838491890264016, 33.572096391225102 ] } },
{ "type": "Feature", "properties": { "type": "road", "longitude": 10.91790051590845, "latitude": 33.572096391225102, "Id": 282, "class": null, "Code": null, "Name": null, "Lon": null, "Lat": null }, "geometry": { "type": "Point", "coordinates": [ 10.91790051590845, 33.572096391225102 ] } },
{ "type": "Feature", "properties": { "type": "road", "longitude": 35.553169521063879, "latitude": 33.572096391225102, "Id": 283, "class": null, "Code": null, "Name": null, "Lon": null, "Lat": null }, "geometry": { "type": "Point", "coordinates": [ 35.553169521063879, 33.572096391225102 ] } },
{ "type": "Feature", "properties": { "type": "road", "longitude": 38.632578146708319, "latitude": 33.572096391225102, "Id": 284, "class": null, "Code": null, "Name": null, "Lon": null, "Lat": null }, "geometry": { "type": "Point", "coordinates": [ 38.632578146708319, 33.572096391225102 ] } },
{ "type": "Feature", "properties": { "type": "road", "longitude": 44.791395397997142, "latitude": 33.572096391225102, "Id": 285, "class": null, "Code": null, "Name": null, "Lon": null, "Lat": null }, "geometry": { "type": "Point", "coordinates": [ 44.791395397997142, 33.572096391225102 ] } },
{ "type": "Feature", "properties": { "type": "road", "longitude": 47.870804023641575, "latitude": 33.572096391225102, "Id": 286, "class": null, "Code": null, "Name": null, "Lon": null, "Lat": null }, "geometry": { "type": "Point", "coordinates": [ 47.870804023641575, 33.572096391225102 ] } },
{ "type": "Feature", "properties": { "type": "road", "longitude": 50.950212649286009, "latitude": 33.572096391225102, "Id": 287, "class": null, "Code": null, "Name": null, "Lon": null, "Lat": null }, "geometry": { "type": "Point", "coordinates": [ 50.950212649286009, 33.572096391225102 ] } },
{ "type": "Feature", "properties": { "type": "road", "longitude": 54.029621274930442, "latitude": 33.572096391225102, "Id": 288, "class": null, "Code": null, "Name": null, "Lon": null, "Lat": null }, "geometry": { "type": "Point", "coordinates": [ 54.029621274930442, 33.572096391225102 ] } },
{ "type": "Feature", "properties": { "type": "road", "longitude": 63.267847151863691, "latitude": 33.572096391225102, "Id": 289, "class": null, "Code": null, "Name": null, "Lon": null, "Lat": null }, "geometry": { "type": "Point", "coordinates": [ 63.267847151863691, 33.572096391225102 ] } },
{ "type": "Feature", "properties": { "type": "road", "longitude": 66.347255777508138, "latitude": 33.572096391225102, "Id": 290, "class": null, "Code": null, "Name": null, "Lon": null, "Lat": null }, "geometry": { "type": "Point", "coordinates": [ 66.347255777508138, 33.572096391225102 ] } },
{ "type": "Feature", "properties": { "type": "road", "longitude": 69.426664403152571, "latitude": 33.572096391225102, "Id": 291, "class": null, "Code": null, "Name": null, "Lon": null, "Lat": null }, "geometry": { "type": "Point", "coordinates": [ 69.426664403152571, 33.572096391225102 ] } },
{ "type": "Feature", "properties": { "type": "road", "longitude": 72.506073028797005, "latitude": 33.572096391225102, "Id": 292, "class": null, "Code": null, "Name": null, "Lon": null, "Lat": null }, "geometry": { "type": "Point", "coordinates": [ 72.506073028797005, 33.572096391225102 ] } },
{ "type": "Feature", "properties": { "type": "road", "longitude": 75.585481654441438, "latitude": 33.572096391225102, "Id": 293, "class": null, "Code": null, "Name": null, "Lon": null, "Lat": null }, "geometry": { "type": "Point", "coordinates": [ 75.585481654441438, 33.572096391225102 ] } },
{ "type": "Feature", "properties": { "type": "road", "longitude": 78.664890280085828, "latitude": 33.572096391225102, "Id": 294, "class": null, "Code": null, "Name": null, "Lon": null, "Lat": null }, "geometry": { "type": "Point", "coordinates": [ 78.664890280085828, 33.572096391225102 ] } },
{ "type": "Feature", "properties": { "type": "road", "longitude": 97.141342033952384, "latitude": 33.572096391225102, "Id": 295, "class": null, "Code": null, "Name": null, "Lon": null, "Lat": null }, "geometry": { "type": "Point", "coordinates": [ 97.141342033952384, 33.572096391225102 ] } },
{ "type": "Feature", "properties": { "type": "road", "longitude": 100.22075065959682, "latitude": 33.572096391225102, "Id": 296, "class": null, "Code": null, "Name": null, "Lon": null, "Lat": null }, "geometry": { "type": "Point", "coordinates": [ 100.220750659596817, 33.572096391225102 ] } },
{ "type": "Feature", "properties": { "type": "road", "longitude": 109.45897653653013, "latitude": 33.572096391225102, "Id": 297, "class": null, "Code": null, "Name": null, "Lon": null, "Lat": null }, "geometry": { "type": "Point", "coordinates": [ 109.45897653653013, 33.572096391225102 ] } },
{ "type": "Feature", "properties": { "type": "road", "longitude": 115.61779378781895, "latitude": 33.572096391225102, "Id": 298, "class": null, "Code": null, "Name": null, "Lon": null, "Lat": null }, "geometry": { "type": "Point", "coordinates": [ 115.617793787818954, 33.572096391225102 ] } },
{ "type": "Feature", "properties": { "type": "road", "longitude": 118.69720241346339, "latitude": 33.572096391225102, "Id": 299, "class": null, "Code": null, "Name": null, "Lon": null, "Lat": null }, "geometry": { "type": "Point", "coordinates": [ 118.697202413463387, 33.572096391225102 ] } },
{ "type": "Feature", "properties": { "type": "road", "longitude": 131.01483691604108, "latitude": 33.572096391225102, "Id": 300, "class": null, "Code": null, "Name": null, "Lon": null, "Lat": null }, "geometry": { "type": "Point", "coordinates": [ 131.014836916041077, 33.572096391225102 ] } },
{ "type": "Feature", "properties": { "type": "road", "longitude": 134.0942455416855, "latitude": 33.572096391225102, "Id": 301, "class": null, "Code": null, "Name": null, "Lon": null, "Lat": null }, "geometry": { "type": "Point", "coordinates": [ 134.094245541685495, 33.572096391225102 ] } },
{ "type": "Feature", "properties": { "type": "road", "longitude": -110.43411998506673, "latitude": 31.194966538777734, "Id": 302, "class": null, "Code": null, "Name": null, "Lon": null, "Lat": null }, "geometry": { "type": "Point", "coordinates": [ -110.434119985066729, 31.194966538777738 ] } },
{ "type": "Feature", "properties": { "type": "road", "longitude": -101.34602554908234, "latitude": 31.194966538777734, "Id": 303, "class": null, "Code": null, "Name": null, "Lon": null, "Lat": null }, "geometry": { "type": "Point", "coordinates": [ -101.346025549082341, 31.194966538777738 ] } },
{ "type": "Feature", "properties": { "type": "road", "longitude": -98.316660737087545, "latitude": 31.194966538777734, "Id": 304, "class": null, "Code": null, "Name": null, "Lon": null, "Lat": null }, "geometry": { "type": "Point", "coordinates": [ -98.31666073708756, 31.194966538777738 ] } },
{ "type": "Feature", "properties": { "type": "road", "longitude": -95.287295925092764, "latitude": 31.194966538777734, "Id": 305, "class": null, "Code": null, "Name": null, "Lon": null, "Lat": null }, "geometry": { "type": "Point", "coordinates": [ -95.287295925092764, 31.194966538777738 ] } },
{ "type": "Feature", "properties": { "type": "road", "longitude": -92.257931113097982, "latitude": 31.194966538777734, "Id": 306, "class": null, "Code": null, "Name": null, "Lon": null, "Lat": null }, "geometry": { "type": "Point", "coordinates": [ -92.257931113097982, 31.194966538777738 ] } },
{ "type": "Feature", "properties": { "type": "road", "longitude": -86.199201489108404, "latitude": 31.194966538777734, "Id": 307, "class": null, "Code": null, "Name": null, "Lon": null, "Lat": null }, "geometry": { "type": "Point", "coordinates": [ -86.199201489108404, 31.194966538777738 ] } },
{ "type": "Feature", "properties": { "type": "road", "longitude": -83.16983667711358, "latitude": 31.194966538777734, "Id": 308, "class": null, "Code": null, "Name": null, "Lon": null, "Lat": null }, "geometry": { "type": "Point", "coordinates": [ -83.16983667711358, 31.194966538777738 ] } },
{ "type": "Feature", "properties": { "type": "road", "longitude": -7.435716377243768, "latitude": 31.194966538777734, "Id": 309, "class": null, "Code": null, "Name": null, "Lon": null, "Lat": null }, "geometry": { "type": "Point", "coordinates": [ -7.435716377243767, 31.194966538777738 ] } },
{ "type": "Feature", "properties": { "type": "road", "longitude": 10.740472494724992, "latitude": 31.194966538777734, "Id": 310, "class": null, "Code": null, "Name": null, "Lon": null, "Lat": null }, "geometry": { "type": "Point", "coordinates": [ 10.740472494724992, 31.194966538777738 ] } },
{ "type": "Feature", "properties": { "type": "road", "longitude": 16.799202118714593, "latitude": 31.194966538777734, "Id": 311, "class": null, "Code": null, "Name": null, "Lon": null, "Lat": null }, "geometry": { "type": "Point", "coordinates": [ 16.799202118714593, 31.194966538777738 ] } },
{ "type": "Feature", "properties": { "type": "road", "longitude": 22.857931742704153, "latitude": 31.194966538777734, "Id": 312, "class": null, "Code": null, "Name": null, "Lon": null, "Lat": null }, "geometry": { "type": "Point", "coordinates": [ 22.857931742704153, 31.194966538777738 ] } },
{ "type": "Feature", "properties": { "type": "road", "longitude": 25.887296554698953, "latitude": 31.194966538777734, "Id": 313, "class": null, "Code": null, "Name": null, "Lon": null, "Lat": null }, "geometry": { "type": "Point", "coordinates": [ 25.887296554698953, 31.194966538777738 ] } },
{ "type": "Feature", "properties": { "type": "road", "longitude": 31.946026178688552, "latitude": 31.194966538777734, "Id": 314, "class": null, "Code": null, "Name": null, "Lon": null, "Lat": null }, "geometry": { "type": "Point", "coordinates": [ 31.946026178688552, 31.194966538777738 ] } },
{ "type": "Feature", "properties": { "type": "road", "longitude": 34.975390990683351, "latitude": 31.194966538777734, "Id": 315, "class": null, "Code": null, "Name": null, "Lon": null, "Lat": null }, "geometry": { "type": "Point", "coordinates": [ 34.975390990683351, 31.194966538777738 ] } },
{ "type": "Feature", "properties": { "type": "road", "longitude": 50.122215050657317, "latitude": 31.194966538777734, "Id": 316, "class": null, "Code": null, "Name": null, "Lon": null, "Lat": null }, "geometry": { "type": "Point", "coordinates": [ 50.122215050657317, 31.194966538777738 ] } },
{ "type": "Feature", "properties": { "type": "road", "longitude": 53.151579862652113, "latitude": 31.194966538777734, "Id": 317, "class": null, "Code": null, "Name": null, "Lon": null, "Lat": null }, "geometry": { "type": "Point", "coordinates": [ 53.151579862652113, 31.194966538777738 ] } },
{ "type": "Feature", "properties": { "type": "road", "longitude": 68.298403922626079, "latitude": 31.194966538777734, "Id": 318, "class": null, "Code": null, "Name": null, "Lon": null, "Lat": null }, "geometry": { "type": "Point", "coordinates": [ 68.298403922626079, 31.194966538777738 ] } },
{ "type": "Feature", "properties": { "type": "road", "longitude": 74.357133546615685, "latitude": 31.194966538777734, "Id": 319, "class": null, "Code": null, "Name": null, "Lon": null, "Lat": null }, "geometry": { "type": "Point", "coordinates": [ 74.357133546615685, 31.194966538777738 ] } },
{ "type": "Feature", "properties": { "type": "road", "longitude": 77.386498358610439, "latitude": 31.194966538777734, "Id": 320, "class": null, "Code": null, "Name": null, "Lon": null, "Lat": null }, "geometry": { "type": "Point", "coordinates": [ 77.386498358610439, 31.194966538777738 ] } },
{ "type": "Feature", "properties": { "type": "road", "longitude": 86.474592794594827, "latitude": 31.194966538777734, "Id": 321, "class": null, "Code": null, "Name": null, "Lon": null, "Lat": null }, "geometry": { "type": "Point", "coordinates": [ 86.474592794594827, 31.194966538777738 ] } },
{ "type": "Feature", "properties": { "type": "road", "longitude": 104.6507816665636, "latitude": 31.194966538777734, "Id": 322, "class": null, "Code": null, "Name": null, "Lon": null, "Lat": null }, "geometry": { "type": "Point", "coordinates": [ 104.650781666563603, 31.194966538777738 ] } },
{ "type": "Feature", "properties": { "type": "road", "longitude": 107.6801464785584, "latitude": 31.194966538777734, "Id": 323, "class": null, "Code": null, "Name": null, "Lon": null, "Lat": null }, "geometry": { "type": "Point", "coordinates": [ 107.680146478558399, 31.194966538777738 ] } },
{ "type": "Feature", "properties": { "type": "road", "longitude": 110.70951129055315, "latitude": 31.194966538777734, "Id": 324, "class": null, "Code": null, "Name": null, "Lon": null, "Lat": null }, "geometry": { "type": "Point", "coordinates": [ 110.709511290553152, 31.194966538777738 ] } },
{ "type": "Feature", "properties": { "type": "road", "longitude": 113.73887610254796, "latitude": 31.194966538777734, "Id": 325, "class": null, "Code": null, "Name": null, "Lon": null, "Lat": null }, "geometry": { "type": "Point", "coordinates": [ 113.738876102547962, 31.194966538777738 ] } },
{ "type": "Feature", "properties": { "type": "road", "longitude": 116.76824091454276, "latitude": 31.194966538777734, "Id": 326, "class": null, "Code": null, "Name": null, "Lon": null, "Lat": null }, "geometry": { "type": "Point", "coordinates": [ 116.768240914542744, 31.194966538777738 ] } },
{ "type": "Feature", "properties": { "type": "road", "longitude": 119.79760572653757, "latitude": 31.194966538777734, "Id": 327, "class": null, "Code": null, "Name": null, "Lon": null, "Lat": null }, "geometry": { "type": "Point", "coordinates": [ 119.797605726537569, 31.194966538777738 ] } },
{ "type": "Feature", "properties": { "type": "road", "longitude": -111.80040309082828, "latitude": 28.840202324758884, "Id": 328, "class": null, "Code": null, "Name": null, "Lon": null, "Lat": null }, "geometry": { "type": "Point", "coordinates": [ -111.800403090828283, 28.840202324758884 ] } },
{ "type": "Feature", "properties": { "type": "road", "longitude": -105.83047879851601, "latitude": 28.840202324758884, "Id": 329, "class": null, "Code": null, "Name": null, "Lon": null, "Lat": null }, "geometry": { "type": "Point", "coordinates": [ -105.830478798516012, 28.840202324758884 ] } },
{ "type": "Feature", "properties": { "type": "road", "longitude": -102.84551665235992, "latitude": 28.840202324758884, "Id": 330, "class": null, "Code": null, "Name": null, "Lon": null, "Lat": null }, "geometry": { "type": "Point", "coordinates": [ -102.845516652359919, 28.840202324758884 ] } },
{ "type": "Feature", "properties": { "type": "road", "longitude": -99.860554506203769, "latitude": 28.840202324758884, "Id": 331, "class": null, "Code": null, "Name": null, "Lon": null, "Lat": null }, "geometry": { "type": "Point", "coordinates": [ -99.860554506203783, 28.840202324758884 ] } },
{ "type": "Feature", "properties": { "type": "road", "longitude": -81.950781629267055, "latitude": 28.840202324758884, "Id": 332, "class": null, "Code": null, "Name": null, "Lon": null, "Lat": null }, "geometry": { "type": "Point", "coordinates": [ -81.950781629267055, 28.840202324758884 ] } },
{ "type": "Feature", "properties": { "type": "road", "longitude": -10.311690121520199, "latitude": 28.840202324758884, "Id": 333, "class": null, "Code": null, "Name": null, "Lon": null, "Lat": null }, "geometry": { "type": "Point", "coordinates": [ -10.311690121520197, 28.840202324758884 ] } },
{ "type": "Feature", "properties": { "type": "road", "longitude": 7.5980827554165256, "latitude": 28.840202324758884, "Id": 334, "class": null, "Code": null, "Name": null, "Lon": null, "Lat": null }, "geometry": { "type": "Point", "coordinates": [ 7.598082755416526, 28.840202324758884 ] } },
{ "type": "Feature", "properties": { "type": "road", "longitude": 10.583044901572652, "latitude": 28.840202324758884, "Id": 335, "class": null, "Code": null, "Name": null, "Lon": null, "Lat": null }, "geometry": { "type": "Point", "coordinates": [ 10.583044901572652, 28.840202324758884 ] } },
{ "type": "Feature", "properties": { "type": "road", "longitude": 28.492817778509377, "latitude": 28.840202324758884, "Id": 336, "class": null, "Code": null, "Name": null, "Lon": null, "Lat": null }, "geometry": { "type": "Point", "coordinates": [ 28.492817778509377, 28.840202324758884 ] } },
{ "type": "Feature", "properties": { "type": "road", "longitude": 34.462742070821626, "latitude": 28.840202324758884, "Id": 337, "class": null, "Code": null, "Name": null, "Lon": null, "Lat": null }, "geometry": { "type": "Point", "coordinates": [ 34.462742070821626, 28.840202324758884 ] } },
{ "type": "Feature", "properties": { "type": "road", "longitude": 43.417628509289969, "latitude": 28.840202324758884, "Id": 338, "class": null, "Code": null, "Name": null, "Lon": null, "Lat": null }, "geometry": { "type": "Point", "coordinates": [ 43.417628509289969, 28.840202324758884 ] } },
{ "type": "Feature", "properties": { "type": "road", "longitude": 64.312363532382818, "latitude": 28.840202324758884, "Id": 339, "class": null, "Code": null, "Name": null, "Lon": null, "Lat": null }, "geometry": { "type": "Point", "coordinates": [ 64.312363532382818, 28.840202324758884 ] } },
{ "type": "Feature", "properties": { "type": "road", "longitude": 70.282287824695075, "latitude": 28.840202324758884, "Id": 340, "class": null, "Code": null, "Name": null, "Lon": null, "Lat": null }, "geometry": { "type": "Point", "coordinates": [ 70.282287824695075, 28.840202324758884 ] } },
{ "type": "Feature", "properties": { "type": "road", "longitude": 73.267249970851196, "latitude": 28.840202324758884, "Id": 341, "class": null, "Code": null, "Name": null, "Lon": null, "Lat": null }, "geometry": { "type": "Point", "coordinates": [ 73.267249970851196, 28.840202324758884 ] } },
{ "type": "Feature", "properties": { "type": "road", "longitude": 76.252212117007289, "latitude": 28.840202324758884, "Id": 342, "class": null, "Code": null, "Name": null, "Lon": null, "Lat": null }, "geometry": { "type": "Point", "coordinates": [ 76.252212117007304, 28.840202324758884 ] } },
{ "type": "Feature", "properties": { "type": "road", "longitude": 79.237174263163411, "latitude": 28.840202324758884, "Id": 343, "class": null, "Code": null, "Name": null, "Lon": null, "Lat": null }, "geometry": { "type": "Point", "coordinates": [ 79.237174263163411, 28.840202324758884 ] } },
{ "type": "Feature", "properties": { "type": "road", "longitude": 94.161984993944003, "latitude": 28.840202324758884, "Id": 344, "class": null, "Code": null, "Name": null, "Lon": null, "Lat": null }, "geometry": { "type": "Point", "coordinates": [ 94.161984993944003, 28.840202324758884 ] } },
{ "type": "Feature", "properties": { "type": "road", "longitude": 112.07175787088073, "latitude": 28.840202324758884, "Id": 345, "class": null, "Code": null, "Name": null, "Lon": null, "Lat": null }, "geometry": { "type": "Point", "coordinates": [ 112.071757870880731, 28.840202324758884 ] } },
{ "type": "Feature", "properties": { "type": "road", "longitude": 115.05672001703685, "latitude": 28.840202324758884, "Id": 346, "class": null, "Code": null, "Name": null, "Lon": null, "Lat": null }, "geometry": { "type": "Point", "coordinates": [ 115.056720017036852, 28.840202324758884 ] } },
{ "type": "Feature", "properties": { "type": "road", "longitude": 118.04168216319299, "latitude": 28.840202324758884, "Id": 347, "class": null, "Code": null, "Name": null, "Lon": null, "Lat": null }, "geometry": { "type": "Point", "coordinates": [ 118.041682163192988, 28.840202324758884 ] } },
{ "type": "Feature", "properties": { "type": "road", "longitude": -107.38075425364399, "latitude": 26.505456470477299, "Id": 348, "class": null, "Code": null, "Name": null, "Lon": null, "Lat": null }, "geometry": { "type": "Point", "coordinates": [ -107.380754253643985, 26.505456470477299 ] } },
{ "type": "Feature", "properties": { "type": "road", "longitude": -104.43514760177375, "latitude": 26.505456470477299, "Id": 349, "class": null, "Code": null, "Name": null, "Lon": null, "Lat": null }, "geometry": { "type": "Point", "coordinates": [ -104.43514760177375, 26.505456470477299 ] } },
{ "type": "Feature", "properties": { "type": "road", "longitude": -101.4895409499035, "latitude": 26.505456470477299, "Id": 350, "class": null, "Code": null, "Name": null, "Lon": null, "Lat": null }, "geometry": { "type": "Point", "coordinates": [ -101.4895409499035, 26.505456470477299 ] } },
{ "type": "Feature", "properties": { "type": "road", "longitude": -98.54393429803325, "latitude": 26.505456470477299, "Id": 351, "class": null, "Code": null, "Name": null, "Lon": null, "Lat": null }, "geometry": { "type": "Point", "coordinates": [ -98.54393429803325, 26.505456470477299 ] } },
{ "type": "Feature", "properties": { "type": "road", "longitude": 10.443511821165801, "latitude": 26.505456470477299, "Id": 352, "class": null, "Code": null, "Name": null, "Lon": null, "Lat": null }, "geometry": { "type": "Point", "coordinates": [ 10.443511821165803, 26.505456470477299 ] } },
{ "type": "Feature", "properties": { "type": "road", "longitude": 13.389118473036055, "latitude": 26.505456470477299, "Id": 353, "class": null, "Code": null, "Name": null, "Lon": null, "Lat": null }, "geometry": { "type": "Point", "coordinates": [ 13.389118473036055, 26.505456470477299 ] } },
{ "type": "Feature", "properties": { "type": "road", "longitude": 16.334725124906306, "latitude": 26.505456470477299, "Id": 354, "class": null, "Code": null, "Name": null, "Lon": null, "Lat": null }, "geometry": { "type": "Point", "coordinates": [ 16.334725124906306, 26.505456470477299 ] } },
{ "type": "Feature", "properties": { "type": "road", "longitude": 34.008365036127778, "latitude": 26.505456470477299, "Id": 355, "class": null, "Code": null, "Name": null, "Lon": null, "Lat": null }, "geometry": { "type": "Point", "coordinates": [ 34.008365036127778, 26.505456470477299 ] } },
{ "type": "Feature", "properties": { "type": "road", "longitude": 57.573218251089713, "latitude": 26.505456470477299, "Id": 356, "class": null, "Code": null, "Name": null, "Lon": null, "Lat": null }, "geometry": { "type": "Point", "coordinates": [ 57.573218251089713, 26.505456470477299 ] } },
{ "type": "Feature", "properties": { "type": "road", "longitude": 60.518824902959963, "latitude": 26.505456470477299, "Id": 357, "class": null, "Code": null, "Name": null, "Lon": null, "Lat": null }, "geometry": { "type": "Point", "coordinates": [ 60.518824902959963, 26.505456470477299 ] } },
{ "type": "Feature", "properties": { "type": "road", "longitude": 72.301251510440977, "latitude": 26.505456470477299, "Id": 358, "class": null, "Code": null, "Name": null, "Lon": null, "Lat": null }, "geometry": { "type": "Point", "coordinates": [ 72.301251510440977, 26.505456470477299 ] } },
{ "type": "Feature", "properties": { "type": "road", "longitude": 75.246858162311199, "latitude": 26.505456470477299, "Id": 359, "class": null, "Code": null, "Name": null, "Lon": null, "Lat": null }, "geometry": { "type": "Point", "coordinates": [ 75.246858162311199, 26.505456470477299 ] } },
{ "type": "Feature", "properties": { "type": "road", "longitude": 78.192464814181463, "latitude": 26.505456470477299, "Id": 360, "class": null, "Code": null, "Name": null, "Lon": null, "Lat": null }, "geometry": { "type": "Point", "coordinates": [ 78.192464814181449, 26.505456470477299 ] } },
{ "type": "Feature", "properties": { "type": "road", "longitude": 81.138071466051684, "latitude": 26.505456470477299, "Id": 361, "class": null, "Code": null, "Name": null, "Lon": null, "Lat": null }, "geometry": { "type": "Point", "coordinates": [ 81.138071466051684, 26.505456470477299 ] } },
{ "type": "Feature", "properties": { "type": "road", "longitude": 84.083678117921934, "latitude": 26.505456470477299, "Id": 362, "class": null, "Code": null, "Name": null, "Lon": null, "Lat": null }, "geometry": { "type": "Point", "coordinates": [ 84.083678117921934, 26.505456470477299 ] } },
{ "type": "Feature", "properties": { "type": "road", "longitude": 87.029284769792199, "latitude": 26.505456470477299, "Id": 363, "class": null, "Code": null, "Name": null, "Lon": null, "Lat": null }, "geometry": { "type": "Point", "coordinates": [ 87.029284769792199, 26.505456470477299 ] } },
{ "type": "Feature", "properties": { "type": "road", "longitude": 89.974891421662448, "latitude": 26.505456470477299, "Id": 364, "class": null, "Code": null, "Name": null, "Lon": null, "Lat": null }, "geometry": { "type": "Point", "coordinates": [ 89.974891421662448, 26.505456470477299 ] } },
{ "type": "Feature", "properties": { "type": "road", "longitude": 92.920498073532656, "latitude": 26.505456470477299, "Id": 365, "class": null, "Code": null, "Name": null, "Lon": null, "Lat": null }, "geometry": { "type": "Point", "coordinates": [ 92.920498073532656, 26.505456470477299 ] } },
{ "type": "Feature", "properties": { "type": "road", "longitude": 98.81171137727317, "latitude": 26.505456470477299, "Id": 366, "class": null, "Code": null, "Name": null, "Lon": null, "Lat": null }, "geometry": { "type": "Point", "coordinates": [ 98.81171137727317, 26.505456470477299 ] } },
{ "type": "Feature", "properties": { "type": "road", "longitude": 101.75731802914342, "latitude": 26.505456470477299, "Id": 367, "class": null, "Code": null, "Name": null, "Lon": null, "Lat": null }, "geometry": { "type": "Point", "coordinates": [ 101.75731802914342, 26.505456470477299 ] } },
{ "type": "Feature", "properties": { "type": "road", "longitude": 104.70292468101364, "latitude": 26.505456470477299, "Id": 368, "class": null, "Code": null, "Name": null, "Lon": null, "Lat": null }, "geometry": { "type": "Point", "coordinates": [ 104.702924681013656, 26.505456470477299 ] } },
{ "type": "Feature", "properties": { "type": "road", "longitude": 110.59413798475413, "latitude": 26.505456470477299, "Id": 369, "class": null, "Code": null, "Name": null, "Lon": null, "Lat": null }, "geometry": { "type": "Point", "coordinates": [ 110.594137984754127, 26.505456470477299 ] } },
{ "type": "Feature", "properties": { "type": "road", "longitude": 119.43095794036488, "latitude": 26.505456470477299, "Id": 370, "class": null, "Code": null, "Name": null, "Lon": null, "Lat": null }, "geometry": { "type": "Point", "coordinates": [ 119.430957940364877, 26.505456470477299 ] } },
{ "type": "Feature", "properties": { "type": "road", "longitude": -103.20137267211615, "latitude": 24.18858107111306, "Id": 371, "class": null, "Code": null, "Name": null, "Lon": null, "Lat": null }, "geometry": { "type": "Point", "coordinates": [ -103.20137267211615, 24.18858107111306 ] } },
{ "type": "Feature", "properties": { "type": "road", "longitude": -100.2905647994229, "latitude": 24.18858107111306, "Id": 372, "class": null, "Code": null, "Name": null, "Lon": null, "Lat": null }, "geometry": { "type": "Point", "coordinates": [ -100.290564799422896, 24.18858107111306 ] } },
{ "type": "Feature", "properties": { "type": "road", "longitude": -12.966328618625131, "latitude": 24.18858107111306, "Id": 373, "class": null, "Code": null, "Name": null, "Lon": null, "Lat": null }, "geometry": { "type": "Point", "coordinates": [ -12.966328618625131, 24.18858107111306 ] } },
{ "type": "Feature", "properties": { "type": "road", "longitude": 45.249828835240017, "latitude": 24.18858107111306, "Id": 374, "class": null, "Code": null, "Name": null, "Lon": null, "Lat": null }, "geometry": { "type": "Point", "coordinates": [ 45.249828835240017, 24.18858107111306 ] } },
{ "type": "Feature", "properties": { "type": "road", "longitude": 51.071444580626533, "latitude": 24.18858107111306, "Id": 375, "class": null, "Code": null, "Name": null, "Lon": null, "Lat": null }, "geometry": { "type": "Point", "coordinates": [ 51.071444580626533, 24.18858107111306 ] } },
{ "type": "Feature", "properties": { "type": "road", "longitude": 56.893060326013035, "latitude": 24.18858107111306, "Id": 376, "class": null, "Code": null, "Name": null, "Lon": null, "Lat": null }, "geometry": { "type": "Point", "coordinates": [ 56.893060326013028, 24.18858107111306 ] } },
{ "type": "Feature", "properties": { "type": "road", "longitude": 68.536291816786104, "latitude": 24.18858107111306, "Id": 377, "class": null, "Code": null, "Name": null, "Lon": null, "Lat": null }, "geometry": { "type": "Point", "coordinates": [ 68.536291816786104, 24.18858107111306 ] } },
{ "type": "Feature", "properties": { "type": "road", "longitude": 71.447099689479359, "latitude": 24.18858107111306, "Id": 378, "class": null, "Code": null, "Name": null, "Lon": null, "Lat": null }, "geometry": { "type": "Point", "coordinates": [ 71.447099689479359, 24.18858107111306 ] } },
{ "type": "Feature", "properties": { "type": "road", "longitude": 74.357907562172585, "latitude": 24.18858107111306, "Id": 379, "class": null, "Code": null, "Name": null, "Lon": null, "Lat": null }, "geometry": { "type": "Point", "coordinates": [ 74.357907562172599, 24.18858107111306 ] } },
{ "type": "Feature", "properties": { "type": "road", "longitude": 77.268715434865854, "latitude": 24.18858107111306, "Id": 380, "class": null, "Code": null, "Name": null, "Lon": null, "Lat": null }, "geometry": { "type": "Point", "coordinates": [ 77.268715434865854, 24.18858107111306 ] } },
{ "type": "Feature", "properties": { "type": "road", "longitude": 80.179523307559109, "latitude": 24.18858107111306, "Id": 381, "class": null, "Code": null, "Name": null, "Lon": null, "Lat": null }, "geometry": { "type": "Point", "coordinates": [ 80.179523307559109, 24.18858107111306 ] } },
{ "type": "Feature", "properties": { "type": "road", "longitude": 83.090331180252377, "latitude": 24.18858107111306, "Id": 382, "class": null, "Code": null, "Name": null, "Lon": null, "Lat": null }, "geometry": { "type": "Point", "coordinates": [ 83.090331180252377, 24.18858107111306 ] } },
{ "type": "Feature", "properties": { "type": "road", "longitude": 86.001139052945632, "latitude": 24.18858107111306, "Id": 383, "class": null, "Code": null, "Name": null, "Lon": null, "Lat": null }, "geometry": { "type": "Point", "coordinates": [ 86.001139052945632, 24.18858107111306 ] } },
{ "type": "Feature", "properties": { "type": "road", "longitude": 88.911946925638915, "latitude": 24.18858107111306, "Id": 384, "class": null, "Code": null, "Name": null, "Lon": null, "Lat": null }, "geometry": { "type": "Point", "coordinates": [ 88.911946925638915, 24.18858107111306 ] } },
{ "type": "Feature", "properties": { "type": "road", "longitude": 94.733562671025396, "latitude": 24.18858107111306, "Id": 385, "class": null, "Code": null, "Name": null, "Lon": null, "Lat": null }, "geometry": { "type": "Point", "coordinates": [ 94.733562671025396, 24.18858107111306 ] } },
{ "type": "Feature", "properties": { "type": "road", "longitude": 97.644370543718665, "latitude": 24.18858107111306, "Id": 386, "class": null, "Code": null, "Name": null, "Lon": null, "Lat": null }, "geometry": { "type": "Point", "coordinates": [ 97.644370543718665, 24.18858107111306 ] } },
{ "type": "Feature", "properties": { "type": "road", "longitude": 103.46598628910519, "latitude": 24.18858107111306, "Id": 387, "class": null, "Code": null, "Name": null, "Lon": null, "Lat": null }, "geometry": { "type": "Point", "coordinates": [ 103.465986289105189, 24.18858107111306 ] } },
{ "type": "Feature", "properties": { "type": "road", "longitude": 106.37679416179843, "latitude": 24.18858107111306, "Id": 388, "class": null, "Code": null, "Name": null, "Lon": null, "Lat": null }, "geometry": { "type": "Point", "coordinates": [ 106.376794161798429, 24.18858107111306 ] } },
{ "type": "Feature", "properties": { "type": "road", "longitude": 109.28760203449168, "latitude": 24.18858107111306, "Id": 389, "class": null, "Code": null, "Name": null, "Lon": null, "Lat": null }, "geometry": { "type": "Point", "coordinates": [ 109.287602034491684, 24.18858107111306 ] } },
{ "type": "Feature", "properties": { "type": "road", "longitude": 112.19840990718497, "latitude": 24.18858107111306, "Id": 390, "class": null, "Code": null, "Name": null, "Lon": null, "Lat": null }, "geometry": { "type": "Point", "coordinates": [ 112.198409907184953, 24.18858107111306 ] } },
{ "type": "Feature", "properties": { "type": "road", "longitude": 115.10921777987821, "latitude": 24.18858107111306, "Id": 391, "class": null, "Code": null, "Name": null, "Lon": null, "Lat": null }, "geometry": { "type": "Point", "coordinates": [ 115.109217779878207, 24.18858107111306 ] } },
{ "type": "Feature", "properties": { "type": "road", "longitude": 120.93083352526475, "latitude": 24.18858107111306, "Id": 392, "class": null, "Code": null, "Name": null, "Lon": null, "Lat": null }, "geometry": { "type": "Point", "coordinates": [ 120.930833525264759, 24.18858107111306 ] } },
{ "type": "Feature", "properties": { "type": "road", "longitude": -159.71791380526139, "latitude": 21.887595261445966, "Id": 393, "class": null, "Code": null, "Name": null, "Lon": null, "Lat": null }, "geometry": { "type": "Point", "coordinates": [ -159.717913805261389, 21.887595261445966 ] } },
{ "type": "Feature", "properties": { "type": "road", "longitude": -104.99489177363085, "latitude": 21.887595261445966, "Id": 394, "class": null, "Code": null, "Name": null, "Lon": null, "Lat": null }, "geometry": { "type": "Point", "coordinates": [ -104.99489177363084, 21.887595261445966 ] } },
{ "type": "Feature", "properties": { "type": "road", "longitude": -102.11473271933448, "latitude": 21.887595261445966, "Id": 395, "class": null, "Code": null, "Name": null, "Lon": null, "Lat": null }, "geometry": { "type": "Point", "coordinates": [ -102.114732719334484, 21.887595261445966 ] } },
{ "type": "Feature", "properties": { "type": "road", "longitude": -99.234573665038155, "latitude": 21.887595261445966, "Id": 396, "class": null, "Code": null, "Name": null, "Lon": null, "Lat": null }, "geometry": { "type": "Point", "coordinates": [ -99.234573665038155, 21.887595261445966 ] } },
{ "type": "Feature", "properties": { "type": "road", "longitude": -84.833778393556429, "latitude": 21.887595261445966, "Id": 397, "class": null, "Code": null, "Name": null, "Lon": null, "Lat": null }, "geometry": { "type": "Point", "coordinates": [ -84.833778393556429, 21.887595261445966 ] } },
{ "type": "Feature", "properties": { "type": "road", "longitude": -79.07346028496373, "latitude": 21.887595261445966, "Id": 398, "class": null, "Code": null, "Name": null, "Lon": null, "Lat": null }, "geometry": { "type": "Point", "coordinates": [ -79.07346028496373, 21.887595261445966 ] } },
{ "type": "Feature", "properties": { "type": "road", "longitude": -9.9496429818514809, "latitude": 21.887595261445966, "Id": 399, "class": null, "Code": null, "Name": null, "Lon": null, "Lat": null }, "geometry": { "type": "Point", "coordinates": [ -9.949642981851479, 21.887595261445966 ] } },
{ "type": "Feature", "properties": { "type": "road", "longitude": -4.1893248732587756, "latitude": 21.887595261445966, "Id": 400, "class": null, "Code": null, "Name": null, "Lon": null, "Lat": null }, "geometry": { "type": "Point", "coordinates": [ -4.189324873258776, 21.887595261445966 ] } },
{ "type": "Feature", "properties": { "type": "road", "longitude": 39.013060941186382, "latitude": 21.887595261445966, "Id": 401, "class": null, "Code": null, "Name": null, "Lon": null, "Lat": null }, "geometry": { "type": "Point", "coordinates": [ 39.013060941186382, 21.887595261445966 ] } },
{ "type": "Feature", "properties": { "type": "road", "longitude": 41.893219995482731, "latitude": 21.887595261445966, "Id": 402, "class": null, "Code": null, "Name": null, "Lon": null, "Lat": null }, "geometry": { "type": "Point", "coordinates": [ 41.893219995482724, 21.887595261445966 ] } },
{ "type": "Feature", "properties": { "type": "road", "longitude": 47.65353810407543, "latitude": 21.887595261445966, "Id": 403, "class": null, "Code": null, "Name": null, "Lon": null, "Lat": null }, "geometry": { "type": "Point", "coordinates": [ 47.65353810407543, 21.887595261445966 ] } },
{ "type": "Feature", "properties": { "type": "road", "longitude": 56.294015266964443, "latitude": 21.887595261445966, "Id": 404, "class": null, "Code": null, "Name": null, "Lon": null, "Lat": null }, "geometry": { "type": "Point", "coordinates": [ 56.294015266964443, 21.887595261445966 ] } },
{ "type": "Feature", "properties": { "type": "road", "longitude": 70.694810538446205, "latitude": 21.887595261445966, "Id": 405, "class": null, "Code": null, "Name": null, "Lon": null, "Lat": null }, "geometry": { "type": "Point", "coordinates": [ 70.694810538446205, 21.887595261445966 ] } },
{ "type": "Feature", "properties": { "type": "road", "longitude": 73.574969592742505, "latitude": 21.887595261445966, "Id": 406, "class": null, "Code": null, "Name": null, "Lon": null, "Lat": null }, "geometry": { "type": "Point", "coordinates": [ 73.574969592742519, 21.887595261445966 ] } },
{ "type": "Feature", "properties": { "type": "road", "longitude": 76.455128647038862, "latitude": 21.887595261445966, "Id": 407, "class": null, "Code": null, "Name": null, "Lon": null, "Lat": null }, "geometry": { "type": "Point", "coordinates": [ 76.455128647038862, 21.887595261445966 ] } },
{ "type": "Feature", "properties": { "type": "road", "longitude": 79.335287701335218, "latitude": 21.887595261445966, "Id": 408, "class": null, "Code": null, "Name": null, "Lon": null, "Lat": null }, "geometry": { "type": "Point", "coordinates": [ 79.335287701335218, 21.887595261445966 ] } },
{ "type": "Feature", "properties": { "type": "road", "longitude": 82.215446755631561, "latitude": 21.887595261445966, "Id": 409, "class": null, "Code": null, "Name": null, "Lon": null, "Lat": null }, "geometry": { "type": "Point", "coordinates": [ 82.215446755631575, 21.887595261445966 ] } },
{ "type": "Feature", "properties": { "type": "road", "longitude": 85.095605809927918, "latitude": 21.887595261445966, "Id": 410, "class": null, "Code": null, "Name": null, "Lon": null, "Lat": null }, "geometry": { "type": "Point", "coordinates": [ 85.095605809927918, 21.887595261445966 ] } },
{ "type": "Feature", "properties": { "type": "road", "longitude": 93.736082972816931, "latitude": 21.887595261445966, "Id": 411, "class": null, "Code": null, "Name": null, "Lon": null, "Lat": null }, "geometry": { "type": "Point", "coordinates": [ 93.736082972816931, 21.887595261445966 ] } },
{ "type": "Feature", "properties": { "type": "road", "longitude": 96.616242027113302, "latitude": 21.887595261445966, "Id": 412, "class": null, "Code": null, "Name": null, "Lon": null, "Lat": null }, "geometry": { "type": "Point", "coordinates": [ 96.616242027113302, 21.887595261445966 ] } },
{ "type": "Feature", "properties": { "type": "road", "longitude": 105.25671919000231, "latitude": 21.887595261445966, "Id": 413, "class": null, "Code": null, "Name": null, "Lon": null, "Lat": null }, "geometry": { "type": "Point", "coordinates": [ 105.256719190002315, 21.887595261445966 ] } },
{ "type": "Feature", "properties": { "type": "road", "longitude": 108.13687824429866, "latitude": 21.887595261445966, "Id": 414, "class": null, "Code": null, "Name": null, "Lon": null, "Lat": null }, "geometry": { "type": "Point", "coordinates": [ 108.136878244298657, 21.887595261445966 ] } },
{ "type": "Feature", "properties": { "type": "road", "longitude": 111.01703729859499, "latitude": 21.887595261445966, "Id": 415, "class": null, "Code": null, "Name": null, "Lon": null, "Lat": null }, "geometry": { "type": "Point", "coordinates": [ 111.017037298595, 21.887595261445966 ] } },
{ "type": "Feature", "properties": { "type": "road", "longitude": -155.3763564616537, "latitude": 19.600658461531079, "Id": 416, "class": null, "Code": null, "Name": null, "Lon": null, "Lat": null }, "geometry": { "type": "Point", "coordinates": [ -155.3763564616537, 19.600658461531079 ] } },
{ "type": "Feature", "properties": { "type": "road", "longitude": -104.01656002265638, "latitude": 19.600658461531079, "Id": 417, "class": null, "Code": null, "Name": null, "Lon": null, "Lat": null }, "geometry": { "type": "Point", "coordinates": [ -104.016560022656378, 19.600658461531079 ] } },
{ "type": "Feature", "properties": { "type": "road", "longitude": -101.16323799826763, "latitude": 19.600658461531079, "Id": 418, "class": null, "Code": null, "Name": null, "Lon": null, "Lat": null }, "geometry": { "type": "Point", "coordinates": [ -101.163237998267633, 19.600658461531079 ] } },
{ "type": "Feature", "properties": { "type": "road", "longitude": -98.309915973878915, "latitude": 19.600658461531079, "Id": 419, "class": null, "Code": null, "Name": null, "Lon": null, "Lat": null }, "geometry": { "type": "Point", "coordinates": [ -98.309915973878915, 19.600658461531079 ] } },
{ "type": "Feature", "properties": { "type": "road", "longitude": -89.749949900712693, "latitude": 19.600658461531079, "Id": 420, "class": null, "Code": null, "Name": null, "Lon": null, "Lat": null }, "geometry": { "type": "Point", "coordinates": [ -89.749949900712693, 19.600658461531079 ] } },
{ "type": "Feature", "properties": { "type": "road", "longitude": -72.630017754380233, "latitude": 19.600658461531079, "Id": 421, "class": null, "Code": null, "Name": null, "Lon": null, "Lat": null }, "geometry": { "type": "Point", "coordinates": [ -72.630017754380248, 19.600658461531079 ] } },
{ "type": "Feature", "properties": { "type": "road", "longitude": 27.236253099225642, "latitude": 19.600658461531079, "Id": 422, "class": null, "Code": null, "Name": null, "Lon": null, "Lat": null }, "geometry": { "type": "Point", "coordinates": [ 27.236253099225642, 19.600658461531079 ] } },
{ "type": "Feature", "properties": { "type": "road", "longitude": 35.796219172391879, "latitude": 19.600658461531079, "Id": 423, "class": null, "Code": null, "Name": null, "Lon": null, "Lat": null }, "geometry": { "type": "Point", "coordinates": [ 35.796219172391879, 19.600658461531079 ] } },
{ "type": "Feature", "properties": { "type": "road", "longitude": 72.889405489445465, "latitude": 19.600658461531079, "Id": 424, "class": null, "Code": null, "Name": null, "Lon": null, "Lat": null }, "geometry": { "type": "Point", "coordinates": [ 72.889405489445465, 19.600658461531079 ] } },
{ "type": "Feature", "properties": { "type": "road", "longitude": 75.742727513834211, "latitude": 19.600658461531079, "Id": 425, "class": null, "Code": null, "Name": null, "Lon": null, "Lat": null }, "geometry": { "type": "Point", "coordinates": [ 75.742727513834211, 19.600658461531079 ] } },
{ "type": "Feature", "properties": { "type": "road", "longitude": 78.596049538222957, "latitude": 19.600658461531079, "Id": 426, "class": null, "Code": null, "Name": null, "Lon": null, "Lat": null }, "geometry": { "type": "Point", "coordinates": [ 78.596049538222957, 19.600658461531079 ] } },
{ "type": "Feature", "properties": { "type": "road", "longitude": 81.449371562611702, "latitude": 19.600658461531079, "Id": 427, "class": null, "Code": null, "Name": null, "Lon": null, "Lat": null }, "geometry": { "type": "Point", "coordinates": [ 81.449371562611702, 19.600658461531079 ] } },
{ "type": "Feature", "properties": { "type": "road", "longitude": 84.302693587000448, "latitude": 19.600658461531079, "Id": 428, "class": null, "Code": null, "Name": null, "Lon": null, "Lat": null }, "geometry": { "type": "Point", "coordinates": [ 84.302693587000448, 19.600658461531079 ] } },
{ "type": "Feature", "properties": { "type": "road", "longitude": 95.715981684555402, "latitude": 19.600658461531079, "Id": 429, "class": null, "Code": null, "Name": null, "Lon": null, "Lat": null }, "geometry": { "type": "Point", "coordinates": [ 95.715981684555402, 19.600658461531079 ] } },
{ "type": "Feature", "properties": { "type": "road", "longitude": 98.569303708944148, "latitude": 19.600658461531079, "Id": 430, "class": null, "Code": null, "Name": null, "Lon": null, "Lat": null }, "geometry": { "type": "Point", "coordinates": [ 98.569303708944148, 19.600658461531079 ] } },
{ "type": "Feature", "properties": { "type": "road", "longitude": 101.42262573333288, "latitude": 19.600658461531079, "Id": 431, "class": null, "Code": null, "Name": null, "Lon": null, "Lat": null }, "geometry": { "type": "Point", "coordinates": [ 101.422625733332879, 19.600658461531079 ] } },
{ "type": "Feature", "properties": { "type": "road", "longitude": 104.2759477577216, "latitude": 19.600658461531079, "Id": 432, "class": null, "Code": null, "Name": null, "Lon": null, "Lat": null }, "geometry": { "type": "Point", "coordinates": [ 104.275947757721596, 19.600658461531079 ] } },
{ "type": "Feature", "properties": { "type": "road", "longitude": 109.98259180649909, "latitude": 19.600658461531079, "Id": 433, "class": null, "Code": null, "Name": null, "Lon": null, "Lat": null }, "geometry": { "type": "Point", "coordinates": [ 109.982591806499087, 19.600658461531079 ] } },
{ "type": "Feature", "properties": { "type": "road", "longitude": -100.33691745912905, "latitude": 17.326047954329745, "Id": 434, "class": null, "Code": null, "Name": null, "Lon": null, "Lat": null }, "geometry": { "type": "Point", "coordinates": [ -100.336917459129054, 17.326047954329745 ] } },
{ "type": "Feature", "properties": { "type": "road", "longitude": -97.506901910888999, "latitude": 17.326047954329745, "Id": 435, "class": null, "Code": null, "Name": null, "Lon": null, "Lat": null }, "geometry": { "type": "Point", "coordinates": [ -97.506901910888999, 17.326047954329745 ] } },
{ "type": "Feature", "properties": { "type": "road", "longitude": -94.676886362648915, "latitude": 17.326047954329745, "Id": 436, "class": null, "Code": null, "Name": null, "Lon": null, "Lat": null }, "geometry": { "type": "Point", "coordinates": [ -94.676886362648915, 17.326047954329745 ] } },
{ "type": "Feature", "properties": { "type": "road", "longitude": -91.846870814408845, "latitude": 17.326047954329745, "Id": 437, "class": null, "Code": null, "Name": null, "Lon": null, "Lat": null }, "geometry": { "type": "Point", "coordinates": [ -91.846870814408845, 17.326047954329745 ] } },
{ "type": "Feature", "properties": { "type": "road", "longitude": -89.01685526616879, "latitude": 17.326047954329745, "Id": 438, "class": null, "Code": null, "Name": null, "Lon": null, "Lat": null }, "geometry": { "type": "Point", "coordinates": [ -89.01685526616879, 17.326047954329745 ] } },
{ "type": "Feature", "properties": { "type": "road", "longitude": -15.436451011926991, "latitude": 17.326047954329745, "Id": 439, "class": null, "Code": null, "Name": null, "Lon": null, "Lat": null }, "geometry": { "type": "Point", "coordinates": [ -15.436451011926991, 17.326047954329745 ] } },
{ "type": "Feature", "properties": { "type": "road", "longitude": -6.9464043672067817, "latitude": 17.326047954329745, "Id": 440, "class": null, "Code": null, "Name": null, "Lon": null, "Lat": null }, "geometry": { "type": "Point", "coordinates": [ -6.946404367206782, 17.326047954329745 ] } },
{ "type": "Feature", "properties": { "type": "road", "longitude": 52.483922145834697, "latitude": 17.326047954329745, "Id": 441, "class": null, "Code": null, "Name": null, "Lon": null, "Lat": null }, "geometry": { "type": "Point", "coordinates": [ 52.483922145834697, 17.326047954329745 ] } },
{ "type": "Feature", "properties": { "type": "road", "longitude": 75.124046531755226, "latitude": 17.326047954329745, "Id": 442, "class": null, "Code": null, "Name": null, "Lon": null, "Lat": null }, "geometry": { "type": "Point", "coordinates": [ 75.124046531755226, 17.326047954329745 ] } },
{ "type": "Feature", "properties": { "type": "road", "longitude": 77.95406207999531, "latitude": 17.326047954329745, "Id": 443, "class": null, "Code": null, "Name": null, "Lon": null, "Lat": null }, "geometry": { "type": "Point", "coordinates": [ 77.95406207999531, 17.326047954329745 ] } },
{ "type": "Feature", "properties": { "type": "road", "longitude": 80.78407762823538, "latitude": 17.326047954329745, "Id": 444, "class": null, "Code": null, "Name": null, "Lon": null, "Lat": null }, "geometry": { "type": "Point", "coordinates": [ 80.78407762823538, 17.326047954329745 ] } },
{ "type": "Feature", "properties": { "type": "road", "longitude": 97.764170917675798, "latitude": 17.326047954329745, "Id": 445, "class": null, "Code": null, "Name": null, "Lon": null, "Lat": null }, "geometry": { "type": "Point", "coordinates": [ 97.764170917675798, 17.326047954329745 ] } },
{ "type": "Feature", "properties": { "type": "road", "longitude": 100.59418646591587, "latitude": 17.326047954329745, "Id": 446, "class": null, "Code": null, "Name": null, "Lon": null, "Lat": null }, "geometry": { "type": "Point", "coordinates": [ 100.594186465915868, 17.326047954329745 ] } },
{ "type": "Feature", "properties": { "type": "road", "longitude": 103.42420201415591, "latitude": 17.326047954329745, "Id": 447, "class": null, "Code": null, "Name": null, "Lon": null, "Lat": null }, "geometry": { "type": "Point", "coordinates": [ 103.42420201415591, 17.326047954329745 ] } },
{ "type": "Feature", "properties": { "type": "road", "longitude": 106.25421756239598, "latitude": 17.326047954329745, "Id": 448, "class": null, "Code": null, "Name": null, "Lon": null, "Lat": null }, "geometry": { "type": "Point", "coordinates": [ 106.254217562395979, 17.326047954329745 ] } },
{ "type": "Feature", "properties": { "type": "road", "longitude": 120.40429530359631, "latitude": 17.326047954329745, "Id": 449, "class": null, "Code": null, "Name": null, "Lon": null, "Lat": null }, "geometry": { "type": "Point", "coordinates": [ 120.404295303596314, 17.326047954329745 ] } },
{ "type": "Feature", "properties": { "type": "road", "longitude": -91.197479643930038, "latitude": 15.062139851324615, "Id": 450, "class": null, "Code": null, "Name": null, "Lon": null, "Lat": null }, "geometry": { "type": "Point", "coordinates": [ -91.197479643930038, 15.062139851324615 ] } },
{ "type": "Feature", "properties": { "type": "road", "longitude": -88.387473346882203, "latitude": 15.062139851324615, "Id": 451, "class": null, "Code": null, "Name": null, "Lon": null, "Lat": null }, "geometry": { "type": "Point", "coordinates": [ -88.387473346882203, 15.062139851324615 ] } },
{ "type": "Feature", "properties": { "type": "road", "longitude": -85.577467049834354, "latitude": 15.062139851324615, "Id": 452, "class": null, "Code": null, "Name": null, "Lon": null, "Lat": null }, "geometry": { "type": "Point", "coordinates": [ -85.577467049834354, 15.062139851324615 ] } },
{ "type": "Feature", "properties": { "type": "road", "longitude": -23.757328514781658, "latitude": 15.062139851324615, "Id": 453, "class": null, "Code": null, "Name": null, "Lon": null, "Lat": null }, "geometry": { "type": "Point", "coordinates": [ -23.757328514781662, 15.062139851324615 ] } },
{ "type": "Feature", "properties": { "type": "road", "longitude": -15.327309623638108, "latitude": 15.062139851324615, "Id": 454, "class": null, "Code": null, "Name": null, "Lon": null, "Lat": null }, "geometry": { "type": "Point", "coordinates": [ -15.327309623638108, 15.062139851324615 ] } },
{ "type": "Feature", "properties": { "type": "road", "longitude": -12.517303326590232, "latitude": 15.062139851324615, "Id": 455, "class": null, "Code": null, "Name": null, "Lon": null, "Lat": null }, "geometry": { "type": "Point", "coordinates": [ -12.517303326590232, 15.062139851324615 ] } },
{ "type": "Feature", "properties": { "type": "road", "longitude": -9.7072970295424152, "latitude": 15.062139851324615, "Id": 456, "class": null, "Code": null, "Name": null, "Lon": null, "Lat": null }, "geometry": { "type": "Point", "coordinates": [ -9.707297029542415, 15.062139851324615 ] } },
{ "type": "Feature", "properties": { "type": "road", "longitude": -6.89729073249456, "latitude": 15.062139851324615, "Id": 457, "class": null, "Code": null, "Name": null, "Lon": null, "Lat": null }, "geometry": { "type": "Point", "coordinates": [ -6.897290732494559, 15.062139851324615 ] } },
{ "type": "Feature", "properties": { "type": "road", "longitude": 4.342734455696827, "latitude": 15.062139851324615, "Id": 458, "class": null, "Code": null, "Name": null, "Lon": null, "Lat": null }, "geometry": { "type": "Point", "coordinates": [ 4.342734455696827, 15.062139851324615 ] } },
{ "type": "Feature", "properties": { "type": "road", "longitude": 7.152740752744684, "latitude": 15.062139851324615, "Id": 459, "class": null, "Code": null, "Name": null, "Lon": null, "Lat": null }, "geometry": { "type": "Point", "coordinates": [ 7.152740752744683, 15.062139851324615 ] } },
{ "type": "Feature", "properties": { "type": "road", "longitude": 9.9627470497925383, "latitude": 15.062139851324615, "Id": 460, "class": null, "Code": null, "Name": null, "Lon": null, "Lat": null }, "geometry": { "type": "Point", "coordinates": [ 9.962747049792538, 15.062139851324615 ] } },
{ "type": "Feature", "properties": { "type": "road", "longitude": 15.582759643888252, "latitude": 15.062139851324615, "Id": 461, "class": null, "Code": null, "Name": null, "Lon": null, "Lat": null }, "geometry": { "type": "Point", "coordinates": [ 15.582759643888252, 15.062139851324615 ] } },
{ "type": "Feature", "properties": { "type": "road", "longitude": 29.632791129127494, "latitude": 15.062139851324615, "Id": 462, "class": null, "Code": null, "Name": null, "Lon": null, "Lat": null }, "geometry": { "type": "Point", "coordinates": [ 29.632791129127494, 15.062139851324615 ] } },
{ "type": "Feature", "properties": { "type": "road", "longitude": 32.442797426175346, "latitude": 15.062139851324615, "Id": 463, "class": null, "Code": null, "Name": null, "Lon": null, "Lat": null }, "geometry": { "type": "Point", "coordinates": [ 32.442797426175346, 15.062139851324615 ] } },
{ "type": "Feature", "properties": { "type": "road", "longitude": 43.682822614366735, "latitude": 15.062139851324615, "Id": 464, "class": null, "Code": null, "Name": null, "Lon": null, "Lat": null }, "geometry": { "type": "Point", "coordinates": [ 43.682822614366735, 15.062139851324615 ] } },
{ "type": "Feature", "properties": { "type": "road", "longitude": 74.592891881893081, "latitude": 15.062139851324615, "Id": 465, "class": null, "Code": null, "Name": null, "Lon": null, "Lat": null }, "geometry": { "type": "Point", "coordinates": [ 74.592891881893081, 15.062139851324615 ] } },
{ "type": "Feature", "properties": { "type": "road", "longitude": 77.40289817894093, "latitude": 15.062139851324615, "Id": 466, "class": null, "Code": null, "Name": null, "Lon": null, "Lat": null }, "geometry": { "type": "Point", "coordinates": [ 77.40289817894093, 15.062139851324615 ] } },
{ "type": "Feature", "properties": { "type": "road", "longitude": 99.88294855532375, "latitude": 15.062139851324615, "Id": 467, "class": null, "Code": null, "Name": null, "Lon": null, "Lat": null }, "geometry": { "type": "Point", "coordinates": [ 99.882948555323736, 15.062139851324615 ] } },
{ "type": "Feature", "properties": { "type": "road", "longitude": 102.69295485237157, "latitude": 15.062139851324615, "Id": 468, "class": null, "Code": null, "Name": null, "Lon": null, "Lat": null }, "geometry": { "type": "Point", "coordinates": [ 102.692954852371571, 15.062139851324615 ] } },
{ "type": "Feature", "properties": { "type": "road", "longitude": 105.50296114941942, "latitude": 15.062139851324615, "Id": 469, "class": null, "Code": null, "Name": null, "Lon": null, "Lat": null }, "geometry": { "type": "Point", "coordinates": [ 105.50296114941942, 15.062139851324615 ] } },
{ "type": "Feature", "properties": { "type": "road", "longitude": 108.31296744646728, "latitude": 15.062139851324615, "Id": 470, "class": null, "Code": null, "Name": null, "Lon": null, "Lat": null }, "geometry": { "type": "Point", "coordinates": [ 108.312967446467283, 15.062139851324615 ] } },
{ "type": "Feature", "properties": { "type": "road", "longitude": -85.062648622452357, "latitude": 12.807392720877612, "Id": 471, "class": null, "Code": null, "Name": null, "Lon": null, "Lat": null }, "geometry": { "type": "Point", "coordinates": [ -85.062648622452357, 12.807392720877612 ] } },
{ "type": "Feature", "properties": { "type": "road", "longitude": -15.235103325549815, "latitude": 12.807392720877612, "Id": 472, "class": null, "Code": null, "Name": null, "Lon": null, "Lat": null }, "geometry": { "type": "Point", "coordinates": [ -15.235103325549815, 12.807392720877612 ] } },
{ "type": "Feature", "properties": { "type": "road", "longitude": -12.44200151367369, "latitude": 12.807392720877612, "Id": 473, "class": null, "Code": null, "Name": null, "Lon": null, "Lat": null }, "geometry": { "type": "Point", "coordinates": [ -12.44200151367369, 12.807392720877612 ] } },
{ "type": "Feature", "properties": { "type": "road", "longitude": -9.6488997017976175, "latitude": 12.807392720877612, "Id": 474, "class": null, "Code": null, "Name": null, "Lon": null, "Lat": null }, "geometry": { "type": "Point", "coordinates": [ -9.648899701797617, 12.807392720877612 ] } },
{ "type": "Feature", "properties": { "type": "road", "longitude": -4.0626960780454011, "latitude": 12.807392720877612, "Id": 475, "class": null, "Code": null, "Name": null, "Lon": null, "Lat": null }, "geometry": { "type": "Point", "coordinates": [ -4.062696078045401, 12.807392720877612 ] } },
{ "type": "Feature", "properties": { "type": "road", "longitude": -1.2695942661692921, "latitude": 12.807392720877612, "Id": 476, "class": null, "Code": null, "Name": null, "Lon": null, "Lat": null }, "geometry": { "type": "Point", "coordinates": [ -1.269594266169292, 12.807392720877612 ] } },
{ "type": "Feature", "properties": { "type": "road", "longitude": 4.3166093575828883, "latitude": 12.807392720877612, "Id": 477, "class": null, "Code": null, "Name": null, "Lon": null, "Lat": null }, "geometry": { "type": "Point", "coordinates": [ 4.316609357582887, 12.807392720877612 ] } },
{ "type": "Feature", "properties": { "type": "road", "longitude": 7.1097111694589961, "latitude": 12.807392720877612, "Id": 478, "class": null, "Code": null, "Name": null, "Lon": null, "Lat": null }, "geometry": { "type": "Point", "coordinates": [ 7.109711169458996, 12.807392720877612 ] } },
{ "type": "Feature", "properties": { "type": "road", "longitude": 9.9028129813351047, "latitude": 12.807392720877612, "Id": 479, "class": null, "Code": null, "Name": null, "Lon": null, "Lat": null }, "geometry": { "type": "Point", "coordinates": [ 9.902812981335105, 12.807392720877612 ] } },
{ "type": "Feature", "properties": { "type": "road", "longitude": 18.282118416963431, "latitude": 12.807392720877612, "Id": 480, "class": null, "Code": null, "Name": null, "Lon": null, "Lat": null }, "geometry": { "type": "Point", "coordinates": [ 18.282118416963431, 12.807392720877612 ] } },
{ "type": "Feature", "properties": { "type": "road", "longitude": 21.075220228839498, "latitude": 12.807392720877612, "Id": 481, "class": null, "Code": null, "Name": null, "Lon": null, "Lat": null }, "geometry": { "type": "Point", "coordinates": [ 21.075220228839502, 12.807392720877612 ] } },
{ "type": "Feature", "properties": { "type": "road", "longitude": 23.868322040715611, "latitude": 12.807392720877612, "Id": 482, "class": null, "Code": null, "Name": null, "Lon": null, "Lat": null }, "geometry": { "type": "Point", "coordinates": [ 23.868322040715611, 12.807392720877612 ] } },
{ "type": "Feature", "properties": { "type": "road", "longitude": 29.454525664467823, "latitude": 12.807392720877612, "Id": 483, "class": null, "Code": null, "Name": null, "Lon": null, "Lat": null }, "geometry": { "type": "Point", "coordinates": [ 29.454525664467823, 12.807392720877612 ] } },
{ "type": "Feature", "properties": { "type": "road", "longitude": 32.247627476343936, "latitude": 12.807392720877612, "Id": 484, "class": null, "Code": null, "Name": null, "Lon": null, "Lat": null }, "geometry": { "type": "Point", "coordinates": [ 32.247627476343936, 12.807392720877612 ] } },
{ "type": "Feature", "properties": { "type": "road", "longitude": 35.040729288220049, "latitude": 12.807392720877612, "Id": 485, "class": null, "Code": null, "Name": null, "Lon": null, "Lat": null }, "geometry": { "type": "Point", "coordinates": [ 35.040729288220049, 12.807392720877612 ] } },
{ "type": "Feature", "properties": { "type": "road", "longitude": 43.420034723848325, "latitude": 12.807392720877612, "Id": 486, "class": null, "Code": null, "Name": null, "Lon": null, "Lat": null }, "geometry": { "type": "Point", "coordinates": [ 43.420034723848332, 12.807392720877612 ] } },
{ "type": "Feature", "properties": { "type": "road", "longitude": 76.937256466361575, "latitude": 12.807392720877612, "Id": 487, "class": null, "Code": null, "Name": null, "Lon": null, "Lat": null }, "geometry": { "type": "Point", "coordinates": [ 76.937256466361561, 12.807392720877612 ] } },
{ "type": "Feature", "properties": { "type": "road", "longitude": 79.730358278237659, "latitude": 12.807392720877612, "Id": 488, "class": null, "Code": null, "Name": null, "Lon": null, "Lat": null }, "geometry": { "type": "Point", "coordinates": [ 79.730358278237659, 12.807392720877612 ] } },
{ "type": "Feature", "properties": { "type": "road", "longitude": 99.28207096137038, "latitude": 12.807392720877612, "Id": 489, "class": null, "Code": null, "Name": null, "Lon": null, "Lat": null }, "geometry": { "type": "Point", "coordinates": [ 99.28207096137038, 12.807392720877612 ] } },
{ "type": "Feature", "properties": { "type": "road", "longitude": 102.07517277324648, "latitude": 12.807392720877612, "Id": 490, "class": null, "Code": null, "Name": null, "Lon": null, "Lat": null }, "geometry": { "type": "Point", "coordinates": [ 102.075172773246479, 12.807392720877612 ] } },
{ "type": "Feature", "properties": { "type": "road", "longitude": 104.86827458512258, "latitude": 12.807392720877612, "Id": 491, "class": null, "Code": null, "Name": null, "Lon": null, "Lat": null }, "geometry": { "type": "Point", "coordinates": [ 104.868274585122577, 12.807392720877612 ] } },
{ "type": "Feature", "properties": { "type": "road", "longitude": 107.66137639699869, "latitude": 12.807392720877612, "Id": 492, "class": null, "Code": null, "Name": null, "Lon": null, "Lat": null }, "geometry": { "type": "Point", "coordinates": [ 107.661376396998691, 12.807392720877612 ] } },
{ "type": "Feature", "properties": { "type": "road", "longitude": -84.637600757702316, "latitude": 10.560333313258052, "Id": 493, "class": null, "Code": null, "Name": null, "Lon": null, "Lat": null }, "geometry": { "type": "Point", "coordinates": [ -84.637600757702316, 10.560333313258052 ] } },
{ "type": "Feature", "properties": { "type": "road", "longitude": -70.741875674038141, "latitude": 10.560333313258052, "Id": 494, "class": null, "Code": null, "Name": null, "Lon": null, "Lat": null }, "geometry": { "type": "Point", "coordinates": [ -70.741875674038141, 10.560333313258052 ] } },
{ "type": "Feature", "properties": { "type": "road", "longitude": -62.404440623839641, "latitude": 10.560333313258052, "Id": 495, "class": null, "Code": null, "Name": null, "Lon": null, "Lat": null }, "geometry": { "type": "Point", "coordinates": [ -62.404440623839641, 10.560333313258052 ] } },
{ "type": "Feature", "properties": { "type": "road", "longitude": -12.37983032264863, "latitude": 10.560333313258052, "Id": 496, "class": null, "Code": null, "Name": null, "Lon": null, "Lat": null }, "geometry": { "type": "Point", "coordinates": [ -12.37983032264863, 10.560333313258052 ] } },
{ "type": "Feature", "properties": { "type": "road", "longitude": -9.6006853059158281, "latitude": 10.560333313258052, "Id": 497, "class": null, "Code": null, "Name": null, "Lon": null, "Lat": null }, "geometry": { "type": "Point", "coordinates": [ -9.600685305915828, 10.560333313258052 ] } },
{ "type": "Feature", "properties": { "type": "road", "longitude": -6.8215402891829884, "latitude": 10.560333313258052, "Id": 498, "class": null, "Code": null, "Name": null, "Lon": null, "Lat": null }, "geometry": { "type": "Point", "coordinates": [ -6.821540289182987, 10.560333313258052 ] } },
{ "type": "Feature", "properties": { "type": "road", "longitude": -4.0423952724501486, "latitude": 10.560333313258052, "Id": 499, "class": null, "Code": null, "Name": null, "Lon": null, "Lat": null }, "geometry": { "type": "Point", "coordinates": [ -4.042395272450149, 10.560333313258052 ] } },
{ "type": "Feature", "properties": { "type": "road", "longitude": -1.2632502557173091, "latitude": 10.560333313258052, "Id": 500, "class": null, "Code": null, "Name": null, "Lon": null, "Lat": null }, "geometry": { "type": "Point", "coordinates": [ -1.263250255717309, 10.560333313258052 ] } },
{ "type": "Feature", "properties": { "type": "road", "longitude": 1.51589476101553, "latitude": 10.560333313258052, "Id": 501, "class": null, "Code": null, "Name": null, "Lon": null, "Lat": null }, "geometry": { "type": "Point", "coordinates": [ 1.51589476101553, 10.560333313258052 ] } },
{ "type": "Feature", "properties": { "type": "road", "longitude": 4.2950397777483316, "latitude": 10.560333313258052, "Id": 502, "class": null, "Code": null, "Name": null, "Lon": null, "Lat": null }, "geometry": { "type": "Point", "coordinates": [ 4.295039777748332, 10.560333313258052 ] } },
{ "type": "Feature", "properties": { "type": "road", "longitude": 7.0741847944811704, "latitude": 10.560333313258052, "Id": 503, "class": null, "Code": null, "Name": null, "Lon": null, "Lat": null }, "geometry": { "type": "Point", "coordinates": [ 7.07418479448117, 10.560333313258052 ] } },
{ "type": "Feature", "properties": { "type": "road", "longitude": 9.8533298112140102, "latitude": 10.560333313258052, "Id": 504, "class": null, "Code": null, "Name": null, "Lon": null, "Lat": null }, "geometry": { "type": "Point", "coordinates": [ 9.85332981121401, 10.560333313258052 ] } },
{ "type": "Feature", "properties": { "type": "road", "longitude": 12.632474827946851, "latitude": 10.560333313258052, "Id": 505, "class": null, "Code": null, "Name": null, "Lon": null, "Lat": null }, "geometry": { "type": "Point", "coordinates": [ 12.632474827946851, 10.560333313258052 ] } },
{ "type": "Feature", "properties": { "type": "road", "longitude": 15.411619844679691, "latitude": 10.560333313258052, "Id": 506, "class": null, "Code": null, "Name": null, "Lon": null, "Lat": null }, "geometry": { "type": "Point", "coordinates": [ 15.411619844679691, 10.560333313258052 ] } },
{ "type": "Feature", "properties": { "type": "road", "longitude": 20.969909878145334, "latitude": 10.560333313258052, "Id": 507, "class": null, "Code": null, "Name": null, "Lon": null, "Lat": null }, "geometry": { "type": "Point", "coordinates": [ 20.969909878145334, 10.560333313258052 ] } },
{ "type": "Feature", "properties": { "type": "road", "longitude": 26.528199911611011, "latitude": 10.560333313258052, "Id": 508, "class": null, "Code": null, "Name": null, "Lon": null, "Lat": null }, "geometry": { "type": "Point", "coordinates": [ 26.528199911611011, 10.560333313258052 ] } },
{ "type": "Feature", "properties": { "type": "road", "longitude": 29.307344928343845, "latitude": 10.560333313258052, "Id": 509, "class": null, "Code": null, "Name": null, "Lon": null, "Lat": null }, "geometry": { "type": "Point", "coordinates": [ 29.307344928343845, 10.560333313258052 ] } },
{ "type": "Feature", "properties": { "type": "road", "longitude": 32.086489945076693, "latitude": 10.560333313258052, "Id": 510, "class": null, "Code": null, "Name": null, "Lon": null, "Lat": null }, "geometry": { "type": "Point", "coordinates": [ 32.086489945076693, 10.560333313258052 ] } },
{ "type": "Feature", "properties": { "type": "road", "longitude": 34.865634961809533, "latitude": 10.560333313258052, "Id": 511, "class": null, "Code": null, "Name": null, "Lon": null, "Lat": null }, "geometry": { "type": "Point", "coordinates": [ 34.865634961809533, 10.560333313258052 ] } },
{ "type": "Feature", "properties": { "type": "road", "longitude": 37.644779978542331, "latitude": 10.560333313258052, "Id": 512, "class": null, "Code": null, "Name": null, "Lon": null, "Lat": null }, "geometry": { "type": "Point", "coordinates": [ 37.644779978542331, 10.560333313258052 ] } },
{ "type": "Feature", "properties": { "type": "road", "longitude": 40.423924995275165, "latitude": 10.560333313258052, "Id": 513, "class": null, "Code": null, "Name": null, "Lon": null, "Lat": null }, "geometry": { "type": "Point", "coordinates": [ 40.423924995275165, 10.560333313258052 ] } },
{ "type": "Feature", "properties": { "type": "road", "longitude": 43.203070012008013, "latitude": 10.560333313258052, "Id": 514, "class": null, "Code": null, "Name": null, "Lon": null, "Lat": null }, "geometry": { "type": "Point", "coordinates": [ 43.203070012008013, 10.560333313258052 ] } },
{ "type": "Feature", "properties": { "type": "road", "longitude": 45.982215028740846, "latitude": 10.560333313258052, "Id": 515, "class": null, "Code": null, "Name": null, "Lon": null, "Lat": null }, "geometry": { "type": "Point", "coordinates": [ 45.982215028740846, 10.560333313258052 ] } },
{ "type": "Feature", "properties": { "type": "road", "longitude": 76.552810212802015, "latitude": 10.560333313258052, "Id": 516, "class": null, "Code": null, "Name": null, "Lon": null, "Lat": null }, "geometry": { "type": "Point", "coordinates": [ 76.552810212802015, 10.560333313258052 ] } },
{ "type": "Feature", "properties": { "type": "road", "longitude": 79.331955229534842, "latitude": 10.560333313258052, "Id": 517, "class": null, "Code": null, "Name": null, "Lon": null, "Lat": null }, "geometry": { "type": "Point", "coordinates": [ 79.331955229534842, 10.560333313258052 ] } },
{ "type": "Feature", "properties": { "type": "road", "longitude": 98.785970346664698, "latitude": 10.560333313258052, "Id": 518, "class": null, "Code": null, "Name": null, "Lon": null, "Lat": null }, "geometry": { "type": "Point", "coordinates": [ 98.785970346664698, 10.560333313258052 ] } },
{ "type": "Feature", "properties": { "type": "road", "longitude": 104.34426038013032, "latitude": 10.560333313258052, "Id": 519, "class": null, "Code": null, "Name": null, "Lon": null, "Lat": null }, "geometry": { "type": "Point", "coordinates": [ 104.344260380130322, 10.560333313258052 ] } },
{ "type": "Feature", "properties": { "type": "road", "longitude": 107.12340539686316, "latitude": 10.560333313258052, "Id": 520, "class": null, "Code": null, "Name": null, "Lon": null, "Lat": null }, "geometry": { "type": "Point", "coordinates": [ 107.123405396863163, 10.560333313258052 ] } },
{ "type": "Feature", "properties": { "type": "road", "longitude": 123.79827549726016, "latitude": 10.560333313258052, "Id": 521, "class": null, "Code": null, "Name": null, "Lon": null, "Lat": null }, "geometry": { "type": "Point", "coordinates": [ 123.798275497260164, 10.560333313258052 ] } },
{ "type": "Feature", "properties": { "type": "road", "longitude": -81.530477561509898, "latitude": 8.3195439330898164, "Id": 522, "class": null, "Code": null, "Name": null, "Lon": null, "Lat": null }, "geometry": { "type": "Point", "coordinates": [ -81.530477561509898, 8.319543933089816 ] } },
{ "type": "Feature", "properties": { "type": "road", "longitude": -75.99445765065505, "latitude": 8.3195439330898164, "Id": 523, "class": null, "Code": null, "Name": null, "Lon": null, "Lat": null }, "geometry": { "type": "Point", "coordinates": [ -75.99445765065505, 8.319543933089816 ] } },
{ "type": "Feature", "properties": { "type": "road", "longitude": -73.22644769522762, "latitude": 8.3195439330898164, "Id": 524, "class": null, "Code": null, "Name": null, "Lon": null, "Lat": null }, "geometry": { "type": "Point", "coordinates": [ -73.22644769522762, 8.319543933089816 ] } },
{ "type": "Feature", "properties": { "type": "road", "longitude": -70.458437739800218, "latitude": 8.3195439330898164, "Id": 525, "class": null, "Code": null, "Name": null, "Lon": null, "Lat": null }, "geometry": { "type": "Point", "coordinates": [ -70.458437739800218, 8.319543933089816 ] } },
{ "type": "Feature", "properties": { "type": "road", "longitude": -67.690427784372801, "latitude": 8.3195439330898164, "Id": 526, "class": null, "Code": null, "Name": null, "Lon": null, "Lat": null }, "geometry": { "type": "Point", "coordinates": [ -67.690427784372801, 8.319543933089816 ] } },
{ "type": "Feature", "properties": { "type": "road", "longitude": -64.92241782894537, "latitude": 8.3195439330898164, "Id": 527, "class": null, "Code": null, "Name": null, "Lon": null, "Lat": null }, "geometry": { "type": "Point", "coordinates": [ -64.92241782894537, 8.319543933089816 ] } },
{ "type": "Feature", "properties": { "type": "road", "longitude": -12.330228675824396, "latitude": 8.3195439330898164, "Id": 528, "class": null, "Code": null, "Name": null, "Lon": null, "Lat": null }, "geometry": { "type": "Point", "coordinates": [ -12.330228675824396, 8.319543933089816 ] } },
{ "type": "Feature", "properties": { "type": "road", "longitude": -9.5622187203970075, "latitude": 8.3195439330898164, "Id": 529, "class": null, "Code": null, "Name": null, "Lon": null, "Lat": null }, "geometry": { "type": "Point", "coordinates": [ -9.562218720397007, 8.319543933089816 ] } },
{ "type": "Feature", "properties": { "type": "road", "longitude": -4.0261988095421559, "latitude": 8.3195439330898164, "Id": 530, "class": null, "Code": null, "Name": null, "Lon": null, "Lat": null }, "geometry": { "type": "Point", "coordinates": [ -4.026198809542156, 8.319543933089816 ] } },
{ "type": "Feature", "properties": { "type": "road", "longitude": 1.5098211013126961, "latitude": 8.3195439330898164, "Id": 531, "class": null, "Code": null, "Name": null, "Lon": null, "Lat": null }, "geometry": { "type": "Point", "coordinates": [ 1.509821101312696, 8.319543933089816 ] } },
{ "type": "Feature", "properties": { "type": "road", "longitude": 4.2778310567400837, "latitude": 8.3195439330898164, "Id": 532, "class": null, "Code": null, "Name": null, "Lon": null, "Lat": null }, "geometry": { "type": "Point", "coordinates": [ 4.277831056740084, 8.319543933089816 ] } },
{ "type": "Feature", "properties": { "type": "road", "longitude": 7.0458410121675099, "latitude": 8.3195439330898164, "Id": 533, "class": null, "Code": null, "Name": null, "Lon": null, "Lat": null }, "geometry": { "type": "Point", "coordinates": [ 7.045841012167509, 8.319543933089816 ] } },
{ "type": "Feature", "properties": { "type": "road", "longitude": 9.8138509675949344, "latitude": 8.3195439330898164, "Id": 534, "class": null, "Code": null, "Name": null, "Lon": null, "Lat": null }, "geometry": { "type": "Point", "coordinates": [ 9.813850967594934, 8.319543933089816 ] } },
{ "type": "Feature", "properties": { "type": "road", "longitude": 15.349870878449787, "latitude": 8.3195439330898164, "Id": 535, "class": null, "Code": null, "Name": null, "Lon": null, "Lat": null }, "geometry": { "type": "Point", "coordinates": [ 15.349870878449787, 8.319543933089816 ] } },
{ "type": "Feature", "properties": { "type": "road", "longitude": 18.117880833877212, "latitude": 8.3195439330898164, "Id": 536, "class": null, "Code": null, "Name": null, "Lon": null, "Lat": null }, "geometry": { "type": "Point", "coordinates": [ 18.117880833877212, 8.319543933089816 ] } },
{ "type": "Feature", "properties": { "type": "road", "longitude": 29.189920655586874, "latitude": 8.3195439330898164, "Id": 537, "class": null, "Code": null, "Name": null, "Lon": null, "Lat": null }, "geometry": { "type": "Point", "coordinates": [ 29.189920655586878, 8.319543933089816 ] } },
{ "type": "Feature", "properties": { "type": "road", "longitude": 31.957930611014305, "latitude": 8.3195439330898164, "Id": 538, "class": null, "Code": null, "Name": null, "Lon": null, "Lat": null }, "geometry": { "type": "Point", "coordinates": [ 31.957930611014305, 8.319543933089816 ] } },
{ "type": "Feature", "properties": { "type": "road", "longitude": 34.725940566441729, "latitude": 8.3195439330898164, "Id": 539, "class": null, "Code": null, "Name": null, "Lon": null, "Lat": null }, "geometry": { "type": "Point", "coordinates": [ 34.725940566441729, 8.319543933089816 ] } },
{ "type": "Feature", "properties": { "type": "road", "longitude": 37.493950521869117, "latitude": 8.3195439330898164, "Id": 540, "class": null, "Code": null, "Name": null, "Lon": null, "Lat": null }, "geometry": { "type": "Point", "coordinates": [ 37.493950521869117, 8.319543933089816 ] } },
{ "type": "Feature", "properties": { "type": "road", "longitude": 48.565990343578818, "latitude": 8.3195439330898164, "Id": 541, "class": null, "Code": null, "Name": null, "Lon": null, "Lat": null }, "geometry": { "type": "Point", "coordinates": [ 48.565990343578818, 8.319543933089816 ] } },
{ "type": "Feature", "properties": { "type": "road", "longitude": 98.390169541272371, "latitude": 8.3195439330898164, "Id": 542, "class": null, "Code": null, "Name": null, "Lon": null, "Lat": null }, "geometry": { "type": "Point", "coordinates": [ 98.390169541272371, 8.319543933089816 ] } },
{ "type": "Feature", "properties": { "type": "road", "longitude": -75.763525349774355, "latitude": 6.0836510961242478, "Id": 543, "class": null, "Code": null, "Name": null, "Lon": null, "Lat": null }, "geometry": { "type": "Point", "coordinates": [ -75.763525349774355, 6.083651096124247 ] } },
{ "type": "Feature", "properties": { "type": "road", "longitude": -73.003926835491853, "latitude": 6.0836510961242478, "Id": 544, "class": null, "Code": null, "Name": null, "Lon": null, "Lat": null }, "geometry": { "type": "Point", "coordinates": [ -73.003926835491853, 6.083651096124247 ] } },
{ "type": "Feature", "properties": { "type": "road", "longitude": -70.244328321209338, "latitude": 6.0836510961242478, "Id": 545, "class": null, "Code": null, "Name": null, "Lon": null, "Lat": null }, "geometry": { "type": "Point", "coordinates": [ -70.244328321209338, 6.083651096124247 ] } },
{ "type": "Feature", "properties": { "type": "road", "longitude": -67.484729806926822, "latitude": 6.0836510961242478, "Id": 546, "class": null, "Code": null, "Name": null, "Lon": null, "Lat": null }, "geometry": { "type": "Point", "coordinates": [ -67.484729806926822, 6.083651096124247 ] } },
{ "type": "Feature", "properties": { "type": "road", "longitude": -9.5331610069940513, "latitude": 6.0836510961242478, "Id": 547, "class": null, "Code": null, "Name": null, "Lon": null, "Lat": null }, "geometry": { "type": "Point", "coordinates": [ -9.533161006994051, 6.083651096124247 ] } },
{ "type": "Feature", "properties": { "type": "road", "longitude": -6.7735624927115321, "latitude": 6.0836510961242478, "Id": 548, "class": null, "Code": null, "Name": null, "Lon": null, "Lat": null }, "geometry": { "type": "Point", "coordinates": [ -6.773562492711532, 6.083651096124247 ] } },
{ "type": "Feature", "properties": { "type": "road", "longitude": -4.0139639784290129, "latitude": 6.0836510961242478, "Id": 549, "class": null, "Code": null, "Name": null, "Lon": null, "Lat": null }, "geometry": { "type": "Point", "coordinates": [ -4.013963978429013, 6.083651096124247 ] } },
{ "type": "Feature", "properties": { "type": "road", "longitude": 7.0244300787010303, "latitude": 6.0836510961242478, "Id": 550, "class": null, "Code": null, "Name": null, "Lon": null, "Lat": null }, "geometry": { "type": "Point", "coordinates": [ 7.024430078701029, 6.083651096124247 ] } },
{ "type": "Feature", "properties": { "type": "road", "longitude": 15.303225621548592, "latitude": 6.0836510961242478, "Id": 551, "class": null, "Code": null, "Name": null, "Lon": null, "Lat": null }, "geometry": { "type": "Point", "coordinates": [ 15.303225621548592, 6.083651096124247 ] } },
{ "type": "Feature", "properties": { "type": "road", "longitude": 37.380013735808674, "latitude": 6.0836510961242478, "Id": 552, "class": null, "Code": null, "Name": null, "Lon": null, "Lat": null }, "geometry": { "type": "Point", "coordinates": [ 37.380013735808674, 6.083651096124247 ] } },
{ "type": "Feature", "properties": { "type": "road", "longitude": 42.89921076437372, "latitude": 6.0836510961242478, "Id": 553, "class": null, "Code": null, "Name": null, "Lon": null, "Lat": null }, "geometry": { "type": "Point", "coordinates": [ 42.89921076437372, 6.083651096124247 ] } },
{ "type": "Feature", "properties": { "type": "road", "longitude": 45.658809278656229, "latitude": 6.0836510961242478, "Id": 554, "class": null, "Code": null, "Name": null, "Lon": null, "Lat": null }, "geometry": { "type": "Point", "coordinates": [ 45.658809278656236, 6.083651096124247 ] } },
{ "type": "Feature", "properties": { "type": "road", "longitude": 100.85077956430649, "latitude": 6.0836510961242478, "Id": 555, "class": null, "Code": null, "Name": null, "Lon": null, "Lat": null }, "geometry": { "type": "Point", "coordinates": [ 100.850779564306492, 6.083651096124247 ] } },
{ "type": "Feature", "properties": { "type": "road", "longitude": -75.605371869529776, "latitude": 3.851315170761378, "Id": 556, "class": null, "Code": null, "Name": null, "Lon": null, "Lat": null }, "geometry": { "type": "Point", "coordinates": [ -75.605371869529776, 3.851315170761378 ] } },
{ "type": "Feature", "properties": { "type": "road", "longitude": -72.851533912284395, "latitude": 3.851315170761378, "Id": 557, "class": null, "Code": null, "Name": null, "Lon": null, "Lat": null }, "geometry": { "type": "Point", "coordinates": [ -72.851533912284395, 3.851315170761378 ] } },
{ "type": "Feature", "properties": { "type": "road", "longitude": -53.574668211566731, "latitude": 3.851315170761378, "Id": 558, "class": null, "Code": null, "Name": null, "Lon": null, "Lat": null }, "geometry": { "type": "Point", "coordinates": [ -53.574668211566731, 3.851315170761378 ] } },
{ "type": "Feature", "properties": { "type": "road", "longitude": 12.517442762322434, "latitude": 3.851315170761378, "Id": 559, "class": null, "Code": null, "Name": null, "Lon": null, "Lat": null }, "geometry": { "type": "Point", "coordinates": [ 12.517442762322434, 3.851315170761378 ] } },
{ "type": "Feature", "properties": { "type": "road", "longitude": 15.271280719567825, "latitude": 3.851315170761378, "Id": 560, "class": null, "Code": null, "Name": null, "Lon": null, "Lat": null }, "geometry": { "type": "Point", "coordinates": [ 15.271280719567825, 3.851315170761378 ] } },
{ "type": "Feature", "properties": { "type": "road", "longitude": 18.025118676813211, "latitude": 3.851315170761378, "Id": 561, "class": null, "Code": null, "Name": null, "Lon": null, "Lat": null }, "geometry": { "type": "Point", "coordinates": [ 18.025118676813211, 3.851315170761378 ] } },
{ "type": "Feature", "properties": { "type": "road", "longitude": 20.778956634058563, "latitude": 3.851315170761378, "Id": 562, "class": null, "Code": null, "Name": null, "Lon": null, "Lat": null }, "geometry": { "type": "Point", "coordinates": [ 20.778956634058563, 3.851315170761378 ] } },
{ "type": "Feature", "properties": { "type": "road", "longitude": 23.532794591303951, "latitude": 3.851315170761378, "Id": 563, "class": null, "Code": null, "Name": null, "Lon": null, "Lat": null }, "geometry": { "type": "Point", "coordinates": [ 23.532794591303951, 3.851315170761378 ] } },
{ "type": "Feature", "properties": { "type": "road", "longitude": 34.548146420285505, "latitude": 3.851315170761378, "Id": 564, "class": null, "Code": null, "Name": null, "Lon": null, "Lat": null }, "geometry": { "type": "Point", "coordinates": [ 34.548146420285505, 3.851315170761378 ] } },
{ "type": "Feature", "properties": { "type": "road", "longitude": 40.055822334776245, "latitude": 3.851315170761378, "Id": 565, "class": null, "Code": null, "Name": null, "Lon": null, "Lat": null }, "geometry": { "type": "Point", "coordinates": [ 40.055822334776245, 3.851315170761378 ] } },
{ "type": "Feature", "properties": { "type": "road", "longitude": 42.809660292021633, "latitude": 3.851315170761378, "Id": 566, "class": null, "Code": null, "Name": null, "Lon": null, "Lat": null }, "geometry": { "type": "Point", "coordinates": [ 42.809660292021633, 3.851315170761378 ] } },
{ "type": "Feature", "properties": { "type": "road", "longitude": 45.563498249267028, "latitude": 3.851315170761378, "Id": 567, "class": null, "Code": null, "Name": null, "Lon": null, "Lat": null }, "geometry": { "type": "Point", "coordinates": [ 45.56349824926702, 3.851315170761378 ] } },
{ "type": "Feature", "properties": { "type": "road", "longitude": -75.518648213121693, "latitude": 1.621220751157004, "Id": 568, "class": null, "Code": null, "Name": null, "Lon": null, "Lat": null }, "geometry": { "type": "Point", "coordinates": [ -75.518648213121693, 1.621220751157004 ] } },
{ "type": "Feature", "properties": { "type": "road", "longitude": -50.762535875068032, "latitude": 1.621220751157004, "Id": 569, "class": null, "Code": null, "Name": null, "Lon": null, "Lat": null }, "geometry": { "type": "Point", "coordinates": [ -50.762535875068032, 1.621220751157004 ] } },
{ "type": "Feature", "properties": { "type": "road", "longitude": 9.7524053957297685, "latitude": 1.621220751157004, "Id": 570, "class": null, "Code": null, "Name": null, "Lon": null, "Lat": null }, "geometry": { "type": "Point", "coordinates": [ 9.752405395729769, 1.621220751157004 ] } },
{ "type": "Feature", "properties": { "type": "road", "longitude": 15.253763693075038, "latitude": 1.621220751157004, "Id": 571, "class": null, "Code": null, "Name": null, "Lon": null, "Lat": null }, "geometry": { "type": "Point", "coordinates": [ 15.253763693075038, 1.621220751157004 ] } },
{ "type": "Feature", "properties": { "type": "road", "longitude": 18.004442841747675, "latitude": 1.621220751157004, "Id": 572, "class": null, "Code": null, "Name": null, "Lon": null, "Lat": null }, "geometry": { "type": "Point", "coordinates": [ 18.004442841747675, 1.621220751157004 ] } },
{ "type": "Feature", "properties": { "type": "road", "longitude": 20.755121990420271, "latitude": 1.621220751157004, "Id": 573, "class": null, "Code": null, "Name": null, "Lon": null, "Lat": null }, "geometry": { "type": "Point", "coordinates": [ 20.755121990420271, 1.621220751157004 ] } },
{ "type": "Feature", "properties": { "type": "road", "longitude": 29.007159436438172, "latitude": 1.621220751157004, "Id": 574, "class": null, "Code": null, "Name": null, "Lon": null, "Lat": null }, "geometry": { "type": "Point", "coordinates": [ 29.007159436438172, 1.621220751157004 ] } },
{ "type": "Feature", "properties": { "type": "road", "longitude": 31.757838585110804, "latitude": 1.621220751157004, "Id": 575, "class": null, "Code": null, "Name": null, "Lon": null, "Lat": null }, "geometry": { "type": "Point", "coordinates": [ 31.757838585110804, 1.621220751157004 ] } },
{ "type": "Feature", "properties": { "type": "road", "longitude": 34.508517733783442, "latitude": 1.621220751157004, "Id": 576, "class": null, "Code": null, "Name": null, "Lon": null, "Lat": null }, "geometry": { "type": "Point", "coordinates": [ 34.508517733783442, 1.621220751157004 ] } },
{ "type": "Feature", "properties": { "type": "road", "longitude": 40.00987603112867, "latitude": 1.621220751157004, "Id": 577, "class": null, "Code": null, "Name": null, "Lon": null, "Lat": null }, "geometry": { "type": "Point", "coordinates": [ 40.00987603112867, 1.621220751157004 ] } },
{ "type": "Feature", "properties": { "type": "road", "longitude": 42.760555179801315, "latitude": 1.621220751157004, "Id": 578, "class": null, "Code": null, "Name": null, "Lon": null, "Lat": null }, "geometry": { "type": "Point", "coordinates": [ 42.760555179801308, 1.621220751157004 ] } },
{ "type": "Feature", "properties": { "type": "road", "longitude": 100.52481730192648, "latitude": 1.621220751157004, "Id": 579, "class": null, "Code": null, "Name": null, "Lon": null, "Lat": null }, "geometry": { "type": "Point", "coordinates": [ 100.524817301926475, 1.621220751157004 ] } },
{ "type": "Feature", "properties": { "type": "road", "longitude": 103.27549645059911, "latitude": 1.621220751157004, "Id": 580, "class": null, "Code": null, "Name": null, "Lon": null, "Lat": null }, "geometry": { "type": "Point", "coordinates": [ 103.275496450599107, 1.621220751157004 ] } },
{ "type": "Feature", "properties": { "type": "road", "longitude": 111.527533896617, "latitude": 1.621220751157004, "Id": 581, "class": null, "Code": null, "Name": null, "Lon": null, "Lat": null }, "geometry": { "type": "Point", "coordinates": [ 111.527533896617001, 1.621220751157004 ] } },
{ "type": "Feature", "properties": { "type": "road", "longitude": 117.02889219396225, "latitude": 1.621220751157004, "Id": 582, "class": null, "Code": null, "Name": null, "Lon": null, "Lat": null }, "geometry": { "type": "Point", "coordinates": [ 117.02889219396225, 1.621220751157004 ] } },
{ "type": "Feature", "properties": { "type": "road", "longitude": 128.03160878865279, "latitude": 1.621220751157004, "Id": 583, "class": null, "Code": null, "Name": null, "Lon": null, "Lat": null }, "geometry": { "type": "Point", "coordinates": [ 128.03160878865279, 1.621220751157004 ] } },
{ "type": "Feature", "properties": { "type": "road", "longitude": -75.502621028316085, "latitude": -0.60793245810625196, "Id": 584, "class": null, "Code": null, "Name": null, "Lon": null, "Lat": null }, "geometry": { "type": "Point", "coordinates": [ -75.502621028316085, -0.607932458106252 ] } },
{ "type": "Feature", "properties": { "type": "road", "longitude": 9.7503356605415092, "latitude": -0.60793245810625196, "Id": 585, "class": null, "Code": null, "Name": null, "Lon": null, "Lat": null }, "geometry": { "type": "Point", "coordinates": [ 9.750335660541509, -0.607932458106252 ] } },
{ "type": "Feature", "properties": { "type": "road", "longitude": 15.250526414661367, "latitude": -0.60793245810625196, "Id": 586, "class": null, "Code": null, "Name": null, "Lon": null, "Lat": null }, "geometry": { "type": "Point", "coordinates": [ 15.250526414661367, -0.607932458106252 ] } },
{ "type": "Feature", "properties": { "type": "road", "longitude": 20.75071716878119, "latitude": -0.60793245810625196, "Id": 587, "class": null, "Code": null, "Name": null, "Lon": null, "Lat": null }, "geometry": { "type": "Point", "coordinates": [ 20.75071716878119, -0.607932458106252 ] } },
{ "type": "Feature", "properties": { "type": "road", "longitude": 34.501194054080841, "latitude": -0.60793245810625196, "Id": 588, "class": null, "Code": null, "Name": null, "Lon": null, "Lat": null }, "geometry": { "type": "Point", "coordinates": [ 34.501194054080841, -0.607932458106252 ] } },
{ "type": "Feature", "properties": { "type": "road", "longitude": 37.251289431140734, "latitude": -0.60793245810625196, "Id": 589, "class": null, "Code": null, "Name": null, "Lon": null, "Lat": null }, "geometry": { "type": "Point", "coordinates": [ 37.251289431140734, -0.607932458106252 ] } },
{ "type": "Feature", "properties": { "type": "road", "longitude": 40.001384808200655, "latitude": -0.60793245810625196, "Id": 590, "class": null, "Code": null, "Name": null, "Lon": null, "Lat": null }, "geometry": { "type": "Point", "coordinates": [ 40.001384808200655, -0.607932458106252 ] } },
{ "type": "Feature", "properties": { "type": "road", "longitude": 100.50348310351895, "latitude": -0.60793245810625196, "Id": 591, "class": null, "Code": null, "Name": null, "Lon": null, "Lat": null }, "geometry": { "type": "Point", "coordinates": [ 100.503483103518946, -0.607932458106252 ] } },
{ "type": "Feature", "properties": { "type": "road", "longitude": 111.50386461175866, "latitude": -0.60793245810625196, "Id": 592, "class": null, "Code": null, "Name": null, "Lon": null, "Lat": null }, "geometry": { "type": "Point", "coordinates": [ 111.503864611758658, -0.607932458106252 ] } },
{ "type": "Feature", "properties": { "type": "road", "longitude": 114.25395998881861, "latitude": -0.60793245810625196, "Id": 593, "class": null, "Code": null, "Name": null, "Lon": null, "Lat": null }, "geometry": { "type": "Point", "coordinates": [ 114.253959988818607, -0.607932458106252 ] } },
{ "type": "Feature", "properties": { "type": "road", "longitude": 117.0040553658785, "latitude": -0.60793245810625196, "Id": 594, "class": null, "Code": null, "Name": null, "Lon": null, "Lat": null }, "geometry": { "type": "Point", "coordinates": [ 117.0040553658785, -0.607932458106252 ] } },
{ "type": "Feature", "properties": { "type": "road", "longitude": 119.75415074293842, "latitude": -0.60793245810625196, "Id": 595, "class": null, "Code": null, "Name": null, "Lon": null, "Lat": null }, "geometry": { "type": "Point", "coordinates": [ 119.754150742938421, -0.607932458106252 ] } },
{ "type": "Feature", "properties": { "type": "road", "longitude": 128.00443687411823, "latitude": -0.60793245810625196, "Id": 596, "class": null, "Code": null, "Name": null, "Lon": null, "Lat": null }, "geometry": { "type": "Point", "coordinates": [ 128.004436874118227, -0.607932458106252 ] } },
{ "type": "Feature", "properties": { "type": "road", "longitude": -78.309237002045776, "latitude": -2.8374384433363899, "Id": 597, "class": null, "Code": null, "Name": null, "Lon": null, "Lat": null }, "geometry": { "type": "Point", "coordinates": [ -78.309237002045776, -2.83743844333639 ] } },
{ "type": "Feature", "properties": { "type": "road", "longitude": -59.044664935134819, "latitude": -2.8374384433363899, "Id": 598, "class": null, "Code": null, "Name": null, "Lon": null, "Lat": null }, "geometry": { "type": "Point", "coordinates": [ -59.044664935134819, -2.83743844333639 ] } },
{ "type": "Feature", "properties": { "type": "road", "longitude": -56.292583211290385, "latitude": -2.8374384433363899, "Id": 599, "class": null, "Code": null, "Name": null, "Lon": null, "Lat": null }, "geometry": { "type": "Point", "coordinates": [ -56.292583211290385, -2.83743844333639 ] } },
{ "type": "Feature", "properties": { "type": "road", "longitude": 12.509459884820165, "latitude": -2.8374384433363899, "Id": 600, "class": null, "Code": null, "Name": null, "Lon": null, "Lat": null }, "geometry": { "type": "Point", "coordinates": [ 12.509459884820165, -2.83743844333639 ] } },
{ "type": "Feature", "properties": { "type": "road", "longitude": 18.013623332509024, "latitude": -2.8374384433363899, "Id": 601, "class": null, "Code": null, "Name": null, "Lon": null, "Lat": null }, "geometry": { "type": "Point", "coordinates": [ 18.013623332509024, -2.83743844333639 ] } },
{ "type": "Feature", "properties": { "type": "road", "longitude": 29.021950227886698, "latitude": -2.8374384433363899, "Id": 602, "class": null, "Code": null, "Name": null, "Lon": null, "Lat": null }, "geometry": { "type": "Point", "coordinates": [ 29.021950227886702, -2.83743844333639 ] } },
{ "type": "Feature", "properties": { "type": "road", "longitude": 37.27819539941995, "latitude": -2.8374384433363899, "Id": 603, "class": null, "Code": null, "Name": null, "Lon": null, "Lat": null }, "geometry": { "type": "Point", "coordinates": [ 37.27819539941995, -2.83743844333639 ] } },
{ "type": "Feature", "properties": { "type": "road", "longitude": 40.030277123264376, "latitude": -2.8374384433363899, "Id": 604, "class": null, "Code": null, "Name": null, "Lon": null, "Lat": null }, "geometry": { "type": "Point", "coordinates": [ 40.030277123264376, -2.83743844333639 ] } },
{ "type": "Feature", "properties": { "type": "road", "longitude": 103.3281567716861, "latitude": -2.8374384433363899, "Id": 605, "class": null, "Code": null, "Name": null, "Lon": null, "Lat": null }, "geometry": { "type": "Point", "coordinates": [ 103.328156771686096, -2.83743844333639 ] } },
{ "type": "Feature", "properties": { "type": "road", "longitude": 106.08023849553052, "latitude": -2.8374384433363899, "Id": 606, "class": null, "Code": null, "Name": null, "Lon": null, "Lat": null }, "geometry": { "type": "Point", "coordinates": [ 106.080238495530523, -2.83743844333639 ] } },
{ "type": "Feature", "properties": { "type": "road", "longitude": 111.58440194321938, "latitude": -2.8374384433363899, "Id": 607, "class": null, "Code": null, "Name": null, "Lon": null, "Lat": null }, "geometry": { "type": "Point", "coordinates": [ 111.584401943219376, -2.83743844333639 ] } },
{ "type": "Feature", "properties": { "type": "road", "longitude": 114.33648366706382, "latitude": -2.8374384433363899, "Id": 608, "class": null, "Code": null, "Name": null, "Lon": null, "Lat": null }, "geometry": { "type": "Point", "coordinates": [ 114.336483667063817, -2.83743844333639 ] } },
{ "type": "Feature", "properties": { "type": "road", "longitude": 119.84064711475263, "latitude": -2.8374384433363899, "Id": 609, "class": null, "Code": null, "Name": null, "Lon": null, "Lat": null }, "geometry": { "type": "Point", "coordinates": [ 119.840647114752628, -2.83743844333639 ] } },
{ "type": "Feature", "properties": { "type": "road", "longitude": 133.60105573397473, "latitude": -2.8374384433363899, "Id": 610, "class": null, "Code": null, "Name": null, "Lon": null, "Lat": null }, "geometry": { "type": "Point", "coordinates": [ 133.601055733974732, -2.83743844333639 ] } },
{ "type": "Feature", "properties": { "type": "road", "longitude": 136.35313745781917, "latitude": -2.8374384433363899, "Id": 611, "class": null, "Code": null, "Name": null, "Lon": null, "Lat": null }, "geometry": { "type": "Point", "coordinates": [ 136.353137457819173, -2.83743844333639 ] } },
{ "type": "Feature", "properties": { "type": "road", "longitude": -81.19602096331505, "latitude": -5.0685935530928203, "Id": 612, "class": null, "Code": null, "Name": null, "Lon": null, "Lat": null }, "geometry": { "type": "Point", "coordinates": [ -81.19602096331505, -5.068593553092819 ] } },
{ "type": "Feature", "properties": { "type": "road", "longitude": -78.439366015501378, "latitude": -5.0685935530928203, "Id": 613, "class": null, "Code": null, "Name": null, "Lon": null, "Lat": null }, "geometry": { "type": "Point", "coordinates": [ -78.439366015501378, -5.068593553092819 ] } },
{ "type": "Feature", "properties": { "type": "road", "longitude": -72.926056119873962, "latitude": -5.0685935530928203, "Id": 614, "class": null, "Code": null, "Name": null, "Lon": null, "Lat": null }, "geometry": { "type": "Point", "coordinates": [ -72.926056119873962, -5.068593553092819 ] } },
{ "type": "Feature", "properties": { "type": "road", "longitude": -45.359506641737056, "latitude": -5.0685935530928203, "Id": 615, "class": null, "Code": null, "Name": null, "Lon": null, "Lat": null }, "geometry": { "type": "Point", "coordinates": [ -45.359506641737056, -5.068593553092819 ] } },
{ "type": "Feature", "properties": { "type": "road", "longitude": -39.846196746109683, "latitude": -5.0685935530928203, "Id": 616, "class": null, "Code": null, "Name": null, "Lon": null, "Lat": null }, "geometry": { "type": "Point", "coordinates": [ -39.846196746109683, -5.068593553092819 ] } },
{ "type": "Feature", "properties": { "type": "road", "longitude": -37.089541798295976, "latitude": -5.0685935530928203, "Id": 617, "class": null, "Code": null, "Name": null, "Lon": null, "Lat": null }, "geometry": { "type": "Point", "coordinates": [ -37.089541798295976, -5.068593553092819 ] } },
{ "type": "Feature", "properties": { "type": "road", "longitude": 12.5302472623505, "latitude": -5.0685935530928203, "Id": 618, "class": null, "Code": null, "Name": null, "Lon": null, "Lat": null }, "geometry": { "type": "Point", "coordinates": [ 12.5302472623505, -5.068593553092819 ] } },
{ "type": "Feature", "properties": { "type": "road", "longitude": 18.043557157977901, "latitude": -5.0685935530928203, "Id": 619, "class": null, "Code": null, "Name": null, "Lon": null, "Lat": null }, "geometry": { "type": "Point", "coordinates": [ 18.043557157977901, -5.068593553092819 ] } },
{ "type": "Feature", "properties": { "type": "road", "longitude": 20.800212105791562, "latitude": -5.0685935530928203, "Id": 620, "class": null, "Code": null, "Name": null, "Lon": null, "Lat": null }, "geometry": { "type": "Point", "coordinates": [ 20.800212105791562, -5.068593553092819 ] } },
{ "type": "Feature", "properties": { "type": "road", "longitude": 31.826831897046358, "latitude": -5.0685935530928203, "Id": 621, "class": null, "Code": null, "Name": null, "Lon": null, "Lat": null }, "geometry": { "type": "Point", "coordinates": [ 31.826831897046358, -5.068593553092819 ] } },
{ "type": "Feature", "properties": { "type": "road", "longitude": 122.79644517489822, "latitude": -5.0685935530928203, "Id": 622, "class": null, "Code": null, "Name": null, "Lon": null, "Lat": null }, "geometry": { "type": "Point", "coordinates": [ 122.796445174898224, -5.068593553092819 ] } },
{ "type": "Feature", "properties": { "type": "road", "longitude": -78.64420835845128, "latitude": -7.302705218125654, "Id": 623, "class": null, "Code": null, "Name": null, "Lon": null, "Lat": null }, "geometry": { "type": "Point", "coordinates": [ -78.64420835845128, -7.302705218125654 ] } },
{ "type": "Feature", "properties": { "type": "road", "longitude": -53.769523440570239, "latitude": -7.302705218125654, "Id": 624, "class": null, "Code": null, "Name": null, "Lon": null, "Lat": null }, "geometry": { "type": "Point", "coordinates": [ -53.769523440570239, -7.302705218125654 ] } },
{ "type": "Feature", "properties": { "type": "road", "longitude": -45.477961801276571, "latitude": -7.302705218125654, "Id": 625, "class": null, "Code": null, "Name": null, "Lon": null, "Lat": null }, "geometry": { "type": "Point", "coordinates": [ -45.477961801276571, -7.302705218125654 ] } },
{ "type": "Feature", "properties": { "type": "road", "longitude": -42.71410792151201, "latitude": -7.302705218125654, "Id": 626, "class": null, "Code": null, "Name": null, "Lon": null, "Lat": null }, "geometry": { "type": "Point", "coordinates": [ -42.71410792151201, -7.302705218125654 ] } },
{ "type": "Feature", "properties": { "type": "road", "longitude": -39.950254041747463, "latitude": -7.302705218125654, "Id": 627, "class": null, "Code": null, "Name": null, "Lon": null, "Lat": null }, "geometry": { "type": "Point", "coordinates": [ -39.950254041747463, -7.302705218125654 ] } },
{ "type": "Feature", "properties": { "type": "road", "longitude": -37.186400161982903, "latitude": -7.302705218125654, "Id": 628, "class": null, "Code": null, "Name": null, "Lon": null, "Lat": null }, "geometry": { "type": "Point", "coordinates": [ -37.186400161982903, -7.302705218125654 ] } },
{ "type": "Feature", "properties": { "type": "road", "longitude": 15.32682355354371, "latitude": -7.302705218125654, "Id": 629, "class": null, "Code": null, "Name": null, "Lon": null, "Lat": null }, "geometry": { "type": "Point", "coordinates": [ 15.32682355354371, -7.302705218125654 ] } },
{ "type": "Feature", "properties": { "type": "road", "longitude": 18.090677433308272, "latitude": -7.302705218125654, "Id": 630, "class": null, "Code": null, "Name": null, "Lon": null, "Lat": null }, "geometry": { "type": "Point", "coordinates": [ 18.090677433308272, -7.302705218125654 ] } },
{ "type": "Feature", "properties": { "type": "road", "longitude": 20.854531313072801, "latitude": -7.302705218125654, "Id": 631, "class": null, "Code": null, "Name": null, "Lon": null, "Lat": null }, "geometry": { "type": "Point", "coordinates": [ 20.854531313072801, -7.302705218125654 ] } },
{ "type": "Feature", "properties": { "type": "road", "longitude": 23.618385192837366, "latitude": -7.302705218125654, "Id": 632, "class": null, "Code": null, "Name": null, "Lon": null, "Lat": null }, "geometry": { "type": "Point", "coordinates": [ 23.618385192837366, -7.302705218125654 ] } },
{ "type": "Feature", "properties": { "type": "road", "longitude": 29.146092952366487, "latitude": -7.302705218125654, "Id": 633, "class": null, "Code": null, "Name": null, "Lon": null, "Lat": null }, "geometry": { "type": "Point", "coordinates": [ 29.146092952366487, -7.302705218125654 ] } },
{ "type": "Feature", "properties": { "type": "road", "longitude": 106.53400158577409, "latitude": -7.302705218125654, "Id": 634, "class": null, "Code": null, "Name": null, "Lon": null, "Lat": null }, "geometry": { "type": "Point", "coordinates": [ 106.534001585774092, -7.302705218125654 ] } },
{ "type": "Feature", "properties": { "type": "road", "longitude": 109.29785546553866, "latitude": -7.302705218125654, "Id": 635, "class": null, "Code": null, "Name": null, "Lon": null, "Lat": null }, "geometry": { "type": "Point", "coordinates": [ 109.29785546553866, -7.302705218125654 ] } },
{ "type": "Feature", "properties": { "type": "road", "longitude": 112.06170934530321, "latitude": -7.302705218125654, "Id": 636, "class": null, "Code": null, "Name": null, "Lon": null, "Lat": null }, "geometry": { "type": "Point", "coordinates": [ 112.061709345303214, -7.302705218125654 ] } },
{ "type": "Feature", "properties": { "type": "road", "longitude": -65.056821534466295, "latitude": -9.5411009004877538, "Id": 637, "class": null, "Code": null, "Name": null, "Lon": null, "Lat": null }, "geometry": { "type": "Point", "coordinates": [ -65.056821534466295, -9.541100900487754 ] } },
{ "type": "Feature", "properties": { "type": "road", "longitude": -56.735600497212467, "latitude": -9.5411009004877538, "Id": 638, "class": null, "Code": null, "Name": null, "Lon": null, "Lat": null }, "geometry": { "type": "Point", "coordinates": [ -56.735600497212467, -9.541100900487754 ] } },
{ "type": "Feature", "properties": { "type": "road", "longitude": -48.414379459958653, "latitude": -9.5411009004877538, "Id": 639, "class": null, "Code": null, "Name": null, "Lon": null, "Lat": null }, "geometry": { "type": "Point", "coordinates": [ -48.414379459958653, -9.541100900487754 ] } },
{ "type": "Feature", "properties": { "type": "road", "longitude": -45.640639114207389, "latitude": -9.5411009004877538, "Id": 640, "class": null, "Code": null, "Name": null, "Lon": null, "Lat": null }, "geometry": { "type": "Point", "coordinates": [ -45.640639114207389, -9.541100900487754 ] } },
{ "type": "Feature", "properties": { "type": "road", "longitude": -42.866898768456103, "latitude": -9.5411009004877538, "Id": 641, "class": null, "Code": null, "Name": null, "Lon": null, "Lat": null }, "geometry": { "type": "Point", "coordinates": [ -42.866898768456103, -9.541100900487754 ] } },
{ "type": "Feature", "properties": { "type": "road", "longitude": -40.093158422704853, "latitude": -9.5411009004877538, "Id": 642, "class": null, "Code": null, "Name": null, "Lon": null, "Lat": null }, "geometry": { "type": "Point", "coordinates": [ -40.093158422704853, -9.541100900487754 ] } },
{ "type": "Feature", "properties": { "type": "road", "longitude": -37.319418076953561, "latitude": -9.5411009004877538, "Id": 643, "class": null, "Code": null, "Name": null, "Lon": null, "Lat": null }, "geometry": { "type": "Point", "coordinates": [ -37.319418076953561, -9.541100900487754 ] } },
{ "type": "Feature", "properties": { "type": "road", "longitude": 15.381648492320654, "latitude": -9.5411009004877538, "Id": 644, "class": null, "Code": null, "Name": null, "Lon": null, "Lat": null }, "geometry": { "type": "Point", "coordinates": [ 15.381648492320654, -9.541100900487754 ] } },
{ "type": "Feature", "properties": { "type": "road", "longitude": 34.797830912579585, "latitude": -9.5411009004877538, "Id": 645, "class": null, "Code": null, "Name": null, "Lon": null, "Lat": null }, "geometry": { "type": "Point", "coordinates": [ 34.797830912579585, -9.541100900487754 ] } },
{ "type": "Feature", "properties": { "type": "road", "longitude": -76.499366167293431, "latitude": -11.785137462198822, "Id": 646, "class": null, "Code": null, "Name": null, "Lon": null, "Lat": null }, "geometry": { "type": "Point", "coordinates": [ -76.499366167293431, -11.785137462198822 ] } },
{ "type": "Feature", "properties": { "type": "road", "longitude": -68.140164180154954, "latitude": -11.785137462198822, "Id": 647, "class": null, "Code": null, "Name": null, "Lon": null, "Lat": null }, "geometry": { "type": "Point", "coordinates": [ -68.140164180154954, -11.785137462198822 ] } },
{ "type": "Feature", "properties": { "type": "road", "longitude": -65.353763517775448, "latitude": -11.785137462198822, "Id": 648, "class": null, "Code": null, "Name": null, "Lon": null, "Lat": null }, "geometry": { "type": "Point", "coordinates": [ -65.353763517775448, -11.785137462198822 ] } },
{ "type": "Feature", "properties": { "type": "road", "longitude": -62.567362855395963, "latitude": -11.785137462198822, "Id": 649, "class": null, "Code": null, "Name": null, "Lon": null, "Lat": null }, "geometry": { "type": "Point", "coordinates": [ -62.567362855395963, -11.785137462198822 ] } },
{ "type": "Feature", "properties": { "type": "road", "longitude": -54.20816086825748, "latitude": -11.785137462198822, "Id": 650, "class": null, "Code": null, "Name": null, "Lon": null, "Lat": null }, "geometry": { "type": "Point", "coordinates": [ -54.20816086825748, -11.785137462198822 ] } },
{ "type": "Feature", "properties": { "type": "road", "longitude": -51.421760205877987, "latitude": -11.785137462198822, "Id": 651, "class": null, "Code": null, "Name": null, "Lon": null, "Lat": null }, "geometry": { "type": "Point", "coordinates": [ -51.42176020587798, -11.785137462198822 ] } },
{ "type": "Feature", "properties": { "type": "road", "longitude": -48.635359543498481, "latitude": -11.785137462198822, "Id": 652, "class": null, "Code": null, "Name": null, "Lon": null, "Lat": null }, "geometry": { "type": "Point", "coordinates": [ -48.635359543498481, -11.785137462198822 ] } },
{ "type": "Feature", "properties": { "type": "road", "longitude": -45.848958881119003, "latitude": -11.785137462198822, "Id": 653, "class": null, "Code": null, "Name": null, "Lon": null, "Lat": null }, "geometry": { "type": "Point", "coordinates": [ -45.848958881118996, -11.785137462198822 ] } },
{ "type": "Feature", "properties": { "type": "road", "longitude": -40.276157556360005, "latitude": -11.785137462198822, "Id": 654, "class": null, "Code": null, "Name": null, "Lon": null, "Lat": null }, "geometry": { "type": "Point", "coordinates": [ -40.276157556360012, -11.785137462198822 ] } },
{ "type": "Feature", "properties": { "type": "road", "longitude": 15.451855691229907, "latitude": -11.785137462198822, "Id": 655, "class": null, "Code": null, "Name": null, "Lon": null, "Lat": null }, "geometry": { "type": "Point", "coordinates": [ 15.451855691229907, -11.785137462198822 ] } },
{ "type": "Feature", "properties": { "type": "road", "longitude": 18.238256353609408, "latitude": -11.785137462198822, "Id": 656, "class": null, "Code": null, "Name": null, "Lon": null, "Lat": null }, "geometry": { "type": "Point", "coordinates": [ 18.238256353609408, -11.785137462198822 ] } },
{ "type": "Feature", "properties": { "type": "road", "longitude": 23.811057678368371, "latitude": -11.785137462198822, "Id": 657, "class": null, "Code": null, "Name": null, "Lon": null, "Lat": null }, "geometry": { "type": "Point", "coordinates": [ 23.811057678368371, -11.785137462198822 ] } },
{ "type": "Feature", "properties": { "type": "road", "longitude": 43.315862315024845, "latitude": -11.785137462198822, "Id": 658, "class": null, "Code": null, "Name": null, "Lon": null, "Lat": null }, "geometry": { "type": "Point", "coordinates": [ 43.315862315024845, -11.785137462198822 ] } },
{ "type": "Feature", "properties": { "type": "road", "longitude": -74.124257346721947, "latitude": -14.036211162067463, "Id": 659, "class": null, "Code": null, "Name": null, "Lon": null, "Lat": null }, "geometry": { "type": "Point", "coordinates": [ -74.124257346721947, -14.036211162067465 ] } },
{ "type": "Feature", "properties": { "type": "road", "longitude": -71.322309570580373, "latitude": -14.036211162067463, "Id": 660, "class": null, "Code": null, "Name": null, "Lon": null, "Lat": null }, "geometry": { "type": "Point", "coordinates": [ -71.322309570580373, -14.036211162067465 ] } },
{ "type": "Feature", "properties": { "type": "road", "longitude": -65.718414018297224, "latitude": -14.036211162067463, "Id": 661, "class": null, "Code": null, "Name": null, "Lon": null, "Lat": null }, "geometry": { "type": "Point", "coordinates": [ -65.718414018297224, -14.036211162067465 ] } },
{ "type": "Feature", "properties": { "type": "road", "longitude": -57.312570689872494, "latitude": -14.036211162067463, "Id": 662, "class": null, "Code": null, "Name": null, "Lon": null, "Lat": null }, "geometry": { "type": "Point", "coordinates": [ -57.312570689872494, -14.036211162067465 ] } },
{ "type": "Feature", "properties": { "type": "road", "longitude": -51.708675137589353, "latitude": -14.036211162067463, "Id": 663, "class": null, "Code": null, "Name": null, "Lon": null, "Lat": null }, "geometry": { "type": "Point", "coordinates": [ -51.708675137589353, -14.036211162067465 ] } },
{ "type": "Feature", "properties": { "type": "road", "longitude": -48.906727361447771, "latitude": -14.036211162067463, "Id": 664, "class": null, "Code": null, "Name": null, "Lon": null, "Lat": null }, "geometry": { "type": "Point", "coordinates": [ -48.906727361447771, -14.036211162067465 ] } },
{ "type": "Feature", "properties": { "type": "road", "longitude": -43.302831809164623, "latitude": -14.036211162067463, "Id": 665, "class": null, "Code": null, "Name": null, "Lon": null, "Lat": null }, "geometry": { "type": "Point", "coordinates": [ -43.302831809164623, -14.036211162067465 ] } },
{ "type": "Feature", "properties": { "type": "road", "longitude": 15.538071489808432, "latitude": -14.036211162067463, "Id": 666, "class": null, "Code": null, "Name": null, "Lon": null, "Lat": null }, "geometry": { "type": "Point", "coordinates": [ 15.538071489808432, -14.036211162067465 ] } },
{ "type": "Feature", "properties": { "type": "road", "longitude": 18.340019265950012, "latitude": -14.036211162067463, "Id": 667, "class": null, "Code": null, "Name": null, "Lon": null, "Lat": null }, "geometry": { "type": "Point", "coordinates": [ 18.340019265950012, -14.036211162067465 ] } },
{ "type": "Feature", "properties": { "type": "road", "longitude": 21.141967042091554, "latitude": -14.036211162067463, "Id": 668, "class": null, "Code": null, "Name": null, "Lon": null, "Lat": null }, "geometry": { "type": "Point", "coordinates": [ 21.141967042091554, -14.036211162067465 ] } },
{ "type": "Feature", "properties": { "type": "road", "longitude": 26.745862594374717, "latitude": -14.036211162067463, "Id": 669, "class": null, "Code": null, "Name": null, "Lon": null, "Lat": null }, "geometry": { "type": "Point", "coordinates": [ 26.745862594374717, -14.036211162067465 ] } },
{ "type": "Feature", "properties": { "type": "road", "longitude": 32.349758146657877, "latitude": -14.036211162067463, "Id": 670, "class": null, "Code": null, "Name": null, "Lon": null, "Lat": null }, "geometry": { "type": "Point", "coordinates": [ 32.349758146657877, -14.036211162067465 ] } },
{ "type": "Feature", "properties": { "type": "road", "longitude": 35.151705922799465, "latitude": -14.036211162067463, "Id": 671, "class": null, "Code": null, "Name": null, "Lon": null, "Lat": null }, "geometry": { "type": "Point", "coordinates": [ 35.151705922799465, -14.036211162067465 ] } },
{ "type": "Feature", "properties": { "type": "road", "longitude": 130.41793031161296, "latitude": -14.036211162067463, "Id": 672, "class": null, "Code": null, "Name": null, "Lon": null, "Lat": null }, "geometry": { "type": "Point", "coordinates": [ 130.417930311612963, -14.036211162067465 ] } },
{ "type": "Feature", "properties": { "type": "road", "longitude": 141.62572141617926, "latitude": -14.036211162067463, "Id": 673, "class": null, "Code": null, "Name": null, "Lon": null, "Lat": null }, "geometry": { "type": "Point", "coordinates": [ 141.62572141617926, -14.036211162067465 ] } },
{ "type": "Feature", "properties": { "type": "road", "longitude": -71.795162820603394, "latitude": -16.295768517305071, "Id": 674, "class": null, "Code": null, "Name": null, "Lon": null, "Lat": null }, "geometry": { "type": "Point", "coordinates": [ -71.795162820603394, -16.295768517305071 ] } },
{ "type": "Feature", "properties": { "type": "road", "longitude": -68.974638667444296, "latitude": -16.295768517305071, "Id": 675, "class": null, "Code": null, "Name": null, "Lon": null, "Lat": null }, "geometry": { "type": "Point", "coordinates": [ -68.974638667444296, -16.295768517305071 ] } },
{ "type": "Feature", "properties": { "type": "road", "longitude": -63.33359036112612, "latitude": -16.295768517305071, "Id": 676, "class": null, "Code": null, "Name": null, "Lon": null, "Lat": null }, "geometry": { "type": "Point", "coordinates": [ -63.33359036112612, -16.295768517305071 ] } },
{ "type": "Feature", "properties": { "type": "road", "longitude": -54.872017901648832, "latitude": -16.295768517305071, "Id": 677, "class": null, "Code": null, "Name": null, "Lon": null, "Lat": null }, "geometry": { "type": "Point", "coordinates": [ -54.872017901648832, -16.295768517305071 ] } },
{ "type": "Feature", "properties": { "type": "road", "longitude": -52.051493748489733, "latitude": -16.295768517305071, "Id": 678, "class": null, "Code": null, "Name": null, "Lon": null, "Lat": null }, "geometry": { "type": "Point", "coordinates": [ -52.051493748489733, -16.295768517305071 ] } },
{ "type": "Feature", "properties": { "type": "road", "longitude": -49.230969595330642, "latitude": -16.295768517305071, "Id": 679, "class": null, "Code": null, "Name": null, "Lon": null, "Lat": null }, "geometry": { "type": "Point", "coordinates": [ -49.230969595330642, -16.295768517305071 ] } },
{ "type": "Feature", "properties": { "type": "road", "longitude": -46.410445442171557, "latitude": -16.295768517305071, "Id": 680, "class": null, "Code": null, "Name": null, "Lon": null, "Lat": null }, "geometry": { "type": "Point", "coordinates": [ -46.410445442171557, -16.295768517305071 ] } },
{ "type": "Feature", "properties": { "type": "road", "longitude": -40.769397135853382, "latitude": -16.295768517305071, "Id": 681, "class": null, "Code": null, "Name": null, "Lon": null, "Lat": null }, "geometry": { "type": "Point", "coordinates": [ -40.769397135853382, -16.295768517305071 ] } },
{ "type": "Feature", "properties": { "type": "road", "longitude": 24.102658386805768, "latitude": -16.295768517305071, "Id": 682, "class": null, "Code": null, "Name": null, "Lon": null, "Lat": null }, "geometry": { "type": "Point", "coordinates": [ 24.102658386805768, -16.295768517305071 ] } },
{ "type": "Feature", "properties": { "type": "road", "longitude": 26.923182539964866, "latitude": -16.295768517305071, "Id": 683, "class": null, "Code": null, "Name": null, "Lon": null, "Lat": null }, "geometry": { "type": "Point", "coordinates": [ 26.92318253996487, -16.295768517305071 ] } },
{ "type": "Feature", "properties": { "type": "road", "longitude": 29.743706693123968, "latitude": -16.295768517305071, "Id": 684, "class": null, "Code": null, "Name": null, "Lon": null, "Lat": null }, "geometry": { "type": "Point", "coordinates": [ 29.743706693123968, -16.295768517305071 ] } },
{ "type": "Feature", "properties": { "type": "road", "longitude": 32.564230846283067, "latitude": -16.295768517305071, "Id": 685, "class": null, "Code": null, "Name": null, "Lon": null, "Lat": null }, "geometry": { "type": "Point", "coordinates": [ 32.564230846283067, -16.295768517305071 ] } },
{ "type": "Feature", "properties": { "type": "road", "longitude": 35.384754999442166, "latitude": -16.295768517305071, "Id": 686, "class": null, "Code": null, "Name": null, "Lon": null, "Lat": null }, "geometry": { "type": "Point", "coordinates": [ 35.384754999442166, -16.295768517305071 ] } },
{ "type": "Feature", "properties": { "type": "road", "longitude": 38.205279152601229, "latitude": -16.295768517305071, "Id": 687, "class": null, "Code": null, "Name": null, "Lon": null, "Lat": null }, "geometry": { "type": "Point", "coordinates": [ 38.205279152601229, -16.295768517305071 ] } },
{ "type": "Feature", "properties": { "type": "road", "longitude": 46.666851612078531, "latitude": -16.295768517305071, "Id": 688, "class": null, "Code": null, "Name": null, "Lon": null, "Lat": null }, "geometry": { "type": "Point", "coordinates": [ 46.666851612078524, -16.295768517305071 ] } },
{ "type": "Feature", "properties": { "type": "road", "longitude": 49.487375765237623, "latitude": -16.295768517305071, "Id": 689, "class": null, "Code": null, "Name": null, "Lon": null, "Lat": null }, "geometry": { "type": "Point", "coordinates": [ 49.487375765237623, -16.295768517305071 ] } },
{ "type": "Feature", "properties": { "type": "road", "longitude": 134.10310036001042, "latitude": -16.295768517305071, "Id": 690, "class": null, "Code": null, "Name": null, "Lon": null, "Lat": null }, "geometry": { "type": "Point", "coordinates": [ 134.103100360010416, -16.295768517305071 ] } },
{ "type": "Feature", "properties": { "type": "road", "longitude": 145.38519697264678, "latitude": -16.295768517305071, "Id": 691, "class": null, "Code": null, "Name": null, "Lon": null, "Lat": null }, "geometry": { "type": "Point", "coordinates": [ 145.385196972646781, -16.295768517305071 ] } },
{ "type": "Feature", "properties": { "type": "road", "longitude": 167.94939019791948, "latitude": -16.295768517305071, "Id": 692, "class": null, "Code": null, "Name": null, "Lon": null, "Lat": null }, "geometry": { "type": "Point", "coordinates": [ 167.949390197919485, -16.295768517305071 ] } },
{ "type": "Feature", "properties": { "type": "road", "longitude": -69.507293311646336, "latitude": -18.565318306554289, "Id": 693, "class": null, "Code": null, "Name": null, "Lon": null, "Lat": null }, "geometry": { "type": "Point", "coordinates": [ -69.507293311646336, -18.565318306554289 ] } },
{ "type": "Feature", "properties": { "type": "road", "longitude": -66.66498774261774, "latitude": -18.565318306554289, "Id": 694, "class": null, "Code": null, "Name": null, "Lon": null, "Lat": null }, "geometry": { "type": "Point", "coordinates": [ -66.66498774261774, -18.565318306554289 ] } },
{ "type": "Feature", "properties": { "type": "road", "longitude": -58.138071035531951, "latitude": -18.565318306554289, "Id": 695, "class": null, "Code": null, "Name": null, "Lon": null, "Lat": null }, "geometry": { "type": "Point", "coordinates": [ -58.138071035531951, -18.565318306554289 ] } },
{ "type": "Feature", "properties": { "type": "road", "longitude": -49.611154328446162, "latitude": -18.565318306554289, "Id": 696, "class": null, "Code": null, "Name": null, "Lon": null, "Lat": null }, "geometry": { "type": "Point", "coordinates": [ -49.611154328446162, -18.565318306554289 ] } },
{ "type": "Feature", "properties": { "type": "road", "longitude": -46.768848759417573, "latitude": -18.565318306554289, "Id": 697, "class": null, "Code": null, "Name": null, "Lon": null, "Lat": null }, "geometry": { "type": "Point", "coordinates": [ -46.76884875941758, -18.565318306554289 ] } },
{ "type": "Feature", "properties": { "type": "road", "longitude": -43.926543190388976, "latitude": -18.565318306554289, "Id": 698, "class": null, "Code": null, "Name": null, "Lon": null, "Lat": null }, "geometry": { "type": "Point", "coordinates": [ -43.926543190388976, -18.565318306554289 ] } },
{ "type": "Feature", "properties": { "type": "road", "longitude": -41.084237621360401, "latitude": -18.565318306554289, "Id": 699, "class": null, "Code": null, "Name": null, "Lon": null, "Lat": null }, "geometry": { "type": "Point", "coordinates": [ -41.084237621360401, -18.565318306554289 ] } },
{ "type": "Feature", "properties": { "type": "road", "longitude": 21.446484897268682, "latitude": -18.565318306554289, "Id": 700, "class": null, "Code": null, "Name": null, "Lon": null, "Lat": null }, "geometry": { "type": "Point", "coordinates": [ 21.446484897268682, -18.565318306554289 ] } },
{ "type": "Feature", "properties": { "type": "road", "longitude": 24.288790466297286, "latitude": -18.565318306554289, "Id": 701, "class": null, "Code": null, "Name": null, "Lon": null, "Lat": null }, "geometry": { "type": "Point", "coordinates": [ 24.288790466297282, -18.565318306554289 ] } },
{ "type": "Feature", "properties": { "type": "road", "longitude": 27.131096035325886, "latitude": -18.565318306554289, "Id": 702, "class": null, "Code": null, "Name": null, "Lon": null, "Lat": null }, "geometry": { "type": "Point", "coordinates": [ 27.131096035325882, -18.565318306554289 ] } },
{ "type": "Feature", "properties": { "type": "road", "longitude": 29.973401604354486, "latitude": -18.565318306554289, "Id": 703, "class": null, "Code": null, "Name": null, "Lon": null, "Lat": null }, "geometry": { "type": "Point", "coordinates": [ 29.973401604354486, -18.565318306554289 ] } },
{ "type": "Feature", "properties": { "type": "road", "longitude": 32.815707173383082, "latitude": -18.565318306554289, "Id": 704, "class": null, "Code": null, "Name": null, "Lon": null, "Lat": null }, "geometry": { "type": "Point", "coordinates": [ 32.815707173383082, -18.565318306554289 ] } },
{ "type": "Feature", "properties": { "type": "road", "longitude": 44.184929449497453, "latitude": -18.565318306554289, "Id": 705, "class": null, "Code": null, "Name": null, "Lon": null, "Lat": null }, "geometry": { "type": "Point", "coordinates": [ 44.184929449497453, -18.565318306554289 ] } },
{ "type": "Feature", "properties": { "type": "road", "longitude": 47.027235018526056, "latitude": -18.565318306554289, "Id": 706, "class": null, "Code": null, "Name": null, "Lon": null, "Lat": null }, "geometry": { "type": "Point", "coordinates": [ 47.027235018526056, -18.565318306554289 ] } },
{ "type": "Feature", "properties": { "type": "road", "longitude": 123.7694853822981, "latitude": -18.565318306554289, "Id": 707, "class": null, "Code": null, "Name": null, "Lon": null, "Lat": null }, "geometry": { "type": "Point", "coordinates": [ 123.7694853822981, -18.565318306554289 ] } },
{ "type": "Feature", "properties": { "type": "road", "longitude": 137.98101322744105, "latitude": -18.565318306554289, "Id": 708, "class": null, "Code": null, "Name": null, "Lon": null, "Lat": null }, "geometry": { "type": "Point", "coordinates": [ 137.981013227441053, -18.565318306554289 ] } },
{ "type": "Feature", "properties": { "type": "road", "longitude": 140.82331879646966, "latitude": -18.565318306554289, "Id": 709, "class": null, "Code": null, "Name": null, "Lon": null, "Lat": null }, "geometry": { "type": "Point", "coordinates": [ 140.823318796469664, -18.565318306554289 ] } },
{ "type": "Feature", "properties": { "type": "road", "longitude": 143.66562436549827, "latitude": -18.565318306554289, "Id": 710, "class": null, "Code": null, "Name": null, "Lon": null, "Lat": null }, "geometry": { "type": "Point", "coordinates": [ 143.665624365498275, -18.565318306554289 ] } },
{ "type": "Feature", "properties": { "type": "road", "longitude": -70.123558542468203, "latitude": -20.846445046128025, "Id": 711, "class": null, "Code": null, "Name": null, "Lon": null, "Lat": null }, "geometry": { "type": "Point", "coordinates": [ -70.123558542468203, -20.846445046128025 ] } },
{ "type": "Feature", "properties": { "type": "road", "longitude": -67.256052537426228, "latitude": -20.846445046128025, "Id": 712, "class": null, "Code": null, "Name": null, "Lon": null, "Lat": null }, "geometry": { "type": "Point", "coordinates": [ -67.256052537426228, -20.846445046128025 ] } },
{ "type": "Feature", "properties": { "type": "road", "longitude": -55.786028517258309, "latitude": -20.846445046128025, "Id": 713, "class": null, "Code": null, "Name": null, "Lon": null, "Lat": null }, "geometry": { "type": "Point", "coordinates": [ -55.786028517258309, -20.846445046128025 ] } },
{ "type": "Feature", "properties": { "type": "road", "longitude": -50.051016507174346, "latitude": -20.846445046128025, "Id": 714, "class": null, "Code": null, "Name": null, "Lon": null, "Lat": null }, "geometry": { "type": "Point", "coordinates": [ -50.051016507174346, -20.846445046128025 ] } },
{ "type": "Feature", "properties": { "type": "road", "longitude": -44.316004497090383, "latitude": -20.846445046128025, "Id": 715, "class": null, "Code": null, "Name": null, "Lon": null, "Lat": null }, "geometry": { "type": "Point", "coordinates": [ -44.316004497090383, -20.846445046128025 ] } },
{ "type": "Feature", "properties": { "type": "road", "longitude": -41.448498492048422, "latitude": -20.846445046128025, "Id": 716, "class": null, "Code": null, "Name": null, "Lon": null, "Lat": null }, "geometry": { "type": "Point", "coordinates": [ -41.448498492048422, -20.846445046128025 ] } },
{ "type": "Feature", "properties": { "type": "road", "longitude": 15.901621608791183, "latitude": -20.846445046128025, "Id": 717, "class": null, "Code": null, "Name": null, "Lon": null, "Lat": null }, "geometry": { "type": "Point", "coordinates": [ 15.901621608791183, -20.846445046128025 ] } },
{ "type": "Feature", "properties": { "type": "road", "longitude": 24.504139623917101, "latitude": -20.846445046128025, "Id": 718, "class": null, "Code": null, "Name": null, "Lon": null, "Lat": null }, "geometry": { "type": "Point", "coordinates": [ 24.504139623917101, -20.846445046128025 ] } },
{ "type": "Feature", "properties": { "type": "road", "longitude": 27.371645628959094, "latitude": -20.846445046128025, "Id": 719, "class": null, "Code": null, "Name": null, "Lon": null, "Lat": null }, "geometry": { "type": "Point", "coordinates": [ 27.37164562895909, -20.846445046128025 ] } },
{ "type": "Feature", "properties": { "type": "road", "longitude": 30.239151634001075, "latitude": -20.846445046128025, "Id": 720, "class": null, "Code": null, "Name": null, "Lon": null, "Lat": null }, "geometry": { "type": "Point", "coordinates": [ 30.239151634001075, -20.846445046128025 ] } },
{ "type": "Feature", "properties": { "type": "road", "longitude": 33.106657639043057, "latitude": -20.846445046128025, "Id": 721, "class": null, "Code": null, "Name": null, "Lon": null, "Lat": null }, "geometry": { "type": "Point", "coordinates": [ 33.106657639043057, -20.846445046128025 ] } },
{ "type": "Feature", "properties": { "type": "road", "longitude": 44.576681659210969, "latitude": -20.846445046128025, "Id": 722, "class": null, "Code": null, "Name": null, "Lon": null, "Lat": null }, "geometry": { "type": "Point", "coordinates": [ 44.576681659210969, -20.846445046128025 ] } },
{ "type": "Feature", "properties": { "type": "road", "longitude": 47.444187664252951, "latitude": -20.846445046128025, "Id": 723, "class": null, "Code": null, "Name": null, "Lon": null, "Lat": null }, "geometry": { "type": "Point", "coordinates": [ 47.444187664252951, -20.846445046128025 ] } },
{ "type": "Feature", "properties": { "type": "road", "longitude": 133.46936781551236, "latitude": -20.846445046128025, "Id": 724, "class": null, "Code": null, "Name": null, "Lon": null, "Lat": null }, "geometry": { "type": "Point", "coordinates": [ 133.469367815512356, -20.846445046128025 ] } },
{ "type": "Feature", "properties": { "type": "road", "longitude": 144.93939183568023, "latitude": -20.846445046128025, "Id": 725, "class": null, "Code": null, "Name": null, "Lon": null, "Lat": null }, "geometry": { "type": "Point", "coordinates": [ 144.939391835680226, -20.846445046128025 ] } },
{ "type": "Feature", "properties": { "type": "road", "longitude": 147.8068978407222, "latitude": -20.846445046128025, "Id": 726, "class": null, "Code": null, "Name": null, "Lon": null, "Lat": null }, "geometry": { "type": "Point", "coordinates": [ 147.8068978407222, -20.846445046128025 ] } },
{ "type": "Feature", "properties": { "type": "road", "longitude": -65.036987303843176, "latitude": -23.140824346297673, "Id": 727, "class": null, "Code": null, "Name": null, "Lon": null, "Lat": null }, "geometry": { "type": "Point", "coordinates": [ -65.036987303843176, -23.140824346297673 ] } },
{ "type": "Feature", "properties": { "type": "road", "longitude": -62.140603370874416, "latitude": -23.140824346297673, "Id": 728, "class": null, "Code": null, "Name": null, "Lon": null, "Lat": null }, "geometry": { "type": "Point", "coordinates": [ -62.140603370874416, -23.140824346297673 ] } },
{ "type": "Feature", "properties": { "type": "road", "longitude": -59.244219437905649, "latitude": -23.140824346297673, "Id": 729, "class": null, "Code": null, "Name": null, "Lon": null, "Lat": null }, "geometry": { "type": "Point", "coordinates": [ -59.244219437905649, -23.140824346297673 ] } },
{ "type": "Feature", "properties": { "type": "road", "longitude": -53.451451571968128, "latitude": -23.140824346297673, "Id": 730, "class": null, "Code": null, "Name": null, "Lon": null, "Lat": null }, "geometry": { "type": "Point", "coordinates": [ -53.451451571968128, -23.140824346297673 ] } },
{ "type": "Feature", "properties": { "type": "road", "longitude": -47.658683706030608, "latitude": -23.140824346297673, "Id": 731, "class": null, "Code": null, "Name": null, "Lon": null, "Lat": null }, "geometry": { "type": "Point", "coordinates": [ -47.658683706030608, -23.140824346297673 ] } },
{ "type": "Feature", "properties": { "type": "road", "longitude": -44.762299773061834, "latitude": -23.140824346297673, "Id": 732, "class": null, "Code": null, "Name": null, "Lon": null, "Lat": null }, "geometry": { "type": "Point", "coordinates": [ -44.762299773061834, -23.140824346297673 ] } },
{ "type": "Feature", "properties": { "type": "road", "longitude": 16.06176281928219, "latitude": -23.140824346297673, "Id": 733, "class": null, "Code": null, "Name": null, "Lon": null, "Lat": null }, "geometry": { "type": "Point", "coordinates": [ 16.06176281928219, -23.140824346297673 ] } },
{ "type": "Feature", "properties": { "type": "road", "longitude": 18.958146752250958, "latitude": -23.140824346297673, "Id": 734, "class": null, "Code": null, "Name": null, "Lon": null, "Lat": null }, "geometry": { "type": "Point", "coordinates": [ 18.958146752250958, -23.140824346297673 ] } },
{ "type": "Feature", "properties": { "type": "road", "longitude": 21.854530685219689, "latitude": -23.140824346297673, "Id": 735, "class": null, "Code": null, "Name": null, "Lon": null, "Lat": null }, "geometry": { "type": "Point", "coordinates": [ 21.854530685219689, -23.140824346297673 ] } },
{ "type": "Feature", "properties": { "type": "road", "longitude": 27.647298551157231, "latitude": -23.140824346297673, "Id": 736, "class": null, "Code": null, "Name": null, "Lon": null, "Lat": null }, "geometry": { "type": "Point", "coordinates": [ 27.647298551157231, -23.140824346297673 ] } },
{ "type": "Feature", "properties": { "type": "road", "longitude": 30.543682484125995, "latitude": -23.140824346297673, "Id": 737, "class": null, "Code": null, "Name": null, "Lon": null, "Lat": null }, "geometry": { "type": "Point", "coordinates": [ 30.543682484125995, -23.140824346297673 ] } },
{ "type": "Feature", "properties": { "type": "road", "longitude": 33.440066417094769, "latitude": -23.140824346297673, "Id": 738, "class": null, "Code": null, "Name": null, "Lon": null, "Lat": null }, "geometry": { "type": "Point", "coordinates": [ 33.440066417094769, -23.140824346297673 ] } },
{ "type": "Feature", "properties": { "type": "road", "longitude": 129.02073620506394, "latitude": -23.140824346297673, "Id": 739, "class": null, "Code": null, "Name": null, "Lon": null, "Lat": null }, "geometry": { "type": "Point", "coordinates": [ 129.02073620506394, -23.140824346297673 ] } },
{ "type": "Feature", "properties": { "type": "road", "longitude": 131.91712013803271, "latitude": -23.140824346297673, "Id": 740, "class": null, "Code": null, "Name": null, "Lon": null, "Lat": null }, "geometry": { "type": "Point", "coordinates": [ 131.917120138032715, -23.140824346297673 ] } },
{ "type": "Feature", "properties": { "type": "road", "longitude": 137.70988800397024, "latitude": -23.140824346297673, "Id": 741, "class": null, "Code": null, "Name": null, "Lon": null, "Lat": null }, "geometry": { "type": "Point", "coordinates": [ 137.709888003970235, -23.140824346297673 ] } },
{ "type": "Feature", "properties": { "type": "road", "longitude": 143.50265586990773, "latitude": -23.140824346297673, "Id": 742, "class": null, "Code": null, "Name": null, "Lon": null, "Lat": null }, "geometry": { "type": "Point", "coordinates": [ 143.502655869907727, -23.140824346297673 ] } },
{ "type": "Feature", "properties": { "type": "road", "longitude": 146.3990398028765, "latitude": -23.140824346297673, "Id": 743, "class": null, "Code": null, "Name": null, "Lon": null, "Lat": null }, "geometry": { "type": "Point", "coordinates": [ 146.399039802876501, -23.140824346297673 ] } },
{ "type": "Feature", "properties": { "type": "road", "longitude": -62.845737969950669, "latitude": -25.450240656158165, "Id": 744, "class": null, "Code": null, "Name": null, "Lon": null, "Lat": null }, "geometry": { "type": "Point", "coordinates": [ -62.845737969950669, -25.450240656158165 ] } },
{ "type": "Feature", "properties": { "type": "road", "longitude": -59.916487595194134, "latitude": -25.450240656158165, "Id": 745, "class": null, "Code": null, "Name": null, "Lon": null, "Lat": null }, "geometry": { "type": "Point", "coordinates": [ -59.916487595194134, -25.450240656158165 ] } },
{ "type": "Feature", "properties": { "type": "road", "longitude": -56.987237220437621, "latitude": -25.450240656158165, "Id": 746, "class": null, "Code": null, "Name": null, "Lon": null, "Lat": null }, "geometry": { "type": "Point", "coordinates": [ -56.987237220437628, -25.450240656158165 ] } },
{ "type": "Feature", "properties": { "type": "road", "longitude": -54.057986845681107, "latitude": -25.450240656158165, "Id": 747, "class": null, "Code": null, "Name": null, "Lon": null, "Lat": null }, "geometry": { "type": "Point", "coordinates": [ -54.057986845681107, -25.450240656158165 ] } },
{ "type": "Feature", "properties": { "type": "road", "longitude": -51.128736470924586, "latitude": -25.450240656158165, "Id": 748, "class": null, "Code": null, "Name": null, "Lon": null, "Lat": null }, "geometry": { "type": "Point", "coordinates": [ -51.128736470924586, -25.450240656158165 ] } },
{ "type": "Feature", "properties": { "type": "road", "longitude": 16.244022148475327, "latitude": -25.450240656158165, "Id": 749, "class": null, "Code": null, "Name": null, "Lon": null, "Lat": null }, "geometry": { "type": "Point", "coordinates": [ 16.244022148475327, -25.450240656158165 ] } },
{ "type": "Feature", "properties": { "type": "road", "longitude": 19.173272523231851, "latitude": -25.450240656158165, "Id": 750, "class": null, "Code": null, "Name": null, "Lon": null, "Lat": null }, "geometry": { "type": "Point", "coordinates": [ 19.173272523231851, -25.450240656158165 ] } },
{ "type": "Feature", "properties": { "type": "road", "longitude": 22.102522897988333, "latitude": -25.450240656158165, "Id": 751, "class": null, "Code": null, "Name": null, "Lon": null, "Lat": null }, "geometry": { "type": "Point", "coordinates": [ 22.102522897988333, -25.450240656158165 ] } },
{ "type": "Feature", "properties": { "type": "road", "longitude": 25.031773272744857, "latitude": -25.450240656158165, "Id": 752, "class": null, "Code": null, "Name": null, "Lon": null, "Lat": null }, "geometry": { "type": "Point", "coordinates": [ 25.031773272744857, -25.450240656158165 ] } },
{ "type": "Feature", "properties": { "type": "road", "longitude": 27.961023647501385, "latitude": -25.450240656158165, "Id": 753, "class": null, "Code": null, "Name": null, "Lon": null, "Lat": null }, "geometry": { "type": "Point", "coordinates": [ 27.961023647501385, -25.450240656158165 ] } },
{ "type": "Feature", "properties": { "type": "road", "longitude": 30.890274022257906, "latitude": -25.450240656158165, "Id": 754, "class": null, "Code": null, "Name": null, "Lon": null, "Lat": null }, "geometry": { "type": "Point", "coordinates": [ 30.890274022257906, -25.450240656158165 ] } },
{ "type": "Feature", "properties": { "type": "road", "longitude": 45.536525896040494, "latitude": -25.450240656158165, "Id": 755, "class": null, "Code": null, "Name": null, "Lon": null, "Lat": null }, "geometry": { "type": "Point", "coordinates": [ 45.536525896040494, -25.450240656158165 ] } },
{ "type": "Feature", "properties": { "type": "road", "longitude": 112.9092845154404, "latitude": -25.450240656158165, "Id": 756, "class": null, "Code": null, "Name": null, "Lon": null, "Lat": null }, "geometry": { "type": "Point", "coordinates": [ 112.909284515440405, -25.450240656158165 ] } },
{ "type": "Feature", "properties": { "type": "road", "longitude": 121.69703563970997, "latitude": -25.450240656158165, "Id": 757, "class": null, "Code": null, "Name": null, "Lon": null, "Lat": null }, "geometry": { "type": "Point", "coordinates": [ 121.697035639709966, -25.450240656158165 ] } },
{ "type": "Feature", "properties": { "type": "road", "longitude": 136.34328751349256, "latitude": -25.450240656158165, "Id": 758, "class": null, "Code": null, "Name": null, "Lon": null, "Lat": null }, "geometry": { "type": "Point", "coordinates": [ 136.343287513492555, -25.450240656158165 ] } },
{ "type": "Feature", "properties": { "type": "road", "longitude": 139.27253788824908, "latitude": -25.450240656158165, "Id": 759, "class": null, "Code": null, "Name": null, "Lon": null, "Lat": null }, "geometry": { "type": "Point", "coordinates": [ 139.272537888249076, -25.450240656158165 ] } },
{ "type": "Feature", "properties": { "type": "road", "longitude": -69.577425551700529, "latitude": -27.776608043769507, "Id": 760, "class": null, "Code": null, "Name": null, "Lon": null, "Lat": null }, "geometry": { "type": "Point", "coordinates": [ -69.577425551700529, -27.776608043769507 ] } },
{ "type": "Feature", "properties": { "type": "road", "longitude": -63.644467013170832, "latitude": -27.776608043769507, "Id": 761, "class": null, "Code": null, "Name": null, "Lon": null, "Lat": null }, "geometry": { "type": "Point", "coordinates": [ -63.644467013170832, -27.776608043769507 ] } },
{ "type": "Feature", "properties": { "type": "road", "longitude": -60.677987743905973, "latitude": -27.776608043769507, "Id": 762, "class": null, "Code": null, "Name": null, "Lon": null, "Lat": null }, "geometry": { "type": "Point", "coordinates": [ -60.677987743905973, -27.776608043769507 ] } },
{ "type": "Feature", "properties": { "type": "road", "longitude": -57.711508474641128, "latitude": -27.776608043769507, "Id": 763, "class": null, "Code": null, "Name": null, "Lon": null, "Lat": null }, "geometry": { "type": "Point", "coordinates": [ -57.711508474641128, -27.776608043769507 ] } },
{ "type": "Feature", "properties": { "type": "road", "longitude": -54.745029205376277, "latitude": -27.776608043769507, "Id": 764, "class": null, "Code": null, "Name": null, "Lon": null, "Lat": null }, "geometry": { "type": "Point", "coordinates": [ -54.745029205376277, -27.776608043769507 ] } },
{ "type": "Feature", "properties": { "type": "road", "longitude": -51.778549936111425, "latitude": -27.776608043769507, "Id": 765, "class": null, "Code": null, "Name": null, "Lon": null, "Lat": null }, "geometry": { "type": "Point", "coordinates": [ -51.778549936111425, -27.776608043769507 ] } },
{ "type": "Feature", "properties": { "type": "road", "longitude": 19.416952526244987, "latitude": -27.776608043769507, "Id": 766, "class": null, "Code": null, "Name": null, "Lon": null, "Lat": null }, "geometry": { "type": "Point", "coordinates": [ 19.416952526244987, -27.776608043769507 ] } },
{ "type": "Feature", "properties": { "type": "road", "longitude": 22.383431795509804, "latitude": -27.776608043769507, "Id": 767, "class": null, "Code": null, "Name": null, "Lon": null, "Lat": null }, "geometry": { "type": "Point", "coordinates": [ 22.383431795509804, -27.776608043769507 ] } },
{ "type": "Feature", "properties": { "type": "road", "longitude": 25.349911064774663, "latitude": -27.776608043769507, "Id": 768, "class": null, "Code": null, "Name": null, "Lon": null, "Lat": null }, "geometry": { "type": "Point", "coordinates": [ 25.349911064774663, -27.776608043769507 ] } },
{ "type": "Feature", "properties": { "type": "road", "longitude": 28.316390334039522, "latitude": -27.776608043769507, "Id": 769, "class": null, "Code": null, "Name": null, "Lon": null, "Lat": null }, "geometry": { "type": "Point", "coordinates": [ 28.316390334039522, -27.776608043769507 ] } },
{ "type": "Feature", "properties": { "type": "road", "longitude": 31.282869603304377, "latitude": -27.776608043769507, "Id": 770, "class": null, "Code": null, "Name": null, "Lon": null, "Lat": null }, "geometry": { "type": "Point", "coordinates": [ 31.282869603304377, -27.776608043769507 ] } },
{ "type": "Feature", "properties": { "type": "road", "longitude": 114.34428914272017, "latitude": -27.776608043769507, "Id": 771, "class": null, "Code": null, "Name": null, "Lon": null, "Lat": null }, "geometry": { "type": "Point", "coordinates": [ 114.344289142720172, -27.776608043769507 ] } },
{ "type": "Feature", "properties": { "type": "road", "longitude": 117.31076841198502, "latitude": -27.776608043769507, "Id": 772, "class": null, "Code": null, "Name": null, "Lon": null, "Lat": null }, "geometry": { "type": "Point", "coordinates": [ 117.310768411985023, -27.776608043769507 ] } },
{ "type": "Feature", "properties": { "type": "road", "longitude": 120.27724768124988, "latitude": -27.776608043769507, "Id": 773, "class": null, "Code": null, "Name": null, "Lon": null, "Lat": null }, "geometry": { "type": "Point", "coordinates": [ 120.277247681249875, -27.776608043769507 ] } },
{ "type": "Feature", "properties": { "type": "road", "longitude": 135.10964402757412, "latitude": -27.776608043769507, "Id": 774, "class": null, "Code": null, "Name": null, "Lon": null, "Lat": null }, "geometry": { "type": "Point", "coordinates": [ 135.10964402757412, -27.776608043769507 ] } },
{ "type": "Feature", "properties": { "type": "road", "longitude": 144.00908183536868, "latitude": -27.776608043769507, "Id": 775, "class": null, "Code": null, "Name": null, "Lon": null, "Lat": null }, "geometry": { "type": "Point", "coordinates": [ 144.009081835368676, -27.776608043769507 ] } },
{ "type": "Feature", "properties": { "type": "road", "longitude": 149.94204037389832, "latitude": -27.776608043769507, "Id": 776, "class": null, "Code": null, "Name": null, "Lon": null, "Lat": null }, "geometry": { "type": "Point", "coordinates": [ 149.942040373898351, -27.776608043769507 ] } },
{ "type": "Feature", "properties": { "type": "road", "longitude": 152.90851964316323, "latitude": -27.776608043769507, "Id": 777, "class": null, "Code": null, "Name": null, "Lon": null, "Lat": null }, "geometry": { "type": "Point", "coordinates": [ 152.908519643163231, -27.776608043769507 ] } },
{ "type": "Feature", "properties": { "type": "road", "longitude": -70.563492597525126, "latitude": -30.12199484734095, "Id": 778, "class": null, "Code": null, "Name": null, "Lon": null, "Lat": null }, "geometry": { "type": "Point", "coordinates": [ -70.563492597525126, -30.12199484734095 ] } },
{ "type": "Feature", "properties": { "type": "road", "longitude": -67.554971711653323, "latitude": -30.12199484734095, "Id": 779, "class": null, "Code": null, "Name": null, "Lon": null, "Lat": null }, "geometry": { "type": "Point", "coordinates": [ -67.554971711653323, -30.12199484734095 ] } },
{ "type": "Feature", "properties": { "type": "road", "longitude": -64.546450825781506, "latitude": -30.12199484734095, "Id": 780, "class": null, "Code": null, "Name": null, "Lon": null, "Lat": null }, "geometry": { "type": "Point", "coordinates": [ -64.546450825781506, -30.12199484734095 ] } },
{ "type": "Feature", "properties": { "type": "road", "longitude": -61.537929939909688, "latitude": -30.12199484734095, "Id": 781, "class": null, "Code": null, "Name": null, "Lon": null, "Lat": null }, "geometry": { "type": "Point", "coordinates": [ -61.537929939909688, -30.12199484734095 ] } },
{ "type": "Feature", "properties": { "type": "road", "longitude": -58.529409054037878, "latitude": -30.12199484734095, "Id": 782, "class": null, "Code": null, "Name": null, "Lon": null, "Lat": null }, "geometry": { "type": "Point", "coordinates": [ -58.529409054037878, -30.12199484734095 ] } },
{ "type": "Feature", "properties": { "type": "road", "longitude": -55.520888168166074, "latitude": -30.12199484734095, "Id": 783, "class": null, "Code": null, "Name": null, "Lon": null, "Lat": null }, "geometry": { "type": "Point", "coordinates": [ -55.520888168166074, -30.12199484734095 ] } },
{ "type": "Feature", "properties": { "type": "road", "longitude": -52.512367282294257, "latitude": -30.12199484734095, "Id": 784, "class": null, "Code": null, "Name": null, "Lon": null, "Lat": null }, "geometry": { "type": "Point", "coordinates": [ -52.512367282294257, -30.12199484734095 ] } },
{ "type": "Feature", "properties": { "type": "road", "longitude": 19.69213397862919, "latitude": -30.12199484734095, "Id": 785, "class": null, "Code": null, "Name": null, "Lon": null, "Lat": null }, "geometry": { "type": "Point", "coordinates": [ 19.692133978629194, -30.12199484734095 ] } },
{ "type": "Feature", "properties": { "type": "road", "longitude": 22.700654864500972, "latitude": -30.12199484734095, "Id": 786, "class": null, "Code": null, "Name": null, "Lon": null, "Lat": null }, "geometry": { "type": "Point", "coordinates": [ 22.700654864500972, -30.12199484734095 ] } },
{ "type": "Feature", "properties": { "type": "road", "longitude": 25.709175750372786, "latitude": -30.12199484734095, "Id": 787, "class": null, "Code": null, "Name": null, "Lon": null, "Lat": null }, "geometry": { "type": "Point", "coordinates": [ 25.70917575037279, -30.12199484734095 ] } },
{ "type": "Feature", "properties": { "type": "road", "longitude": 115.96480232652709, "latitude": -30.12199484734095, "Id": 788, "class": null, "Code": null, "Name": null, "Lon": null, "Lat": null }, "geometry": { "type": "Point", "coordinates": [ 115.964802326527092, -30.12199484734095 ] } },
{ "type": "Feature", "properties": { "type": "road", "longitude": 121.98184409827071, "latitude": -30.12199484734095, "Id": 789, "class": null, "Code": null, "Name": null, "Lon": null, "Lat": null }, "geometry": { "type": "Point", "coordinates": [ 121.981844098270727, -30.12199484734095 ] } },
{ "type": "Feature", "properties": { "type": "road", "longitude": 127.99888587001432, "latitude": -30.12199484734095, "Id": 790, "class": null, "Code": null, "Name": null, "Lon": null, "Lat": null }, "geometry": { "type": "Point", "coordinates": [ 127.99888587001432, -30.12199484734095 ] } },
{ "type": "Feature", "properties": { "type": "road", "longitude": 134.01592764175797, "latitude": -30.12199484734095, "Id": 791, "class": null, "Code": null, "Name": null, "Lon": null, "Lat": null }, "geometry": { "type": "Point", "coordinates": [ 134.015927641757969, -30.12199484734095 ] } },
{ "type": "Feature", "properties": { "type": "road", "longitude": 140.0329694135016, "latitude": -30.12199484734095, "Id": 792, "class": null, "Code": null, "Name": null, "Lon": null, "Lat": null }, "geometry": { "type": "Point", "coordinates": [ 140.032969413501604, -30.12199484734095 ] } },
{ "type": "Feature", "properties": { "type": "road", "longitude": 143.04149029937341, "latitude": -30.12199484734095, "Id": 793, "class": null, "Code": null, "Name": null, "Lon": null, "Lat": null }, "geometry": { "type": "Point", "coordinates": [ 143.041490299373407, -30.12199484734095 ] } },
{ "type": "Feature", "properties": { "type": "road", "longitude": 146.05001118524518, "latitude": -30.12199484734095, "Id": 794, "class": null, "Code": null, "Name": null, "Lon": null, "Lat": null }, "geometry": { "type": "Point", "coordinates": [ 146.050011185245182, -30.12199484734095 ] } },
{ "type": "Feature", "properties": { "type": "road", "longitude": 149.05853207111701, "latitude": -30.12199484734095, "Id": 795, "class": null, "Code": null, "Name": null, "Lon": null, "Lat": null }, "geometry": { "type": "Point", "coordinates": [ 149.058532071117014, -30.12199484734095 ] } },
{ "type": "Feature", "properties": { "type": "road", "longitude": -68.619282188594767, "latitude": -32.488653294573965, "Id": 796, "class": null, "Code": null, "Name": null, "Lon": null, "Lat": null }, "geometry": { "type": "Point", "coordinates": [ -68.619282188594767, -32.488653294573965 ] } },
{ "type": "Feature", "properties": { "type": "road", "longitude": -65.563362862344675, "latitude": -32.488653294573965, "Id": 797, "class": null, "Code": null, "Name": null, "Lon": null, "Lat": null }, "geometry": { "type": "Point", "coordinates": [ -65.563362862344675, -32.488653294573965 ] } },
{ "type": "Feature", "properties": { "type": "road", "longitude": -62.50744353609457, "latitude": -32.488653294573965, "Id": 798, "class": null, "Code": null, "Name": null, "Lon": null, "Lat": null }, "geometry": { "type": "Point", "coordinates": [ -62.50744353609457, -32.488653294573965 ] } },
{ "type": "Feature", "properties": { "type": "road", "longitude": -59.451524209844514, "latitude": -32.488653294573965, "Id": 799, "class": null, "Code": null, "Name": null, "Lon": null, "Lat": null }, "geometry": { "type": "Point", "coordinates": [ -59.451524209844514, -32.488653294573965 ] } },
{ "type": "Feature", "properties": { "type": "road", "longitude": -56.395604883594423, "latitude": -32.488653294573965, "Id": 800, "class": null, "Code": null, "Name": null, "Lon": null, "Lat": null }, "geometry": { "type": "Point", "coordinates": [ -56.395604883594423, -32.488653294573965 ] } },
{ "type": "Feature", "properties": { "type": "road", "longitude": -53.339685557344346, "latitude": -32.488653294573965, "Id": 801, "class": null, "Code": null, "Name": null, "Lon": null, "Lat": null }, "geometry": { "type": "Point", "coordinates": [ -53.339685557344346, -32.488653294573965 ] } },
{ "type": "Feature", "properties": { "type": "road", "longitude": 20.00237827265758, "latitude": -32.488653294573965, "Id": 802, "class": null, "Code": null, "Name": null, "Lon": null, "Lat": null }, "geometry": { "type": "Point", "coordinates": [ 20.00237827265758, -32.488653294573965 ] } },
{ "type": "Feature", "properties": { "type": "road", "longitude": 23.058297598907625, "latitude": -32.488653294573965, "Id": 803, "class": null, "Code": null, "Name": null, "Lon": null, "Lat": null }, "geometry": { "type": "Point", "coordinates": [ 23.058297598907625, -32.488653294573965 ] } },
{ "type": "Feature", "properties": { "type": "road", "longitude": 26.114216925157713, "latitude": -32.488653294573965, "Id": 804, "class": null, "Code": null, "Name": null, "Lon": null, "Lat": null }, "geometry": { "type": "Point", "coordinates": [ 26.114216925157713, -32.488653294573965 ] } },
{ "type": "Feature", "properties": { "type": "road", "longitude": 117.79179671266013, "latitude": -32.488653294573965, "Id": 805, "class": null, "Code": null, "Name": null, "Lon": null, "Lat": null }, "geometry": { "type": "Point", "coordinates": [ 117.79179671266013, -32.488653294573965 ] } },
{ "type": "Feature", "properties": { "type": "road", "longitude": 136.12731267016059, "latitude": -32.488653294573965, "Id": 806, "class": null, "Code": null, "Name": null, "Lon": null, "Lat": null }, "geometry": { "type": "Point", "coordinates": [ 136.127312670160592, -32.488653294573965 ] } },
{ "type": "Feature", "properties": { "type": "road", "longitude": 139.18323199641068, "latitude": -32.488653294573965, "Id": 807, "class": null, "Code": null, "Name": null, "Lon": null, "Lat": null }, "geometry": { "type": "Point", "coordinates": [ 139.183231996410683, -32.488653294573965 ] } },
{ "type": "Feature", "properties": { "type": "road", "longitude": 142.23915132266077, "latitude": -32.488653294573965, "Id": 808, "class": null, "Code": null, "Name": null, "Lon": null, "Lat": null }, "geometry": { "type": "Point", "coordinates": [ 142.239151322660774, -32.488653294573965 ] } },
{ "type": "Feature", "properties": { "type": "road", "longitude": 148.3509899751609, "latitude": -32.488653294573965, "Id": 809, "class": null, "Code": null, "Name": null, "Lon": null, "Lat": null }, "geometry": { "type": "Point", "coordinates": [ 148.3509899751609, -32.488653294573965 ] } },
{ "type": "Feature", "properties": { "type": "road", "longitude": -69.818720415522108, "latitude": -34.879055553177587, "Id": 810, "class": null, "Code": null, "Name": null, "Lon": null, "Lat": null }, "geometry": { "type": "Point", "coordinates": [ -69.818720415522108, -34.879055553177587 ] } },
{ "type": "Feature", "properties": { "type": "road", "longitude": -63.600049212712342, "latitude": -34.879055553177587, "Id": 811, "class": null, "Code": null, "Name": null, "Lon": null, "Lat": null }, "geometry": { "type": "Point", "coordinates": [ -63.600049212712342, -34.879055553177587 ] } },
{ "type": "Feature", "properties": { "type": "road", "longitude": -60.490713611307477, "latitude": -34.879055553177587, "Id": 812, "class": null, "Code": null, "Name": null, "Lon": null, "Lat": null }, "geometry": { "type": "Point", "coordinates": [ -60.490713611307477, -34.879055553177587 ] } },
{ "type": "Feature", "properties": { "type": "road", "longitude": 116.74141566877032, "latitude": -34.879055553177587, "Id": 813, "class": null, "Code": null, "Name": null, "Lon": null, "Lat": null }, "geometry": { "type": "Point", "coordinates": [ 116.741415668770316, -34.879055553177587 ] } },
{ "type": "Feature", "properties": { "type": "road", "longitude": 138.50676487860443, "latitude": -34.879055553177587, "Id": 814, "class": null, "Code": null, "Name": null, "Lon": null, "Lat": null }, "geometry": { "type": "Point", "coordinates": [ 138.506764878604429, -34.879055553177587 ] } },
{ "type": "Feature", "properties": { "type": "road", "longitude": 144.72543608141419, "latitude": -34.879055553177587, "Id": 815, "class": null, "Code": null, "Name": null, "Lon": null, "Lat": null }, "geometry": { "type": "Point", "coordinates": [ 144.725436081414188, -34.879055553177587 ] } },
{ "type": "Feature", "properties": { "type": "road", "longitude": -71.171446109330418, "latitude": -37.295938195578451, "Id": 816, "class": null, "Code": null, "Name": null, "Lon": null, "Lat": null }, "geometry": { "type": "Point", "coordinates": [ -71.171446109330418, -37.295938195578451 ] } },
{ "type": "Feature", "properties": { "type": "road", "longitude": -68.001867665695542, "latitude": -37.295938195578451, "Id": 817, "class": null, "Code": null, "Name": null, "Lon": null, "Lat": null }, "geometry": { "type": "Point", "coordinates": [ -68.001867665695542, -37.295938195578451 ] } },
{ "type": "Feature", "properties": { "type": "road", "longitude": -64.832289222060638, "latitude": -37.295938195578451, "Id": 818, "class": null, "Code": null, "Name": null, "Lon": null, "Lat": null }, "geometry": { "type": "Point", "coordinates": [ -64.832289222060638, -37.295938195578451 ] } },
{ "type": "Feature", "properties": { "type": "road", "longitude": -61.662710778425769, "latitude": -37.295938195578451, "Id": 819, "class": null, "Code": null, "Name": null, "Lon": null, "Lat": null }, "geometry": { "type": "Point", "coordinates": [ -61.662710778425769, -37.295938195578451 ] } },
{ "type": "Feature", "properties": { "type": "road", "longitude": -58.493132334790893, "latitude": -37.295938195578451, "Id": 820, "class": null, "Code": null, "Name": null, "Lon": null, "Lat": null }, "geometry": { "type": "Point", "coordinates": [ -58.493132334790893, -37.295938195578451 ] } },
{ "type": "Feature", "properties": { "type": "road", "longitude": 141.1903096142066, "latitude": -37.295938195578451, "Id": 821, "class": null, "Code": null, "Name": null, "Lon": null, "Lat": null }, "geometry": { "type": "Point", "coordinates": [ 141.190309614206598, -37.295938195578451 ] } },
{ "type": "Feature", "properties": { "type": "road", "longitude": 144.35988805784152, "latitude": -37.295938195578451, "Id": 822, "class": null, "Code": null, "Name": null, "Lon": null, "Lat": null }, "geometry": { "type": "Point", "coordinates": [ 144.359888057841516, -37.295938195578451 ] } },
{ "type": "Feature", "properties": { "type": "road", "longitude": 147.52946650147638, "latitude": -37.295938195578451, "Id": 823, "class": null, "Code": null, "Name": null, "Lon": null, "Lat": null }, "geometry": { "type": "Point", "coordinates": [ 147.529466501476378, -37.295938195578451 ] } },
{ "type": "Feature", "properties": { "type": "road", "longitude": -72.69987333393432, "latitude": -39.742357812707255, "Id": 824, "class": null, "Code": null, "Name": null, "Lon": null, "Lat": null }, "geometry": { "type": "Point", "coordinates": [ -72.69987333393432, -39.742357812707255 ] } },
{ "type": "Feature", "properties": { "type": "road", "longitude": -69.462227283856151, "latitude": -39.742357812707255, "Id": 825, "class": null, "Code": null, "Name": null, "Lon": null, "Lat": null }, "geometry": { "type": "Point", "coordinates": [ -69.462227283856151, -39.742357812707255 ] } },
{ "type": "Feature", "properties": { "type": "road", "longitude": -66.224581233777968, "latitude": -39.742357812707255, "Id": 826, "class": null, "Code": null, "Name": null, "Lon": null, "Lat": null }, "geometry": { "type": "Point", "coordinates": [ -66.224581233777968, -39.742357812707255 ] } },
{ "type": "Feature", "properties": { "type": "road", "longitude": -62.986935183699821, "latitude": -39.742357812707255, "Id": 827, "class": null, "Code": null, "Name": null, "Lon": null, "Lat": null }, "geometry": { "type": "Point", "coordinates": [ -62.986935183699821, -39.742357812707255 ] } },
{ "type": "Feature", "properties": { "type": "road", "longitude": 176.59887252208429, "latitude": -39.742357812707255, "Id": 828, "class": null, "Code": null, "Name": null, "Lon": null, "Lat": null }, "geometry": { "type": "Point", "coordinates": [ 176.598872522084292, -39.742357812707255 ] } },
{ "type": "Feature", "properties": { "type": "road", "longitude": -71.117178255711949, "latitude": -42.221761620272943, "Id": 829, "class": null, "Code": null, "Name": null, "Lon": null, "Lat": null }, "geometry": { "type": "Point", "coordinates": [ -71.117178255711949, -42.221761620272943 ] } },
{ "type": "Feature", "properties": { "type": "road", "longitude": -67.80239466359663, "latitude": -42.221761620272943, "Id": 830, "class": null, "Code": null, "Name": null, "Lon": null, "Lat": null }, "geometry": { "type": "Point", "coordinates": [ -67.80239466359663, -42.221761620272943 ] } },
{ "type": "Feature", "properties": { "type": "road", "longitude": 147.65853882389823, "latitude": -42.221761620272943, "Id": 831, "class": null, "Code": null, "Name": null, "Lon": null, "Lat": null }, "geometry": { "type": "Point", "coordinates": [ 147.658538823898226, -42.221761620272943 ] } },
{ "type": "Feature", "properties": { "type": "road", "longitude": -69.597902692237639, "latitude": -44.738078571830663, "Id": 832, "class": null, "Code": null, "Name": null, "Lon": null, "Lat": null }, "geometry": { "type": "Point", "coordinates": [ -69.597902692237639, -44.738078571830663 ] } },
{ "type": "Feature", "properties": { "type": "road", "longitude": -66.195338711503624, "latitude": -44.738078571830663, "Id": 833, "class": null, "Code": null, "Name": null, "Lon": null, "Lat": null }, "geometry": { "type": "Point", "coordinates": [ -66.195338711503624, -44.738078571830663 ] } },
{ "type": "Feature", "properties": { "type": "road", "longitude": 168.58157595914429, "latitude": -44.738078571830663, "Id": 834, "class": null, "Code": null, "Name": null, "Lon": null, "Lat": null }, "geometry": { "type": "Point", "coordinates": [ 168.581575959144288, -44.738078571830663 ] } },
{ "type": "Feature", "properties": { "type": "road", "longitude": -70.400830672952907, "latitude": -49.900335515728941, "Id": 835, "class": null, "Code": null, "Name": null, "Lon": null, "Lat": null }, "geometry": { "type": "Point", "coordinates": [ -70.400830672952907, -49.900335515728941 ] } },
{ "type": "Feature", "properties": { "type": "country", "longitude": 134.4909973, "latitude": -25.7332993, "Id": 2097, "class": null, "Code": "aus", "Name": "Australia", "Lon": 134.4909973, "Lat": -25.7332993 }, "geometry": { "type": "Point", "coordinates": [ 134.4909973, -25.7332993 ] } },
{ "type": "Feature", "properties": { "type": "country", "longitude": 171.6040039, "latitude": -41.837101, "Id": 2098, "class": null, "Code": "nzl", "Name": "New Zealand", "Lon": 171.6040039, "Lat": -41.837101 }, "geometry": { "type": "Point", "coordinates": [ 171.6040039, -41.837101 ] } },
{ "type": "Feature", "properties": { "type": "country", "longitude": 143.0690002, "latitude": -7.7979898, "Id": 2099, "class": null, "Code": "xoc", "Name": "Rest of Oceania", "Lon": 143.0690002, "Lat": -7.7979898 }, "geometry": { "type": "Point", "coordinates": [ 143.0690002, -7.7979898 ] } },
{ "type": "Feature", "properties": { "type": "country", "longitude": 103.8349991, "latitude": 36.5633011, "Id": 2100, "class": null, "Code": "chn", "Name": "China", "Lon": 103.8349991, "Lat": 36.5633011 }, "geometry": { "type": "Point", "coordinates": [ 103.8349991, 36.5633011 ] } },
{ "type": "Feature", "properties": { "type": "country", "longitude": 114.1119995, "latitude": 22.3766003, "Id": 2101, "class": null, "Code": "hkg", "Name": "Hong Kong", "Lon": 114.1119995, "Lat": 22.3766003 }, "geometry": { "type": "Point", "coordinates": [ 114.1119995, 22.3766003 ] } },
{ "type": "Feature", "properties": { "type": "country", "longitude": 137.973999, "latitude": 37.5397987, "Id": 2102, "class": null, "Code": "jpn", "Name": "Japan", "Lon": 137.973999, "Lat": 37.5397987 }, "geometry": { "type": "Point", "coordinates": [ 137.973999, 37.5397987 ] } },
{ "type": "Feature", "properties": { "type": "country", "longitude": 127.8290024, "latitude": 36.3676987, "Id": 2103, "class": null, "Code": "kor", "Name": "Korea Republic of", "Lon": 127.8290024, "Lat": 36.3676987 }, "geometry": { "type": "Point", "coordinates": [ 127.8290024, 36.3676987 ] } },
{ "type": "Feature", "properties": { "type": "country", "longitude": 103.0830002, "latitude": 46.8352013, "Id": 2104, "class": null, "Code": "mng", "Name": "Mongolia", "Lon": 103.0830002, "Lat": 46.8352013 }, "geometry": { "type": "Point", "coordinates": [ 103.0830002, 46.8352013 ] } },
{ "type": "Feature", "properties": { "type": "country", "longitude": 120.9459991, "latitude": 23.7537003, "Id": 2105, "class": null, "Code": "twn", "Name": "Taiwan", "Lon": 120.9459991, "Lat": 23.7537003 }, "geometry": { "type": "Point", "coordinates": [ 120.9459991, 23.7537003 ] } },
{ "type": "Feature", "properties": { "type": "country", "longitude": 127.1800003, "latitude": 40.1419983, "Id": 2106, "class": null, "Code": "xea", "Name": "Rest of East Asia", "Lon": 127.1800003, "Lat": 40.1419983 }, "geometry": { "type": "Point", "coordinates": [ 127.1800003, 40.1419983 ] } },
{ "type": "Feature", "properties": { "type": "country", "longitude": 114.7610016, "latitude": 4.5214801, "Id": 2107, "class": null, "Code": "brn", "Name": "Brunei Darussalam", "Lon": 114.7610016, "Lat": 4.5214801 }, "geometry": { "type": "Point", "coordinates": [ 114.7610016, 4.5214801 ] } },
{ "type": "Feature", "properties": { "type": "country", "longitude": 104.9209976, "latitude": 12.7139997, "Id": 2108, "class": null, "Code": "khm", "Name": "Cambodia", "Lon": 104.9209976, "Lat": 12.7139997 }, "geometry": { "type": "Point", "coordinates": [ 104.9209976, 12.7139997 ] } },
{ "type": "Feature", "properties": { "type": "country", "longitude": 117.3119965, "latitude": -2.2298701, "Id": 2109, "class": null, "Code": "idn", "Name": "Indonesia", "Lon": 117.3119965, "Lat": -2.2298701 }, "geometry": { "type": "Point", "coordinates": [ 117.3119965, -2.2298701 ] } },
{ "type": "Feature", "properties": { "type": "country", "longitude": 103.7630005, "latitude": 18.5025005, "Id": 2110, "class": null, "Code": "lao", "Name": "Lao Peoples Democratic Republic", "Lon": 103.7630005, "Lat": 18.5025005 }, "geometry": { "type": "Point", "coordinates": [ 103.7630005, 18.5025005 ] } },
{ "type": "Feature", "properties": { "type": "country", "longitude": 109.711998, "latitude": 3.7938299, "Id": 2111, "class": null, "Code": "mys", "Name": "Malaysia", "Lon": 109.711998, "Lat": 3.7938299 }, "geometry": { "type": "Point", "coordinates": [ 109.711998, 3.7938299 ] } },
{ "type": "Feature", "properties": { "type": "country", "longitude": 122.8740005, "latitude": 11.7474003, "Id": 2112, "class": null, "Code": "phl", "Name": "Philippines", "Lon": 122.8740005, "Lat": 11.7474003 }, "geometry": { "type": "Point", "coordinates": [ 122.8740005, 11.7474003 ] } },
{ "type": "Feature", "properties": { "type": "country", "longitude": 103.8079987, "latitude": 1.35118, "Id": 2113, "class": null, "Code": "sgp", "Name": "Singapore", "Lon": 103.8079987, "Lat": 1.35118 }, "geometry": { "type": "Point", "coordinates": [ 103.8079987, 1.35118 ] } },
{ "type": "Feature", "properties": { "type": "country", "longitude": 101.0149994, "latitude": 15.1198997, "Id": 2114, "class": null, "Code": "tha", "Name": "Thailand", "Lon": 101.0149994, "Lat": 15.1198997 }, "geometry": { "type": "Point", "coordinates": [ 101.0149994, 15.1198997 ] } },
{ "type": "Feature", "properties": { "type": "country", "longitude": 106.3040009, "latitude": 16.6515999, "Id": 2115, "class": null, "Code": "vnm", "Name": "Viet Nam", "Lon": 106.3040009, "Lat": 16.6515999 }, "geometry": { "type": "Point", "coordinates": [ 106.3040009, 16.6515999 ] } },
{ "type": "Feature", "properties": { "type": "country", "longitude": 97.1044998, "latitude": 20.5323009, "Id": 2116, "class": null, "Code": "xse", "Name": "Rest of Southeast Asia", "Lon": 97.1044998, "Lat": 20.5323009 }, "geometry": { "type": "Point", "coordinates": [ 97.1044998, 20.5323009 ] } },
{ "type": "Feature", "properties": { "type": "country", "longitude": 90.2708969, "latitude": 23.8330002, "Id": 2117, "class": null, "Code": "bgd", "Name": "Bangladesh", "Lon": 90.2708969, "Lat": 23.8330002 }, "geometry": { "type": "Point", "coordinates": [ 90.2708969, 23.8330002 ] } },
{ "type": "Feature", "properties": { "type": "country", "longitude": 79.6187973, "latitude": 22.8813, "Id": 2118, "class": null, "Code": "ind", "Name": "India", "Lon": 79.6187973, "Lat": 22.8813 }, "geometry": { "type": "Point", "coordinates": [ 79.6187973, 22.8813 ] } },
{ "type": "Feature", "properties": { "type": "country", "longitude": 83.9384995, "latitude": 28.2530003, "Id": 2119, "class": null, "Code": "npl", "Name": "Nepal", "Lon": 83.9384995, "Lat": 28.2530003 }, "geometry": { "type": "Point", "coordinates": [ 83.9384995, 28.2530003 ] } },
{ "type": "Feature", "properties": { "type": "country", "longitude": 69.3858032, "latitude": 29.9668007, "Id": 2120, "class": null, "Code": "pak", "Name": "Pakistan", "Lon": 69.3858032, "Lat": 29.9668007 }, "geometry": { "type": "Point", "coordinates": [ 69.3858032, 29.9668007 ] } },
{ "type": "Feature", "properties": { "type": "country", "longitude": 80.7042999, "latitude": 7.61236, "Id": 2121, "class": null, "Code": "lka", "Name": "Sri Lanka", "Lon": 80.7042999, "Lat": 7.61236 }, "geometry": { "type": "Point", "coordinates": [ 80.7042999, 7.61236 ] } },
{ "type": "Feature", "properties": { "type": "country", "longitude": 67.368103, "latitude": 33.4808006, "Id": 2122, "class": null, "Code": "xsa", "Name": "Rest of South Asia", "Lon": 67.368103, "Lat": 33.4808006 }, "geometry": { "type": "Point", "coordinates": [ 67.368103, 33.4808006 ] } },
{ "type": "Feature", "properties": { "type": "country", "longitude": -98.2609024, "latitude": 61.3931007, "Id": 2123, "class": null, "Code": "can", "Name": "Canada", "Lon": -98.2609024, "Lat": 61.3931007 }, "geometry": { "type": "Point", "coordinates": [ -98.2609024, 61.3931007 ] } },
{ "type": "Feature", "properties": { "type": "country", "longitude": -112.4940033, "latitude": 45.6954994, "Id": 2124, "class": null, "Code": "usa", "Name": "United States of America", "Lon": -112.4940033, "Lat": 45.6954994 }, "geometry": { "type": "Point", "coordinates": [ -112.4940033, 45.6954994 ] } },
{ "type": "Feature", "properties": { "type": "country", "longitude": -102.5350037, "latitude": 23.9508991, "Id": 2125, "class": null, "Code": "mex", "Name": "Mexico", "Lon": -102.5350037, "Lat": 23.9508991 }, "geometry": { "type": "Point", "coordinates": [ -102.5350037, 23.9508991 ] } },
{ "type": "Feature", "properties": { "type": "country", "longitude": -41.3917999, "latitude": 74.7173996, "Id": 2126, "class": null, "Code": "xna", "Name": "Rest of North America", "Lon": -41.3917999, "Lat": 74.7173996 }, "geometry": { "type": "Point", "coordinates": [ -41.3917999, 74.7173996 ] } },
{ "type": "Feature", "properties": { "type": "country", "longitude": -65.1675034, "latitude": -35.3767014, "Id": 2127, "class": null, "Code": "arg", "Name": "Argentina", "Lon": -65.1675034, "Lat": -35.3767014 }, "geometry": { "type": "Point", "coordinates": [ -65.1675034, -35.3767014 ] } },
{ "type": "Feature", "properties": { "type": "country", "longitude": -64.6705017, "latitude": -16.7150993, "Id": 2128, "class": null, "Code": "bol", "Name": "Bolivia", "Lon": -64.6705017, "Lat": -16.7150993 }, "geometry": { "type": "Point", "coordinates": [ -64.6705017, -16.7150993 ] } },
{ "type": "Feature", "properties": { "type": "country", "longitude": -53.0887985, "latitude": -10.7722998, "Id": 2129, "class": null, "Code": "bra", "Name": "Brazil", "Lon": -53.0887985, "Lat": -10.7722998 }, "geometry": { "type": "Point", "coordinates": [ -53.0887985, -10.7722998 ] } },
{ "type": "Feature", "properties": { "type": "country", "longitude": -71.3800964, "latitude": -37.8680992, "Id": 2130, "class": null, "Code": "chl", "Name": "Chile", "Lon": -71.3800964, "Lat": -37.8680992 }, "geometry": { "type": "Point", "coordinates": [ -71.3800964, -37.8680992 ] } },
{ "type": "Feature", "properties": { "type": "country", "longitude": -73.075798, "latitude": 3.9003699, "Id": 2131, "class": null, "Code": "col", "Name": "Colombia", "Lon": -73.075798, "Lat": 3.9003699 }, "geometry": { "type": "Point", "coordinates": [ -73.075798, 3.9003699 ] } },
{ "type": "Feature", "properties": { "type": "country", "longitude": -78.7809982, "latitude": -1.42528, "Id": 2132, "class": null, "Code": "ecu", "Name": "Ecuador", "Lon": -78.7809982, "Lat": -1.42528 }, "geometry": { "type": "Point", "coordinates": [ -78.7809982, -1.42528 ] } },
{ "type": "Feature", "properties": { "type": "country", "longitude": -58.3909988, "latitude": -23.2360992, "Id": 2133, "class": null, "Code": "pry", "Name": "Paraguay", "Lon": -58.3909988, "Lat": -23.2360992 }, "geometry": { "type": "Point", "coordinates": [ -58.3909988, -23.2360992 ] } },
{ "type": "Feature", "properties": { "type": "country", "longitude": -74.3753967, "latitude": -9.1637697, "Id": 2134, "class": null, "Code": "per", "Name": "Peru", "Lon": -74.3753967, "Lat": -9.1637697 }, "geometry": { "type": "Point", "coordinates": [ -74.3753967, -9.1637697 ] } },
{ "type": "Feature", "properties": { "type": "country", "longitude": -56.0121994, "latitude": -32.7995987, "Id": 2135, "class": null, "Code": "ury", "Name": "Uruguay", "Lon": -56.0121994, "Lat": -32.7995987 }, "geometry": { "type": "Point", "coordinates": [ -56.0121994, -32.7995987 ] } },
{ "type": "Feature", "properties": { "type": "country", "longitude": -66.1661987, "latitude": 7.1249399, "Id": 2136, "class": null, "Code": "ven", "Name": "Venezuela", "Lon": -66.1661987, "Lat": 7.1249399 }, "geometry": { "type": "Point", "coordinates": [ -66.1661987, 7.1249399 ] } },
{ "type": "Feature", "properties": { "type": "country", "longitude": -56.6744995, "latitude": 1.2958, "Id": 2137, "class": null, "Code": "xsm", "Name": "Rest of South America", "Lon": -56.6744995, "Lat": 1.2958 }, "geometry": { "type": "Point", "coordinates": [ -56.6744995, 1.2958 ] } },
{ "type": "Feature", "properties": { "type": "country", "longitude": -84.189003, "latitude": 9.97052, "Id": 2138, "class": null, "Code": "cri", "Name": "Costa Rica", "Lon": -84.189003, "Lat": 9.97052 }, "geometry": { "type": "Point", "coordinates": [ -84.189003, 9.97052 ] } },
{ "type": "Feature", "properties": { "type": "country", "longitude": -90.3569031, "latitude": 15.7023001, "Id": 2139, "class": null, "Code": "gtm", "Name": "Guatemala", "Lon": -90.3569031, "Lat": 15.7023001 }, "geometry": { "type": "Point", "coordinates": [ -90.3569031, 15.7023001 ] } },
{ "type": "Feature", "properties": { "type": "country", "longitude": -86.6196976, "latitude": 14.8192997, "Id": 2140, "class": null, "Code": "hnd", "Name": "Honduras", "Lon": -86.6196976, "Lat": 14.8192997 }, "geometry": { "type": "Point", "coordinates": [ -86.6196976, 14.8192997 ] } },
{ "type": "Feature", "properties": { "type": "country", "longitude": -85.0337982, "latitude": 12.8401003, "Id": 2141, "class": null, "Code": "nic", "Name": "Nicaragua", "Lon": -85.0337982, "Lat": 12.8401003 }, "geometry": { "type": "Point", "coordinates": [ -85.0337982, 12.8401003 ] } },
{ "type": "Feature", "properties": { "type": "country", "longitude": -80.1091003, "latitude": 8.5054398, "Id": 2142, "class": null, "Code": "pan", "Name": "Panama", "Lon": -80.1091003, "Lat": 8.5054398 }, "geometry": { "type": "Point", "coordinates": [ -80.1091003, 8.5054398 ] } },
{ "type": "Feature", "properties": { "type": "country", "longitude": -88.8656006, "latitude": 13.7361002, "Id": 2143, "class": null, "Code": "slv", "Name": "El Salvador", "Lon": -88.8656006, "Lat": 13.7361002 }, "geometry": { "type": "Point", "coordinates": [ -88.8656006, 13.7361002 ] } },
{ "type": "Feature", "properties": { "type": "country", "longitude": -88.6828003, "latitude": 17.2185001, "Id": 2144, "class": null, "Code": "xca", "Name": "Rest of Central America", "Lon": -88.6828003, "Lat": 17.2185001 }, "geometry": { "type": "Point", "coordinates": [ -88.6828003, 17.2185001 ] } },
{ "type": "Feature", "properties": { "type": "country", "longitude": -70.4853973, "latitude": 18.8931007, "Id": 2145, "class": null, "Code": "dom", "Name": "Dominican Republic", "Lon": -70.4853973, "Lat": 18.8931007 }, "geometry": { "type": "Point", "coordinates": [ -70.4853973, 18.8931007 ] } },
{ "type": "Feature", "properties": { "type": "country", "longitude": -77.3197021, "latitude": 18.1513004, "Id": 2146, "class": null, "Code": "jam", "Name": "Jamaica", "Lon": -77.3197021, "Lat": 18.1513004 }, "geometry": { "type": "Point", "coordinates": [ -77.3197021, 18.1513004 ] } },
{ "type": "Feature", "properties": { "type": "country", "longitude": -66.4661026, "latitude": 18.2208996, "Id": 2147, "class": null, "Code": "pri", "Name": "Puerto Rico", "Lon": -66.4661026, "Lat": 18.2208996 }, "geometry": { "type": "Point", "coordinates": [ -66.4661026, 18.2208996 ] } },
{ "type": "Feature", "properties": { "type": "country", "longitude": -61.2526016, "latitude": 10.4684, "Id": 2148, "class": null, "Code": "tto", "Name": "Trinidad and Tobago", "Lon": -61.2526016, "Lat": 10.4684 }, "geometry": { "type": "Point", "coordinates": [ -61.2526016, 10.4684 ] } },
{ "type": "Feature", "properties": { "type": "country", "longitude": -77.2416, "latitude": 21.1886997, "Id": 2149, "class": null, "Code": "xcb", "Name": "Caribbean", "Lon": -77.2416, "Lat": 21.1886997 }, "geometry": { "type": "Point", "coordinates": [ -77.2416, 21.1886997 ] } },
{ "type": "Feature", "properties": { "type": "country", "longitude": 14.1400003, "latitude": 47.5929985, "Id": 2150, "class": null, "Code": "aut", "Name": "Austria", "Lon": 14.1400003, "Lat": 47.5929985 }, "geometry": { "type": "Point", "coordinates": [ 14.1400003, 47.5929985 ] } },
{ "type": "Feature", "properties": { "type": "country", "longitude": 4.66435, "latitude": 50.6430016, "Id": 2151, "class": null, "Code": "bel", "Name": "Belgium", "Lon": 4.66435, "Lat": 50.6430016 }, "geometry": { "type": "Point", "coordinates": [ 4.66435, 50.6430016 ] } },
{ "type": "Feature", "properties": { "type": "country", "longitude": 25.2313995, "latitude": 42.7613983, "Id": 2152, "class": null, "Code": "bgr", "Name": "Bulgaria", "Lon": 25.2313995, "Lat": 42.7613983 }, "geometry": { "type": "Point", "coordinates": [ 25.2313995, 42.7613983 ] } },
{ "type": "Feature", "properties": { "type": "country", "longitude": 16.4069004, "latitude": 45.0442009, "Id": 2153, "class": null, "Code": "hrv", "Name": "Croatia", "Lon": 16.4069004, "Lat": 45.0442009 }, "geometry": { "type": "Point", "coordinates": [ 16.4069004, 45.0442009 ] } },
{ "type": "Feature", "properties": { "type": "country", "longitude": 33.2186012, "latitude": 35.0429993, "Id": 2154, "class": null, "Code": "cyp", "Name": "Cyprus", "Lon": 33.2186012, "Lat": 35.0429993 }, "geometry": { "type": "Point", "coordinates": [ 33.2186012, 35.0429993 ] } },
{ "type": "Feature", "properties": { "type": "country", "longitude": 15.3382998, "latitude": 49.743, "Id": 2155, "class": null, "Code": "cze", "Name": "Czech Republic", "Lon": 15.3382998, "Lat": 49.743 }, "geometry": { "type": "Point", "coordinates": [ 15.3382998, 49.743 ] } },
{ "type": "Feature", "properties": { "type": "country", "longitude": 10.0508003, "latitude": 55.9622993, "Id": 2156, "class": null, "Code": "dnk", "Name": "Denmark", "Lon": 10.0508003, "Lat": 55.9622993 }, "geometry": { "type": "Point", "coordinates": [ 10.0508003, 55.9622993 ] } },
{ "type": "Feature", "properties": { "type": "country", "longitude": 25.5258007, "latitude": 58.6739998, "Id": 2157, "class": null, "Code": "est", "Name": "Estonia", "Lon": 25.5258007, "Lat": 58.6739998 }, "geometry": { "type": "Point", "coordinates": [ 25.5258007, 58.6739998 ] } },
{ "type": "Feature", "properties": { "type": "country", "longitude": 26.2591, "latitude": 64.4944992, "Id": 2158, "class": null, "Code": "fin", "Name": "Finland", "Lon": 26.2591, "Lat": 64.4944992 }, "geometry": { "type": "Point", "coordinates": [ 26.2591, 64.4944992 ] } },
{ "type": "Feature", "properties": { "type": "country", "longitude": 2.50053, "latitude": 46.2094994, "Id": 2159, "class": null, "Code": "fra", "Name": "France", "Lon": 2.50053, "Lat": 46.2094994 }, "geometry": { "type": "Point", "coordinates": [ 2.50053, 46.2094994 ] } },
{ "type": "Feature", "properties": { "type": "country", "longitude": 10.3922997, "latitude": 51.110199, "Id": 2160, "class": null, "Code": "deu", "Name": "Germany", "Lon": 10.3922997, "Lat": 51.110199 }, "geometry": { "type": "Point", "coordinates": [ 10.3922997, 51.110199 ] } },
{ "type": "Feature", "properties": { "type": "country", "longitude": 22.9880009, "latitude": 39.0444984, "Id": 2161, "class": null, "Code": "grc", "Name": "Greece", "Lon": 22.9880009, "Lat": 39.0444984 }, "geometry": { "type": "Point", "coordinates": [ 22.9880009, 39.0444984 ] } },
{ "type": "Feature", "properties": { "type": "country", "longitude": 19.4134998, "latitude": 47.1665001, "Id": 2162, "class": null, "Code": "hun", "Name": "Hungary", "Lon": 19.4134998, "Lat": 47.1665001 }, "geometry": { "type": "Point", "coordinates": [ 19.4134998, 47.1665001 ] } },
{ "type": "Feature", "properties": { "type": "country", "longitude": -8.1515799, "latitude": 53.1771011, "Id": 2163, "class": null, "Code": "irl", "Name": "Ireland", "Lon": -8.1515799, "Lat": 53.1771011 }, "geometry": { "type": "Point", "coordinates": [ -8.1515799, 53.1771011 ] } },
{ "type": "Feature", "properties": { "type": "country", "longitude": 12.0717001, "latitude": 42.7911987, "Id": 2164, "class": null, "Code": "ita", "Name": "Italy", "Lon": 12.0717001, "Lat": 42.7911987 }, "geometry": { "type": "Point", "coordinates": [ 12.0717001, 42.7911987 ] } },
{ "type": "Feature", "properties": { "type": "country", "longitude": 24.9291992, "latitude": 56.8577003, "Id": 2165, "class": null, "Code": "lva", "Name": "Latvia", "Lon": 24.9291992, "Lat": 56.8577003 }, "geometry": { "type": "Point", "coordinates": [ 24.9291992, 56.8577003 ] } },
{ "type": "Feature", "properties": { "type": "country", "longitude": 23.8967991, "latitude": 55.3358002, "Id": 2166, "class": null, "Code": "ltu", "Name": "Lithuania", "Lon": 23.8967991, "Lat": 55.3358002 }, "geometry": { "type": "Point", "coordinates": [ 23.8967991, 55.3358002 ] } },
{ "type": "Feature", "properties": { "type": "country", "longitude": 6.0875401, "latitude": 49.7709999, "Id": 2167, "class": null, "Code": "lux", "Name": "Luxembourg", "Lon": 6.0875401, "Lat": 49.7709999 }, "geometry": { "type": "Point", "coordinates": [ 6.0875401, 49.7709999 ] } },
{ "type": "Feature", "properties": { "type": "country", "longitude": 14.4046001, "latitude": 35.9203987, "Id": 2168, "class": null, "Code": "mlt", "Name": "Malta", "Lon": 14.4046001, "Lat": 35.9203987 }, "geometry": { "type": "Point", "coordinates": [ 14.4046001, 35.9203987 ] } },
{ "type": "Feature", "properties": { "type": "country", "longitude": 5.6009998, "latitude": 52.2536011, "Id": 2169, "class": null, "Code": "nld", "Name": "Netherlands", "Lon": 5.6009998, "Lat": 52.2536011 }, "geometry": { "type": "Point", "coordinates": [ 5.6009998, 52.2536011 ] } },
{ "type": "Feature", "properties": { "type": "country", "longitude": 19.4008999, "latitude": 52.1246986, "Id": 2170, "class": null, "Code": "pol", "Name": "Poland", "Lon": 19.4008999, "Lat": 52.1246986 }, "geometry": { "type": "Point", "coordinates": [ 19.4008999, 52.1246986 ] } },
{ "type": "Feature", "properties": { "type": "country", "longitude": -8.4673595, "latitude": 39.6026993, "Id": 2171, "class": null, "Code": "prt", "Name": "Portugal", "Lon": -8.4673595, "Lat": 39.6026993 }, "geometry": { "type": "Point", "coordinates": [ -8.4673595, 39.6026993 ] } },
{ "type": "Feature", "properties": { "type": "country", "longitude": 24.9692001, "latitude": 45.8436012, "Id": 2172, "class": null, "Code": "rou", "Name": "Romania", "Lon": 24.9692001, "Lat": 45.8436012 }, "geometry": { "type": "Point", "coordinates": [ 24.9692001, 45.8436012 ] } },
{ "type": "Feature", "properties": { "type": "country", "longitude": 19.4913998, "latitude": 48.7074013, "Id": 2173, "class": null, "Code": "svk", "Name": "Slovakia", "Lon": 19.4913998, "Lat": 48.7074013 }, "geometry": { "type": "Point", "coordinates": [ 19.4913998, 48.7074013 ] } },
{ "type": "Feature", "properties": { "type": "country", "longitude": 14.8270998, "latitude": 46.1236, "Id": 2174, "class": null, "Code": "svn", "Name": "Slovenia", "Lon": 14.8270998, "Lat": 46.1236 }, "geometry": { "type": "Point", "coordinates": [ 14.8270998, 46.1236 ] } },
{ "type": "Feature", "properties": { "type": "country", "longitude": -3.6493101, "latitude": 40.2275009, "Id": 2175, "class": null, "Code": "esp", "Name": "Spain", "Lon": -3.6493101, "Lat": 40.2275009 }, "geometry": { "type": "Point", "coordinates": [ -3.6493101, 40.2275009 ] } },
{ "type": "Feature", "properties": { "type": "country", "longitude": 16.7411995, "latitude": 62.7877007, "Id": 2176, "class": null, "Code": "swe", "Name": "Sweden", "Lon": 16.7411995, "Lat": 62.7877007 }, "geometry": { "type": "Point", "coordinates": [ 16.7411995, 62.7877007 ] } },
{ "type": "Feature", "properties": { "type": "country", "longitude": -2.9005001, "latitude": 54.1601982, "Id": 2177, "class": null, "Code": "gbr", "Name": "United Kingdom", "Lon": -2.9005001, "Lat": 54.1601982 }, "geometry": { "type": "Point", "coordinates": [ -2.9005001, 54.1601982 ] } },
{ "type": "Feature", "properties": { "type": "country", "longitude": 8.23458, "latitude": 46.8026009, "Id": 2178, "class": null, "Code": "che", "Name": "Switzerland", "Lon": 8.23458, "Lat": 46.8026009 }, "geometry": { "type": "Point", "coordinates": [ 8.23458, 46.8026009 ] } },
{ "type": "Feature", "properties": { "type": "country", "longitude": 15.3767996, "latitude": 68.8022995, "Id": 2179, "class": null, "Code": "nor", "Name": "Norway", "Lon": 15.3767996, "Lat": 68.8022995 }, "geometry": { "type": "Point", "coordinates": [ 15.3767996, 68.8022995 ] } },
{ "type": "Feature", "properties": { "type": "country", "longitude": -18.5757999, "latitude": 64.9786987, "Id": 2180, "class": null, "Code": "xef", "Name": "Rest of EFTA", "Lon": -18.5757999, "Lat": 64.9786987 }, "geometry": { "type": "Point", "coordinates": [ -18.5757999, 64.9786987 ] } },
{ "type": "Feature", "properties": { "type": "country", "longitude": 20.0683994, "latitude": 41.1425018, "Id": 2181, "class": null, "Code": "alb", "Name": "Albania", "Lon": 20.0683994, "Lat": 41.1425018 }, "geometry": { "type": "Point", "coordinates": [ 20.0683994, 41.1425018 ] } },
{ "type": "Feature", "properties": { "type": "country", "longitude": 28.0470009, "latitude": 53.5401993, "Id": 2182, "class": null, "Code": "blr", "Name": "Belarus", "Lon": 28.0470009, "Lat": 53.5401993 }, "geometry": { "type": "Point", "coordinates": [ 28.0470009, 53.5401993 ] } },
{ "type": "Feature", "properties": { "type": "country", "longitude": 96.6893997, "latitude": 61.9882011, "Id": 2183, "class": null, "Code": "rus", "Name": "Russian Federation", "Lon": 96.6893997, "Lat": 61.9882011 }, "geometry": { "type": "Point", "coordinates": [ 96.6893997, 61.9882011 ] } },
{ "type": "Feature", "properties": { "type": "country", "longitude": 31.3878002, "latitude": 49.0161018, "Id": 2184, "class": null, "Code": "ukr", "Name": "Ukraine", "Lon": 31.3878002, "Lat": 49.0161018 }, "geometry": { "type": "Point", "coordinates": [ 31.3878002, 49.0161018 ] } },
{ "type": "Feature", "properties": { "type": "country", "longitude": 28.4743004, "latitude": 47.1932983, "Id": 2185, "class": null, "Code": "xee", "Name": "Rest of Eastern Europe", "Lon": 28.4743004, "Lat": 47.1932983 }, "geometry": { "type": "Point", "coordinates": [ 28.4743004, 47.1932983 ] } },
{ "type": "Feature", "properties": { "type": "country", "longitude": 19.3887005, "latitude": 43.9379005, "Id": 2186, "class": null, "Code": "xer", "Name": "Rest of Europe", "Lon": 19.3887005, "Lat": 43.9379005 }, "geometry": { "type": "Point", "coordinates": [ 19.3887005, 43.9379005 ] } },
{ "type": "Feature", "properties": { "type": "country", "longitude": 67.3013, "latitude": 48.1599998, "Id": 2187, "class": null, "Code": "kaz", "Name": "Kazakhstan", "Lon": 67.3013, "Lat": 48.1599998 }, "geometry": { "type": "Point", "coordinates": [ 67.3013, 48.1599998 ] } },
{ "type": "Feature", "properties": { "type": "country", "longitude": 74.5554962, "latitude": 41.464901, "Id": 2188, "class": null, "Code": "kgz", "Name": "Kyrgyzstan", "Lon": 74.5554962, "Lat": 41.464901 }, "geometry": { "type": "Point", "coordinates": [ 74.5554962, 41.464901 ] } },
{ "type": "Feature", "properties": { "type": "country", "longitude": 71.0421982, "latitude": 38.5278015, "Id": 2189, "class": null, "Code": "tjk", "Name": "Tajikistan", "Lon": 71.0421982, "Lat": 38.5278015 }, "geometry": { "type": "Point", "coordinates": [ 71.0421982, 38.5278015 ] } },
{ "type": "Feature", "properties": { "type": "country", "longitude": 61.2613983, "latitude": 40.4258003, "Id": 2190, "class": null, "Code": "xsu", "Name": "Rest of Former Soviet Union", "Lon": 61.2613983, "Lat": 40.4258003 }, "geometry": { "type": "Point", "coordinates": [ 61.2613983, 40.4258003 ] } },
{ "type": "Feature", "properties": { "type": "country", "longitude": 44.9478989, "latitude": 40.2863998, "Id": 2191, "class": null, "Code": "arm", "Name": "Armenia", "Lon": 44.9478989, "Lat": 40.2863998 }, "geometry": { "type": "Point", "coordinates": [ 44.9478989, 40.2863998 ] } },
{ "type": "Feature", "properties": { "type": "country", "longitude": 47.532299, "latitude": 40.2921982, "Id": 2192, "class": null, "Code": "aze", "Name": "Azerbaijan", "Lon": 47.532299, "Lat": 40.2921982 }, "geometry": { "type": "Point", "coordinates": [ 47.532299, 40.2921982 ] } },
{ "type": "Feature", "properties": { "type": "country", "longitude": 43.517601, "latitude": 42.1763, "Id": 2193, "class": null, "Code": "geo", "Name": "Georgia", "Lon": 43.517601, "Lat": 42.1763 }, "geometry": { "type": "Point", "coordinates": [ 43.517601, 42.1763 ] } },
{ "type": "Feature", "properties": { "type": "country", "longitude": 50.5625, "latitude": 26.0195007, "Id": 2194, "class": null, "Code": "bhr", "Name": "Bahrain", "Lon": 50.5625, "Lat": 26.0195007 }, "geometry": { "type": "Point", "coordinates": [ 50.5625, 26.0195007 ] } },
{ "type": "Feature", "properties": { "type": "country", "longitude": 54.3013992, "latitude": 32.5648003, "Id": 2195, "class": null, "Code": "irn", "Name": "Iran Islamic Republic of", "Lon": 54.3013992, "Lat": 32.5648003 }, "geometry": { "type": "Point", "coordinates": [ 54.3013992, 32.5648003 ] } },
{ "type": "Feature", "properties": { "type": "country", "longitude": 34.9659996, "latitude": 31.3581009, "Id": 2196, "class": null, "Code": "isr", "Name": "Israel", "Lon": 34.9659996, "Lat": 31.3581009 }, "geometry": { "type": "Point", "coordinates": [ 34.9659996, 31.3581009 ] } },
{ "type": "Feature", "properties": { "type": "country", "longitude": 36.7868996, "latitude": 31.2534008, "Id": 2197, "class": null, "Code": "jor", "Name": "Jordan", "Lon": 36.7868996, "Lat": 31.2534008 }, "geometry": { "type": "Point", "coordinates": [ 36.7868996, 31.2534008 ] } },
{ "type": "Feature", "properties": { "type": "country", "longitude": 47.5936012, "latitude": 29.3425007, "Id": 2198, "class": null, "Code": "kwt", "Name": "Kuwait", "Lon": 47.5936012, "Lat": 29.3425007 }, "geometry": { "type": "Point", "coordinates": [ 47.5936012, 29.3425007 ] } },
{ "type": "Feature", "properties": { "type": "country", "longitude": 56.1100998, "latitude": 20.6023998, "Id": 2199, "class": null, "Code": "omn", "Name": "Oman", "Lon": 56.1100998, "Lat": 20.6023998 }, "geometry": { "type": "Point", "coordinates": [ 56.1100998, 20.6023998 ] } },
{ "type": "Feature", "properties": { "type": "country", "longitude": 51.1912003, "latitude": 25.3157997, "Id": 2200, "class": null, "Code": "qat", "Name": "Qatar", "Lon": 51.1912003, "Lat": 25.3157997 }, "geometry": { "type": "Point", "coordinates": [ 51.1912003, 25.3157997 ] } },
{ "type": "Feature", "properties": { "type": "country", "longitude": 44.5850983, "latitude": 24.0233994, "Id": 2201, "class": null, "Code": "sau", "Name": "Saudi Arabia", "Lon": 44.5850983, "Lat": 24.0233994 }, "geometry": { "type": "Point", "coordinates": [ 44.5850983, 24.0233994 ] } },
{ "type": "Feature", "properties": { "type": "country", "longitude": 35.1791992, "latitude": 39.0606003, "Id": 2202, "class": null, "Code": "tur", "Name": "Turkey", "Lon": 35.1791992, "Lat": 39.0606003 }, "geometry": { "type": "Point", "coordinates": [ 35.1791992, 39.0606003 ] } },
{ "type": "Feature", "properties": { "type": "country", "longitude": 54.3321991, "latitude": 23.9127007, "Id": 2203, "class": null, "Code": "are", "Name": "United Arab Emirates", "Lon": 54.3321991, "Lat": 23.9127007 }, "geometry": { "type": "Point", "coordinates": [ 54.3321991, 23.9127007 ] } },
{ "type": "Feature", "properties": { "type": "country", "longitude": 44.0480995, "latitude": 27.1338997, "Id": 2204, "class": null, "Code": "xws", "Name": "Rest of Western Asia", "Lon": 44.0480995, "Lat": 27.1338997 }, "geometry": { "type": "Point", "coordinates": [ 44.0480995, 27.1338997 ] } },
{ "type": "Feature", "properties": { "type": "country", "longitude": 29.8722992, "latitude": 26.4941006, "Id": 2205, "class": null, "Code": "egy", "Name": "Egypt", "Lon": 29.8722992, "Lat": 26.4941006 }, "geometry": { "type": "Point", "coordinates": [ 29.8722992, 26.4941006 ] } },
{ "type": "Feature", "properties": { "type": "country", "longitude": -6.3178, "latitude": 31.8836002, "Id": 2206, "class": null, "Code": "mar", "Name": "Morocco", "Lon": -6.3178, "Lat": 31.8836002 }, "geometry": { "type": "Point", "coordinates": [ -6.3178, 31.8836002 ] } },
{ "type": "Feature", "properties": { "type": "country", "longitude": 9.5615597, "latitude": 34.1111984, "Id": 2207, "class": null, "Code": "tun", "Name": "Tunisia", "Lon": 9.5615597, "Lat": 34.1111984 }, "geometry": { "type": "Point", "coordinates": [ 9.5615597, 34.1111984 ] } },
{ "type": "Feature", "properties": { "type": "country", "longitude": 7.5413799, "latitude": 27.5163994, "Id": 2208, "class": null, "Code": "xnf", "Name": "Rest of North Africa", "Lon": 7.5413799, "Lat": 27.5163994 }, "geometry": { "type": "Point", "coordinates": [ 7.5413799, 27.5163994 ] } },
{ "type": "Feature", "properties": { "type": "country", "longitude": 2.34326, "latitude": 9.6476498, "Id": 2209, "class": null, "Code": "ben", "Name": "Benin", "Lon": 2.34326, "Lat": 9.6476498 }, "geometry": { "type": "Point", "coordinates": [ 2.34326, 9.6476498 ] } },
{ "type": "Feature", "properties": { "type": "country", "longitude": -1.73984, "latitude": 12.2778997, "Id": 2210, "class": null, "Code": "bfa", "Name": "Burkina Faso", "Lon": -1.73984, "Lat": 12.2778997 }, "geometry": { "type": "Point", "coordinates": [ -1.73984, 12.2778997 ] } },
{ "type": "Feature", "properties": { "type": "country", "longitude": 12.7433004, "latitude": 5.6858001, "Id": 2211, "class": null, "Code": "cmr", "Name": "Cameroon", "Lon": 12.7433004, "Lat": 5.6858001 }, "geometry": { "type": "Point", "coordinates": [ 12.7433004, 5.6858001 ] } },
{ "type": "Feature", "properties": { "type": "country", "longitude": -5.5555, "latitude": 7.6317301, "Id": 2212, "class": null, "Code": "civ", "Name": "Cote dIvoire", "Lon": -5.5555, "Lat": 7.6317301 }, "geometry": { "type": "Point", "coordinates": [ -5.5555, 7.6317301 ] } },
{ "type": "Feature", "properties": { "type": "country", "longitude": -1.20705, "latitude": 7.95964, "Id": 2213, "class": null, "Code": "gha", "Name": "Ghana", "Lon": -1.20705, "Lat": 7.95964 }, "geometry": { "type": "Point", "coordinates": [ -1.20705, 7.95964 ] } },
{ "type": "Feature", "properties": { "type": "country", "longitude": -10.9418001, "latitude": 10.4385004, "Id": 2214, "class": null, "Code": "gin", "Name": "Guinea", "Lon": -10.9418001, "Lat": 10.4385004 }, "geometry": { "type": "Point", "coordinates": [ -10.9418001, 10.4385004 ] } },
{ "type": "Feature", "properties": { "type": "country", "longitude": 8.10532, "latitude": 9.5936403, "Id": 2215, "class": null, "Code": "nga", "Name": "Nigeria", "Lon": 8.10532, "Lat": 9.5936403 }, "geometry": { "type": "Point", "coordinates": [ 8.10532, 9.5936403 ] } },
{ "type": "Feature", "properties": { "type": "country", "longitude": -14.4681997, "latitude": 14.3669996, "Id": 2216, "class": null, "Code": "sen", "Name": "Senegal", "Lon": -14.4681997, "Lat": 14.3669996 }, "geometry": { "type": "Point", "coordinates": [ -14.4681997, 14.3669996 ] } },
{ "type": "Feature", "properties": { "type": "country", "longitude": 0.975846, "latitude": 8.5349102, "Id": 2217, "class": null, "Code": "tgo", "Name": "Togo", "Lon": 0.975846, "Lat": 8.5349102 }, "geometry": { "type": "Point", "coordinates": [ 0.975846, 8.5349102 ] } },
{ "type": "Feature", "properties": { "type": "country", "longitude": -1.79619, "latitude": 17.7019997, "Id": 2218, "class": null, "Code": "xwf", "Name": "Rest of Western Africa", "Lon": -1.79619, "Lat": 17.7019997 }, "geometry": { "type": "Point", "coordinates": [ -1.79619, 17.7019997 ] } },
{ "type": "Feature", "properties": { "type": "country", "longitude": 17.8568993, "latitude": 9.3076696, "Id": 2219, "class": null, "Code": "xcf", "Name": "Central Africa", "Lon": 17.8568993, "Lat": 9.3076696 }, "geometry": { "type": "Point", "coordinates": [ 17.8568993, 9.3076696 ] } },
{ "type": "Feature", "properties": { "type": "country", "longitude": 21.4937992, "latitude": -6.20684, "Id": 2220, "class": null, "Code": "xac", "Name": "South Central Africa", "Lon": 21.4937992, "Lat": -6.20684 }, "geometry": { "type": "Point", "coordinates": [ 21.4937992, -6.20684 ] } },
{ "type": "Feature", "properties": { "type": "country", "longitude": 39.6160011, "latitude": 8.6261396, "Id": 2221, "class": null, "Code": "eth", "Name": "Ethiopia", "Lon": 39.6160011, "Lat": 8.6261396 }, "geometry": { "type": "Point", "coordinates": [ 39.6160011, 8.6261396 ] } },
{ "type": "Feature", "properties": { "type": "country", "longitude": 37.8578987, "latitude": 0.529779, "Id": 2222, "class": null, "Code": "ken", "Name": "Kenya", "Lon": 37.8578987, "Lat": 0.529779 }, "geometry": { "type": "Point", "coordinates": [ 37.8578987, 0.529779 ] } },
{ "type": "Feature", "properties": { "type": "country", "longitude": 46.7060013, "latitude": -19.3735008, "Id": 2223, "class": null, "Code": "mdg", "Name": "Madagascar", "Lon": 46.7060013, "Lat": -19.3735008 }, "geometry": { "type": "Point", "coordinates": [ 46.7060013, -19.3735008 ] } },
{ "type": "Feature", "properties": { "type": "country", "longitude": 34.3069992, "latitude": -13.2151003, "Id": 2224, "class": null, "Code": "mwi", "Name": "Malawi", "Lon": 34.3069992, "Lat": -13.2151003 }, "geometry": { "type": "Point", "coordinates": [ 34.3069992, -13.2151003 ] } },
{ "type": "Feature", "properties": { "type": "country", "longitude": 57.8684998, "latitude": -20.1700993, "Id": 2225, "class": null, "Code": "mus", "Name": "Mauritius", "Lon": 57.8684998, "Lat": -20.1700993 }, "geometry": { "type": "Point", "coordinates": [ 57.8684998, -20.1700993 ] } },
{ "type": "Feature", "properties": { "type": "country", "longitude": 35.5522995, "latitude": -17.2602005, "Id": 2226, "class": null, "Code": "moz", "Name": "Mozambique", "Lon": 35.5522995, "Lat": -17.2602005 }, "geometry": { "type": "Point", "coordinates": [ 35.5522995, -17.2602005 ] } },
{ "type": "Feature", "properties": { "type": "country", "longitude": 29.9172001, "latitude": -1.99797, "Id": 2227, "class": null, "Code": "rwa", "Name": "Rwanda", "Lon": 29.9172001, "Lat": -1.99797 }, "geometry": { "type": "Point", "coordinates": [ 29.9172001, -1.99797 ] } },
{ "type": "Feature", "properties": { "type": "country", "longitude": 34.8233986, "latitude": -6.2701998, "Id": 2228, "class": null, "Code": "tza", "Name": "Tanzania United Republic of", "Lon": 34.8233986, "Lat": -6.2701998 }, "geometry": { "type": "Point", "coordinates": [ 34.8233986, -6.2701998 ] } },
{ "type": "Feature", "properties": { "type": "country", "longitude": 32.3862, "latitude": 1.28009, "Id": 2229, "class": null, "Code": "uga", "Name": "Uganda", "Lon": 32.3862, "Lat": 1.28009 }, "geometry": { "type": "Point", "coordinates": [ 32.3862, 1.28009 ] } },
{ "type": "Feature", "properties": { "type": "country", "longitude": 27.7978992, "latitude": -13.4531002, "Id": 2230, "class": null, "Code": "zmb", "Name": "Zambia", "Lon": 27.7978992, "Lat": -13.4531002 }, "geometry": { "type": "Point", "coordinates": [ 27.7978992, -13.4531002 ] } },
{ "type": "Feature", "properties": { "type": "country", "longitude": 29.8717995, "latitude": -19.0, "Id": 2231, "class": null, "Code": "zwe", "Name": "Zimbabwe", "Lon": 29.8717995, "Lat": -19.0 }, "geometry": { "type": "Point", "coordinates": [ 29.8717995, -19.0 ] } },
{ "type": "Feature", "properties": { "type": "country", "longitude": 33.4609985, "latitude": 12.2463999, "Id": 2232, "class": null, "Code": "xec", "Name": "Rest of Eastern Africa", "Lon": 33.4609985, "Lat": 12.2463999 }, "geometry": { "type": "Point", "coordinates": [ 33.4609985, 12.2463999 ] } },
{ "type": "Feature", "properties": { "type": "country", "longitude": 23.8150997, "latitude": -22.1819992, "Id": 2233, "class": null, "Code": "bwa", "Name": "Botswana", "Lon": 23.8150997, "Lat": -22.1819992 }, "geometry": { "type": "Point", "coordinates": [ 23.8150997, -22.1819992 ] } },
{ "type": "Feature", "properties": { "type": "country", "longitude": 17.2185001, "latitude": -22.1333008, "Id": 2234, "class": null, "Code": "nam", "Name": "Namibia", "Lon": 17.2185001, "Lat": -22.1333008 }, "geometry": { "type": "Point", "coordinates": [ 17.2185001, -22.1333008 ] } },
{ "type": "Feature", "properties": { "type": "country", "longitude": 25.0932007, "latitude": -28.9995003, "Id": 2235, "class": null, "Code": "zaf", "Name": "South Africa", "Lon": 25.0932007, "Lat": -28.9995003 }, "geometry": { "type": "Point", "coordinates": [ 25.0932007, -28.9995003 ] } },
{ "type": "Feature", "properties": { "type": "country", "longitude": 29.3913994, "latitude": -28.5154991, "Id": 2236, "class": null, "Code": "xsc", "Name": "Rest of South African Customs Union", "Lon": 29.3913994, "Lat": -28.5154991 }, "geometry": { "type": "Point", "coordinates": [ 29.3913994, -28.5154991 ] } },
{ "type": "Feature", "properties": { "type": "country", "longitude": 21.3115997, "latitude": -80.4406967, "Id": 2237, "class": null, "Code": "xtw", "Name": "Rest of the World", "Lon": 21.3115997, "Lat": -80.4406967 }, "geometry": { "type": "Point", "coordinates": [ 21.3115997, -80.4406967 ] } }
]
}
